,Parental_T47D_cells_treated_with_vehicle_rep_1,Parental_T47D_cells_treated_with_vehicle_rep_2,Parental_T47D_cells_treated_with_vehicle_rep_3,4_hydroxytamoxifen_resistant_T47D_cells_treated_with_vehicle_rep_1,4_hydroxytamoxifen_resistant_T47D_cells_treated_with_vehicle_rep_2,4_hydroxytamoxifen_resistant_T47D_cells_treated_with_vehicle_rep_3
A1BG,8,0,11,3,10,7
A1BG-AS1,88,34,180,53,255,282
A1CF,0,0,0,0,0,0
A2M,0,0,0,0,0,0
A2M-AS1,0,0,0,4,2,4
A2ML1,0,0,0,20,31,22
A3GALT2,0,0,0,0,0,0
A4GALT,9,6,42,13,50,45
A4GNT,0,0,0,0,0,0
AA06,0,0,0,0,0,0
AAAS,548,254,1914,1388,1894,2136
AACS,275,179,915,1284,2269,2447
AADAC,0,0,1,0,0,0
AADACL2,0,0,0,0,0,0
AADACL3,0,0,0,0,0,0
AADACL4,0,0,0,0,0,0
AADAT,1,0,3,0,2,3
AAGAB,1144,903,2413,2295,2425,2594
AAK1,718,311,908,1065,859,1104
AAMDC,58,30,183,154,303,262
AAMP,444,329,2849,917,4121,4458
AANAT,0,0,2,0,2,0
AAR2,342,206,1451,372,1141,1200
AARD,20,21,33,206,281,297
AARS1,10152,5050,22970,7515,12440,13250
AARS1P1,0,0,0,0,0,0
AARS2,132,26,522,111,543,581
AARSD1,71,4,81,145,139,154
AARSD1P1,1,0,0,0,1,3
AASDH,321,202,509,618,486,537
AASDHPPT,824,541,1949,1245,1209,1326
AASS,158,47,289,918,791,810
AATBC,0,0,2,0,4,7
AATF,683,333,1884,1271,1726,1425
AATK,13,0,30,17,17,18
ABALON,1,0,2,0,3,1
ABAT,1845,1142,3700,1979,2843,3220
ABCA1,14,7,10,114,103,139
ABCA10,0,0,0,0,2,0
ABCA12,1733,816,1992,2058,1493,1677
ABCA13,3,0,4,2,0,3
ABCA2,363,96,3114,563,4734,5951
ABCA3,1019,394,7025,388,2354,2878
ABCA4,7,0,12,17,36,37
ABCA5,820,369,1387,1714,1195,1554
ABCA6,0,0,0,0,0,2
ABCA7,29,1,171,96,595,709
ABCA8,0,1,0,0,0,2
ABCA9,0,0,0,0,0,0
ABCA9-AS1,0,0,0,1,0,0
ABCB1,0,0,0,0,1,1
ABCB10,254,212,548,464,544,579
ABCB10P3,0,0,0,0,0,0
ABCB10P4,0,0,0,0,0,0
ABCB11,0,0,0,7,3,10
ABCB4,8,37,25,7,16,13
ABCB5,0,0,0,0,0,0
ABCB6,8,7,23,27,33,57
ABCB7,329,173,655,603,642,634
ABCB8,106,50,404,101,429,413
ABCB9,32,2,178,72,345,375
ABCC1,286,140,925,762,1595,1783
ABCC10,77,16,317,148,418,512
ABCC11,3818,1965,10338,5796,12523,14195
ABCC12,271,86,466,397,484,471
ABCC2,8,1,16,23,12,26
ABCC3,41,28,123,905,2455,3284
ABCC4,0,0,0,35,38,41
ABCC5,2628,942,4449,4169,5369,6068
ABCC5-AS1,0,0,1,0,0,0
ABCC6,94,39,216,368,558,666
ABCC8,4,0,4,1,3,2
ABCC9,4,0,8,5,5,7
ABCD1,16,0,180,12,174,178
ABCD1P2,0,0,0,0,0,0
ABCD2,0,0,0,0,0,0
ABCD3,666,379,1367,2116,1785,1909
ABCD4,159,46,924,194,710,752
ABCE1,1567,984,3123,3215,2722,2984
ABCF1,1025,444,2980,2762,4662,4821
ABCF2,35,21,100,48,155,124
ABCF2-H2BK1,0,0,0,0,0,0
ABCF2P1,0,0,0,0,0,0
ABCF2P2,0,0,0,0,0,0
ABCF3,698,320,3508,1420,4889,5593
ABCG1,66,8,299,155,395,491
ABCG2,2,0,3,5,0,0
ABCG4,1,0,0,3,7,7
ABCG5,0,0,0,0,0,0
ABCG8,1,0,1,0,0,0
ABHD1,9,4,44,24,26,32
ABHD10,553,297,1070,689,669,657
ABHD11,137,51,669,76,345,282
ABHD12,279,166,808,339,974,950
ABHD12B,2,1,3,2,0,3
ABHD13,262,141,531,703,519,641
ABHD14A,2,0,8,2,8,6
ABHD14A-ACY1,3,0,2,2,1,1
ABHD14B,490,321,1143,259,656,652
ABHD15,48,33,212,78,155,167
ABHD16A,46,7,116,108,135,141
ABHD16B,0,0,0,0,0,0
ABHD17A,32,7,220,51,346,346
ABHD17B,102,55,212,137,194,221
ABHD17C,270,137,508,183,229,207
ABHD18,287,169,538,504,457,547
ABHD2,1517,678,2829,1679,2043,2360
ABHD3,77,57,147,176,230,227
ABHD4,110,27,236,206,525,587
ABHD5,654,285,1099,1489,1389,1433
ABHD6,20,35,65,14,19,19
ABHD8,3,0,68,12,61,65
ABI1,1464,672,2730,2033,2249,2582
ABI2,1059,483,1607,1663,1654,1853
ABI3,0,0,0,1,0,0
ABI3BP,13,4,17,173,177,226
ABITRAM,786,492,1407,607,724,660
ABL1,562,244,1875,441,1133,1384
ABL2,786,259,1036,1157,889,1335
ABLIM1,2216,1129,3486,2738,2641,3609
ABLIM2,1,0,1,0,0,0
ABLIM3,130,85,298,220,440,422
ABO,0,0,0,0,0,0
ABR,487,208,1857,440,1506,1767
ABRA,0,0,0,0,0,0
ABRACL,76,50,355,456,1136,1257
ABRAXAS1,487,292,862,377,438,436
ABRAXAS1P1,0,0,0,0,0,0
ABRAXAS2,355,189,740,556,532,646
ABT1,105,62,690,92,310,361
ABTB1,17,11,105,6,30,26
ABTB2,54,18,153,78,179,249
ABTB3,5,0,4,7,5,12
ACAA1,121,83,629,303,1255,1225
ACAA2,188,118,432,535,722,716
ACAA2P1,5,0,4,2,2,0
ACACA,827,447,1181,6536,6389,7693
ACACB,58,35,105,68,167,219
ACAD10,580,248,1216,970,1463,1695
ACAD11,34,7,109,10,77,101
ACAD8,440,195,1163,721,1090,1161
ACAD9,567,325,2241,459,1297,1402
ACAD9-DT,2,0,15,28,32,32
ACADL,0,0,0,0,0,0
ACADM,701,520,1868,1646,1646,1814
ACADS,13,6,112,7,31,45
ACADSB,821,578,1564,1759,1638,2017
ACADVL,1405,498,4510,2025,6484,6497
ACAN,0,0,0,0,0,0
ACAP1,11,0,20,2,20,13
ACAP2,3843,2068,6172,6452,5130,7050
ACAP3,57,6,279,135,539,625
ACAT1,1964,1535,3947,2915,3098,2901
ACAT2,204,89,452,1363,2117,2006
ACBD3,2582,1425,4002,2411,2344,2481
ACBD3-AS1,1,1,0,1,4,3
ACBD4,103,27,486,135,578,632
ACBD5,603,285,1341,920,878,927
ACBD6,492,197,1311,396,668,693
ACBD7,589,270,1092,692,940,940
ACCS,455,118,1032,471,758,890
ACCSL,0,0,0,0,0,0
ACD,16,4,137,17,100,102
ACE,20,20,97,25,65,67
ACE2,2,0,0,2,1,2
ACE2-DT,0,0,0,0,0,0
ACE3P,0,0,0,0,0,0
ACER1,4,3,20,22,141,92
ACER2,44,6,77,171,170,242
ACER3,708,318,971,9895,8433,9716
ACHE,0,0,0,0,1,4
ACIN1,1121,518,2564,3275,5084,5524
ACKR1,0,0,0,0,0,0
ACKR2,33,10,63,23,36,36
ACKR3,0,0,0,6,21,28
ACKR4,0,0,0,0,0,0
ACLY,1496,887,5243,7951,18937,25507
ACMSD,0,0,0,0,0,0
ACNATP,0,0,0,0,0,0
ACO1,316,201,567,801,1099,1309
ACO2,607,278,3678,436,2713,2988
ACO2P1,0,0,0,0,0,0
ACOD1,0,0,0,0,0,0
ACOT1,13,2,103,40,172,190
ACOT11,0,0,0,2,5,16
ACOT12,1,0,0,0,0,0
ACOT13,310,199,838,628,923,1049
ACOT2,182,129,931,88,387,488
ACOT4,252,177,634,48,52,48
ACOT6,21,12,36,3,3,3
ACOT7,8,12,97,23,219,275
ACOT8,78,25,369,117,212,224
ACOT9,447,221,810,913,948,957
ACOX1,1466,680,3155,4099,4626,5009
ACOX2,28,13,60,0,2,3
ACOX3,58,39,256,116,322,382
ACOXL,0,0,1,4,1,1
ACOXL-AS1,2,11,0,0,3,0
ACP1,898,533,2306,1299,1866,1854
ACP2,242,174,1200,230,834,885
ACP3,6,0,16,6,25,17
ACP4,0,0,0,1,0,0
ACP5,0,0,2,0,0,0
ACP6,277,111,393,315,328,446
ACP7,0,0,1,0,0,0
ACR,0,0,1,0,0,1
ACRBP,2,0,10,0,3,8
ACRP1,0,0,0,0,0,0
ACRV1,3,0,1,1,1,3
ACSBG1,2,0,0,0,1,2
ACSBG2,8,2,16,0,0,3
ACSF2,99,47,428,137,573,649
ACSF3,470,200,917,531,904,1025
ACSL1,905,389,2080,1974,2531,3124
ACSL3,914,581,1538,5086,4709,5155
ACSL4,42,33,30,1874,1325,1747
ACSL5,2,0,2,1,0,0
ACSL6,6,0,4,3,6,0
ACSL6-AS1,0,0,0,0,0,0
ACSM1,26,3,63,25,13,22
ACSM2A,0,0,0,0,0,0
ACSM2B,0,0,0,0,0,0
ACSM3,80,57,131,138,119,145
ACSM4,0,0,0,0,0,0
ACSM5,0,0,0,0,0,0
ACSM6,0,0,0,0,0,1
ACSS1,498,207,1915,225,543,601
ACSS2,289,114,772,594,1091,1388
ACSS3,439,258,657,309,309,343
ACTA1,0,0,0,0,0,0
ACTA2,20,13,56,7237,29674,28477
ACTA2-AS1,0,0,0,1,2,1
ACTB,9377,6393,31193,17116,47476,46447
ACTBL2,0,0,0,2,2,2
ACTBP1,0,0,0,0,0,0
ACTBP12,0,0,0,0,0,0
ACTBP14,0,0,0,0,0,1
ACTC1,0,0,0,0,1,0
ACTG1,3153,2411,20400,8017,35483,37859
ACTG1P12,0,0,0,0,0,0
ACTG1P14,0,0,0,0,1,0
ACTG1P15,0,0,0,0,0,0
ACTG1P16,0,0,0,0,0,0
ACTG1P19,0,0,0,0,0,0
ACTG1P21,0,0,0,0,0,0
ACTG1P22,0,0,0,0,0,0
ACTG1P23,0,0,0,0,0,0
ACTG1P24,5,1,4,0,0,1
ACTG2,0,0,0,1,1,0
ACTL10,1,0,3,0,2,0
ACTL11P,0,0,0,0,0,1
ACTL6A,1880,1125,4453,3686,4389,4442
ACTL6B,0,0,0,0,0,0
ACTL7A,0,0,0,0,0,0
ACTL7B,0,0,0,0,1,0
ACTL8,0,0,6,8,11,11
ACTL9,0,0,0,0,0,0
ACTMAP,398,152,636,335,506,590
ACTN1,607,300,2120,1120,4718,5010
ACTN1-DT,0,0,2,0,1,1
ACTN2,0,0,0,35,43,49
ACTN3,0,0,0,0,0,0
ACTN4,815,487,3719,1333,5271,5537
ACTN4P1,0,0,0,0,1,0
ACTP1,0,0,0,0,0,0
ACTR10,946,608,2320,1099,1427,1520
ACTR1A,1095,631,3992,2270,5478,5764
ACTR1AP1,0,0,0,0,0,0
ACTR1B,137,73,690,82,403,474
ACTR2,5332,3524,10443,22124,17891,20910
ACTR3,1573,1064,3231,5026,4455,4865
ACTR3B,90,14,234,209,242,232
ACTR3BP2,0,0,0,0,0,0
ACTR3C,69,50,133,270,237,306
ACTR3P2,0,0,0,0,0,0
ACTR5,70,10,177,64,76,90
ACTR6,482,264,1225,1220,1202,1167
ACTR6P1,0,0,0,0,0,0
ACTR8,217,113,433,216,274,310
ACTRT1,0,0,0,0,0,0
ACTRT2,0,0,0,0,0,0
ACTRT3,14,3,30,23,43,55
ACVR1,99,73,187,263,290,287
ACVR1B,858,392,1548,1226,1715,1965
ACVR1C,0,0,0,41,30,58
ACVR2A,118,96,162,160,125,143
ACVR2B,321,99,464,345,256,388
ACVR2B-AS1,49,5,77,27,27,25
ACVRL1,0,0,0,0,1,1
ACY1,8,6,42,2,14,15
ACY3,0,0,0,2,6,6
ACYP1,164,59,284,305,367,365
ACYP2,17,15,32,27,39,44
ADA,2,0,13,15,75,78
ADA2,0,0,0,0,2,1
ADAD1,0,0,0,0,0,0
ADAD1P2,0,0,0,0,0,0
ADAD2,0,0,0,0,1,0
ADAM10,2248,1256,3683,6562,5485,6553
ADAM11,10,3,50,8,27,44
ADAM12,1,0,4,5,5,5
ADAM15,618,286,5148,637,4655,5124
ADAM17,535,228,941,1370,1251,1545
ADAM18,0,0,0,0,0,0
ADAM19,1,0,1,34,64,73
ADAM1B,0,0,0,0,0,0
ADAM2,0,0,0,0,0,0
ADAM20,3,0,1,0,0,2
ADAM20P3,0,0,0,0,0,0
ADAM21,2,0,3,7,13,14
ADAM22,433,198,624,838,628,646
ADAM23,0,0,0,0,0,3
ADAM24P,0,0,0,0,0,0
ADAM28,0,0,0,1,2,1
ADAM29,0,0,0,0,0,0
ADAM30,0,0,0,0,0,0
ADAM32,6,0,8,35,15,21
ADAM33,0,0,2,0,0,0
ADAM3B,0,0,0,0,0,0
ADAM5,0,0,0,0,0,0
ADAM7,0,0,0,0,0,0
ADAM7-AS2,0,0,0,0,0,0
ADAM8,5,0,51,6,35,36
ADAM9,3506,1693,6674,26189,24133,26653
ADAMDEC1,0,0,0,0,0,0
ADAMTS1,8,0,8,18,29,27
ADAMTS10,7,0,8,1,18,24
ADAMTS12,0,0,0,0,0,0
ADAMTS13,17,6,157,16,90,120
ADAMTS14,0,0,0,0,0,0
ADAMTS15,1566,706,5835,187,518,577
ADAMTS16,0,0,0,0,0,0
ADAMTS16-DT,0,0,0,0,0,0
ADAMTS17,1,0,4,9,25,45
ADAMTS18,0,0,0,0,0,0
ADAMTS19,12,23,16,22,15,14
ADAMTS19-AS1,8,0,8,9,7,13
ADAMTS2,0,0,0,1,1,2
ADAMTS20,71,23,49,61,41,80
ADAMTS3,0,0,5,81,57,64
ADAMTS4,1,0,11,51,188,248
ADAMTS5,0,0,0,1,2,0
ADAMTS6,0,0,0,8,3,7
ADAMTS7,0,6,12,11,49,64
ADAMTS7P1,0,0,0,0,0,0
ADAMTS7P3,0,0,0,0,0,0
ADAMTS7P4,0,0,1,0,2,0
ADAMTS8,0,0,1,1,11,5
ADAMTS9,0,0,0,3,0,0
ADAMTS9-AS1,0,0,0,0,0,0
ADAMTS9-AS2,0,0,0,0,0,0
ADAMTSL1,0,0,0,0,0,0
ADAMTSL2,0,0,0,1,0,1
ADAMTSL3,10,7,16,12,21,10
ADAMTSL4,26,1,98,25,97,146
ADAMTSL4-AS2,0,0,0,3,3,9
ADAMTSL5,90,54,176,123,285,292
ADAP1,3,0,20,0,10,12
ADAP2,23,0,52,89,155,164
ADAR,4881,2335,8632,7245,8661,9487
ADARB1,158,59,336,179,310,402
ADARB2,36,10,91,14,28,43
ADARB2-AS1,0,0,0,4,15,14
ADAT1,404,269,759,561,724,887
ADAT2,221,75,317,484,380,455
ADAT3,10,0,18,16,32,34
ADCK1,65,41,299,32,162,186
ADCK2,94,40,541,109,381,424
ADCK5,14,4,131,7,125,94
ADCY1,72,41,202,170,270,374
ADCY10,5,0,0,1,4,3
ADCY2,56,24,157,795,1640,1963
ADCY3,21,6,158,65,412,474
ADCY4,0,0,1,0,3,3
ADCY5,0,0,0,0,0,0
ADCY6,925,344,2468,1588,5189,6137
ADCY6-DT,6,0,6,8,5,8
ADCY7,2,0,5,13,29,35
ADCY8,2,0,0,0,0,0
ADCY9,459,209,1804,408,1359,1662
ADCYAP1,0,0,0,0,0,0
ADCYAP1R1,0,0,0,0,0,0
ADD1,1200,524,4057,2585,5451,5885
ADD2,0,0,0,1,0,0
ADD3,519,222,824,1657,1355,1620
ADD3-AS1,0,0,0,1,1,1
ADGB,17,3,10,6,8,8
ADGB-DT,0,0,0,0,0,0
ADGRA1,0,0,0,0,0,0
ADGRA2,24,20,51,37,135,114
ADGRA3,434,236,642,782,845,940
ADGRA3P1,0,0,0,2,0,2
ADGRB1,3,0,6,31,183,220
ADGRB2,66,9,429,171,1067,1242
ADGRB3,0,0,2,2,1,4
ADGRD1,2,0,1,1,2,7
ADGRD2,0,0,0,0,0,0
ADGRE1,0,0,0,7,13,8
ADGRE2,1,0,0,7,10,14
ADGRE3,0,0,0,0,0,0
ADGRE5,62,41,303,242,1154,1248
ADGRF1,19,8,19,105,70,92
ADGRF3,1,0,4,3,4,6
ADGRF4,1,0,2,0,1,2
ADGRF5,0,0,0,32,30,33
ADGRF5P1,1,0,3,2,0,1
ADGRG1,769,292,4202,684,5134,6165
ADGRG2,0,0,1,2,2,5
ADGRG3,0,0,1,0,2,3
ADGRG4,0,0,0,0,0,0
ADGRG5,0,0,0,0,0,0
ADGRG6,1671,910,2337,3077,2496,3143
ADGRG7,0,0,1,26,12,19
ADGRL1,216,82,867,336,1767,2063
ADGRL1-AS1,33,0,87,31,46,57
ADGRL2,39,40,35,55,40,46
ADGRL3,0,0,1,7,9,6
ADGRL4,0,0,0,0,0,0
ADGRV1,199,99,297,266,202,278
ADH1A,0,0,0,0,0,0
ADH1B,0,0,0,0,0,0
ADH1C,0,0,0,0,0,2
ADH4,0,0,0,0,0,0
ADH5,1417,844,3019,1637,2141,2196
ADH5P2,0,0,0,0,0,0
ADH5P3,0,0,0,0,0,0
ADH5P5,0,0,0,0,0,0
ADH6,1,0,0,0,1,0
ADH7,0,0,0,0,0,0
ADHFE1,82,22,129,69,94,103
ADI1,407,295,988,690,1141,1052
ADI1P3,0,0,0,0,0,0
ADIG,0,0,0,0,0,0
ADIPOQ,0,0,0,10,14,10
ADIPOQ-AS1,0,0,0,0,0,0
ADIPOR1,1805,1201,3936,1891,3194,3193
ADIPOR2,1736,1007,3555,4286,4455,4969
ADIRF,47,22,701,216,1584,1610
ADISSP,5,0,79,10,41,52
ADK,815,470,1695,2109,2665,2488
ADM,42,22,214,21,70,63
ADM2,270,109,1492,79,460,456
ADM5,4,0,10,0,8,9
ADNP,2886,1626,4004,3418,2976,3456
ADNP-AS1,26,4,55,10,33,36
ADNP2,452,150,1070,554,753,798
ADO,678,367,855,1012,890,1029
ADORA1,3,4,7,2,4,9
ADORA2A,4,0,8,15,58,68
ADORA2A-AS1,0,0,0,0,1,0
ADORA2B,0,0,0,0,0,0
ADORA3,0,0,0,0,0,0
ADPGK,398,227,743,660,810,781
ADPGK-AS1,0,0,2,0,0,2
ADPRH,16,0,25,41,38,35
ADPRHL1,55,53,303,108,238,244
ADPRM,109,62,199,139,111,128
ADPRS,44,15,206,49,232,206
ADRA1A,0,0,0,0,1,1
ADRA1B,0,0,6,14,29,33
ADRA1D,0,0,0,0,0,0
ADRA2A,365,225,790,208,351,382
ADRA2B,0,5,1,0,4,2
ADRA2C,1,2,11,5,55,78
ADRB1,23,5,35,4,3,8
ADRB2,14,0,2,0,1,1
ADRB3,0,0,0,0,0,0
ADRM1,52,24,750,113,859,916
ADSL,213,103,351,414,397,418
ADSS1,16,4,58,26,85,83
ADSS2,1102,736,1783,1380,1230,1189
ADTRP,0,0,2,1,4,1
AEBP1,0,0,0,0,2,3
AEBP2,605,433,1189,1749,1581,1704
AEN,86,28,268,106,253,260
AFAP1,99,79,292,66,170,198
AFAP1-AS1,0,0,0,0,1,0
AFAP1L1,1,0,0,5,6,1
AFAP1L2,0,1,1,7,2,13
AFDN,736,290,906,1334,1052,1432
AFF1,1126,506,1683,1419,1216,1606
AFF2,1,3,8,6,11,14
AFF3,1709,1011,2868,1424,1441,1864
AFF4,3732,1601,5016,6250,4167,6075
AFG1L,122,98,281,241,251,311
AFG2A,306,191,573,456,532,509
AFG2B,150,88,228,138,135,119
AFG3L2,831,508,2146,1190,1699,1686
AFM,0,0,0,0,0,0
AFMID,200,124,475,331,832,1025
AFP,0,0,0,0,0,0
AFTPH,1341,756,2591,1757,1468,1588
AFTPH-DT,2,3,6,0,6,1
AGA,251,148,669,339,502,490
AGA-DT,13,14,31,15,10,15
AGAP1,1076,603,2691,499,996,1115
AGAP1-IT1,3,0,2,0,2,4
AGAP11,0,0,10,43,26,37
AGAP2,2,0,6,1,6,8
AGAP2-AS1,1,0,36,0,12,1
AGAP3,53,25,466,187,660,787
AGAP4,112,36,208,269,344,366
AGAP5,28,9,40,58,47,68
AGAP6,67,8,116,283,318,444
AGAP9,50,38,137,90,206,227
AGBL1,0,0,0,0,0,0
AGBL1-AS1,0,1,0,0,0,0
AGBL2,69,73,87,103,121,129
AGBL3,12,0,26,45,33,34
AGBL4,4,2,7,18,17,21
AGBL4-AS1,0,0,0,0,0,0
AGBL4-IT1,0,0,0,3,0,0
AGBL5,414,315,1144,338,703,808
AGBL5-AS1,0,0,0,0,0,0
AGER,27,6,112,61,243,218
AGFG1,817,385,1219,1041,884,1011
AGFG2,30,10,142,39,153,169
AGGF1,334,108,560,455,477,482
AGGF1P4,0,0,0,0,0,0
AGGF1P6,0,0,0,0,0,0
AGGF1P7,0,0,0,0,0,0
AGGF1P8,0,0,0,0,0,0
AGGF1P9,0,0,0,0,0,0
AGK,390,199,658,795,851,962
AGKP1,0,0,0,0,0,0
AGKP2,0,0,0,1,0,0
AGL,535,307,901,2133,1365,1789
AGMAT,7,0,19,14,20,26
AGMO,1,0,1,2,6,5
AGO1,942,547,1242,2087,1969,2416
AGO2,1362,618,2104,2129,2246,3079
AGO3,428,255,641,725,531,656
AGO4,305,154,433,494,479,621
AGPAT1,514,273,1768,679,2961,2912
AGPAT2,20,12,235,11,135,141
AGPAT3,374,190,1298,1072,2090,2204
AGPAT4,63,18,106,499,747,827
AGPAT5,302,172,544,649,655,640
AGPAT5P1,0,0,0,0,0,0
AGPS,13,0,13,3,0,0
AGR2,11464,6792,23121,7522,10741,9593
AGR3,1417,1064,2732,500,447,399
AGRN,211,67,1780,420,2456,2731
AGRP,0,0,0,0,0,0
AGT,2,0,7,5,3,16
AGTPBP1,201,81,305,199,168,191
AGTR1,0,0,0,0,0,0
AGTR2,0,0,0,0,0,0
AGTRAP,43,18,425,46,456,489
AGXT,0,2,0,0,0,0
AGXT2,9,12,37,8,20,17
AHCTF1,1894,759,2617,3193,2199,2631
AHCY,1325,873,6050,2249,5942,6087
AHCYL1,3085,1603,5103,2997,3700,4209
AHCYL2,310,140,493,618,561,655
AHCYP2,0,0,0,0,0,0
AHCYP3,0,0,0,0,0,0
AHCYP4,0,0,0,0,0,0
AHCYP5,0,0,0,0,0,0
AHCYP7,0,0,0,0,0,0
AHDC1,32,16,141,57,195,205
AHI1,387,185,588,987,695,848
AHI1-DT,15,4,18,35,11,25
AHNAK,26944,10249,32861,20964,21754,29654
AHNAK2,288,129,670,127,271,316
AHR,572,334,832,459,395,375
AHRR,2,0,5,3,5,13
AHSA1,590,325,1483,1113,1865,1681
AHSG,0,0,0,0,0,1
AHSP,0,0,0,0,0,0
AICDA,0,0,0,0,0,0
AIDA,764,417,1289,1180,1136,1447
AIDAP2,6,0,20,8,5,4
AIF1,0,0,0,0,0,0
AIF1L,1079,588,2295,610,1118,1131
AIFM1,701,424,1913,1826,2482,2640
AIFM1P1,0,0,0,0,0,0
AIFM2,16,4,83,7,31,35
AIFM3,14,0,93,14,89,74
AIG1,538,268,1100,1056,1238,1345
AIG1P1,0,0,0,0,0,0
AIM2,0,0,0,0,0,0
AIMP1,1447,1049,2867,2895,2192,2471
AIMP1P1,0,0,0,0,0,0
AIMP2,367,230,1112,79,212,211
AIP,148,63,1047,90,517,612
AIPL1,0,0,0,0,0,0
AIRE,0,0,0,0,0,0
AIRIM,142,23,434,234,378,407
AIRN,0,0,0,0,0,0
AJAP1,0,0,0,0,0,0
AJM1,18,3,370,6,154,137
AJUBA,521,247,1102,631,911,841
AK1,19,19,86,8,28,27
AK2,2909,1744,6261,4052,4433,4496
AK2P1,2,0,1,0,2,0
AK3,641,332,1301,987,922,1005
AK3P3,3,0,1,13,4,5
AK3P4,0,0,0,0,0,0
AK3P7,0,0,0,0,0,0
AK4,1525,760,2280,2076,1619,1929
AK4P5,0,0,0,0,0,0
AK5,0,0,0,0,0,0
AK6,435,224,703,579,563,526
AK6P1,0,0,0,0,0,0
AK6P2,0,0,0,0,0,0
AK7,82,18,209,69,102,91
AK8,36,31,128,33,62,57
AK9,328,200,534,202,187,215
AKAIN1,0,0,0,0,0,0
AKAP1,446,216,1278,299,805,892
AKAP1-DT,20,11,94,31,47,56
AKAP10,675,333,1244,812,852,920
AKAP11,2128,1147,2753,3308,2068,2775
AKAP12,90,38,180,79,77,82
AKAP13,425,200,719,742,646,869
AKAP14,5,1,7,9,8,8
AKAP17A,242,67,1176,233,695,789
AKAP3,0,0,0,4,0,3
AKAP4,0,0,0,0,0,0
AKAP5,19,4,32,100,73,93
AKAP6,50,6,59,237,177,225
AKAP7,15,14,28,129,134,127
AKAP8,144,42,483,340,585,598
AKAP8L,492,296,1463,1271,3158,3425
AKAP8P1,0,0,0,0,0,0
AKAP9,1040,469,1224,2119,1275,1900
AKIP1,61,61,297,199,393,428
AKIRIN1,454,240,912,1319,1500,1459
AKIRIN1P1,0,0,0,0,0,0
AKIRIN2,166,61,330,357,471,470
AKNA,196,67,987,331,1322,1621
AKNAD1,0,0,0,1,6,5
AKR1A1,306,212,1062,381,1277,1309
AKR1B1,0,0,0,0,1,0
AKR1B10,0,0,0,1,1,0
AKR1B10P2,0,0,0,0,0,0
AKR1B15,0,0,0,0,0,0
AKR1B1P1,0,0,2,0,0,0
AKR1C1,11,10,20,11,21,12
AKR1C2,9,3,11,14,12,9
AKR1C3,4,0,0,34,26,37
AKR1C4,0,0,0,0,0,0
AKR1C7P,0,0,0,0,1,1
AKR1C8,0,0,0,0,0,0
AKR1D1,0,0,0,0,0,0
AKR1E2,34,11,78,16,31,32
AKR7A2,106,90,507,127,483,482
AKR7A3,6,0,21,3,22,17
AKR7L,11,0,17,9,25,15
AKT1,413,169,2853,642,3710,4104
AKT1S1,240,79,901,420,1661,1800
AKT2,708,345,3314,718,3024,3418
AKT3,0,0,3,9,10,12
AKT3-IT1,0,0,0,0,0,0
AKTIP,581,347,1159,1055,1114,1125
ALAD,714,435,1674,1150,1578,1725
ALAS1,473,166,1307,346,959,914
ALAS2,0,0,0,0,0,0
ALB,0,0,0,0,0,1
ALCAM,4889,2816,8300,14109,11645,13583
ALDH16A1,14,6,195,44,153,171
ALDH18A1,2210,1347,5305,2565,4298,4547
ALDH1A1,0,0,0,5,7,9
ALDH1A2,0,0,0,0,0,0
ALDH1A3,31,13,108,620,835,957
ALDH1A3-AS1,0,0,1,4,6,4
ALDH1B1,86,66,301,86,208,177
ALDH1L1,0,0,1,1,2,1
ALDH1L1-AS1,6,10,17,4.5,7,6
ALDH1L1-AS2,0,0,0,0,0,0
ALDH1L2,4019,1853,5144,1484,1058,1325
ALDH2,255,157,745,149,479,498
ALDH3A1,0,0,0,0,3,0
ALDH3A2,2344,1282,4427,3185,3280,3371
ALDH3B1,68,22,331,49,224,235
ALDH3B2,111,73,526,273,1498,1584
ALDH4A1,68,80,579,240,1643,2041
ALDH5A1,387,206,755,606,888,948
ALDH6A1,3723,2136,7723,2880,3956,4102
ALDH7A1,1183,726,2937,3264,4977,5186
ALDH7A1P1,1,1,0,1,5,10
ALDH7A1P2,0,0,0,0,0,0
ALDH8A1,1,0,0,1,0,2
ALDH9A1,1439,828,2903,2400,3002,3118
ALDOA,57,14,774,69,562,561
ALDOB,0,0,0,0,0,0
ALDOC,211,95,1115,221,1366,1598
ALG1,252,177,761,199,434,418
ALG10,155,67,242,264,217,277
ALG10B,894,365,1352,1147,704,1170
ALG11,465,235,772,1443,1026,1383
ALG12,106,49,622,55,246,254
ALG13,199,129,314,392,414,413
ALG14,92,70,245,100,189,197
ALG14-AS1,21,14,24,49,54,65
ALG1L10P,0,0,0,0,0,0
ALG1L11P,0,0,0,0,0,2
ALG1L2,0,0,7,17,5,15
ALG1L3P,0,0,0,0,0,0
ALG1L5P,0,0,0,0,0,0
ALG1L8P,0,0,0,0,0,0
ALG2,358,104,534,272,291,340
ALG3,371,209,1261,462,1282,1199
ALG3P1,0,0,1,0,0,0
ALG5,302,182,975,318,333,346
ALG6,273,177,557,543,505,594
ALG8,884,539,1669,1203,1352,1356
ALG9,406,172,580,529,540,578
ALK,0,0,0,0,0,0
ALKAL1,0,0,0,0,0,0
ALKAL2,0,0,0,0,0,0
ALKBH1,150,90,355,169,245,219
ALKBH2,103,56,544,79,281,306
ALKBH3,286,183,814,209,410,410
ALKBH3-AS1,0,0,0,0,0,0
ALKBH4,23,9,144,22,93,144
ALKBH5,522,287,1823,621,1516,1544
ALKBH6,56,30,95,301,438,430
ALKBH7,5,1,59,2,22,19
ALKBH8,250,91,517,458,351,356
ALLC,0,0,0,0,0,0
ALMS1,446,185,546,504,314,382
ALMS1-IT1,31,7,31,29,28,21
ALOX12,0,0,0,0,0,0
ALOX12-AS1,1,0,18,0,6,3
ALOX12B,0,0,1,2,5,6
ALOX15,18,5,104,2,7,8
ALOX15B,0,0,0,0,0,0
ALOX15P2,0,0,0,0,0,0
ALOX5,2,0,0,69,177,174
ALOX5AP,0,0,0,0,1,2
ALOXE3,4,0,8,19,106,79
ALPG,0,0,0,0,0,0
ALPI,0,0,0,0,0,0
ALPK1,565,294,948,488,449,465
ALPK2,0,0,0,0,2,1
ALPK3,9,0,13,27,43,74
ALPL,0,2,11,8,31,28
ALPP,0,0,1,0,0,1
ALS2,660,332,1043,1001,978,1214
ALS2CL,121,47,540,190,645,772
ALX1,0,0,0,0,0,0
ALX3,0,0,0,0,0,0
ALX4,0,0,0,2,3,4
ALYREF,46,23,388,50,434,431
AMACR,3,6,32,8,17,28
AMBN,0,0,0,0,2,0
AMBP,0,3,0,0,3,3
AMBRA1,288,87,960,297,887,1024
AMD1,764,436,1703,3096,2769,2993
AMD1P1,0,0,0,0,0,0
AMDHD1,3,1,4,26,12,10
AMDHD2,25,14,540,20,283,280
AMELX,0,0,0,0,0,0
AMELY,0,0,0,0,0,0
AMER1,132,75,237,181,246,310
AMER2,0,0,0,0,0,0
AMER3,0,0,0,0,0,0
AMFR,1182,880,2838,3389,6859,7258
AMH,9,1,116,5,90,63
AMHR2,0,0,0,0,1,5
AMIGO1,106,21,174,96,132,134
AMIGO2,370,200,708,984,1312,1269
AMIGO3,0,0,0,0,0,0
AMMECR1,194,96,361,721,630,714
AMMECR1L,616,370,1179,978,1090,1361
AMMECR1LP1,1,0,2,1,0,1
AMN,0,0,0,1,0,0
AMN1,236,156,434,143,179,192
AMOT,4,0,17,242,299,335
AMOTL1,99,56,272,520,675,845
AMOTL2,1190,557,3659,305,818,835
AMPD1,0,0,1,2,0,0
AMPD2,70,34,430,119,547,684
AMPD3,3,0,18,8,8,18
AMPH,5,0,16,13,24,28
AMT,0,0,3,4,9,6
AMTN,1,0,4,0,0,2
AMY1A,0,0,0,0,0,0
AMY1B,0,0,0,0,0,0
AMY1C,0,0,0,0,0,0
AMY2A,0,0,0,0,0,0
AMY2B,5,2,6,2,1,2
AMYP1,0,0,0,0,0,0
AMZ1,673,329,2290,553,1339,1392
AMZ2,1361,940,2232,1746,2004,2020
AMZ2P2,0,0,0,0,0,0
ANAPC1,610,214,820,1146,968,1104
ANAPC10,31,17,93,92,105,80
ANAPC11,34,10,349,55,345,330
ANAPC13,989,817,1896,703,757,758
ANAPC15,266,192,885,238,703,549
ANAPC15P2,0,0,0,0,0,0
ANAPC16,835,519,2516,966,1757,1830
ANAPC1P2,0,0,8,1,0,2
ANAPC1P3,0,0,0,0,0,0
ANAPC1P4,0,0,0,1,1,5
ANAPC1P5,0,0,0,0,0,2
ANAPC2,182,39,709,197,582,733
ANAPC4,353,108,690,661,586,620
ANAPC5,1445,673,2518,2597,2837,3057
ANAPC7,492,272,1287,1082,1368,1328
ANCV1RP,0,0,0,0,0,0
ANG,4,1,7,2,6,7
ANGEL1,360,115,813,474,855,909
ANGEL2,773,338,1388,1115,949,1162
ANGPT1,2826,1834,5213,139,101,90
ANGPT2,0,0,0,2,0,0
ANGPT4,0,0,0,0,0,0
ANGPTL1,0,0,0,0,0,0
ANGPTL2,0,0,0,0,0,0
ANGPTL3,0,0,0,0,0,0
ANGPTL4,7,6,80,64,591,661
ANGPTL5,0,0,0,0,0,0
ANGPTL6,0,0,6,0,0,1
ANGPTL7,0,0,0,1,2,1
ANGPTL8,0,0,0,1,0,0
ANHX,0,0,0,0,0,0
ANK1,1,1,7,3,13,18
ANK2,32,14,57,225,209,289
ANK2-AS1,0,0,0,0,0,0
ANK3,718,485,1091,3109,2603,3259
ANKAR,79,37,83,88,61,83
ANKDD1A,9,1,11,21,32,12
ANKDD1B,5,0,6,1,0,4
ANKEF1,469,304,911,725,655,750
ANKFN1,180,80,256,47,71,88
ANKFY1,559,245,1198,1117,1687,1956
ANKH,0,0,0,0,3,2
ANKHD1,190,59,308,291,206,279
ANKHD1-DT,8,7,65,8,36,29
ANKHD1-EIF4EBP3,79,26,137,78,86,108
ANKIB1,1372,758,2080,2758,2265,2952
ANKK1,1,0,3,0,4,6
ANKLE1,3,12,4,7,21,6
ANKLE2,713,389,1633,1321,2219,2428
ANKMY1,53,13,186,50,159,126
ANKMY2,598,338,1166,365,406,387
ANKRA2,392,153,644,549,445,615
ANKRD1,3,2,14,122,148,81
ANKRD10,579,160,725,1031,794,983
ANKRD11,651,244,2053,1244,2320,2736
ANKRD11P1,0,0,0,0,0,0
ANKRD12,919,396,1360,1130,684,1002
ANKRD13A,704,394,1275,1121,1083,1219
ANKRD13B,39,26,93,40,148,155
ANKRD13C,578,274,1124,1268,1006,1145
ANKRD13C-DT,37,2,92,35,73,65
ANKRD13D,88,24,520,212,666,764
ANKRD16,109,99,269,107,174,163
ANKRD17,2298,952,2575,4456,3617,4515
ANKRD18A,68,27,111,58,59,48
ANKRD18B,90,45,165,123,150,118
ANKRD18DP,0,0,0,0,0,0
ANKRD18EP,0,0,0,0,0,0
ANKRD18FP,0,0,0,0,0,0
ANKRD2,2,0,18,1,12,22
ANKRD20A1,1,0,0,0,0,0
ANKRD20A17P,0,4,0,2,1,1
ANKRD20A18P,0,0,0,0,0,0
ANKRD20A8P,1,4,0,6,7,3
ANKRD22,226,124,426,1405,1210,1402
ANKRD23,12,0,13,5,20,38
ANKRD24,10,0,67,15,54,86
ANKRD26,990,506,1507,1000,745,887
ANKRD26P3,0,0,0,0,0,0
ANKRD26P4,0,0,0,1,5,6
ANKRD27,346,229,768,372,492,577
ANKRD28,643,357,848,1697,1346,1634
ANKRD29,7,0,12,7,12,3
ANKRD30A,3,0,1,2,1,0
ANKRD30B,327,142,557,657,388,552
ANKRD30BL,0,0,0,0,0,0
ANKRD30BP1,25,16,35,12,13,21
ANKRD31,10,10,17,16,14,21
ANKRD33,0,0,0,0,0,0
ANKRD33B,0,0,2,1,1,1
ANKRD33BP1,8,0,8,35,27,49
ANKRD33BP8,0,0,0,0,0,0
ANKRD33BP9,0,0,0,0,0,0
ANKRD34A,33,17,95,75,133,129
ANKRD34B,114,49,193,46,46,51
ANKRD34C,0,0,0,0,0,0
ANKRD34C-AS1,0,0,0,0,0,0
ANKRD35,1,0,3,0,2,3
ANKRD36,162,56,217,285,167,245
ANKRD36B,112,12,183,166,97,151
ANKRD36C,112,40,97,114,63,104
ANKRD37,24,28,39,5,2,3
ANKRD39,15,0,16,47,48,58
ANKRD40,798,440,1329,1345,1772,2069
ANKRD40CL,2,0,2,0,1,1
ANKRD42,740,315,1882,596,852,1040
ANKRD42-DT,143,25,259,221,266,267
ANKRD44,43,20,76,129,129,192
ANKRD44-AS1,0,0,0,0,0,0
ANKRD44-IT1,0,0,0,0,0,0
ANKRD45,0,0,0,0,1,0
ANKRD46,338,212,629,650,604,659
ANKRD49,1017,480,1678,1128,918,1098
ANKRD49P2,0,0,0,0,0,0
ANKRD50,965,462,1152,1654,1029,1335
ANKRD52,944,375,1951,2797,5977,7076
ANKRD53,1,0,0,0,0,0
ANKRD54,84,32,357,123,412,408
ANKRD55,0,0,0,0,0,0
ANKRD6,81,64,173,247,251,309
ANKRD60,0,0,0,0,0,0
ANKRD61,0,0,6,2,4,4
ANKRD62,0,0,0,0,0,0
ANKRD62P1,0,0,1,4,2,7
ANKRD63,0,5,1,1,4,1
ANKRD65,3,0,1,0,5,3
ANKRD66,2,0,1,2,3,2
ANKRD7,0,0,0,0,0,0
ANKRD9,79,46,428,25,151,185
ANKS1A,199,79,642,403,887,1142
ANKS1B,89,16,126,215,153,235
ANKS3,50,18,218,83,135,165
ANKS4B,0,0,0,0,0,0
ANKS6,0,0,0,0,0,0
ANKUB1,0,0,0,0,1,0
ANKZF1,257,115,622,327,483,551
ANLN,1373,718,2392,5100,5161,5497
ANO1,164,94,503,97,189,238
ANO10,1031,718,2426,2491,2835,3141
ANO2,10,1,21,9,18,16
ANO3,1,0,1,6,12,21
ANO4,0,0,0,0,0,0
ANO5,137,114,245,1118,775,975
ANO6,1437,816,2269,9460,7007,8652
ANO7,1,0,0,3,12,13
ANO8,51,9,180,81,278,287
ANO9,44,17,269,60,408,503
ANOS1,0,0,0,3,2,12
ANP32A,1990,1288,6123,3160,6339,6325
ANP32AP1,0,1,0,1,2,0
ANP32B,1677,914,4108,1553,2234,1914
ANP32D,0,0,0,0,0,0
ANP32E,1934,1114,4178,5514,5034,5483
ANPEP,0,0,1,0,0,1
ANTKMT,2,1,10,1,7,6
ANTXR1,381,196,517,2301,2409,2788
ANTXR2,78,11,122,294,242,303
ANTXRL,0,0,0,1,3,1
ANXA1,18,7,33,413,386,400
ANXA10,0,0,0,0,0,0
ANXA11,349,154,1134,731,1948,2037
ANXA13,0,0,0,0,1,1
ANXA2,3317,2242,5744,14573,17780,17366
ANXA2R,7,3,20,4,20,10
ANXA2R-AS1,152,35,217,104,142,189
ANXA2R-OT1,12,4,16,35,36,52
ANXA3,38,36,91,137,135,124
ANXA4,329,210,910,508,844,882
ANXA5,2179,1275,5590,3668,4303,4236
ANXA6,2606,1562,11098,6940,24595,23762
ANXA7,1755,1086,3973,5527,7341,7905
ANXA8,1,0,0,7.5,8,9.5
ANXA8L1,0,0,1,1,0,0
ANXA9,813,442,2972,201,895,1008
AOAH,0,0,0,0,0,1
AOAH-IT1,0,0,0,0,0,0
AOC1,0,0,3,4,40,43
AOC2,5,0,6,14,12,32
AOC3,3,0,0,2,9,12
AOPEP,288,150,691,83,127,142
AOX1,0,0,0,3,1,0
AOX2P,0,0,0,0,0,0
AP1AR,411,209,796,439,442,438
AP1B1,472,246,2689,650,2930,3286
AP1B1P2,0,0,0,0,0,0
AP1G1,2196,1154,2754,5738,4789,5815
AP1G2,185,69,786,461,1869,2152
AP1G2-AS1,146,19,300,132,226,260
AP1M1,53,19,245,116,352,386
AP1M2,330,164,1866,509,2538,2461
AP1M2P1,0,0,0,0,0,0
AP1S1,218,134,836,309,1273,1324
AP1S2,1007,465,1782,1802,1508,1681
AP1S3,69,11,83,246,303,280
AP2A1,227,86,844,532,1277,1516
AP2A2,296,86,895,389,941,1062
AP2B1,4736,2570,7366,10149,10737,11624
AP2B1P1,0,1,0,0,2,1
AP2M1,2096,1333,10482,5754,23845,23877
AP2S1,174,117,818,830,2235,2030
AP3B1,1702,947,2732,2391,2321,2562
AP3B2,0,0,0,10,9,19
AP3D1,634,321,2908,887,2685,2912
AP3M1,3432,1973,5501,9573,8213,9091
AP3M2,525,225,937,894,892,876
AP3S1,899,586,2051,868,980,980
AP3S2,251,122,468,328,420,500
AP4B1,105,52,203,124,199,181
AP4B1-AS1,1,0,0,0,0,0
AP4E1,367,167,559,661,579,617
AP4M1,113,46,593,126,528,548
AP4S1,90,107,194,179,261,275
AP5B1,313,170,679,384,689,673
AP5M1,635,273,1423,1144,1260,1460
AP5S1,104,64,268,99,242,250
AP5Z1,72,19,476,55,232,230
APAF1,399,180,644,994,919,952
APBA1,1,0,1,3,3,4
APBA2,0,0,0,0,0,0
APBA3,24,1,87,62,138,102
APBB1,6,1,42,22,71,90
APBB1IP,0,0,0,0,0,0
APBB2,3508,1738,5066,1365,1470,1757
APBB3,143,37,411,155,352,357
APC,1108,669,1550,2176,1314,1904
APC2,5,13,6,0,7,10
APCDD1,0,0,0,2,5,3
APCDD1L,0,0,0,0,0,0
APCDD1L-DT,0,0,0,1,0,0
APCS,0,0,0,0,0,0
APEH,260,126,1497,227,1317,1386
APELA,0,0,0,2,2,0
APEX1,874,414,3155,852,3428,3344
APEX2,183,84,702,176,798,758
APH1A,1589,1055,4399,1151,3117,3054
APH1B,304,133,675,448,477,544
API5,3002,1400,4797,5074,4645,5342
APIP,516,290,1232,520,673,689
APLF,0,0,7,11,10,7
APLN,1,0,13,0,0,1
APLNR,0,0,0,0,0,0
APLP1,18,3,73,42,264,264
APLP2,7188,4143,20115,22138,34187,37924
APMAP,865,510,2563,906,2228,2097
APOA1,0,0,0,0,0,0
APOA1-AS,0,0,0,0,0,0
APOA2,0,0,0,0,0,0
APOA4,0,0,0,0,0,0
APOA5,0,0,6,0,0,0
APOB,0,0,0,0,0,0
APOBEC1,0,0,0,0,0,0
APOBEC2,0,0,0,0,0,0
APOBEC3A,1,0,0,0,0,0
APOBEC3AP1,0,0,0,0,0,0
APOBEC3B,60,38,150,246,536,450
APOBEC3B-AS1,0,0,0,0,0,0
APOBEC3C,1,0,0,5,4,4
APOBEC3D,0,0,0,0,0,0
APOBEC3F,8,10,18,195,441,409
APOBEC3G,0,0,0,0,0,0
APOBEC3H,0,0,2,0,1,0
APOBEC4,2,0,5,5,8,6
APOBR,22,14,277,8,58,85
APOC1,0,0,0,0,0,3
APOC2,0,0,0,0,0,0
APOC3,0,0,0,0,0,0
APOC4,0,0,0,0,0,0
APOD,221,94,647,3,7,8
APOE,60,37,1126,174,1568,1864
APOF,0,0,0,0,1,0
APOH,0,0,0,0,0,0
APOL1,2,0,10,15,24,13
APOL2,126,72,358,361,787,739
APOL3,0,0,0,1,1,1
APOL4,0,0,0,0,0,0
APOL5,0,0,0,0,0,0
APOL6,238,123,401,468,383,621
APOLD1,18,2,36,45,49,34
APOM,20,31,67,14,46,59
APOO,204,129,510,504,626,618
APOOL,1362,730,1696,2239,1920,2123
APOOP2,0,0,0,0,0,0
APP,14865,8540,32307,25880,46375,49588
APP-DT,19,4,16,16,19,18
APPBP2,1288,595,1993,3151,2659,3036
APPL1,1023,642,2052,1209,1025,1136
APPL2,520,222,928,683,795,919
APRG1,46,24,58,26,29,33
APRT,50,42,571,50,415,421
APTR,326,183,971,129,193,152
APTX,459,205,979,554,896,814
AQP1,4,0,15,15,36,42
AQP10,0,0,0,0,0,0
AQP11,13,4,21,17,21,23
AQP12A,0,0,0,0,0,0
AQP2,0,0,0,0,0,0
AQP3,264,194,796,9,47,41
AQP4,9,0,29,0,0,0
AQP4-AS1,6,0,8,4,0,3
AQP5,0,7,1,0,1,1
AQP5-AS1,0,1,0,0,3,1
AQP6,0,0,2,1,3,8
AQP7,0,0,3,0,2,1
AQP7B,0,0,0,0,0,2
AQP7P2,0,0,0,0,0,0
AQP7P5,0,0,0,0,0,0
AQP8,0,0,0,0,0,0
AQP9,0,0,0,0,0,0
AQR,1509,612,2202,2120,1896,2338
AR,1057,455,1571,6270,5782,7021
ARAF,360,191,1957,325,1490,1617
ARAP1,331,150,1039,315,991,1074
ARAP1-AS2,0,0,0,0,0,0
ARAP2,354,275,594,996,725,943
ARAP3,0,0,0,45,143,172
ARB2A,701,308,1703,1363,1169,1402
ARC,4,4,44,0,56,46
ARCN1,6023,3170,9641,7458,7653,9049
AREG,254,183,556,10,4,1
AREL1,706,328,1119,1094,1206,1514
ARF1,2557,1463,18987,1965,11378,13187
ARF3,2356,1260,4050,5097,7005,7711
ARF4,2211,1259,5146,1847,2849,3027
ARF4-AS1,23,2,30,3,6,6
ARF5,156,74,582,219,603,549
ARF6,1751,1263,3977,4078,3911,4701
ARFGAP1,150,51,1245,245,1147,1218
ARFGAP2,711,321,2822,655,2390,2633
ARFGAP3,464,253,1077,948,1108,1189
ARFGEF1,5007,2770,7012,6317,4773,5760
ARFGEF2,2644,1088,4048,2690,2465,3532
ARFGEF3,2507,985,3159,2854,2485,3481
ARFIP1,573,408,1618,1355,1426,1741
ARFIP2,647,272,2135,975,2329,2390
ARFRP1,97,21,553,219,557,646
ARG1,0,0,0,0,0,0
ARG2,111,48,278,359,583,579
ARGFX,0,0,0,0,0,0
ARGLU1,1599,495,2433,3626,3000,3415
ARGLU1-DT,6,7,6,24,10,20
ARHGAP1,720,302,2867,489,2804,2952
ARHGAP10,23,2,51,103,123,90
ARHGAP11A,1002,453,1764,2148,2514,2468
ARHGAP11B,8,0,15,57,49,36
ARHGAP12,566,262,808,593,385,505
ARHGAP15,26,7,74,81,98,90
ARHGAP17,160,95,397,276,386,488
ARHGAP18,463,201,1062,1435,1416,1717
ARHGAP19,847,386,1655,1396,1358,1416
ARHGAP19-SLIT1,0,0,0,4,3,1
ARHGAP20,3,0,5,0,0,0
ARHGAP21,1440,647,2126,2245,2093,2448
ARHGAP22,0,0,0,12,19,10
ARHGAP23,70,31,280,89,338,414
ARHGAP23P1,0,0,3,0,6,3
ARHGAP24,21,2,65,20,24,27
ARHGAP25,0,0,1,0,0,0
ARHGAP26,51,5,54,337,366,391
ARHGAP26-AS1,0,0,0,0,0,1
ARHGAP26-IT1,0,0,0,0,0,0
ARHGAP27,88,58,441,368,1290,1539
ARHGAP27P1-BPTFP1-KPNA2P3,72,12,102,70,93,112
ARHGAP28,4,0,0,1,1,0
ARHGAP29,1107,623,1750,5735,4107,5267
ARHGAP29-AS1,2,0,1,0,12,8
ARHGAP30,19,18,38,74,105,121
ARHGAP31,30,4,57,53,67,75
ARHGAP31-AS1,3,0,10,4,8,7
ARHGAP32,2435,1026,2870,2449,2106,2488
ARHGAP33,22,13,162,20,189,172
ARHGAP35,3709,1854,8098,8527,10994,13730
ARHGAP36,0,0,0,0,0,0
ARHGAP39,129,44,313,94,197,205
ARHGAP4,38,11,318,29,186,177
ARHGAP40,247,122,774,138,376,402
ARHGAP42,71,72,126,384,256,322
ARHGAP42-AS1,4,0,3,14,10,12
ARHGAP44,15,11,34,82,159,185
ARHGAP44-AS1,0,0,0,0,0,0
ARHGAP45,18,7,110,23,155,220
ARHGAP5,2269,1206,3499,4464,2791,4017
ARHGAP6,0,0,0,0,0,0
ARHGAP8,58,6,86,249,289,372
ARHGAP9,2,0,3,3,4,1
ARHGDIA,190,71,2090,245,1996,1977
ARHGDIB,113,25,152,72,91,86
ARHGDIG,0,0,5,0,4,6
ARHGEF1,61,26,392,126,382,419
ARHGEF10,22,10,25,65,46,85
ARHGEF10L,65,28,464,27,153,212
ARHGEF11,1056,475,2806,1043,1833,2035
ARHGEF12,6336,3048,8455,12894,9619,12748
ARHGEF15,0,0,0,0,0,0
ARHGEF16,10,1,125,35,310,310
ARHGEF17,699,301,2311,454,1844,2196
ARHGEF17-AS1,14,5,37,2,8,6
ARHGEF18,183,68,939,113,422,494
ARHGEF19,39,12,339,50,432,474
ARHGEF2,1166,539,3248,2104,3459,3908
ARHGEF2-AS1,0,0,0,0,0,0
ARHGEF2-AS2,9,1,35,35,39,46
ARHGEF25,17,12,107,148,396,470
ARHGEF26,541,268,893,320,356,362
ARHGEF26-AS1,14,13,37,13,11,8
ARHGEF28,240,141,382,441,436,510
ARHGEF28P1,0,0,0,0,0,0
ARHGEF3,75,60,171,138,192,232
ARHGEF3-AS1,0,0,0,0,0,0
ARHGEF33,2,0,1,6,2,1
ARHGEF35,213,115,744,338,690,779
ARHGEF37,697,431,2313,996,2232,2483
ARHGEF38,1021,446,1218,1356,888,1126
ARHGEF38-IT1,4,0,4,1,0,1
ARHGEF39,42,16,102,71,164,123
ARHGEF4,2,0,10,3,15,9
ARHGEF4-AS1,0,0,1,0,2,0
ARHGEF40,15,0,104,61,215,305
ARHGEF5,332,179,930,482,925,1023
ARHGEF6,753,445,1083,2642,2275,2407
ARHGEF7,524,220,1097,577,860,983
ARHGEF7-AS2,0,0,0,0,0,0
ARHGEF9,447,171,866,542,884,953
ARHGEF9-IT1,0,0,0,0,0,0
ARID1A,577,289,1075,474,831,909
ARID1B,617,436,1724,1435,2324,2946
ARID2,1764,906,2353,2010,1454,1825
ARID3A,38,48,221,134,338,382
ARID3B,82,52,300,49,146,183
ARID3C,90,29,268,16,25,21
ARID4A,591,302,1048,1506,995,1417
ARID4B,1163,672,2198,3019,2218,2791
ARID5A,2,0,11,9,32,61
ARID5B,1648,700,2572,960,907,1212
ARIH1,1620,878,2017,2184,1912,2274
ARIH2,969,637,2014,1161,1491,1688
ARK2C,27,0,37,67,83,118
ARK2N,404,297,706,889,747,914
ARL1,3680,1983,8822,7320,7758,9218
ARL10,0,0,0,1,2,4
ARL11,27,13,84,68,117,97
ARL13A,0,0,0,0,0,0
ARL13B,220,89,389,303,262,316
ARL14,0,0,0,0,0,0
ARL14EP,736,492,1771,1063,1186,1370
ARL14EPL,0,0,0,0,0,1
ARL14EPP1,0,0,0,0,0,0
ARL15,281,126,444,1575,1317,1521
ARL16,93,53,253,103,220,258
ARL17A,130,17.5,134,282,206.5,293.5
ARL2,13,9,54,6,52,63
ARL2-SNX15,0,0,0,0,0,0
ARL2BP,529,352,948,462,539,520
ARL2BPP10,0,0,0,0,0,0
ARL2BPP5,0,0,0,0,0,0
ARL2BPP6,0,0,0,0,0,0
ARL3,2331,1612,4205,2387,2716,2583
ARL4A,167,161,385,148,141,141
ARL4C,13,8,17,35,31,47
ARL4D,29,13,187,408,1310,1440
ARL5A,397,202,619,692,545,559
ARL5AP3,0,0,0,0,0,0
ARL5B,538,195,860,1393,953,1336
ARL5C,0,0,0,1,1,1
ARL6,323,126,708,383,445,574
ARL6IP1,2925,1918,6052,6695,6587,6309
ARL6IP4,0,0,5,1,5,4
ARL6IP5,889,454,2100,1516,2502,2764
ARL6IP6,172,123,305,264,272,238
ARL8A,190,176,766,199,620,609
ARL8B,1706,989,3409,2337,2212,2158
ARL8BP1,0,0,0,0,0,0
ARL9,2,0,1,2,0,1
ARLNC1,0,0,0,0,1,0
ARMC1,1042,625,1979,1501,1593,1792
ARMC10,337,166,614,544,613,586
ARMC12,15,0,21,22,30,37
ARMC2,76,46,134,107,129,165
ARMC3,35,21,38,32,34,40
ARMC5,6,8,66,20,119,98
ARMC6,30,25,297,25,193,233
ARMC7,36,12,191,102,308,286
ARMC8,901,449,1311,1082,992,1025
ARMC8P1,0,0,0,0,0,0
ARMC9,197,124,423,363,431,470
ARMCX1,73,66,260,158,348,448
ARMCX2,238,108,886,846,2100,2083
ARMCX3,652,261,2052,2615,4092,4907
ARMCX4,13,9,25,65,110,113
ARMCX5,86,48,148,204,288,255
ARMCX5-GPRASP2,0,0,1,0,0,2
ARMCX6,307,173,857,657,1226,1256
ARMH1,8,0,8,20,28,44
ARMH2,0,0,0,0,0,0
ARMH3,1133,561,2170,1504,2039,2178
ARMH4,2,0,0,67,74,111
ARMS2,0,0,0,0,0,0
ARMT1,4398,2375,9949,4708,4991,5289
ARNT,1500,1005,2817,2137,2379,2691
ARNT2,2,2,6,102,153,175
ARNT2-DT,0,0,0,22,13,23
ARPC1A,19,17,113,64,136,119
ARPC1AP1,0,0,0,0,0,0
ARPC1B,22,27,17,26,37,38
ARPC1BP1,0,0,0,0,0,0
ARPC2,678,416,1648,1730,3165,2921
ARPC3,1254,818,3855,4091,5356,5246
ARPC4,341,232,1047,464,1070,1160
ARPC4-TTLL3,1,0,5,0,14,5
ARPC5,865,391,3048,1527,3051,3253
ARPC5L,231,258,889,402,822,726
ARPIN,820,448,1770,531,790,814
ARPIN-AP3S2,1,0,0,0,0,0
ARPP19,3236,1635,5115,7025,6271,7744
ARPP21,0,0,0,0,0,0
ARPP21-AS1,0,0,0,0,0,0
ARR3,0,0,0,0,0,0
ARRB1,640,398,1628,527,1166,1615
ARRB2,238,96,528,137,347,313
ARRDC1,116,30,974,84,942,1037
ARRDC1-AS1,129,54,451,67,126,124
ARRDC2,30,20,131,26,95,88
ARRDC3,1632,919,2338,1001,1003,923
ARRDC3-AS1,54,28,108,65,81,111
ARRDC4,57,12,120,286,233,274
ARRDC5,0,0,0,0,0,0
ARSA,37,12,242,53,295,285
ARSB,16,8,39,153,175,233
ARSD,1684,897,3268,1229,1502,1585
ARSD-AS1,0,0,0,0,0,3
ARSF,0,0,0,0,0,0
ARSFP1,0,0,0,0,0,0
ARSG,336,259,728,205,311,341
ARSH,0,0,1,0,3,2
ARSI,0,0,0,0,0,1
ARSJ,224,122,298,53,43,57
ARSK,316,141,482,405,397,385
ARSL,2,0,0,0,0,0
ART1,0,0,0,1,0,0
ART2BP,0,0,0,0,0,0
ART3,0,0,0,0,1,0
ART4,13,12,22,0,1,0
ART5,0,0,6,5,13,14
ARTN,35,24,207,37,169,179
ARV1,567,255,1050,414,539,531
ARVCF,13,0,109,18,163,198
ARX,2,0,6,4,17,8
AS3MT,0,0,12,0,10,9
ASAH1,2240,1198,4286,4231,4008,4275
ASAH1-AS1,17,25,24,17,10,24
ASAH2,31,9,45,113,76,93
ASAH2B,102,33,216,305,261,317
ASAP1,825,231,1097,2496,2597,3065
ASAP1-IT2,1,0,0,1,0,0
ASAP2,623,292,1001,915,955,1133
ASAP3,431,122,1680,562,1671,1930
ASB1,141,65,528,459,702,852
ASB10,0,0,0,0,0,0
ASB11,0,0,0,0,0,0
ASB12,0,0,2,0,0,0
ASB13,486,263,1796,222,461,539
ASB14,0,0,0,0,0,0
ASB15,0,0,2,1,0,0
ASB15-AS1,0,0,0,0,0,0
ASB16,0,0,2,0,2,0
ASB16-AS1,133,59,305,195,522,508
ASB17,0,0,0,0,0,0
ASB18,0,0,1,0,0,0
ASB2,0,0,0,0,0,0
ASB3,131,68,145,183,175,194
ASB4,0,0,3,1,0,0
ASB5,0,0,0,1,0,1
ASB6,127,41,436,69,288,309
ASB7,474,314,901,588,548,704
ASB8,555,458,1057,1025,1391,1480
ASB9,2,0,0,7,16,9
ASCC1,315,151,500,771,854,873
ASCC2,233,98,837,343,840,846
ASCC3,1113,444,1629,3355,2488,3019
ASCL1,0,5,0,1,1,4
ASCL2,7,2,36,0,6,2
ASCL3,0,0,0,0,0,0
ASCL4,0,0,0,0,0,0
ASCL5,0,0,0,0,0,0
ASDURF,0,0,0,1,0,0
ASF1A,195,140,338,513,502,504
ASF1B,30,16,73,102,302,290
ASGR1,3,0,1,19,39,44
ASGR2,0,0,0,0,0,0
ASH1L,3165,1333,3421,3235,2126,2992
ASH1L-AS1,17,10,57,26,36,51
ASH2L,398,195,1061,772,1074,1111
ASH2LP3,2,0,0,0,0,0
ASIC1,101,38,279,330,960,1028
ASIC2,0,0,2,2,0,1
ASIC3,12,1,82,7,66,46
ASIC4,0,0,2,0,0,0
ASIC5,0,0,0,0,0,0
ASIP,0,0,0,0,0,0
ASL,45,11,502,23,201,186
ASMER1,2,0,7,20,11,22
ASMT,0,0,0,0,0,0
ASMTL,48,19,216,101,414,470
ASNS,24,15,64,22,40,45
ASNSD1,453,233,875,477,422,403
ASNSP3,6,0,1,9,12,15
ASNSP4,0,0,0,0,0,0
ASPA,0,0,0,0,0,1
ASPDH,0,0,0,0,0,0
ASPG,0,0,0,0,1,0
ASPH,1057,580,2150,4925,4938,6059
ASPHD1,38,39,445,107,461,420
ASPHD2,2,0,0,22,36,46
ASPM,1189,479,1441,4947,3185,3938
ASPN,0,0,0,1,0,0
ASPRV1,0,0,0,0,0,0
ASPSCR1,22,24,348,20,203,234
ASRGL1,15,15,29,91,169,166
ASS1,1117,669,7503,1104,6129,6644
ASS1P1,0,0,0,0,0,0
ASS1P10,0,0,0,0,0,0
ASS1P11,0,0,0,0,0,0
ASS1P12,0,0,0,0,0,0
ASS1P13,0,0,0,0,0,0
ASS1P14,0,0,0,0,0,0
ASS1P2,0,0,0,1,2,2
ASS1P3,0,0,0,0,0,0
ASS1P4,0,0,0,0,0,0
ASS1P5,0,0,0,0,0,0
ASS1P6,0,0,0,0,0,0
ASS1P7,0,0,0,0,0,0
ASS1P9,0,0,0,0,0,0
ASTE1,189,112,423,148,175,180
ASTILCS,0,0,0,0,0,1
ASTL,1,0,9,0,2,6
ASTN1,0,0,0,0,0,0
ASTN2,141,75,344,135,256,231
ASTN2-AS1,0,0,0,0,0,0
ASXL1,1254,560,2460,1502,2237,2724
ASXL2,910,405,1014,1078,887,1289
ASXL3,0,0,0,0,0,0
ASZ1,0,0,0,0,0,0
ATAD1,2628,1505,4254,5758,4601,5432
ATAD2,1060,544,1605,5335,4163,4455
ATAD2B,440,197,571,886,561,753
ATAD3A,13,8,235,13,156,148
ATAD3B,49,27,353,100,395,449
ATAD3C,19,6,17,54,30,33
ATAD5,130,68,203,538,340,409
ATAT1,298,118,598,571,908,925
ATCAY,0,0,0,1,0,0
ATE1,463,235,783,578,608,778
ATF1,549,205,1254,1064,1222,1289
ATF2,1542,758,2464,1265,1196,1470
ATF3,509,198,913,164,282,201
ATF4,2924,1980,7670,1651,3074,2995
ATF5,240,88,851,406,992,825
ATF6,3436,1624,5683,2275,2098,2481
ATF6B,661,252,4050,684,3509,3831
ATF7,742,337,830,1626,1320,1718
ATF7-NPFF,0,0,0,0,0,0
ATF7IP,1330,784,1846,2717,1948,2678
ATF7IP2,381,275,551,278,275,285
ATG10,164,84,237,154,205,174
ATG101,95,56,834,66,456,496
ATG12,1285,593,2390,1706,1910,2093
ATG13,1194,545,2722,1049,1755,1830
ATG14,490,261,1045,975,956,1026
ATG16L1,192,86,524,309,374,462
ATG16L2,258,67,423,402,594,657
ATG2A,36,27,320,63,461,568
ATG2B,1060,557,1536,1105,837,1129
ATG3,958,669,1780,856,979,963
ATG4A,175,134,291,472,497,540
ATG4B,346,171,1218,1230,1429,1729
ATG4C,180,145,475,299,284,256
ATG4D,13,15,139,17,81,108
ATG5,288,197,629,694,695,697
ATG7,267,124,502,269,431,455
ATG9A,76,21,434,143,543,640
ATG9B,14,2,55,1,9,14
ATIC,1967,1077,3886,2171,3071,3067
ATL1,3,0,4,6,11,10
ATL2,410,215,808,864,612,796
ATL3,4292,2451,7626,8121,7342,8603
ATM,2437,923,3165,2642,1718,2190
ATMIN,1477,857,2451,2019,2045,2307
ATN1,337,106,1371,373,2564,2695
ATOH1,0,0,0,0,0,0
ATOH7,0,1,0,0,0,2
ATOH8,0,0,0,1,2,1
ATOSA,1427,559,2397,1963,1587,2095
ATOSB,113,48,466,53,311,346
ATOSBP1,0,0,0,0,0,0
ATOX1,280,148,656,605,1321,1437
ATP10A,179,90,588,133,254,265
ATP10B,16,15,13,72,57,60
ATP10D,131,85,196,568,448,602
ATP11A,42,30,113,225,338,395
ATP11A-AS1,0,0,0,0,0,0
ATP11AUN,0,0,0,0,0,0
ATP11B,577,259,821,1012,653,997
ATP11C,151,83,205,979,775,905
ATP12A,0,0,0,0,0,0
ATP13A1,80,47,624,199,921,997
ATP13A2,32,24,316,62,440,530
ATP13A3,9434,4698,13162,17433,12136,16098
ATP13A4,35,55,67,43,59,48
ATP13A5,0,0,0,1,0,0
ATP1A1,2470,1453,5088,6894,10184,11465
ATP1A1-AS1,65,18,93,16,16,26
ATP1A2,1,0,1,0,0,1
ATP1A3,3,5,17,7,26,30
ATP1A4,4,0,13,3,7,8
ATP1B1,1443,886,2434,2894,2438,3480
ATP1B2,2,0,4,3,4,3
ATP1B3,585,391,1139,1298,1228,1411
ATP1B4,0,0,0,0,0,0
ATP23,65,45,101,162,171,180
ATP2A1,5,0,13,27,86,88
ATP2A1-AS1,2,4,19,2,4,3
ATP2A2,10481,5626,20255,8569,10892,12356
ATP2A3,23,13,198,59,422,493
ATP2B1,1015,522,1432,7538,5027,6653
ATP2B1-AS1,6,11,6,13,10,18
ATP2B2,0,0,0,0,0,0
ATP2B2-IT1,0,0,0,0,0,0
ATP2B3,0,4,4,0,0,0
ATP2B4,56,24,82,2073,1857,2844
ATP2C1,1378,855,2401,3162,2656,2996
ATP2C2,163,83,774,67,287,329
ATP2C2-AS1,5,0,33,6,7,16
ATP4A,0,0,0,0,0,0
ATP4B,0,0,0,0,0,0
ATP5F1A,2623,1403,6322,5184,8707,8488
ATP5F1AP1,0,0,0,0,0,0
ATP5F1AP3,0,0,0,1,0,0
ATP5F1AP4,0,0,0,0,0,0
ATP5F1AP7,0,0,0,0,0,0
ATP5F1AP8,0,0,0,0,0,0
ATP5F1B,5868,3837,11449,9534,12903,12017
ATP5F1BP1,0,0,0,0,0,0
ATP5F1C,2198,1575,5383,5266,6904,7255
ATP5F1CP1,0,0,0,0,0,0
ATP5F1D,5,9,98,10,81,93
ATP5F1E,885,608,4315,1890,4686,4832
ATP5IF1,408,346,1201,781,1360,1355
ATP5MC1,707,500,1433,779,1432,1254
ATP5MC2,1624,1045,5721,1184,6028,5641
ATP5MC3,419,337,1826,944,2011,2032
ATP5ME,237,119,1635,205,1111,1141
ATP5MF,351,343,565,301,685,570
ATP5MF-PTCD1,0,0,0,1,7,10
ATP5MFP1,0,0,0,0,0,0
ATP5MG,348,324,513,482,611,595
ATP5MGL,0,0,0,0,0,0
ATP5MGP3,0,0,0,0,0,0
ATP5MGP7,0,0,0,0,0,0
ATP5MJ,977,738,2587,2578,2916,2725
ATP5MK,784,661,1032,966,1022,1025
ATP5PB,1552,944,4080,2130,4037,3975
ATP5PBP1,0,0,0,0,0,3
ATP5PBP2,0,0,0,0,0,0
ATP5PBP4,0,0,0,0,0,0
ATP5PBP8,0,0,0,1,0,0
ATP5PD,1199,890,3285,2306,3310,3023
ATP5PDP1,0,0,0,0,0,0
ATP5PDP2,0,0,0,0,0,0
ATP5PDP3,0,0,0,0,0,0
ATP5PF,1033,763,2642,3059,3692,3394
ATP5PFP2,0,0,0,0,0,0
ATP5PO,230,270,684,594,838,729
ATP5POP1,0,0,0,0,0,0
ATP6,228734,93214,199323,287923,280652,239622
ATP6AP1,1721,873,7237,1228,4784,5096
ATP6AP1-DT,57,25,311,50,119,131
ATP6AP2,2083,1339,4302,3923,4138,4082
ATP6V0A1,1538,737,3196,2750,3374,3846
ATP6V0A2,370,211,721,521,603,598
ATP6V0A4,4,0,9,9,30,23
ATP6V0B,175,95,752,222,434,443
ATP6V0C,0,0,6,1,2,3
ATP6V0CP4,0,0,0,0,0,0
ATP6V0D1,129,112,1199,204,1506,1618
ATP6V0D1-DT,29,3,40,19,48,83
ATP6V0D2,0,0,0,0,0,0
ATP6V0E1,1087,773,3020,1762,3435,3224
ATP6V0E1P1,0,0,0,0,0,0
ATP6V0E1P4,0,0,0,0,0,0
ATP6V0E2,38,27,205,102,376,381
ATP6V0E2-AS1,7,8,12,4,25,19
ATP6V1A,2001,1020,4030,6065,5759,7785
ATP6V1B1,3,0,18,0,14,19
ATP6V1B1-AS1,0,0,0,0,0,0
ATP6V1B2,1391,722,2378,4663,4264,4585
ATP6V1C1,2164,1157,4351,3244,3373,4038
ATP6V1C2,12,1,38,48,58,88
ATP6V1D,1193,621,3111,1606,2584,2655
ATP6V1E1,1129,790,2309,2276,3572,3656
ATP6V1E2,45,25,133,58,104,91
ATP6V1F,216,126,1291,294,1443,1310
ATP6V1FP1,0,0,0,0,0,0
ATP6V1G1,2371,1315,11107,1793,4651,4890
ATP6V1G1P2,0,0,0,0,0,0
ATP6V1G1P4,0,0,0,0,0,0
ATP6V1G1P5,0,0,0,0,0,0
ATP6V1G2,28,7,84,40,54,60
ATP6V1G2-DDX39B,0,0,0,0,0,0
ATP6V1G3,0,0,0,0,0,0
ATP6V1H,633,458,1564,1058,1438,1351
ATP7A,197,112,266,817,536,721
ATP7B,154,46,327,500,868,1074
ATP7BP1,0,0,0,0,0,0
ATP8,27799,14995,42449,92745,84268,77677
ATP8A1,720,347,992,1344,868,1167
ATP8A1-DT,0,0,0,0,1,0
ATP8A2,51,27,75,59,70,67
ATP8A2P2,0,0,0,0,0,0
ATP8B1,1822,1042,3299,3350,3102,3871
ATP8B1-AS1,23,6,56,17,21,33
ATP8B2,884,459,2136,413,836,1035
ATP8B3,12,0,55,32,119,100
ATP8B4,0,0,0,0,0,1
ATP9A,445,164,925,1097,1357,1810
ATP9B,162,77,466,515,638,694
ATPAF1,635,452,1178,859,864,904
ATPAF2,44,31,204,56,164,165
ATPSCKMT,413,200,692,501,596,707
ATR,1354,492,1703,2361,1559,2026
ATRAID,402,143,1096,253,623,546
ATRIP,162,116,262,96,153,173
ATRN,2306,1234,3817,2475,2717,3028
ATRNL1,3,0,3,47,41,58
ATRX,1666,631,2083,6190,3300,5058
ATXN1,590,312,1053,1341,1256,1721
ATXN10,757,526,1346,1771,2180,1926
ATXN1L,976,467,1649,1351,1628,2234
ATXN2,635,370,1170,1426,1650,1882
ATXN2-AS,0,0,11,2,1,8
ATXN2L,1366,738,4045,1199,2942,3231
ATXN3,673,397,1325,655,606,735
ATXN3L,0,0,0,0,0,0
ATXN7,561,286,809,504,452,547
ATXN7L1,172,102,325,223,236,324
ATXN7L2,24,9,93,46,84,113
ATXN7L3,365,225,1350,537,1660,1949
ATXN7L3-AS1,60,41,96,114,188,194
ATXN7L3B,2019,1019,4921,3816,4895,5933
ATXN7L3P1,0,0,0,0,0,0
ATXN8OS,0,0,0,1,1,1
AUH,108,78,194,49,58,67
AUNIP,40,21,83,86,137,59
AUP1,482,255,1452,212,813,760
AURKA,887,561,1610,1605,1983,1898
AURKAIP1,26,9,194,24,169,151
AURKB,40,14,299,62,408,352
AURKBP1,0,0,0,0,0,0
AURKC,1,0,4,6,9,8
AUTS2,1749,750,3518,987,1304,1529
AVEN,62,14,186,75,90,97
AVIL,37,24,54,58,58,92
AVL9,2136,940,3411,3127,2888,3401
AVP,0,0,0,0,0,0
AVPI1,25,47,80,24,78,89
AVPR1A,0,0,0,0,0,0
AVPR1B,0,0,0,4,6,4
AVPR1B-DT,0,0,0,0,0,0
AVPR2,0,0,0,0,0,0
AWAT1,0,0,0,0,0,0
AWAT2,0,0,0,0,0,0
AXDND1,40,44,57,80,61,60
AXIN1,68,14,477,64,342,391
AXIN2,0,0,5,27,54,62
AXL,2,0,11,6,17,23
AZGP1,1420,617,2627,45,88,103
AZGP1P2,0,0,1,0,0,0
AZI2,846,479,1510,1114,1109,1291
AZIN1,3949,1961,7262,10692,9083,10427
AZIN2,11,7,26,28,44,59
AZU1,5,0,55,0,5,6
AZU1P1,0,0,0,0,0,0
B2M,2982,1865,6938,3845,5964,5946
B3GALNT1,446,249,1022,875,922,837
B3GALNT2,1150,511,2047,2320,2127,2540
B3GALT1,0,0,0,2,2,0
B3GALT1-AS1,0,0,0,0,0,0
B3GALT2,0,0,0,0,1,0
B3GALT4,6,8,74,7,22,13
B3GALT5,4,0,8,90,87,148
B3GALT6,117,79,360,65,153,140
B3GALT9,203,93,441,202,185,199
B3GAT1,0,0,0,8,19,13
B3GAT1-DT,0,0,4,2,0,0
B3GAT2,0,0,2,1,1,4
B3GAT3,68,27,544,83,402,444
B3GLCT,54,22,120,232,285,300
B3GNT2,136,105,371,419,487,548
B3GNT3,4,0,9,14,16,24
B3GNT4,11,2,39,9,34,35
B3GNT5,0,0,0,2,0,0
B3GNT6,1,0,0,0,1,0
B3GNT7,0,0,6,0,4,0
B3GNT8,0,0,0,0,0,3
B3GNT9,15,0,26,17,46,65
B3GNTL1,32,1,72,21,57,38
B3GNTL1P1,0,0,0,0,0,0
B3GNTL1P2,0,0,0,0,0,0
B4GALNT1,7,0,21,500,1293,1428
B4GALNT2,0,2,4,3,9,7
B4GALNT2P1,0,0,0,0,0,0
B4GALNT3,37,14,119,85,272,320
B4GALNT4,40,25,356,98,515,577
B4GALT1,5245,3019,11101,7195,8168,9319
B4GALT2,104,55,489,144,587,644
B4GALT3,376,204,1375,378,1275,1392
B4GALT4,440,204,1157,626,843,852
B4GALT4-AS1,0,0,0,0,0,0
B4GALT5,551,273,918,1661,1734,2147
B4GALT6,2,0,12,126,98,112
B4GALT7,35,13,231,40,124,164
B4GAT1,204,102,668,403,781,796
B4GAT1-DT,36,4,82,46,78,71
B9D1,140,47,586,75,301,395
B9D2,22,8,65,6,10,18
BAALC,0,0,0,3,8,6
BAAT,0,0,0,1,0,1
BABAM1,47,18,115,22,211,204
BABAM2,196,116,380,335,364,357
BACC1,5,0,9,3,20,11
BACE1,746,343,1334,3795,4379,5175
BACE2,312,144,825,1833,2559,2821
BACH1,1118,667,1912,1518,1416,1676
BACH1-IT3,1,0,0,0,0,1
BACH2,13,0,13,25,19,33
BAD,16,4,267,14,158,165
BAG1,734,450,1336,265,331,379
BAG2,54,25,118,387,398,366
BAG3,175,103,490,564,1530,1557
BAG4,402,269,827,1059,1038,1275
BAG5,1509,937,3084,2463,2182,2555
BAG6,1628,1140,7472,3239,9280,10501
BAHCC1,57,38,191,156,402,508
BAHD1,430,215,1535,715,1755,2178
BAIAP2,123,63,762,154,728,663
BAIAP2-DT,141,58,529,362,1440,1475
BAIAP2L1,381,175,947,599,901,975
BAIAP2L2,5,0,12,2,10,7
BAIAP3,17,7,197,13,186,196
BAK1,80,41,397,183,852,854
BAMBI,1060,654,2740,1089,2100,1980
BANCR,0,0,0,0,0,0
BANF1,949,515,5120,1019,3877,3668
BANF2,0,0,0,0,0,0
BANK1,24,11,44,142,86,112
BANP,81,54,321,88,381,373
BAP1,251,113,1216,173,774,931
BARD1,516,236,931,690,595,572
BARHL1,0,0,0,0,0,0
BARHL2,0,0,0,0,0,0
BARX1,0,0,0,0,0,0
BARX1-DT,0,0,0,0,0,0
BARX2,7,0,17,83,187,227
BASP1,0,0,0,6,9,9
BASP1-AS1,0,0,0,0,0,0
BATF,1,0,22,0,3,1
BATF2,2,0,2,2,14,13
BATF3,0,0,0,0,1,0
BAX,59,25,418,66,351,315
BAZ1A,992,448,1610,2103,1419,1662
BAZ1A-AS1,28,10,94,32,12,34
BAZ1B,3092,1653,5460,3053,3216,3646
BAZ2A,2073,909,3556,5082,7512,10438
BAZ2B,213.5,108.5,285.5,428,283.5,424
BAZ2B-AS1,12,0,40,32,36,34
BBC3,42,37,88,12,66,42
BBIP1,354,153,526,416,399,407
BBIP1P1,0,0,0,0,0,0
BBLN,33,15,103,16,73,52
BBOF1,236,113,489,271,286,336
BBOX1,0,0,0,60,52,61
BBOX1-AS1,0,0,0,0,2,0
BBS1,51,0,93,197,196,221
BBS10,608,401,1008,958,764,919
BBS12,82,33,151,84,122,102
BBS2,234,98,445,776,752,864
BBS4,446,276,568,793,830,909
BBS5,18,14,52,41,37,46
BBS7,215,122,351,489,437,433
BBS7-DT,0,0,0,0,0,0
BBS9,429,187,726,369,447,479
BBX,1815,1020,2681,4443,3157,4354
BCAM,432,161,2505,639,2983,2932
BCAN,2,0,7,113,248,351
BCAP29,11,9,10,16,20,22
BCAP31,1038,510,3043,1588,3695,3823
BCAP31P1,0,0,0,0,0,0
BCAP31P2,0,0,1,0,0,0
BCAR1,32,6,279,69,498,541
BCAR1P1,0,0,0,0,0,0
BCAR1P2,0,0,0,0,0,0
BCAR3,320,149,837,656,1674,1860
BCAR4,14,17,4,10,12,6
BCAS1,222,92,539,263,417,481
BCAS2,433,308,1066,563,960,879
BCAS3,407,302,787,521,617,784
BCAS4,111,90,660,51,264,298
BCAT1,0,0,0,0,1,1
BCAT2,127,25,555,122,720,699
BCCIP,728,362,2007,1290,2098,2029
BCDIN3D,122,66,334,148,252,294
BCDIN3D-AS1,41,16,66,18,35,17
BCHE,59,48,89,872,734,852
BCKDHA,0,0,3,1,4,5
BCKDHB,544,264,933,1296,1223,1348
BCKDK,109,61,698,102,694,677
BCL10,211,124,440,222,271,255
BCL11A,0,0,5,39,37,32
BCL11B,0,0,0,5,3,1
BCL2,1337,609,2620,835,816,1002
BCL2A1,0,0,0,0,0,0
BCL2L1,2820,1417,9584,2341,5433,5869
BCL2L10,0,0,0,0,0,0
BCL2L11,203,109,407,387,421,523
BCL2L12,16,20,145,19,155,144
BCL2L12P1,0,0,0,0,0,0
BCL2L13,740,503,2075,1413,2065,2363
BCL2L14,0,0,0,0,0,1
BCL2L15,0,0,0,2,0,5
BCL2L2,536,259,1231,837,1290,1605
BCL2L2-PABPN1,0,0,10,15,15,15
BCL3,36,26,86,102,377,395
BCL6,1587,782,3775,645,1045,1422
BCL6-AS1,0,0,1,3,1,1
BCL6B,0,0,3,0,1,2
BCL7A,342,207,980,394,610,729
BCL7B,200,124,770,128,433,413
BCL7C,70,21,201,91,233,197
BCL9,704,364,1507,565,937,1089
BCL9L,875,395,3798,760,4006,4828
BCLAF1,2721,1521,4507,9967,6874,8669
BCLAF1P2,2,1,5,12,6,9
BCLAF3,342,232,621,1102,746,1022
BCO1,0,0,0,0,0,0
BCO2,2,4,3,28,17,24
BCOR,766,349,2010,760,1476,1745
BCORL1,115,47,448,178,597,777
BCR,119,109,643,226,895,972
BCRP4,0,0,0,1,1,1
BCRP7,0,0,3,0,1,5
BCRP8,0,0,1,0,1,5
BCRP9,0,0,0,0,2,1
BCS1L,136,42,397,260,483,422
BCYRN1,70,49,304,366,1436,474
BDH1,1217,577,3241,1175,2239,2438
BDH2,167,143,314,512,583,685
BDKRB1,0,0,0,0,1,1
BDKRB2,12,10,21,78,131,154
BDNF,1,1,7,33,54,37
BDNF-AS,130,78,191,152,217,221
BDP1,1055,473,1425,1732,1013,1506
BEAN1,0,0,4,5,8,13
BEAN1-AS1,0,0,1,0,0,1
BECN1,799,469,2014,2420,2913,3106
BECN2,0,0,0,0,0,0
BEGAIN,0,0,0,0,0,0
BEND2,0,0,0,3,0,0
BEND3,70,87,130,97,172,187
BEND3P2,0,0,0,0,0,0
BEND4,0,0,0,0,0,0
BEND5,0,0,0,0,0,0
BEND6,8,0,11,19,26,29
BEND7,0,0,1,243,197,302
BEST1,233,91,509,14,30,25
BEST2,0,0,0,0,0,0
BEST3,0,0,0,1,0,0
BEST4,2,0,1,0,0,2
BET1,488,318,1340,219,491,536
BET1L,226,113,897,197,907,870
BEX1,0,0,0,0,0,0
BEX2,134,100,770,162,440,418
BEX3,125,87,707,586,1879,1811
BEX4,101,45,275,123,227,201
BEX5,2,0,8,11,16,18
BFAR,1285,791,2483,1682,2177,2459
BFSP1,45,23,103,26,50,63
BFSP2,52,17,129,28,64,70
BFSP2-AS1,7,0,11,0,2,3
BGLAP,0,0,2,0,1,1
BGLT3,0,0,0,0,0,0
BGN,0,0,4,4,85,99
BHLHA15,10,5,66,3,5,17
BHLHA9,0,0,0,0,0,0
BHLHE22,0,0,0,0,0,0
BHLHE22-AS1,0,0,0,0,0,0
BHLHE23,0,0,0,0,0,0
BHLHE40,2130,1110,5717,1694,3947,4295
BHLHE40-AS1,9,13,13,34,43,43
BHLHE41,0,0,2,56,68,49
BHMT,0,0,0,0,0,0
BHMT2,0,0,0,0,0,0
BICC1,0,0,1,2,0,0
BICD1,69,20,146,199,213,279
BICD1-AS1,0,0,0,0,0,1
BICD1P1,0,0,0,0,0,0
BICD2,169,80,420,178,407,445
BICDL1,51,12,179,188,380,431
BICDL2,452,167,1104,538,1045,1164
BICRA,43,16,165,65,212,217
BICRA-AS2,0,0,2,0,1,0
BICRAL,1120,534,1427,729,687,886
BID,87,75,238,304,477,484
BIK,5,1,21,5,18,24
BIN1,2,0,24,10,22,19
BIN2,1,0,2,0,1,1
BIN2P2,0,0,0,0,0,0
BIN3,149,76,504,271,546,542
BIRC2,1464,717,2547,3024,2458,2958
BIRC3,41,7,47,337,222,289
BIRC5,230,206,764,744,1540,1401
BIRC6,1090,502,1294,2093,1310,1791
BIRC7,6,0,11,1,6,3
BISPR,128,65,246,247,346,381
BIVM,311,159,561,452,447,475
BIVM-ERCC5,0,0,0,1,0,0
BLACAT1,0,0,0,6,9,21
BLACE,0,0,0,0,0,0
BLCAP,524,367,1268,804,1466,1565
BLID,0,0,0,0,0,0
BLK,0,0,0,0,0,0
BLM,87,47,189,311,263,244
BLMH,242,155,518,1160,1217,1150
BLNK,552,249,1626,761,1069,1096
BLOC1S1,18,8,45,17,49,41
BLOC1S2,398,243,1224,1093,1477,1510
BLOC1S3,117,88,377,121,335,370
BLOC1S4,47,32,164,25,73,74
BLOC1S5,217,100,457,334,322,390
BLOC1S5-TXNDC5,0,0,0,0,0,1
BLOC1S6,1141,655,2212,1678,1729,2000
BLTP1,1845,664,1960,2474,1348,2179
BLTP2,3226,1712,6781,6546,12113,13177
BLTP3A,2045,1014,3436,4462,4216,5585
BLTP3B,842,575,1492,1979,1451,1909
BLTP3B-DT,11,6,26,5,11,14
BLVRA,216,145,1057,319,990,1023
BLVRB,57,49,525,86,669,718
BLVRBP1,1,0,5,0,0,0
BLZF1,930,607,1617,1510,1170,1304
BMAL1,186,90,276,243,297,303
BMAL2,10,0,17,114,122,114
BMAL2-AS1,0,0,0,0,0,0
BMERB1,7,0,5,14,17,18
BMF,189,79,813,109,249,290
BMI1,367,133,709,678,691,748
BMI1P1,0,0,0,0,0,0
BMP1,26,0,128,74,416,449
BMP10,0,0,0,0,0,0
BMP15,0,0,0,0,0,0
BMP2,1,0,0,2,4,0
BMP2K,262,160,483,598,471,529
BMP2K-DT,0,0,0,0,0,0
BMP2KL,0,0,0,0,0,0
BMP3,0,0,0,0,0,0
BMP4,174,101,407,231,450,512
BMP5,0,0,0,5,1,8
BMP6,0,0,0,0,6,3
BMP7,0,0,0,7,14,27
BMP8A,0,0,2,2,5,10
BMP8B,27,29,91,64,122,101
BMP8B-AS1,0,0,0,0,0,0
BMPER,0,0,6,0,0,1
BMPR1A,1217,674,1862,3911,3279,3835
BMPR1AP1,3,1,2,10,8,6
BMPR1B,219,137,336,537,387,524
BMPR1B-DT,0,0,0,0,0,0
BMPR2,1096,582,1358,3660,2475,3420
BMS1,1286,618,2153,4513,4508,4544
BMS1P10,1,0,3,5,1,4
BMS1P11,0,0,0,0,0,1
BMS1P13,0,0,0,0,0,0
BMS1P15,0,0,0,0,1,0
BMS1P16,0,0,0,1,1,0
BMS1P3,0,0,0,0,0,0
BMS1P4,33,8,30,35,41,47
BMS1P4-AGAP5,0,0,0,0,0,0
BMS1P7,4,0,0,25,3,10
BMS1P9,0,0,0,0,0,0
BMX,0,0,0,0,0,0
BNC1,0,0,0,0,0,0
BNC2,0,0,0,0,0,0
BNC2-AS1,0,0,0,0,0,0
BNIP1,136,66,313,260,337,334
BNIP2,1395,566,2380,1826,1421,1588
BNIP3,600,318,1233,606,758,819
BNIP3L,1081,641,2457,2970,2793,3034
BNIP3P10,0,0,0,0,0,0
BNIP3P11,0,0,0,1,0,0
BNIP3P14,0,0,0,0,0,0
BNIP3P15,0,0,0,0,0,0
BNIP3P16,0,0,0,1,0,2
BNIP3P17,0,0,0,0,0,0
BNIP3P18,0,0,0,0,0,0
BNIP3P19,0,0,0,0,0,0
BNIP3P2,0,0,0,0,0,0
BNIP3P20,0,0,0,0,0,0
BNIP3P22,0,0,0,0,0,0
BNIP3P23,0,0,0,0,0,0
BNIP3P24,0,0,0,0,0,0
BNIP3P25,0,0,0,0,0,0
BNIP3P26,0,0,0,0,0,0
BNIP3P28,0,0,0,0,0,0
BNIP3P29,0,0,0,0,0,0
BNIP3P3,0,0,0,0,0,0
BNIP3P30,0,0,0,0,0,0
BNIP3P31,0,0,0,0,0,0
BNIP3P32,0,0,0,0,0,2
BNIP3P33,0,0,0,0,0,0
BNIP3P34,0,0,0,0,0,0
BNIP3P35,0,0,0,0,0,0
BNIP3P36,0,0,0,0,0,0
BNIP3P37,0,0,0,0,0,0
BNIP3P38,0,0,0,0,0,0
BNIP3P39,0,0,0,0,0,0
BNIP3P4,0,0,0,0,0,0
BNIP3P40,0,0,0,0,0,0
BNIP3P42,0,0,0,0,0,0
BNIP3P43,0,0,0,0,0,0
BNIP3P44,0,0,0,0,0,0
BNIP3P45,0,0,0,0,0,0
BNIP3P46,0,0,0,0,0,0
BNIP3P47,0,0,0,0,0,0
BNIP3P6,0,0,0,0,0,0
BNIP3P8,0,0,0,0,0,0
BNIP3P9,0,0,0,0,0,0
BNIP5,0,0,0,0,1,0
BNIPL,1174,458,2750,2539,3243,3445
BOC,1,4,8,164,411,567
BOD1,941,640,2682,419,757,709
BOD1L1,1261,549,1564,1551,995,1420
BOD1L2,0,0,0,0,0,0
BOK,39,33,284,30,174,167
BOLA1,38,35,350,18,73,74
BOLA2,0.5,0,3.5,0.5,4,3.5
BOLA2-SMG1P6,0,0,1,1,5,4
BOLA2P3,0,0,0,0,0,0
BOLA3,41,18,136,36,87,103
BOLA3-DT,10,0,29,12,24,20
BOLA3P4,0,0,0,0,0,0
BOLL,0,0,0,0,0,0
BOP1,12,9,345,23,302,253
BORA,138,60,237,357,320,350
BORCS5,45,20,160,156,171,198
BORCS6,8,0,76,5,30,28
BORCS7,273,181,740,269,332,330
BORCS8,76,29,182,74,234,263
BORCS8-MEF2B,0,0,3,1,2,8
BPESC1,0,0,0,0,0,0
BPGM,213,103,456,340,419,442
BPHL,105,102,206,142,213,203
BPI,0,0,0,0,0,0
BPIFA1,0,0,0,0,0,0
BPIFA2,0,0,0,0,0,0
BPIFA3,0,0,0,0,0,0
BPIFB1,0,0,0,0,6,5
BPIFB2,0,0,1,0,0,0
BPIFB3,0,0,0,0,0,0
BPIFB4,0,0,0,0,0,0
BPIFB5P,0,0,0,0,0,0
BPIFB6,0,0,0,0,0,0
BPIFB9P,0,0,0,0,1,0
BPIFC,0,0,0,0,0,0
BPNT1,1124,633,1969,2429,2550,2550
BPNT2,3402,1847,5200,8171,6182,7513
BPNT2P1,0,0,0,0,0,0
BPTF,2055,871,2602,3642,2861,3680
BPTFP1,0,0,0,0,0,0
BPY2,0,0,0,0,0,0
BPY2B,0,0,0,0,0,0
BPY2C,0,0,0,0,0,0
BRAF,741,321,854,1460,1017,1434
BRAFP1,0,0,0,1,0,0
BRAP,396,221,686,595,658,688
BRAT1,49,19,423,28,247,254
BRCA1,515,230,764,1598,1517,1464
BRCA2,128,85,209,537,353,416
BRCC3,1098,716,1981,1378,1610,1715
BRCC3P1,1,0,0,4,0,2
BRD1,215,118,740,222,420,514
BRD10,563,265,798,520,345,476
BRD2,3697,1719,8039,4745,8741,9439
BRD3,583,425,1449,640,914,1059
BRD3OS,308,218,819,294,694,638
BRD4,508,272,1312,521,1148,1239
BRD7,973,478,1954,2492,2657,2723
BRD7P1,0,0,0,0,0,0
BRD7P2,1,3,4,3,2,2
BRD7P5,0,0,0,0,0,0
BRD7P7,0,0,0,0,0,0
BRD8,1343,701,1987,1649,2110,2195
BRD9,467,120,1005,749,1218,1299
BRD9P1,0,0,0,0,0,0
BRD9P2,0,0,0,0,0,0
BRDT,0,0,2,59,60,106
BRDTP1,0,0,0,0,0,0
BRF1,99,26,538,141,505,488
BRF2,79,60,332,147,370,370
BRI3,77,36,249,56,163,163
BRI3BP,1461,742,2877,5192,4828,5703
BRI3BPP1,0,0,0,0,0,0
BRI3P2,0,0,0,0,0,0
BRICD5,0,0,3,0,3,5
BRINP1,24,0,39,0,0,0
BRINP2,3,0,0,0,0,0
BRINP3,0,0,3,6,11,13
BRIP1,126,44,186,784,591,723
BRIX1,349,214,1086,499,889,821
BRIX1P1,0,0,0,0,0,0
BRK1,2265,1314,4382,2428,4122,3813
BRK1P2,0,0,0,0,0,0
BRME1,12,11,36,14,68,79
BRMS1,118,100,1148,134,747,699
BRMS1L,205,87,432,612,507,585
BROX,2067,1226,3678,2588,2370,2778
BRPF1,131,49,550,105,252,286
BRPF3,873,443,2271,991,2137,2498
BRS3,0,0,0,0,0,0
BRSK1,19,8,95,24,106,98
BRSK2,4,0,11,6,39,50
BRWD1,3799,1581,4456,7440,4267,6309
BRWD1-AS1,0,0,2,8,9,1
BRWD1-AS2,0,5,2,1,2,0
BRWD1P3,0,0,0,0,0,0
BRWD3,655,305,885,1459,1008,1456
BSCL2,17,6,42,62,121,98
BSDC1,663,358,1979,918,2250,2691
BSG,240,111,3624,271,2973,2960
BSN,0,0,2,0,2,2
BSN-DT,0,0,0,1,0,1
BSND,0,0,1,0,0,0
BSNDP1,0,0,0,0,0,0
BSNDP3,0,0,0,0,0,0
BSNDP4,0,0,0,0,0,0
BSPH1,0,0,0,0,0,0
BSPRY,122,87,534,100,264,281
BST1,1,2,0,0,7,3
BST2,233,117,2088,2512,8709,8688
BSX,0,0,0,0,0,0
BTAF1,2601,1125,3131,4410,2851,3835
BTBD1,1091,475,1766,1779,1624,1648
BTBD10,454,283,846,668,624,736
BTBD10P1,0,0,0,0,0,0
BTBD16,0,0,1,1,1,2
BTBD17,0,0,0,0,0,0
BTBD18,0,0,0,0,0,0
BTBD19,1,0,0,1,0,1
BTBD2,68,25,512,52,600,642
BTBD3,496,290,822,1234,1186,1438
BTBD3-AS1,0,0,0,0,0,0
BTBD6,95,89,537,72,270,272
BTBD7,1165,614,1719,1587,1226,1699
BTBD7P2,0,0,0,0,0,0
BTBD8,50,17,77,254,197,255
BTBD9,258,171,626,576,726,802
BTBD9-AS1,0,0,0,0,0,0
BTC,9,3,4,22,44,39
BTD,356,268,726,535,841,964
BTF3,4174,2564,12135,5920,11576,11150
BTF3-DT,3,0,16,1,1,1
BTF3L4,2482,1125,3872,2414,2293,2338
BTF3P14,0,0,0,0,0,0
BTF3P6,0,0,0,0,0,1
BTG1,440,296,962,558,643,611
BTG2,57,20,122,745,925,1027
BTG2-DT,1,0,3,8,6,21
BTG3,0,0,0,0,0,0
BTG3-AS1,0,0,2,5,8,4
BTG3P1,0,0,0,0,0,0
BTG4,0,0,0,1,6,1
BTK,0,0,0,2,2,0
BTLA,0,0,1,0,0,0
BTN1A1,0,0,0,0,0,2
BTN1A1P1,0,0,0,0,0,0
BTN2A1,330,96,837,464,819,849
BTN2A2,293,120,655,655,1131,1133
BTN3A1,399,196,629,409,432,552
BTN3A2,189,106,435,298,363,368
BTN3A3,33,6,57,51,49,43
BTNL2,0,0,1,1,2,0
BTNL3,0,0,0,0,0,0
BTNL8,0,0,0,0,0,0
BTNL9,17,0,37,87,159,136
BTRC,1077,499,1630,1480,1420,1656
BUB1,337,211,687,928,1047,1077
BUB1B,350,179,688,1227,1269,1303
BUB3,881,635,2212,1048,1511,1520
BUD13,318,168,748,284,417,326
BUD13-DT,1,0,1,1,1,0
BUD23,950,540,3339,674,1950,2023
BUD31,680,460,1846,1147,1486,1406
BUD31P1,0,0,0,0,0,0
BVES-AS1,0,0,0,0,0,0
BYSL,88,57,385,116,416,460
BZW1,1502,968,2694,5101,4551,5123
BZW1-AS1,0,0,0,0,0,0
BZW2,950,626,2251,1054,1567,1343
C10orf105,0,0,0,0,0,0
C10orf120,0,0,0,0,0,0
C10orf126,0,0,0,0,1,0
C10orf143,3,0,5,1,6,1
C10orf53,0,0,0,0,0,0
C10orf55,0,0,0,0,1,0
C10orf62,0,0,1,1,1,3
C10orf67,0,0,1,5,8,9
C10orf67-AS1,0,0,0,0,0,0
C10orf71,0,0,0,0,0,0
C10orf88,130,70,225,216,193,238
C10orf90,0,0,0,0,0,0
C10orf95,2,0,9,0,16,20
C10orf95-AS1,303,188,707,305,507,508
C11orf16,0,0,1,1,1,3
C11orf21,0,0,0,0,0,0
C11orf24,72,18,352,76,324,304
C11orf40,0,0,0,0,0,0
C11orf42,0,0,0,0,0,0
C11orf52,6,2,17,14,19,24
C11orf54,836,369,1421,1129,1115,1309
C11orf58,1549,749,5082,2902,4770,5031
C11orf65,97,22,119,74,58,78
C11orf68,70,41,344,24,142,172
C11orf71,183,121,481,253,366,398
C11orf86,0,0,0,0,0,0
C11orf87,0,0,1,0,0,0
C11orf91,0,0,0,0,0,0
C11orf96,0,0,0,0,0,0
C11orf97,0,0,1,0,1,2
C11orf98,0,0,2,0,1,0
C11orf98P1,0,0,0,0,0,0
C11orf98P3,0,0,0,0,0,0
C12orf42,2,0,1,0,0,0
C12orf42-AS1,0,0,0,0,0,0
C12orf43,82,63,309,134,382,321
C12orf50,0,0,0,0,1,0
C12orf54,0,0,0,3,0,0
C12orf56,0,0,0,0,0,0
C12orf57,17,19,169,23,90,114
C12orf60,52,27,78,34,20,36
C12orf71,0,0,0,0,0,0
C12orf75,36,9,75,233,251,248
C12orf75-AS1,0,0,0,0,0,0
C12orf76,131,41,257,138,183,188
C13orf42,0,0,0,0,0,0
C13orf46,173,88,745,165,828,1085
C14orf119,242,176,616,597,771,836
C14orf132,421,257,986,7107,10306,15327
C14orf178,0,0,0,0,0,0
C14orf180,0,0,0,0,2,2
C14orf28,109,41,164,103,105,85
C14orf39,0,0,0,1,0,0
C14orf93,121,103,320,98,139,205
C15orf32,0,0,0,0,0,0
C15orf39,35,12,347,26,180,178
C15orf40,211,99,518,496,591,723
C15orf48,3,17,6,12,17,18
C15orf61,35,24,67,31,32,39
C15orf62,1,0,11,3,17,11
C16orf46,0,0,4,1,3,0
C16orf54,0,0,0,0,0,0
C16orf74,25,12,104,17,70,93
C16orf78,0,0,0,0,0,0
C16orf82,0,0,0,0,0,0
C16orf86,2,0,12,0,8,6
C16orf87,177,182,356,527,443,537
C16orf89,2,0,0,0,0,1
C16orf90,0,0,0,0,0,0
C16orf92,0,0,2,0,0,1
C16orf95,0,0,2,1,5,1
C16orf95-DT,0,0,5,1,3,0
C16orf96,0,1,1,0,1,1
C17orf100,48,37,96,40,24,27
C17orf107,1,0,8,2,4,7
C17orf113,44,13,103,26,47,73
C17orf114,0,0,0,1,0,0
C17orf50,0,0,0,0,1,1
C17orf58,259,179,504,235,322,325
C17orf67,7,2,23,60,57,56
C17orf75,325,193,957,349,590,658
C17orf78,0,0,0,0,0,0
C17orf99,0,0,0,0,1,0
C18orf15,0,0,0,0,0,0
C18orf21,100,73,236,117,153,163
C18orf21P1,0,0,0,0,0,0
C18orf32,20,0,32,60,52,48
C18orf54,111,40,207,620,543,657
C18orf63,0,0,1,0,1,2
C19orf12,108,61,246,171,240,290
C19orf18,6,0,17,22,19,24
C19orf25,17,2,317,31,281,286
C19orf33,0,0,1,0,3,1
C19orf38,0,0,9,2,0,0
C19orf44,54,36,219,49,142,159
C19orf47,55,12,227,137,320,375
C19orf53,85,68,857,81,956,900
C19orf67,0,0,0,0,0,0
C19orf73,3,6,7,1,1,3
C19orf81,1,0,1,0,6,3
C19orf84,0,0,0,0,0,0
C19orf85,0,0,0,0,0,0
C1D,227,103,468,493,439,446
C1DP5,0,0,0,0,0,0
C1GALT1,99,55,137,957,775,987
C1GALT1C1,324,184,759,998,1141,1270
C1GALT1C1L,4,0,10,8,11,16
C1GALT1P3,0,0,0,0,0,0
C1QA,1,0,3,1,2,1
C1QB,0,0,0,0,0,0
C1QBP,457,275,975,947,1154,1017
C1QC,0,0,0,0,0,0
C1QL1,2,0,2,1,9,5
C1QL1P1,0,0,0,0,0,0
C1QL2,0,0,1,0,1,0
C1QL3,0,0,0,0,0,0
C1QL4,0,7,0,4,10,4
C1QTNF1,0,0,1,0,1,0
C1QTNF12,0,0,0,1,1,0
C1QTNF2,0,0,1,6,19,18
C1QTNF3,7,2,8,17,4,13
C1QTNF3-AMACR,0,0,0,0,0,1
C1QTNF4,0,0,0,0,0,0
C1QTNF5,0,0,0,0,0,0
C1QTNF6,91,9,245,168,338,400
C1QTNF7,0,0,0,0,0,0
C1QTNF7-AS1,0,0,0,0,0,0
C1QTNF8,0,0,0,0,0,0
C1QTNF9,0,0,0,0,0,0
C1QTNF9B,0,0,0,0,0,0
C1R,0,0,1,8,21,33
C1RL,87,27,241,186,386,463
C1RL-AS1,2,7,12,19,39,45
C1S,3,0,1,54,40,39
C1orf105,0,0,0,0,0,0
C1orf115,171,198,572,816,1488,1610
C1orf116,5,1,26,50,88,123
C1orf122,64,33,191,16,95,87
C1orf127,0,0,3,0,2,4
C1orf131,360,291,790,387,529,540
C1orf141,0,0,0,0,0,0
C1orf146,0,0,0,0,0,0
C1orf159,14,0,74,11,72,80
C1orf162,8,0,3,7,4,9
C1orf167,1,0,3,1,5,11
C1orf167-AS1,0,0,0,0,0,0
C1orf174,101,54,218,137,283,328
C1orf185,0,0,0,0,0,0
C1orf198,474,271,1467,468,868,834
C1orf202,0,0,0,0,0,0
C1orf21,33,51,61,281,241,329
C1orf21-DT,0,0,0,0,0,1
C1orf210,119,75,308,165,425,387
C1orf216,79,41,212,234,317,337
C1orf220,1,9,12,29,33,30
C1orf226,129,33,323,72,154,188
C1orf232,0,0,0,0,1,0
C1orf35,22,5,205,53,148,160
C1orf43,3064,1854,11181,1646,3936,3979
C1orf50,107,50,146,156,160,162
C1orf52,119,60,282,275,300,321
C1orf53,4,2,8,4,4,3
C1orf54,17,1,60,62,66,57
C1orf56,50,43,123,18,29,26
C1orf74,91,57,185,133,207,183
C1orf87,0,0,0,0,0,0
C1orf94,0,0,0,0,0,0
C2,3,1,31,5,18,30
C2-AS1,0,0,0,0,0.5,0
C20orf141,0,0,0,0,0,0
C20orf144,0,0,4,1,3,1
C20orf173,0,0,0,0,0,0
C20orf202,0,0,0,0,0,0
C20orf203,0,0,1,0,1,0
C20orf204,10,2,36,12,44,40
C20orf96,299,97,510,425,460,540
C21orf140,0,0,0,0,0,0
C21orf58,97,25,426,69,236,252
C21orf91,278,150,545,638,471,566
C21orf91-OT1,0,0,0,0,0,0
C22orf15,0,0,0,0,0,0
C22orf23,5,0,16,6,11,11
C22orf31,1,0,5,2,0,0
C22orf39,255,199,496,324,509,568
C22orf42,0,0,0,0,0,0
C2CD2,595,338,1288,1801,1970,2336
C2CD2L,471,185,1790,431,1462,1636
C2CD3,801,298,1206,894,977,1122
C2CD4A,12,0,44,1,1,0
C2CD4B,0,0,0,0,0,0
C2CD4C,0,0,4,4,7,6
C2CD4D,4,0,3,0,2,2
C2CD5,670,298,1272,1337,1134,1398
C2CD6,0,0,0,0,0,1
C2orf15,67,46,142,163,158,166
C2orf42,89,40,156,97,118,152
C2orf49,707,385,1210,930,844,1065
C2orf66,0,0,0,1,0,0
C2orf68,772,399,1092,735,847,919
C2orf69,562,326,992,936,850,856
C2orf69P1,0,0,0,4,0,1
C2orf69P4,0,0,0,0,0,0
C2orf72,118,55,305,481,1060,1236
C2orf74,38,14,136,26,97,92
C2orf74-AS1,0,0,0,0,0,0
C2orf74-DT,363,248,668,456,539,639
C2orf76,118,89,217,187,239,234
C2orf78,0,0,1,0,0,0
C2orf80,0,0,0,0,0,0
C2orf81,4,10,8,2,6,8
C2orf88,0,0,0,0,0,0
C2orf92,50,29,76,109,99,147
C3,27,14,100,164,701,908
C3AR1,0,0,0,0,0,0
C3orf18,64,19,223,23,61,54
C3orf20,3,20,10,9,6,19
C3orf22,0,0,0,0,0,0
C3orf33,5,28,11,5,15,20
C3orf36,0,0,0,0,4,2
C3orf38,275,150,732,363,430,490
C3orf49,0,0,0,0,0,0
C3orf52,368,188,615,493,464,551
C3orf62,87,21,170,47,88,104
C3orf70,7,7,23,42,47,56
C3orf80,14,8,15,48,64,46
C3orf85,0,0,0,0,0,0
C4A,5,0,8,1,17,8
C4B,4,0,8,1,8,8
C4BPA,8,0,5,2,2,9
C4BPAP1,0,0,0,0,1,0
C4BPAP2,0,0,0,0,0,0
C4BPB,19,10,18,16,7,15
C4orf17,0,0,0,0,0,0
C4orf19,1924,1199,3862,4865,6223,7051
C4orf3,474,282,1723,1429,2536,2741
C4orf33,216,165,483,461,408,400
C4orf36,9,3,19,8.5,5,11
C4orf46,107,46,198,302,310,308
C4orf50,0,0,0,6,4,6
C4orf51,0,0,0,0,0,0
C4orf54,0,0,0,2,0,0
C5,269,150,425,165,159,178
C5AR1,8,2,30,4,7,11
C5AR2,1170,551,2651,682,764,839
C5orf15,724,345,1784,1942,2247,2364
C5orf22,1053,481,1818,1303,1233,1460
C5orf24,1513,923,2616,2375,1929,2287
C5orf34,96,62,187,246,287,277
C5orf46,0,0,0,1,1,2
C5orf47,2,0,0,0,1,0
C5orf52,0,0,0,0,0,0
C5orf58,270,231,438,390,389,437
C5orf63,89,14,114,73,80,98
C6,0,0,0,0,0,0
C6orf118,2,0,3,3,6,2
C6orf120,573,298,898,1688,1427,1788
C6orf132,998,459,3060,550,1549,1650
C6orf136,107,34,390,162,409,394
C6orf141,2614,873,5001,1175,1462,1691
C6orf15,0,0,0,0,0,0
C6orf163,7,1,3,24,14,14
C6orf226,3,14,19,4,14,9
C6orf47,318,201,1160,562,1332,1283
C6orf52,3,0,4,2,3,9
C6orf58,0,0,0,0,0,0
C6orf62,2867,1301,4102,8278,6984,7609
C6orf89,2465,1330,5384,6313,8469,10251
C7,0,0,0,0,0,0
C7orf25,5,8,14,10,17,12
C7orf33,0,0,0,0,0,0
C7orf50,75,48,1000,46,353,318
C7orf57,2,0,0,0,0,2
C7orf78,0,0,1,8,6,8
C8A,0,0,0,0,0,0
C8B,0,0,0,0,0,0
C8G,0,0,12,1,2,6
C8orf17,0,0,0,0,0,0
C8orf33,545,275,1476,782,1446,1422
C8orf34,92,101,211,0,3,1
C8orf34-AS1,0,0,0,0,0,0
C8orf44,105,32,117,184,180,221
C8orf44-SGK3,1,0,0,2,2,1
C8orf48,1,4,11,3,1,2
C8orf58,19,9,47,20,101,61
C8orf74,0,0,0,0,0,0
C8orf76,22,17,21,20,17,26
C8orf82,58,8,189,62,229,187
C8orf88,0,0,0,0,0,0
C8orf89,0,0,1,0,0,0
C8orf90,0,0,0,0,0,0
C9,0,0,2,0,1,0
C9orf152,1158,474,1963,326,486,471
C9orf153,2,0,7,1,1,2
C9orf163,1,0,19,2,12,13
C9orf40,66,87,212,170,205,189
C9orf43,20,18,69,28,19,22
C9orf50,0,0,1,0,0,1
C9orf57,0,0,0,0,0,0
C9orf72,226,105,361,273,198,243
C9orf78,1013,592,3281,1080,2013,2057
C9orf78P2,0,0,0,0,0,0
C9orf85,133,75,265,70,131,143
CA1,0,0,0,0,0,0
CA10,0,0,2,0,2,0
CA11,347,135,1070,431,653,824
CA12,5175,3038,10699,9628,12286,14373
CA13,7,3,5,148,158,212
CA14,5,0,13,6,8,7
CA15P1,1,0,2,2,12,14
CA2,0,0,0,0,0,0
CA3,0,0,1,0,0,0
CA4,0,0,0,0,0,0
CA5A,0,0,2,0,0,0
CA5AP1,0,0,0,0,0,0
CA5B,246,127,376,316,400,374
CA6,0,0,0,2,0,0
CA7,0,0,0,0,1,0
CA8,212,102,358,233,208,232
CA9,0,0,4,0,0,0
CAAP1,234,108,491,332,392,408
CAB39,603,270,1115,1033,1171,1230
CAB39L,267,231,494,2070,1843,2263
CAB39P1,0,0,0,0,0,0
CABCOCO1,1,0,1,1,1,0
CABIN1,295,120,1059,460,1508,1690
CABLES1,426,293,1520,216,473,564
CABLES2,252,141,860,169,562,586
CABP1,0,0,1,0,0,1
CABP2,0,0,0,0,0,0
CABP4,0,0,0,0,1,0
CABP5,0,0,0,0,0,0
CABP7,0,0,0,0,2,0
CABP7-DT,0,0,0,0,0,0
CABS1,0,0,0,0,0,0
CABYR,145,72,207,322,264,300
CABYRP1,0,0,0,0,0,0
CACFD1,65,21,897,21,266,271
CACHD1,18,11,25,158,229,226
CACNA1A,4,0,5,0,0,1
CACNA1B,2,0,2,1,0,4
CACNA1C,0,0,0,1,0,0
CACNA1C-AS1,0,0,0,0,0,0
CACNA1C-AS2,0,0,0,0,0,0
CACNA1C-AS4,0,0,0,0,0,0
CACNA1D,251,155,353,111,123,159
CACNA1E,0,0,0,0,0,1
CACNA1F,2,0,9,0,2,0
CACNA1G,0,0,0,2,2,12
CACNA1G-AS1,0,0,0,0,0,0
CACNA1H,157,55,1447,5,36,42
CACNA1I,15,4,86,57,248,331
CACNA1S,0,0,0,0,0,0
CACNA2D1,8,1,7,1098,762,1006
CACNA2D1-AS1,0,0,0,0,0,0
CACNA2D2,36,20,141,21,69,87
CACNA2D3,0,0,5,28,40,35
CACNA2D3-AS1,0,0,0,0,0,0
CACNA2D4,0,0,3,0,0,0
CACNB1,202,81,547,257,728,824
CACNB2,0,0,0,1,0,0
CACNB3,138,65,541,310,1154,1312
CACNB4,143,62,165,753,519,630
CACNG1,0,0,2,0,1,0
CACNG2,0,0,0,0,0,0
CACNG3,0,0,0,0,0,0
CACNG4,156,89,715,590,1911,1992
CACNG5,0,0,0,0,1,0
CACNG6,0,0,0,0,1,0
CACNG7,0,0,0,0,0,0
CACNG8,3,0,14,16,22,36
CACTIN,27,11,177,26,145,192
CACTIN-AS1,0,0,6,7,18,25
CACUL1,1657,989,2346,3195,2477,3062
CACYBP,869,629,1904,1478,1910,1690
CACYBPP3,0,0,0,0,0,0
CAD,222,113,937,267,950,1048
CADM1,7104,3752,11728,5913,5463,5917
CADM1-AS1,0,0,0,0,0,0
CADM2,5,4,7,1,0,0
CADM2-AS2,0,0,0,0,0,0
CADM3,0,0,0,0,0,0
CADM4,76,41,347,105,435,465
CADPS,0,0,0,0,0,0
CADPS2,405,130,721,462,433,454
CAGE1,0,0,4,3,1,0
CAHM,5,0,0,0,3,3
CALB1,0,0,0,2,0,0
CALB2,0,0,0,6,7,10
CALCA,0,0,0,0,0,0
CALCB,0,0,0,0,0,0
CALCOCO1,1267,477,2216,1229,2524,2929
CALCOCO2,2860,1701,4669,5005,4655,4785
CALCP,0,0,0,0,0,0
CALCR,81,49,151,1,2,5
CALCRL,0,0,1,8,0,6
CALD1,6,0,6,1000,995,1141
CALHM1,0,0,0,0,0,2
CALHM2,0,0,0,0,1,0
CALHM3,0,0,0,0,0,0
CALHM4,0,0,0,0,0,0
CALHM5,0,0,0,0,0,0
CALHM6,0,0,0,0,0,0
CALM1,2046,1184,3348,6417,6897,7338
CALM1P1,0,0,0,0,0,0
CALM2,2772,1480,4843,8556,10478,10154
CALM2P4,0,0,0,0,0,0
CALM3,903,409,2917,2422,7795,7625
CALML3,0,0,0,0,0,0
CALML4,7,0,3,11,20,25
CALML5,0,0,0,0,0,0
CALML6,3,0,4,0,6,3
CALN1,0,0,0,0,0,0
CALR,38369,23606,119544,19295,55922,51839
CALR3,0,0,1,0,2,1
CALU,4041,1929,7165,8980,8619,9884
CALY,0,0,0,0,0,0
CAMK1,2,0,10,38,93,78
CAMK1D,38,11,94,46,85,98
CAMK1G,0,0,0,0,0,0
CAMK2A,0,0,0,1,7,3
CAMK2B,34,1,76,35,88,94
CAMK2D,41,60,77,2,2,3
CAMK2G,398,141,1057,944,2057,2260
CAMK2N1,567,348,739,1241,1348,1701
CAMK2N2,11,10,38,23,156,156
CAMK4,2,0,0,1,3,1
CAMKK1,76,62,407,44,130,185
CAMKK2,539,262,1644,1333,2084,2220
CAMKMT,131,62,208,85,81,97
CAMKV,0,0,0,0,0,0
CAMLG,490,291,1212,578,762,751
CAMP,0,0,3,0,0,1
CAMSAP1,422,196,1285,640,1222,1471
CAMSAP2,2378,951,3355,3558,2442,2907
CAMSAP3,74,45,710,50,386,473
CAMTA1,80,13,154,226,316,266
CAMTA1-AS2,0,0,0,0,0,0
CAMTA1-AS3,0,0,0,0,0,0
CAMTA2,191,67,774,279,1067,1329
CAND1,2133,1249,3738,7697,5932,7009
CAND2,2,0,11,2,7,5
CANT1,1037,536,4537,1479,5461,5960
CANX,43290,22049,78310,39533,35464,41651
CAP1,2301,1308,4630,6135,8971,9621
CAP1P1,0,0,0,0,0,0
CAP1P2,0,0,0,3,9,6
CAP2,1314,712,2599,1367,1857,2239
CAP2P1,0,0,1,0,0,0
CAPG,28,5,298,44,380,397
CAPN1,311,126,2572,495,3352,4017
CAPN1-AS1,32,11,49,33,46,67
CAPN10,14,1,120,23,81,120
CAPN10-DT,12,2,37,21,73,80
CAPN11,4,6,2,1,12,6
CAPN12,0,0,0,0,5,1
CAPN13,163,61,338,337,542,612
CAPN14,4,0,1,86,75,141
CAPN15,16,2,107,30,175,188
CAPN2,2998,1517,8402,2376,3595,4111
CAPN3,2,0,5,3,0,0
CAPN5,7,7,50,23,122,144
CAPN6,0,2,1,171,229,252
CAPN7,1713,841,2507,2245,1793,2004
CAPN8,4,4,34,15,28,43
CAPN9,21,17,126,16,44,39
CAPNS1,1000,566,3475,1700,5895,5585
CAPNS1P1,0,0,0,0,0,0
CAPNS2,0,0,1,0,0,0
CAPRIN1,7193,4091,11878,10740,10998,11609
CAPRIN2,171,88,294,1140,909,1020
CAPS,25,18,93,13,78,108
CAPS2,115,30,147,193,145,228
CAPSL,15,9,72,18,55,56
CAPSL-DT,0,0,0,0,0,0
CAPZA1,2279,1072,3775,5448,4746,5262
CAPZA1P3,0,0,0,0,0,0
CAPZA2,921,638,1739,3148,3071,3239
CAPZA3,0,0,0,0,0,0
CAPZB,1008,1006,2624,1676,4272,4070
CARD10,11,1,111,21,189,248
CARD11,0,0,2,0,0,0
CARD11-AS1,0,0,0,0,0,0
CARD14,38,17,282,121,531,646
CARD16,1,0,5,24,67,35
CARD18,11,5,33,8,16,23
CARD19,24,4,152,13,63,67
CARD6,2,0,3,12,8,9
CARD8,233,134,464,1018,1038,1362
CARD8-AS1,13,3,10,32,25,34
CARD9,4,3,67,7,66,77
CARF,265,112,403,262,183,242
CARHSP1,473,299,1579,592,1746,1917
CARHSP1-DT,0,0,1,0,0,0
CARM1,134,73,576,133,791,778
CARMIL1,263,114,358,640,644,676
CARMIL2,0,0,11,1,0,6
CARMIL2P1,0,0,0,0,0,0
CARMIL3,0,0,2,3,7,3
CARNMT1,940,533,1721,1871,1696,1852
CARNS1,3,0,3,6,16,13
CARS1,602,409,2187,445,1106,1106
CARS1-AS1,0,0,0,0,0,0
CARS1P2,0,0,0,0,0,0
CARS2,86,29,277,124,252,230
CARTPT,0,0,0,0,0,0
CASC11,4,4,2,5,15,12
CASC16,0,0,0,0,0,1
CASC17,0,0,0,0,0,0
CASC18,0,0,0,0,0,0
CASC2,67,25,135,74,69,71
CASC20,2,0,0,1,5,5
CASC22,2,0,0,0,0,0
CASC23,0,0,0,0,0,0
CASC3,2722,1291,4704,1793,2654,3067
CASC8,0,0,0,0,0,2
CASC9,54,28,131,111,139,158
CASD1,264,158,402,315,239,287
CASK,815,503,1362,1846,1475,1779
CASKIN1,6,5,54,8,76,88
CASKIN2,34,13,328,37,310,387
CASKP1,0,0,0,0,0,0
CASP1,11,3,11,79,101,84
CASP10,1,0,0,5,0,1
CASP12,0,0,0,0,1,0
CASP14,0,0,8,3,8,7
CASP2,468,199,895,717,1136,1116
CASP3,430,198,886,812,835,891
CASP3P1,0,0,0,0,0,0
CASP4,327,206,560,621,558,660
CASP5,0,0,4,0,0,0
CASP6,141,88,443,513,698,667
CASP7,659,436,1645,1375,1941,1897
CASP8,261,129,516,705,704,743
CASP8AP2,471,265,705,1327,952,1143
CASP9,40,19,169,68,196,178
CASQ1,0,0,1,0,1,3
CASQ2,16,8,22,35,37,31
CASR,0,0,0,0,0,0
CASS4,1,0,0,1,5,2
CAST,2236,1279,4458,2331,2622,2820
CASTOR1,0,3,4,4,13,15
CASTOR2,170,68,583,104,533,452
CASZ1,146,99,473,312,605,833
CAT,1384,664,3181,3477,4891,5750
CATIP,3,0,22,3,3,4
CATIP-AS1,1,0,0,0,0,3
CATSPER1,0,0,0,0,0,0
CATSPER2,174,41,276,206,179,238
CATSPER2P2,0,0,0,0,0,0
CATSPER3,4,0,6,1,4,3
CATSPER4,0,0,2,0,6,1
CATSPERB,9,6,10,14,18,17
CATSPERD,7,0,2,0,0,0
CATSPERE,11,1,22,8,12,5
CATSPERG,32,0,63,65,117,135
CATSPERZ,0,0,0,0,0,0
CAV1,0,0,0,3,3,1
CAV2,0,0,0,0,0,0
CAV3,0,0,0,0,0,0
CAVIN1,63,36,274,258,834,920
CAVIN2,0,0,0,0,2,2
CAVIN3,0,0,0,0,0,0
CAVIN4,1,5,0,4,9,3
CBARP,1,0,8,0,19,18
CBFA2T2,682,247,1459,659,861,1019
CBFA2T3,156,83,601,158,298,309
CBFB,266,160,472,505,546,523
CBL,744,308,972,1148,875,1290
CBLB,382,198,635,187,208,241
CBLC,30,12,218,39,262,313
CBLIF,0,0,0,0,0,0
CBLL1,911,492,1185,1280,1022,1213
CBLL1-AS1,3,7,18,2,5,9
CBLL2,0,0,0,0,0,0
CBLN1,7,0,16,0,1,3
CBLN2,98,43,161,1865,2666,2517
CBLN3,4,0,7,10,27,25
CBLN4,0,0,0,0,0,0
CBR1,102,65,427,268,800,793
CBR1-AS1,0,0,0,0,0,1
CBR3,5,4,29,20,49,36
CBR3-AS1,173,60,309,280,433,438
CBR4,562,246,1256,1098,1124,1309
CBS,36,17,336,26,224,252
CBX1,2728,1418,4831,9071,9194,9341
CBX2,63,19,335,132,561,618
CBX3,4691,3019,13047,6727,7427,7713
CBX3P10,0,0,0,0,0,0
CBX4,204,168,1200,112,390,395
CBX5,5690,2394,8159,18319,16384,20088
CBX6,401,201,1683,2272,5098,5862
CBX7,167,72,517,204,670,670
CBX8,260,134,854,263,610,610
CBY1,260,158,716,426,1092,977
CBY1P1,0,0,0,0,0,0
CBY2,0,0,0,0,0,1
CBY3,0,0,0,0,0,0
CC2D1A,93,20,568,206,1021,1153
CC2D1B,146,55,475,205,507,529
CC2D2A,40,52,119,113,113,133
CC2D2B,0,0,0,9,10,1
CCAR1,3574,1808,5225,5685,4726,5183
CCAR2,353,221,1744,713,3155,3232
CCAT2,0,0,1,1,0,1
CCBE1,0,0,0,1,1,2
CCDC102A,12,7,48,6,24,19
CCDC102B,7,0,11,13,19,33
CCDC103,1,0,2,0,1,0
CCDC106,7,2,190,10,132,144
CCDC107,29,5,103,9,35,47
CCDC110,141,77,345,20,17,24
CCDC112,317,165,565,230,201,176
CCDC115,212,117,538,203,356,341
CCDC116,0,0,9,1,1,6
CCDC117,1876,982,3352,2594,2391,2469
CCDC12,100,38,893,70,412,363
CCDC120,181,49,617,319,926,979
CCDC121,175,135,261,159,179,177
CCDC122,3,0,13,25,12,19
CCDC124,33,3,675,38,850,748
CCDC125,1632,767,3198,2277,2163,2324
CCDC126,83,85,199,213,178,178
CCDC127,316,148,885,869,1198,1307
CCDC13,1,0,7,1,0,2
CCDC13-AS1,0,0,0,0,0,0
CCDC13-AS2,1,0,2,0,0,2
CCDC134,327,169,662,1156,1904,2645
CCDC136,4,0,2,17,19,32
CCDC137,48,25,359,83,504,523
CCDC137P1,0,0,0,0,0,0
CCDC137P2,0,0,0,0,0,0
CCDC138,116,26,237,137,174,171
CCDC14,1950,837,2507,2993,2025,2671
CCDC140,0,0,0,0,0,0
CCDC141,0,0,0,0,0,0
CCDC142,46,6,171,73,271,272
CCDC144A,1281,171,787,480,166,362
CCDC146,38,14,52,63,33,42
CCDC148,54,20,101,94,115,102
CCDC148-AS1,0,0,0,0,0,0
CCDC149,513,181,1017,330,431,482
CCDC15,306,153,604,362,319,260
CCDC15-DT,24,15,66,11,16,25
CCDC150,35,8,74,140,141,130
CCDC152,2,0,1,1,5,0
CCDC154,2,2,69,5,17,18
CCDC157,23,9,79,10,57,47
CCDC158,32,0,24,15,9,11
CCDC159,166,69,582,384,1079,1143
CCDC160,76,44,137,289,304,321
CCDC162P,16,1,18,13,5,9
CCDC163,57,27,125,30,58,49
CCDC166,0,0,0,0,0,0
CCDC167,65,29,528,53,473,497
CCDC168,0,0,2,0,0,0
CCDC169,8,0,12,28,24,22
CCDC169-SOHLH2,0,0,0,0,0,0
CCDC17,4,0,10,7,18,15
CCDC170,637,341,1226,218,197,222
CCDC171,74,53,155,66,59,43
CCDC172,0,0,0,0,0,0
CCDC174,380,208,1176,555,868,988
CCDC175,3,3,7,3,2,5
CCDC177,1,0,3,16,32,51
CCDC178,0,0,0,0,0,0
CCDC179,0,0,0,0,0,0
CCDC18,93,78,155,299,273,221
CCDC180,17,0,35,33,34,40
CCDC181,0,0,1,0,0,0
CCDC182,0,0,0,0,0,0
CCDC183,6,5,29,7,41,40
CCDC183-AS1,31,6,231,27,119,151
CCDC184,0,0,0,0,1,2
CCDC185,0,0,0,0,0,0
CCDC186,780,489,1262,1608,1215,1745
CCDC187,0,0,0,0,0,0
CCDC188,0,0,0,0,0,0
CCDC190,0,0,0,0,0,0
CCDC191,412,151,736,551,402,484
CCDC192,0,5,0,3,2,5
CCDC194,3,5,5,25,73,74
CCDC195,0,0,0,0,0,0
CCDC196,0,0,0,0,0,0
CCDC197,0,0,0,0,0,0
CCDC198,0,0,0,0,0,0
CCDC200,1,10,2,1,0,0
CCDC201,0,16,0,7,4,8
CCDC22,41,22,426,44,247,240
CCDC24,38,14,165,107,397,332
CCDC25,816,450,1606,2056,2038,2439
CCDC26,0,0,0,3,5,3
CCDC27,0,0,0,0,1,1
CCDC28A,69,69,221,229,274,286
CCDC28A-AS1,8,0,9,18,17,21
CCDC28B,16,1,88,7,46,51
CCDC3,0,0,0,4,5,8
CCDC30,149,50,205,131,138,138
CCDC32,141,81,386,247,469,530
CCDC33,0,0,0,0,0,0
CCDC34,359,242,721,557,614,574
CCDC34P1,0,0,0,0,0,0
CCDC38,0,0,0,1,0,0
CCDC39,4,0,3,4,2,0
CCDC39-AS1,0,0,1,0,0,0
CCDC40,123,24,487,134,339,341
CCDC42,0,0,0,0,0,0
CCDC43,891,486,1849,2011,1788,1979
CCDC47,3457,1790,6158,6880,5709,6062
CCDC50,1435,686,2085,2912,2463,2957
CCDC51,56,30,335,56,222,240
CCDC54,0,0,0,0,0,0
CCDC57,165,49,646,198,591,756
CCDC59,574,285,1510,668,969,942
CCDC6,2394,1314,3778,6921,6757,7761
CCDC60,3,0,3,6,5,6
CCDC61,11,1,80,25,80,63
CCDC62,10,0,12,15,12,28
CCDC63,0,0,0,0,1,0
CCDC65,4,8,18,12,12,27
CCDC66,321,117,561,295,246,265
CCDC68,0,0,0,2,1,3
CCDC69,4,0,7,171,249,342
CCDC7,77,20,125,86,55,73
CCDC70,0,0,0,0,0,0
CCDC71,57,30,325,19,115,147
CCDC71L,22,8,40,143,123,159
CCDC73,0,0,0,0,0,0
CCDC74A,12,9,73,7,60,58
CCDC74B,5,1,24,2,27,38
CCDC77,147,103,353,197,228,231
CCDC78,10,5,114,3,49,48
CCDC8,0,0,0,0,1,1
CCDC80,25,21,56,135,179,178
CCDC81,6,12,5,4,9,7
CCDC82,226,70,341,562,419,493
CCDC83,0,0,0,2,2,3
CCDC85A,17,2,117,0,14,8
CCDC85B,0,0,18,0,5,10
CCDC85C,138,88,746,176,731,759
CCDC86,152,79,704,95,433,404
CCDC86-AS1,0,0,0,0,0,0
CCDC87,2,0,19,7,3,10
CCDC88A,9,0,22,258,197,251
CCDC88B,18,0,107,31,166,191
CCDC88C,146,55,534,87,183,232
CCDC89,2,0,3,1,4,5
CCDC9,110,36,734,161,777,824
CCDC90B,747,475,2578,884,1350,1547
CCDC91,299,174,554,585,525,560
CCDC92,88,34,361,136,369,435
CCDC92B,0,0,0,0,2,3
CCDC93,403,208,828,890,909,1124
CCDC97,163,52,586,213,550,561
CCDC9B,90,22,348,31,65,67
CCDST,0,0,0,0,0,0
CCER1,0,0,0,0,0,0
CCER2,1,0,22,0,11,14
CCHCR1,165,43,563,453,1270,1363
CCIN,0,0,0,0,0,0
CCK,0,0,1,0,0,0
CCKAR,0,0,0,0,0,0
CCKBR,0,0,0,0,0,0
CCL1,0,0,0,0,0,0
CCL11,0,0,0,0,0,0
CCL13,0,0,0,0,0,0
CCL14,0,0,0,0,0,0
CCL15,0,0,0,0,0,0
CCL16,0,0,0,0,0,0
CCL17,0,0,0,0,0,0
CCL18,0,0,0,0,0,0
CCL19,0,0,0,0,0,0
CCL2,0,0,0,104,288,359
CCL20,0,0,1,1,1,0
CCL21,0,0,0,0,0,0
CCL22,11,0,30,14,39,46
CCL23,0,0,0,0,0,0
CCL24,0,0,0,0,0,0
CCL25,0,0,0,0,0,0
CCL26,0,0,0,0,0,0
CCL27,0,0,0,0,0,0
CCL28,969,546,2010,3919,4799,5475
CCL3,0,0,0,0,1,2
CCL3L1,0,0,5,0,0,0
CCL4,0,0,0,0,0,0
CCL4L2,0,0,0,0,0,0
CCL5,0,0,3,1,11,4
CCL7,0,0,0,1,0,1
CCL8,0,0,0,0,0,0
CCM2,51,23,334,111,490,539
CCM2L,1,0,4,15,51,56
CCN1,532,329,1314,1046,1817,1511
CCN2,3,5,19,36,67,76
CCN3,1,0,1,1,1,0
CCN4,0,0,0,0,0,0
CCN5,4,0,13,13,34,26
CCN6,0,0,0,0,0,0
CCNA1,0,0,0,0,0,0
CCNA2,510,258,893,1219,1294,1036
CCNB1,717,403,1993,1047,2222,2089
CCNB1IP1,198,141,417,418,449,479
CCNB2,341,153,848,510,760,577
CCNB2P1,0,0,0,0,0,0
CCNB3,60,9,62,52,50,54
CCNB3P1,0,0,0,0,0,0
CCNC,601,240,1404,2161,2272,2369
CCND1,2055,1239,3525,7240,8308,10252
CCND2,0,0,0,0,0,0
CCND2-AS1,0,0,0,0,0,0
CCND3,54,28,276,154,519,543
CCND3P1,0,0,0,0,0,0
CCND3P2,0,0,0,0,0,0
CCNDBP1,157,119,346,223,280,291
CCNE1,16,6,26,102,184,153
CCNE2,284,139,500,964,861,846
CCNF,156,61,603,232,714,700
CCNG1,2044,1060,4347,3883,4117,4211
CCNG1P1,0,0,0,0,0,0
CCNG2,610,526,1439,3166,2553,2801
CCNG2P1,0,0,0,0,0,0
CCNH,366,284,834,451,594,592
CCNI,4514,2482,6858,5466,5909,6130
CCNI2,7,0,22,6,4,6
CCNJ,624,483,977,1118,885,961
CCNJL,17,48,81,193,335,386
CCNK,1217,589,2624,1299,2247,2350
CCNL1,1513,483,2401,1881,1599,1712
CCNL2,1330,437,3275,1466,2648,2766
CCNO,151,65,762,31,137,135
CCNO-DT,6,32,34,6,8,7
CCNP,1,0,5,0,1,2
CCNQ,14,19,55,14,40,48
CCNT1,1097,606,1756,3063,1967,2861
CCNT2,548,235,784,1068,764,956
CCNY,943,570,1925,2415,3117,3339
CCNYL1,115,53,202,346,324,338
CCNYL1B,0,0,0,0,0,0
CCNYL7,0,0,0,0,0,0
CCP110,748,352,1224,1270,913,1109
CCPG1,845,393,1478,1143,901,1080
CCR1,0,0,0,13,12,17
CCR10,3,0,5,15,8,8
CCR12P,0,0,0,0,0,0
CCR2,3,0,13,72,60,58
CCR3,0,0,1,1,17,7
CCR4,0,0,0,0,0,0
CCR5,1,0,0,22,16,15
CCR5AS,3,0,4,5,1,2
CCR6,0,0,0,0,0,0
CCR7,0,0,5,0,4,3
CCR8,0,0,0,0,0,0
CCR9,0,0,0,0,0,1
CCRL2,0,0,0,0,0,0
CCS,87,43,888,190,829,847
CCSAP,375,208,706,635,561,634
CCSER1,116,44,157,182,121,160
CCSER2,1353,768,1881,3822,3014,4020
CCT2,2265,1478,4689,6139,6810,6493
CCT3,2484,1433,7708,4778,9073,9418
CCT3P1,0,0,0,0,0,0
CCT4,1767,1198,4245,2970,3489,3142
CCT4P2,0,0,0,0,0,0
CCT5,2559,1498,6856,4130,8344,8289
CCT5P1,0,0,0,0,0,0
CCT5P2,0,0,0,0,0,0
CCT6A,2911,1784,5735,6486,6612,6000
CCT6B,24,7,40,70,70,86
CCT6P2,0,0,0,0,0,1
CCT7,1974,1277,4841,3873,6833,6638
CCT7P1,0,0,0,0,0,0
CCT7P2,0,0,0,0,0,0
CCT8,2742,1534,6207,6904,7908,7940
CCT8L1P,0,0,0,0,0,0
CCT8L2,0,0,0,0,0,0
CCT8P1,0,3,9,10,3,7
CCZ1,237,89,395,203,205,220
CCZ1B,335,213,694,294,368,342
CCZ1P1,1,14,8,6,13,16
CD101,27,7,39,108,136,160
CD101-AS1,5,2,5,15,21,19
CD109,13,2,9,155,106,145
CD109-AS1,0,0,0,5,4,2
CD14,0,0,0,1,0,0
CD151,222,130,1860,668,4681,5126
CD160,0,0,3,1,0,2
CD163,0,0,0,0,0,3
CD163L1,3,0,4,0,0,1
CD164,6882,3785,11981,10886,10070,10893
CD164L2,10,11,30,6,43,32
CD177,0,0,0,2,1,3
CD180,0,0,3,0,0,1
CD19,6,0,23,4,26,37
CD1A,0,0,1,0,0,0
CD1B,0,0,0,0,0,0
CD1C,0,0,0,0,0,0
CD1D,0,0,0,0,0,0
CD1E,0,0,0,0,0,0
CD2,0,0,0,0,0,0
CD200,0,0,0,0,0,0
CD200R1,0,0,0,0,0,3
CD200R1L,0,0,0,0,1,0
CD207,7,0,14,18,14,30
CD209,0,0,0,0,0,0
CD22,14,1,59,10,25,38
CD226,2,0,5,4,3,3
CD24,4277,2471,8988,30579,34015,34515
CD244,0,0,0,2,1,0
CD247,0,0,1,0,0,1
CD248,0,0,0,0,0,0
CD24P5,0,0,0,0,0,0
CD27,0,0,0,1,0,0
CD27-AS1,49,21,101,78,176,189
CD274,2,0,2,4,1,2
CD276,382,166,818,710,1397,1329
CD28,0,0,0,0,0,0
CD2AP,1966,1065,3371,5348,3988,4944
CD2AP-DT,0,0,5,1,5,2
CD2BP2,550,325,2795,1181,3953,4152
CD300A,0,0,3,0,0,1
CD300C,0,0,0,0,0,0
CD300E,0,0,0,0,0,0
CD300H,0,0,0,0,0,0
CD300LB,0,0,0,0,0,0
CD300LD,0,0,0,0,0,0
CD300LD-AS1,1,0,2,0,0,0
CD300LF,0,0,0,0,0,0
CD300LG,0,0,0,0,0,0
CD302,624,322,840,496,469,447
CD320,14,20,37,14,54,47
CD33,0,0,0,0,0,0
CD34,8,0,4,13,16,24
CD36,76,57,119,75756,68310,78819
CD37,0,0,0,2,0,1
CD38,0,0,0,0,1,3
CD3D,0,0,0,0,0,0
CD3E,0,0,0,0,0,0
CD3G,0,0,0,3,1,2
CD4,2,0,0,0,2,3
CD40,3,6,11,91,177,180
CD40LG,0,0,0,0,0,0
CD44,311,129,556,3258,3207,3458
CD44-DT,0,0,0,0,1,0
CD46,5858,2660,10771,16869,13257,16019
CD46P1,0,0,0,0,0,0
CD47,2571,1161,4304,3188,2409,2724
CD48,0,0,0,0,0,0
CD5,0,0,0,0,0,0
CD52,0,0,0,1,1,2
CD53,0,0,0,1,1,4
CD55,3116,1638,5136,1537,1556,1436
CD58,40,33,109,94,113,102
CD59,1863,897,2890,6433,5948,6906
CD5L,0,0,0,0,0,0
CD6,1,0,0,0,0,0
CD63,1627,972,5217,3920,10182,9904
CD63-AS1,160,105,563,209,393,428
CD68,0,0,0,0,0,2
CD69,0,0,0,5,7,9
CD7,0,0,0,0,0,0
CD70,0,0,0,0,3,0
CD72,3,2,5,8,21,26
CD74,14,2,54,30,137,139
CD79A,1,0,4,0,1,0
CD79B,0,0,0,0,0,0
CD80,0,0,0,3,2,5
CD81,94,60,1042,171,1738,1759
CD81-AS1,0,0,0,0,5,3
CD82,389,229,3938,579,3828,4313
CD82-AS1,0,0,0,0,0,0
CD83,20,18,19,41,34,44
CD83P1,0,0,0,0,0,0
CD84,0,0,0,0,0,0
CD86,0,0,0,0,0,0
CD8A,0,0,4,1,6,4
CD8B,0,0,0,0,0,0
CD8B2,0,0,0,0,0,0
CD9,322,309,924,976,1623,1557
CD93,0,0,0,0,0,0
CD96,0,9,4,7,6,8
CD99,281,240,1096,463,1101,1105
CD99L2,151,73,612,318,864,951
CDA,0,0,0,2,0,0
CDADC1,118,46,280,131,241,209
CDAN1,105,31,517,133,342,397
CDC123,752,391,1738,2613,3627,3481
CDC14A,65,44,105,110,96,107
CDC14B,29,24,49,208,208,233
CDC14C,0,0,0,0,0,0
CDC16,704,367,1333,1226,1254,1190
CDC20,111,66,526,131,471,363
CDC20-DT,22,7,148,4,8,8
CDC20B,1288,591,2439,181,284,232
CDC20P1,0,0,1,0,0,0
CDC23,1097,499,1962,1652,1947,1931
CDC25A,52,40,78,175,249,266
CDC25B,147,96,646,174,663,643
CDC25C,87,68,222,200,216,166
CDC26,427,231,1209,901,1092,1079
CDC27,1790,919,2934,4267,3468,3956
CDC27P2,0,0,0,0,0,0
CDC34,44,27,405,42,300,307
CDC37,182,127,1160,335,1769,1762
CDC37L1,171,76,374,300,246,301
CDC37L1-DT,3,1,21,5,11,6
CDC40,462,229,936,1364,1304,1543
CDC42,3815,2919,6470,14242,12707,13866
CDC42BPA,1811,958,2890,7844,5671,7555
CDC42BPB,737,350,2240,909,2024,2312
CDC42BPG,257,95,907,814,1964,2222
CDC42EP1,44,21,330,58,363,404
CDC42EP2,0,0,0,0,3,0
CDC42EP3,163,59,228,1474,1435,1448
CDC42EP4,434,196,1028,843,1503,1640
CDC42EP5,0,0,1,59,388,529
CDC42P1,0,0,0,0,0,0
CDC42SE1,2992,1669,5820,5070,6430,7333
CDC42SE2,767,452,1521,1632,1332,1622
CDC45,47,10,112,202,492,425
CDC5L,1036,689,2073,1703,1909,1974
CDC6,175,102,416,745,1002,897
CDC7,32,20,56,501,500,467
CDC73,1237,770,2259,2140,1826,2302
CDCA2,140,44,195,382,380,390
CDCA3,31,16,102,92,238,188
CDCA3P1,0,0,0,0,0,0
CDCA4,66,109,263,68,213,173
CDCA4P1,0,0,0,0,0,0
CDCA4P3,0,0,0,0,0,0
CDCA5,155,83,526,291,794,678
CDCA7,0,0,0,0,0,0
CDCA7L,1133,702,2499,221,341,311
CDCA7P1,0,0,0,0,0,0
CDCA7P2,0,0,0,0,0,0
CDCA8,186,112,639,246,670,637
CDCP1,555,297,1190,533,1182,1192
CDCP2,0,0,0,0,0,1
CDH1,7882,4120,14210,21122,28021,32725
CDH10,5,0,1,3,6,4
CDH11,0,0,0,2,1,2
CDH12,0,0,0,3,0,6
CDH12P1,0,0,0,0,0,0
CDH12P2,0,0,0,0,0,0
CDH12P3,0,0,0,0,0,0
CDH12P4,0,0,0,0,0,0
CDH13,0,0,0,0,0,0
CDH13-AS2,34,23,68,84,102,91
CDH15,5,1,28,2,6,7
CDH16,0,0,0,0,0,0
CDH17,0,0,0,0,0,0
CDH18,11,18,8,2,5,5
CDH18-AS1,0,0,0,0,0,0
CDH19,71,39,107,338,303,330
CDH2,1,0,2,17,21,15
CDH20,0,0,0,0,0,0
CDH22,0,0,0,0,0,0
CDH23,0,0,4,2,10,11
CDH23-AS1,0,0,0,0,0,0
CDH24,50,10,126,71,304,286
CDH26,0,0,3,21,50,51
CDH3,141,95,475,1501,4459,5307
CDH3-AS1,0,0,4,9,7,3
CDH4,0,0,0,0,0,0
CDH5,0,0,0,0,0,0
CDH6,0,0,0,0,1,0
CDH7,23,25,57,38,24,35
CDH8,29,11,60,44,42,39
CDH8-AS1,0,0,21,2,3,12
CDH9,0,0,0,0,0,0
CDHR1,0,0,0,0,0,1
CDHR2,1,0,0,2,8,2
CDHR3,19,6,39,32,47,38
CDHR4,9,0,11,3,8,12
CDHR5,1,0,6,1,0,0
CDIN1,144,55,231,223,231,273
CDIP1,52,43,286,28,146,136
CDIPT,150,107,744,159,735,764
CDK1,1328,755,2937,4246,5216,4800
CDK10,348,83,1293,546,1425,1569
CDK11A,5,0,38,24,47,73
CDK11B,245,175,727,526,906,886
CDK12,1380,571,1940,3083,3121,3653
CDK13,1518,831,2393,1338,1388,1628
CDK13-DT,0,1,21,6,7,9
CDK14,253,177,444,718,644,773
CDK15,0,0,0,1,6,2
CDK16,792,365,3661,1029,4382,4798
CDK17,363,174,680,803,572,717
CDK18,98,10,446,327,1234,1486
CDK19,317,157,556,754,702,903
CDK2,440,261,809,1222,1843,1634
CDK20,66,35,292,25,89,110
CDK2AP1,387,272,822,1478,2057,2008
CDK2AP2,127,99,1009,15,153,189
CDK3,1,1,28,0,11,17
CDK4,414,277,1573,579,1779,1610
CDK4P1,0,0,0,0,0,0
CDK5,36,4,262,92,351,447
CDK5P1,0,0,0,0,0,0
CDK5R1,25,14,51,24,50,72
CDK5R2,0,0,0,0,0,0
CDK5RAP1,359,200,923,516,818,800
CDK5RAP2,2413,1137,4786,3278,4083,4296
CDK5RAP3,258,69,678,480,883,796
CDK5RAP3P1,0,0,1,0,0,0
CDK6,30,24,28,173,116,127
CDK6-AS1,0,0,0,0,0,0
CDK7,942,471,2415,1090,1636,1753
CDK8,194,80,274,526,534,584
CDK8P1,0,0,0,0,0,0
CDK9,295,154,867,312,818,872
CDKAL1,369,205,695,609,528,628
CDKL1,1,4,9,48,41,31
CDKL2,0,0,0,1,2,0
CDKL3,28,16,67,18,40,53
CDKL4,0,0,0,1,0,0
CDKL5,179,57,232,270,176,275
CDKN1A,111,73,409,871,2708,2819
CDKN1B,378,263,803,680,813,835
CDKN1C,0,0,2,2,7,4
CDKN2A,59,19,104,153,228,244
CDKN2AIP,171,46,238,232,215,209
CDKN2AIPNL,219,170,402,307,373,336
CDKN2AIPNLP3,0,0,0,0,0,0
CDKN2B,54,26,168,1092,1522,1657
CDKN2B-AS1,89,44,96,181,140,171
CDKN2C,199,99,701,334,657,680
CDKN2D,10,12,83,18,65,84
CDKN3,298,204,763,480,601,569
CDNF,42,23,38,105,84,97
CDO1,1,0,0,0,0,0
CDON,459,253,741,419,408,549
CDPF1,35,21,148,27,120,84
CDR2,169,65,470,197,322,304
CDR2-DT,0,0,0,0,0,0
CDR2L,94,64,442,110,506,553
CDRT15,0,0,0,0,0,0
CDRT15L2,0,0,0,0,0,0
CDRT15P3,0,0,0,0,0,0
CDRT15P4,0,0,0,2,0,1
CDRT4,7,0,6,10,8,6
CDRT7,0,0,0,0,0,0
CDS1,687,333,1102,1494,1443,1466
CDS2,745,456,1448,1687,1857,2310
CDSN,0,0,0,0,0,2
CDT1,69,34,320,32,161,137
CDV3,22250,11831,36917,27767,23993,24195
CDX1,0,0,0,0,0,0
CDX2,0,0,0,0,0,0
CDX4,0,0,0,0,0,0
CDY1,0,0,0,0,0,0
CDY12P,0,0,0,0,0,0
CDY13P,0,0,0,0,0,0
CDY14P,0,0,0,0,0,0
CDY1B,0,0,0,0,0,0
CDY20P,0,0,0,0,0,0
CDY23P,0,0,0,0,0,0
CDY2A,0,0,0,0,0,0
CDY2B,0,0,0,0,0,0
CDY7P,0,0,0,0,0,0
CDY8P,0,0,0,0,0,0
CDYL,223,95,682,241,438,468
CDYL-AS1,0,0,0,0,0,0
CDYL2,290,196,500,485,418,600
CEACAM1,1,0,2,218,240,277
CEACAM16,1,0,2,0,8,12
CEACAM16-AS1,67,20,224,88,189,286
CEACAM18,0,0,0,0,0,0
CEACAM19,14,0,34,19,25,47
CEACAM20,5,0,3,49,62,109
CEACAM21,0,0,3,1,0,3
CEACAM3,0,0,0,0,0,0
CEACAM4,0,0,0,0,0,0
CEACAM5,0,2,4,0,0,0
CEACAM6,35,4,72,3,6,3
CEACAM7,0,0,0,0,0,0
CEACAM8,0,0,0,0,0,0
CEACAMP1,0,0,0,0,0,0
CEACAMP10,0,0,0,0,0,0
CEACAMP7,0,0,0,0,0,0
CEACAMP9,0,0,0,0,0,0
CEBPA,57,16,295,124,313,297
CEBPA-DT,45,31,225,28,94,100
CEBPB,232,242,887,40,157,100
CEBPB-AS1,45,2,76,7,9,10
CEBPD,4,2,16,6,8,1
CEBPE,0,0,0,0,0,0
CEBPG,1933,981,3638,1384,1278,1572
CEBPZ,901,602,2420,1673,1949,2009
CEBPZOS,1189,798,1957,1797,1908,1763
CECR2,0,0,1,182,237,327
CECR3,0,0,0,0,0,0
CEDORA,0,0,0,7,5,6
CEL,11,0,16,3,29,44
CELA1,0,0,0,0,0,0
CELA2A,0,0,0,0,0,0
CELA2B,0,0,0,0,0,0
CELA3A,0,0,0,0,0,0
CELA3B,0,0,0,0,0,0
CELF1,2915,1460,4678,5410,6219,8017
CELF2,0,0,0,0,0,0
CELF2-AS1,0,0,0,1,0,0
CELF2-AS2,0,0,0,0,0,0
CELF3,2,0,1,1,0,5
CELF4,0,1,1,0,0,3
CELF5,53,29,155,50,116,129
CELF6,0,0,0,0,0,0
CELP,0,0,1,0,6,5
CELSR1,897,301,3748,1160,3781,5240
CELSR2,275,102,1152,218,1011,1349
CELSR3,368,118,1158,306,901,1267
CEMIP,1,0,2,16,33,26
CEMIP2,145,109,251,647,550,654
CEMP1,7,6,29,1,3,2
CENATAC,411,64,540,1081,1097,1135
CEND1,0,0,0,0,0,0
CENPA,72,37,159,106,175,159
CENPB,340,123,1664,345,1804,1812
CENPC,239,109,543,444,375,489
CENPCP1,0,0,0,0,0,0
CENPE,477,233,769,1457,1109,1297
CENPF,4529,2039,5880,4858,3876,4363
CENPH,64,48,247,205,298,218
CENPI,110,48,162,656,612,656
CENPJ,147,75,245,398,330,392
CENPK,303,169,691,761,640,702
CENPL,206,124,606,363,465,505
CENPM,3,0,58,5,63,53
CENPN,468,294,730,784,926,874
CENPNP1,0,0,0,0,0,0
CENPO,158,88,369,341,740,775
CENPP,47,19,124,53,97,88
CENPPP1,0,0,0,0,0,1
CENPQ,162,113,282,420,299,348
CENPS,12,7,12,5,4,9
CENPS-CORT,0,0,1,0,1,0
CENPT,79,19,500,269,849,797
CENPU,267,142,465,946,949,774
CENPUP2,0,0,0,0,0,0
CENPV,0,0,1,8,12,14
CENPVL1,0,0,0,0,0,0
CENPVL2,0,0,0,0,0,0
CENPVL3,0,0,0,0,0,0
CENPW,39,27,158,61,189,169
CENPX,61,26,473,128,889,850
CEP104,282,122,492,676,872,976
CEP112,23,14,37,167,165,174
CEP120,640,344,956,662,554,606
CEP126,957,414,1350,560,452,528
CEP128,159,74,358,242,305,341
CEP131,14,4,158,19,176,194
CEP135,418,150,768,413,370,347
CEP15,194,116,435,69,93,82
CEP152,485,218,568,387,329,375
CEP162,196,113,387,513,344,370
CEP164,446,150,1604,311,983,959
CEP164P1,0,0,0,0,0,0
CEP170,483,268,635,681,520,687
CEP170B,97,34,756,126,983,1106
CEP19,92,90,194,381,352,371
CEP192,281,226,599,919,733,861
CEP192P1,0,0,0,0,0,0
CEP20,1458,872,2899,1602,1728,1706
CEP250,475,199,1479,423,1202,1206
CEP290,1025,527,1580,2179,1437,1771
CEP295,769,332,1169,1959,1364,1739
CEP295NL,0,0,0,1,0,1
CEP350,1883,662,2386,2000,1168,1830
CEP41,128,106,289,190,231,225
CEP43,149,55,217,250,236,231
CEP44,385,293,891,436,408,506
CEP55,681,317,1219,2349,2154,2011
CEP57,1737,963,3226,1516,1361,1518
CEP57L1,318,176,521,719,633,669
CEP63,249,127,368,172,129,168
CEP68,107,53,201,139,175,236
CEP70,1431,1022,3482,2765,2054,2567
CEP72,24,6,112,42,170,165
CEP76,52,31,125,144,129,121
CEP78,410,231,672,772,630,679
CEP83,201,156,421,314,218,283
CEP83-DT,6,6,8,16,18,17
CEP85,285,108,533,383,547,584
CEP85L,68,26,90,302,165,220
CEP89,279,130,662,346,654,695
CEP95,563,232,933,843,682,762
CEP97,699,261,970,736,556,763
CEPT1,1064,597,1635,3092,2833,3249
CER1,0,0,0,0,0,1
CERCAM,134,60,661,164,859,959
CERK,259,89,723,341,798,970
CERKL,0,0,0,1,2,2
CERNA2,0,0,0,0,0,0
CERNA3,0,0,3,1,3,3
CEROX1,0,0,0,0,0,0
CERS1,4,0,22,0,11,19
CERS2,5422,3190,11669,4327,6530,6827
CERS3,0,0,1,1,2,7
CERS4,75,63,212,132,380,380
CERS5,262,226,567,576,742,682
CERS6,3439,1525,4698,4289,3332,3956
CERS6-AS1,0,0,0,0,1,0
CERT1,754,409,1447,936,815,1018
CES1,0,0,0,1,4,3
CES2,451,188,1405,386,903,928
CES3,41,6,148,3,19,25
CES4A,0,0,0,0,1,1
CES5A,0,0,0,0,0,0
CETN1,0,0,0,0,0,0
CETN2,1180,840,2983,3077,2903,2851
CETN3,887,728,1627,1219,1228,1194
CETP,0,0,0,0,0,0
CFAP100,0,0,0,0,0,0
CFAP100-DT,0,0,0,0,0,0
CFAP107,20,14,35,4,7,4
CFAP119,35,7,154,50,211,204
CFAP126,53,46,82,5,21,20
CFAP141,12,14,5,4,1,5
CFAP144,11,7,28,9,17,13
CFAP144P1,0,0,0,0,0,1
CFAP157,68,40,266,15,96,74
CFAP161,0,0,0,0,4,3
CFAP184,22,2,83,2,18,24
CFAP20,144,93,417,66,158,150
CFAP206,5,5,8,14,10,11
CFAP20DC,119,114,269,80,54,93
CFAP20DC-AS1,3,0,2,0,0,0
CFAP210,43,14,90,42,70,80
CFAP221,62,30,129,128,89,112
CFAP251,38,18,81,136,124,147
CFAP263,390,179,968,211,363,439
CFAP276,20,15,62,12,14,25
CFAP298,198,93,240,183,292,256
CFAP298-TCP10L,27,6,42,150,130,159
CFAP299,0,0,0,0,0,0
CFAP300,86,32,275,117,222,227
CFAP36,489,235,1265,645,917,947
CFAP410,7,1,114,36,112,102
CFAP418,231,78,368,240,227,268
CFAP418-AS1,2,0,12,5,10,10
CFAP43,33,0,59,40,47,36
CFAP44,292,152,415,348,247,296
CFAP44-AS1,0,0,0,0,0,0
CFAP45,75,24,172,56,107,102
CFAP46,0,0,1,0,0,0
CFAP47,27,9,48,211,138,229
CFAP52,19,9,33,5,6,6
CFAP53,8,14,34,43,38,57
CFAP53P1,0,0,0,0,0,0
CFAP54,23,29,25,27,33,31
CFAP57,28,27,60,25,39,33
CFAP58,1,0,9,3,4,2
CFAP58-DT,8,31,46,2,12,6
CFAP61,18,14,36,2,6,4
CFAP65,6,7,18,5,2,6
CFAP68,652,613,1070,449,491,436
CFAP69,81,15,114,103,92,97
CFAP69P1,0,0,0,0,0,0
CFAP70,83,32,163,283,162,228
CFAP73,1,1,20,3,12,8
CFAP74,1,0,2,0,3,2
CFAP77,3,0,3,0,1,2
CFAP90,31,12,107,6,29,23
CFAP91,58,19,73,119,75,103
CFAP92,24,14,38,42,39,60
CFAP95,1,0,0,0,0,0
CFAP95-DT,0,0,0,0,0,0
CFAP96,24,9,27,5,4,16
CFAP97,1323,785,2416,2171,1535,2032
CFAP97D1,0,0,0,1,2,2
CFAP97D2,0,0,0,0,0,1
CFAP97P1,0,0,0,0,0,0
CFAP99,6,14,97,8,38,31
CFB,0,0,2,18,90,100
CFC1,0,0,0,0,0,0
CFC1B,0,0,0,0,0,0
CFD,2,4,23,10,14,27
CFDP1,567,338,1641,1029,1530,1497
CFH,6,0,1,41,32,55
CFHR1,0,0,1,79,75,92
CFHR2,0,0,0,0,0,0
CFHR3,27,6,42,535,468,536
CFHR4,2,0,0,40,24,48
CFHR5,1,0,2,0,0,2
CFI,0,0,0,0,0,0
CFL1,1847,1247,8036,3703,14754,13604
CFL1P8,0,0,0,0,0,0
CFL2,395,209,780,1131,1121,1074
CFLAR,1483,604,1904,2226,1936,2336
CFLAR-AS1,0,0,0,0,0,0
CFP,3,0,6,5,9,6
CFTR,0,0,0,0,2,0
CFTR-AS1,0,0,0,0,0,0
CFTRP2,0,0,0,0,0,0
CFTRP3,0,0,0,0,0,0
CGA,0,0,0,2,0,0
CGAS,0,0,0,0,1,0
CGB1,0,0,0,0,0,0
CGB2,0,0,0,0,0,0
CGB3,0,0,0,0,0,0
CGB5,0,0,3,0,0,5
CGB7,0,0,6,1,34,34
CGB8,0,0,0,0,1,3
CGGBP1,1890,780,3256,1312,1071,1196
CGN,653,272,2314,1063,3093,3219
CGNL1,120,61,246,181,334,407
CGREF1,90,80,327,58,190,217
CGRRF1,146,134,384,215,226,235
CH25H,0,0,0,0,0,0
CHAC1,17,15,111,5,22,32
CHAC2,16,16,38,25,73,50
CHAD,0,0,0,0,0,0
CHADL,0,0,2,0,3,0
CHAF1A,115,64,428,288,764,781
CHAF1B,183,73,703,360,1026,881
CHAMP1,542,304,812,610,559,648
CHAT,2,0,0,0,0,0
CHCHD1,141,152,740,201,758,717
CHCHD10,19,19,137,14,74,74
CHCHD2,671,575,1614,600,1298,1250
CHCHD2P1,0,0,0,0,0,0
CHCHD2P11,0,0,0,0,0,0
CHCHD2P5,0,0,0,0,0,0
CHCHD3,395,261,935,668,861,818
CHCHD4,315,195,647,358,411,375
CHCHD4P1,0,0,0,0,0,0
CHCHD4P5,0,0,0,0,0,0
CHCHD5,15,10,156,8,67,75
CHCHD6,19,7,162,29,124,106
CHCHD7,369,178,744,608,560,551
CHCT1,2,0,4,0,0,0
CHD1,892,487,1362,1795,1212,1412
CHD1L,6,9,14,39,25,48
CHD2,1842,698,2838,5191,4997,6486
CHD3,3436,1368,7924,7389,13420,14941
CHD4,63,80,86,98,130,139
CHD5,5,1,62,19,108,99
CHD6,1212,536,2082,1606,1627,2353
CHD7,761,281,1094,754,741,954
CHD8,735,341,964,1701,1769,2231
CHD9,904,410,1030,3215,1810,2632
CHD9NB,12,4,23,208,433,654
CHDH,378,224,794,131,232,290
CHEK1,402,218,779,1250,1405,1306
CHEK2,447,184,1376,655,945,997
CHEK2P4,0,0,0,0,0,0
CHEK2P5,0,0,0,0,0,0
CHEK2P7,0,0,0,0,0,0
CHERP,79,34,546,87,427,489
CHFR,176,92,608,390,702,804
CHFR-DT,3,0,46,3,20,23
CHGA,0,0,0,0,0,0
CHGB,0,0,0,1,0,0
CHI3L1,1,1,6,2,11,15
CHI3L2,0,0,0,0,0,0
CHIA,0,0,0,0,0,0
CHIAP1,0,0,0,0,0,0
CHIC1,189,73,281,794,611,841
CHIC2,64,49,129,66,39,71
CHID1,123,47,765,147,1058,1142
CHIT1,0,0,0,0,0,0
CHKA,603,337,1316,926,1135,1231
CHKB,13,3,25,24,35,54
CHKB-CPT1B,2,0,5,4,12,16
CHKB-DT,15,1,21,37,53,60
CHL1,0,0,0,0,0,0
CHL1-AS1,0,0,0,0,0,0
CHL1-AS2,0,0,0,0,0,0
CHM,370,163,607,941,676,934
CHML,1432,713,2172,1874,1305,1631
CHMP1A,127,55,1476,178,1820,1967
CHMP1AP1,0,0,0,0,0,0
CHMP1B,439,258,1500,727,1110,1299
CHMP2A,307,129,2538,491,2297,2411
CHMP2B,637,342,1379,757,732,799
CHMP3,1054,671,1363,1216,1169,1208
CHMP3-AS1,0,0,0,5,3,10
CHMP4A,31,8,49,65,53,50
CHMP4B,1132,646,3233,1442,2588,2828
CHMP4C,484,285,1088,627,886,895
CHMP5,898,466,2076,725,1268,1322
CHMP6,22,3,188,18,118,116
CHMP7,264,118,892,569,1185,1186
CHN1,5,0,3,26,32,32
CHN2,0,0,0,0,1,0
CHODL,0,0,0,0,1,0
CHORDC1,985,493,1943,3293,3004,3588
CHP1,2835,1885,5243,4170,5028,5804
CHP1P3,0,0,0,0,0,0
CHP2,0,0,0,0,0,0
CHPF,10,5,118,16,177,220
CHPF2,97,48,496,302,791,900
CHPT1,674,264,1280,843,935,816
CHRAC1,425,180,1051,622,997,974
CHRD,0,1,4,79,523,648
CHRDL1,0,0,0,3,4,4
CHRDL2,4,0,2,0,0,2
CHRFAM7A,0,0,0,0,0,1
CHRM1,4,9,26,1,7,14
CHRM2,0,0,0,0,0,0
CHRM3,66,47,165,201,221,305
CHRM3-AS1,0,0,0,0,0,0
CHRM3-AS2,0,0,0,0,2,0
CHRM4,9,19,65,0,10,10
CHRM5,0,0,0,0,1,0
CHRNA1,0,0,0,0,0,0
CHRNA10,4,0,10,3,9,9
CHRNA2,0,0,0,0,3,7
CHRNA3,0,0,0,18,18,42
CHRNA4,0,0,0,0,0,0
CHRNA5,291,155,605,668,656,565
CHRNA6,0,0,0,0,0,0
CHRNA7,0,0,3,3,4,4
CHRNA9,0,0,0,0,1,0
CHRNB1,46,73,262,76,188,253
CHRNB2,3,0,4,6,29,20
CHRNB3,0,0,0,0,0,0
CHRNB4,4,0,3,4,11,15
CHRND,0,0,0,0,0,1
CHRNE,3,0,41,1,22,30
CHRNG,0,0,0,0,0,0
CHROMR,148,67,160,238,229,270
CHST1,1,0,9,6,43,43
CHST10,45,16,60,70,139,116
CHST11,26,0,45,53,96,138
CHST12,142,58,428,88,185,207
CHST13,0,0,0,0,0,0
CHST14,91,16,273,71,211,186
CHST15,95,60,231,452,565,678
CHST2,0,0,0,0,0,0
CHST3,13,11,15,68,161,164
CHST4,0,0,0,1,6,5
CHST5,0,0,0,0,0,1
CHST6,0,0,0,11,10,25
CHST7,4,0,15,6,18,9
CHST8,0,0,3,3,37,21
CHST9,0,0,2,0,0,0
CHSY1,1494,794,2444,1584,1940,2255
CHSY3,8,0,19,39,39,36
CHTF18,25,5,292,84,291,292
CHTF8,3,0,7,5,18,27
CHTOP,1028,479,2756,1102,1838,1905
CHUK,802,243,1359,1862,1331,1598
CHURC1,1469,980,3094,2836,2746,2842
CHURC1-FNTB,11,0,6,1,2,4
CIAO1,710,280,1545,1395,1776,2027
CIAO2A,171,96,721,446,647,663
CIAO2AP1,0,0,0,0,0,0
CIAO2B,29,8,125,10,87,48
CIAO3,70,26,432,94,415,453
CIAPIN1,350,176,796,323,550,525
CIART,249,158,537,33,54,63
CIB1,144,65,924,83,435,432
CIB2,0,0,2,4,24,23
CIB3,0,0,0,0,0,5
CIB4,0,0,3,1,3,10
CIBAR1,41,23,65,393,339,338
CIBAR1-DT,4,0,0,1,0,0
CIBAR2,2,4,13,2,15,3
CIC,99,24,633,119,851,1092
CICP12,0,0,0,0,0,0
CICP21,0,0,0,0,0,0
CICP27,0,0,0,0,0,0
CICP28,0,0,0,0,0,0
CIDEA,0,0,0,0,0,0
CIDEB,0,0,0,0,1,0
CIDEC,0,0,0,0,0,0
CIDECP1,65,33,341,37,207,200
CIITA,0,3,0,1,2,0
CILK1,645,394,1133,892,900,1092
CILP,0,0,0,0,0,1
CILP2,0,0,4,0,0,1
CIMAP1A,0,0,0,0,0,0
CIMAP1B,0,0,8,0,7,3
CIMAP1C,0,0,0,0,1,3
CIMAP1D,0,0,2,0,0,0
CIMAP2,0,0,0,0,0,0
CIMAP3,296,141,552,176,213,197
CIMIP1,0,0,3,0,0,0
CIMIP2A,9,0,16,1,16,10
CIMIP2B,0,0,2,0,0,0
CIMIP2C,0,0,2,0,0,0
CIMIP3,0,0,0,1,1,1
CIMIP4,0,0,0,0,0,0
CIMIP5,80,52,157,45,71,72
CIMIP6,0,0,3,11,4,5
CIMIP7,0,0,0,0,0,0
CINP,422,321,1274,835,1192,1162
CIP2A,123,66,232,488,393,413
CIPC,1006,569,1778,719,845,998
CIR1,508,399,1003,680,808,740
CIR1P1,0,0,0,0,0,0
CIR1P2,0,0,0,0,0,0
CIR1P3,0,0,0,0,0,0
CIRBP,3299,1899,16467,3999,10748,11497
CIRBP-AS1,0,0,5,1,4,7
CIROP,0,0,0,0,0,0
CISD1,558,363,1477,1014,1366,1547
CISD2,338,152,811,313,440,459
CISD3,111,80,404,58,206,235
CISH,52,73,226,10,33,20
CIST1,0,0,0,0,0,0
CISTR,0,0,0,0,0,0
CIT,492,223,828,1008,1279,1578
CITED1,1,0,3,0,4,0
CITED2,1660,1344,3647,3128,4807,4325
CITED4,7,2,74,3,26,26
CIZ1,1082,492,4940,546,2315,2507
CKAP2,998,560,1836,3777,3156,3486
CKAP2-DT,4,9,21,17,22,22
CKAP2L,379,170,599,764,795,758
CKAP2LP1,0,0,0,0,0,0
CKAP4,1128,635,2470,2308,4404,4171
CKAP5,4890,2398,7247,9458,7778,9004
CKB,61,34,625,24,167,173
CKLF,14,13,1,17,6,5
CKLF-CMTM1,0,0,0,0,0,0
CKM,0,0,0,0,0,0
CKMT1B,143,95,338,352.5,703.5,720
CKMT2,17,4,24,31,68,62
CKMT2-AS1,175,62,425,134,169,227
CKS1B,1000,633,2047,724,1198,1143
CKS2,474,336,1734,512,1799,1864
CLASP1,447,323,834,761,741,1075
CLASP2,1138,632,1717,1143,1024,1156
CLASRP,82,55,668,118,618,623
CLBA1,123,44,458,115,303,378
CLC,0,0,0,0,0,0
CLCA1,0,0,0,0,0,0
CLCA2,0,0,0,169,134,154
CLCA4,0,0,0,0,0,0
CLCA4-AS1,0,0,0,0,0,0
CLCC1,476,248,830,1111,1318,1365
CLCF1,4,4,8,1,8,3
CLCN1,0,0,0,0,0,2
CLCN2,32,13,136,221,467,600
CLCN3,2307,1033,3834,5019,3989,5490
CLCN3P1,0,0,1,1,0,0
CLCN4,61,21,129,130,204,253
CLCN5,545,237,784,591,507,568
CLCN6,134,49,279,196,389,496
CLCN7,127,69,1697,111,779,879
CLCNKA,1,0,11,5,21,41
CLCNKB,0,0,0,0,0,0
CLDN1,49767,24891,67448,11591,11330,11357
CLDN10,0,0,0,0,0,0
CLDN10-AS1,0,0,0,0,0,0
CLDN11,4,0,1,9,13,17
CLDN12,1081,589,1846,1865,1771,2150
CLDN14,0,0,0,0,0,0
CLDN15,22,2,87,58,194,215
CLDN16,369,148,585,44,75,69
CLDN17,0,0,0,0,0,0
CLDN18,0,0,0,0,0,0
CLDN19,0,0,0,0,0,2
CLDN2,0,0,0,0,0,0
CLDN20,0,0,0,0,0,0
CLDN22,0,0,2,0,0,0
CLDN23,7,2,23,2,4,5
CLDN24,0,0,0,0,0,0
CLDN25,1,0,3,0,0,2
CLDN3,17,5,484,3,106,106
CLDN34,0,0,0,2,0,1
CLDN4,674,516,4450,294,1972,2366
CLDN5,0,0,0,0,0,0
CLDN6,0,0,1,1,4,4
CLDN7,550,320,1589,319,987,1083
CLDN8,179,168,330,209,287,271
CLDN9,0,0,7,0,2,1
CLDND1,707,348,916,590,497,489
CLDND2,2,3,8,0,14,12
CLEC10A,0,0,0,0,0,0
CLEC11A,0,0,3,0,0,3
CLEC12A,0,0,0,4,3,4
CLEC12A-AS1,0,0,0,0,0,0
CLEC12B,0,0,0,1,0,0
CLEC14A,0,0,0,0,0,0
CLEC16A,285,145,849,285,566,639
CLEC17A,1,0,0,0,0,1
CLEC18A,0,0,5,0,2,7
CLEC18B,1,0,6,2,3,7
CLEC18C,0,0,0,0,0,0
CLEC19A,1,0,2,10,15,22
CLEC1A,0,0,0,0,1,0
CLEC1B,0,0,0,0,0,0
CLEC20A,0,0,0,0,0,0
CLEC2A,0,0,0,0,0,0
CLEC2B,0,0,2,302,303,302
CLEC2D,19,26,24,55,31,46
CLEC2L,0,0,0,0,0,0
CLEC3A,3,3,4,44516,50745,58818
CLEC3B,0,0,0,0,0,0
CLEC4A,0,0,0,0,0,0
CLEC4C,0,0,0,0,0,0
CLEC4D,0,0,0,0,0,0
CLEC4E,0,0,0,0,0,0
CLEC4F,2,0,3,18,23,14
CLEC4G,0,0,0,0,0,0
CLEC4M,3,0,2,0,0,1
CLEC5A,0,0,0,0,0,0
CLEC6A,0,0,0,0,0,0
CLEC7A,0,0,0,182,142,225
CLEC9A,0,0,0,0,0,0
CLGN,895,402,1768,108,102,106
CLHC1,148,40,216,379,237,367
CLIC1,1092,550,3956,1916,6600,6846
CLIC2,2,2,7,9,4,7
CLIC3,8,1,310,11,290,257
CLIC4,3451,1887,6545,5618,4690,5319
CLIC5,0,0,0,5,3,2
CLIC6,229,101,373,19,34,30
CLINT1,2566,1336,3563,3924,3675,4056
CLIP1,1670,835,2668,2532,2449,2893
CLIP2,11,6,112,16,71,74
CLIP3,57,19,71,27,49,36
CLIP4,2,0,1,6,6,7
CLK1,387,220,695,1251,813,1162
CLK2,737,320,1773,655,1374,1350
CLK3,545,196,1846,444,1510,1770
CLK4,292,115,520,743,642,988
CLLU1,0,0,0,0,0,0
CLLU1-AS1,1,0,0,0,0,0
CLMAT3,0,0,0,15,23,20
CLMN,2182,928,3422,689,807,997
CLMP,10,19,25,17,25,7
CLN3,25.5,5.5,39,33.5,59.5,51
CLN5,324,134,527,939,832,881
CLN6,57,30,322,103,301,332
CLN8,398,172,1018,616,1303,1650
CLN8-AS1,117,61,215,108,192,187
CLNK,0,0,0,0,0,0
CLNS1A,1103,542,2889,2012,2195,2068
CLNS1AP1,0,0,0,0,0,0
CLOCK,1323,643,1557,1647,1108,1619
CLP1,241,180,673,349,638,650
CLPB,512,190,1050,464,721,783
CLPP,23,3,150,26,175,153
CLPS,0,0,0,0,0,0
CLPSL1,17,1,75,10,38,39
CLPSL2,8,0,24,0,3,4
CLPTM1,531,276,2248,528,2930,2816
CLPTM1L,1147,603,4281,1455,3261,3301
CLPTM1LP1,0,0,0,0,0,0
CLPX,1021,590,1865,1585,1465,1463
CLRN1,0,0,0,0,0,0
CLRN2,0,0,0,0,0,0
CLRN3,0,0,0,0,0,0
CLSPN,35,22,79,528,545,523
CLSTN1,706,329,2430,1822,5771,6235
CLSTN2,2377,953,3512,5490,6241,9387
CLSTN2-AS1,0,0,1,0,0,0
CLSTN3,116,70,569,514,2368,2690
CLTA,476,335,1013,313,473,369
CLTB,44,9,245,58,330,317
CLTC,8027,4553,11811,23961,18984,22161
CLTCL1,75,62,327,307,585,660
CLTRN,12,5,30,3,4,4
CLU,5852,3363,27016,21347,81123,79080
CLUAP1,274,197,738,243,312,342
CLUH,155,41,1377,190,1833,2003
CLUHP10,0,0,0,0,0,0
CLUHP6,0,0,0,0,0,0
CLUL1,8,4,18,29,32,43
CLVS1,0,0,0,1,0,0
CLVS2,0,0,4,1,0,2
CLXN,5,5,8,0,0,0
CLYBL,46,22,129,46,48,72
CLYBL-AS1,0,0,0,0,0,0
CLYBL-AS2,0,0,0,0,0,0
CMA1,0,0,0,0,0,0
CMAS,294,181,686,1425,1569,1494
CMBL,673,416,1217,968,1341,1259
CMC1,39,14,155,51,124,91
CMC2,83,65,158,173,167,171
CMC4,1,0,6,0,0,0
CMIP,186,123,364,375,679,668
CMKLR1,0,0,0,1,0,0
CMKLR2,13,0,20,6,2,2
CMPK1,1047,575,2266,3018,2761,2717
CMPK1P2,0,0,0,0,0,0
CMPK2,0,0,1,14,25,22
CMSS1,182,150,647,109,345,334
CMTM1,3,2,12,0,16,13
CMTM2,0,0,0,0,0,0
CMTM3,0,0,0,0,0,0
CMTM4,1342,663,2703,2129,2096,2771
CMTM5,0,0,0,0,0,0
CMTM6,1213,681,2426,4213,3566,3891
CMTM7,40,19,154,107,181,217
CMTM8,36,42,121,54,138,125
CMTR1,848,319,1755,1758,3018,3333
CMTR2,533,262,930,1068,821,977
CMYA5,293,74,324,332,159,329
CNBD1,0,0,1,0,0,1
CNBD2,6,6,61,13,39,35
CNBP,2108,1217,5549,2360,3610,3426
CNDP1,0,0,0,0,0,2
CNDP2,969,512,3894,2222,5874,6397
CNEP1R1,83,59,207,284,292,262
CNEP1R1P1,3,0,0,0,0,0
CNFN,0,0,19,1,11,4
CNGA1,2,0,3,27,23,36
CNGA2,0,0,0,0,2,0
CNGA3,0,0,0,0,0,0
CNGA4,0,0,0,0,1,4
CNGB1,0,0,0,0,0,0
CNGB3,0,0,0,0,0,0
CNIH1,1481,944,2840,2222,2435,2557
CNIH2,10,17,27,40,138,124
CNIH3,16,16,72,63,114,133
CNIH3-AS2,0,0,0,0,0,0
CNIH4,978,714,1924,1813,1786,2023
CNKSR1,90,29,499,132,460,463
CNKSR2,0,0,0,0,0,0
CNKSR3,0,0,0,0,2,1
CNMD,0,0,0,0,0,0
CNN1,0,0,0,3,1,3
CNN2,407,142,2959,1110,6363,6874
CNN2P10,0,0,0,0,0,0
CNN2P12,0,0,0,0,0,0
CNN2P6,0,0,0,0,0,0
CNN3,2480,1749,5445,8217,7727,8251
CNNM1,0,0,0,0,0,0
CNNM2,279,152,616,219,298,333
CNNM3,190,150,508,178,365,423
CNNM3-DT,1,4,2,0,0,1
CNNM4,380,116,1084,430,1155,1310
CNOT1,3729,1797,4774,4069,3808,4668
CNOT10,648,357,1172,676,757,758
CNOT10-AS1,1,0,0,0,0,0
CNOT11,600,317,1161,745,874,882
CNOT2,1429,822,2282,2452,2149,2529
CNOT3,350,216,1123,280,963,911
CNOT4,395,273,672,1286,1326,1513
CNOT4P1,0,0,0,0,0,0
CNOT6,2068,1062,3393,3984,3151,3824
CNOT6L,840,490,1371,1703,1097,1464
CNOT7,1530,793,2737,4232,3601,3768
CNOT8,662,415,1381,925,1008,1093
CNOT9,637,423,1075,863,974,973
CNP,204,133,833,296,984,1128
CNPPD1,154,142,935,110,523,484
CNPY1,0,0,0,0,0,0
CNPY2,211,98,257,379,411,425
CNPY3,189,97,934,203,663,661
CNPY4,128,95,398,361,770,890
CNR1,0,0,0,0,0,0
CNR2,0,0,0,0,0,0
CNRIP1,0,0,0,0,0,0
CNST,758,435,1312,809,730,844
CNTD1,53,22,78,19,19,27
CNTF,22,9,34,22,23,26
CNTFR,6,0,12,0,0,0
CNTFR-AS1,0,0,0,0,0,0
CNTLN,78,44,137,163,158,177
CNTN1,0,0,0,81,78,116
CNTN2,0,0,0,0,0,0
CNTN3,56,42,92,131,127,132
CNTN4,0,0,4,2,0,3
CNTN4-AS2,0,0,0,0,0,0
CNTN5,9,16,20,79,61,114
CNTN6,1,0,2,3,3,3
CNTNAP1,21,0,66,59,166,160
CNTNAP2,1286,649,2388,798,884,1033
CNTNAP2-AS1,0,0,0,0,0,0
CNTNAP3,0,0,0.5,1.5,2.5,4
CNTNAP3B,0,0,1,0,1,0
CNTNAP4,0,0,0,0,0,0
CNTNAP5,0,0,0,40,20,21
CNTNAP5-DT,0,0,0,0,0,0
CNTRL,495,234,683,604,558,585
CNTROB,241,101,907,388,1151,1232
COA1,835,454,1310,1248,1321,1508
COA3,148,70,570,192,478,447
COA4,258,143,1055,315,697,685
COA5,224,86,511,303,370,356
COA6,102,60,296,85,205,165
COA6-AS1,19,3,89,8,34,20
COA7,829,623,1752,735,1039,1118
COA8,39,18,132,40,85,103
COASY,282,156,1782,350,1468,1554
COBL,126,57,278,294,613,678
COBLL1,869,438,1156,1492,1267,1641
COBLP1,0,0,0,0,0,0
COCH,0,0,0,0,0,0
COG1,554,188,865,574,969,926
COG2,594,379,1540,985,1229,1447
COG3,793,429,1089,1194,1017,1244
COG4,647,341,1648,905,1775,1792
COG5,854,468,1207,1267,1174,1291
COG6,847,536,1364,1133,1075,1217
COG7,281,182,555,227,436,420
COG8,247,156,597,316,641,624
COIL,678,391,1765,1308,1433,1668
COL10A1,0,0,0,0,0,0
COL11A1,0,0,0,0,0,1
COL11A2,17,1,140,58,203,206
COL11A2P1,0,0,0,0,0,0
COL12A1,9908,4258,14508,12401,9545,12476
COL13A1,0,0,0,3,4,9
COL14A1,6,0,1,12,4,11
COL15A1,6,0,7,3,5,8
COL16A1,48,2,154,50,224,294
COL17A1,0,0,0,7,19,24
COL18A1,7,4,108,81,698,881
COL18A1-AS1,0,0,0,0,0,0
COL18A1-AS2,0,0,0,0,0,0
COL19A1,0,0,0,0,0,0
COL1A1,160,75,776,230,914,1018
COL1A2,0,0,0,0,0,0
COL20A1,0,0,0,0,0,1
COL21A1,1,8,15,405,554,556
COL22A1,0,0,0,1,3,0
COL23A1,0,0,0,0,3,3
COL24A1,25,3,23,10,25,27
COL25A1,0,0,0,3,1,2
COL25A1-DT,0,0,0,0,0,0
COL26A1,0,0,7,11,45,40
COL27A1,6,3,30,255,967,1374
COL28A1,20,6,27,15,18,10
COL2A1,1,0,3,1,10,5
COL3A1,0,0,0,24,49,75
COL4A1,0,0,2,2,7,4
COL4A2,0,0,0,0,1,1
COL4A2-AS1,0,0,0,0,0,0
COL4A2-AS2,0,0,0,0,0,0
COL4A3,0,0,1,4,3,1
COL4A4,1,0,0,6,12,9
COL4A5,535,198,1345,2276,3827,5203
COL4A6,61,24,240,361,825,1010
COL5A1,3,0,4,216,750,879
COL5A2,37,8,96,526,858,1204
COL5A3,0,0,0,0,0,0
COL6A1,9,0,74,107,744,956
COL6A2,1,0,12,21,258,291
COL6A3,0,1,2,0,0,4
COL6A5,3,0,3,0,0,0
COL6A6,0,0,0,0,0,0
COL7A1,108,16,1467,32,296,378
COL8A1,0,0,0,0,0,0
COL8A2,0,0,6,1,5,1
COL9A1,0,0,0,0,3,0
COL9A2,31,14,264,12,46,72
COL9A3,12,3,127,7,11,13
COLCA1,6,0,7,200,198,222
COLEC10,0,0,0,0,0,0
COLEC11,2,4,9,0,1,4
COLEC12,0,0,0,0,0,0
COLGALT1,169,113,763,522,1923,2060
COLGALT2,3,0,0,7,7,13
COLQ,17,8,35,65,78,105
COMMD1,66,34,297,105,383,331
COMMD10,445,274,869,343,391,424
COMMD2,1645,976,3305,1914,2012,2291
COMMD3,75,25,79,66,82,77
COMMD3-BMI1,0,0,0,0,0,0
COMMD4,190,76,1003,152,825,751
COMMD5,59,39,392,35,344,379
COMMD5P1,0,0,0,0,0,0
COMMD6,342,276,874,376,769,685
COMMD7,173,130,463,153,307,252
COMMD8,58,77,308,188,276,267
COMMD9,493,234,1632,304,1246,1168
COMP,0,0,1,1,0,0
COMT,55,13,425,154,1087,1278
COMTD1,13,0,64,1,52,34
COP1,772,429,1596,947,985,875
COP1P1,0,0,0,0,0,0
COPA,8592,4955,14394,8509,9563,10547
COPB1,2403,1292,4289,3449,3271,3077
COPB2,11264,5687,17090,16679,15628,16943
COPB2-DT,280,69,516,191,213,312
COPE,45,7,344,19,280,304
COPG1,3770,2347,10733,2291,5829,6381
COPG2,737,422,1177,1134,1220,1149
COPRS,187,117,383,253,394,346
COPS2,2392,1521,4126,4374,3435,3858
COPS3,453,177,1081,872,1021,967
COPS3P1,0,0,0,0,0,0
COPS4,553,412,1101,1063,1254,1433
COPS5,1109,534,3609,1492,3371,3715
COPS5P2,0,0,0,0,0,0
COPS6,323,250,1306,507,1466,1543
COPS7A,246,69,633,192,543,522
COPS7B,316,164,710,418,694,799
COPS8,426,241,871,637,733,859
COPS8-DT,14,6,36,15,23,15
COPS8P3,0,0,0,0,0,0
COPS9,11,17,126,16,103,87
COPZ1,3677,2420,6913,6468,6803,6809
COPZ2,36,9,47,125,240,234
COQ10A,73,24,138,95,150,140
COQ10B,213,257,727,399,581,604
COQ2,118,78,265,182,263,239
COQ3,221,118,425,293,394,377
COQ4,564,166,1188,533,1007,1050
COQ5,591,358,1617,505,783,789
COQ6,274,162,455,412,519,532
COQ7,401,186,992,415,538,626
COQ7-DT,6,0,2,0,4,2
COQ8A,8,0,16,1,6,6
COQ8B,132,56,700,242,648,755
COQ9,368,242,1036,181,363,366
CORIN,1,0,0,0,0,0
CORO1A,0,0,5,0,5,3
CORO1B,183,73,3282,224,3555,4074
CORO1C,972,509,1851,2459,3190,3394
CORO1CP1,0,0,0,0,0,0
CORO2A,221,169,540,165,307,339
CORO2B,0,0,0,0,1,0
CORO6,0,0,0,0,2,6
CORO7,4,0,21,1,23,23
CORO7-PAM16,0,0,0,0,0,0
CORT,0,0,0,1,0,1
COSMOC,18,8,46,9,39,31
COTL1,63,42,635,300,1125,1132
COX1,369549,163684,404376,496041,579908,523774
COX10,282,132,476,145,263,268
COX10-DT,288,204,489,672,485,652
COX11,388,156,794,651,677,726
COX14,65,53,203,99,264,287
COX15,1746,913,3115,2347,2458,2656
COX16,17,6,39,51,43,50
COX16P1,0,0,0,0,0,0
COX17,65,19,657,101,567,595
COX18,295,162,635,666,688,794
COX19,149,121,653,155,286,331
COX2,347227,155049,379194,399203,415628,364765
COX20,963,583,1831,1077,1071,1110
COX3,329427,137296,351218,461181,563047,489221
COX4I1,949,533,5701,1068,5104,4920
COX4I1P2,0,0,0,0,0,0
COX4I2,0,0,0,2,7,6
COX5A,248,253,494,198,287,298
COX5B,93,38,333,57,160,150
COX5BP2,0,0,0,0,0,0
COX5BP8,0,0,0,0,0,0
COX6A1,172,198,361,174,347,314
COX6A1P4,0,0,0,0,0,0
COX6A1P6,0,0,0,0,0,0
COX6A1P7,0,0,0,0,0,0
COX6A2,0,0,0,0,0,0
COX6B1,1475,1133,2514,1430,2550,2434
COX6B1P6,0,0,0,0,0,0
COX6B1P7,0,0,0,0,0,0
COX6B2,0,0,0,1,5,3
COX6C,2185,1596,6408,3759,6630,6583
COX6CP12,0,0,0,0,0,0
COX6CP13,0,0,0,0,0,0
COX6CP14,0,0,0,0,0,0
COX6CP15,0,0,0,0,0,0
COX6CP18,0,0,0,0,0,0
COX6CP5,0,0,0,0,0,0
COX6CP7,0,0,0,0,0,0
COX6CP8,0,0,0,0,0,0
COX7A1,0,0,0,0,0,0
COX7A2,800,739,1740,1265,2175,1973
COX7A2L,1465,892,3954,1415,2643,2686
COX7B,1164,852,1920,2171,2386,2224
COX7B2,0,0,0,1,1,0
COX7BP4,0,0,0,0,0,0
COX7C,1779,1150,4299,1371,3513,3348
COX7CP3,0,0,0,0,0,0
COX7CP4,0,0,0,0,0,0
COX8A,111,104,257,32,174,158
COX8C,0,0,0,0,0,0
CP,1,0,0,18,12,15
CPA1,0,0,0,0,0,0
CPA2,0,0,0,0,0,0
CPA3,0,0,0,0,0,0
CPA4,4,0,14,75,81,82
CPA5,0,0,0,0,2,0
CPA6,0,0,0,0,0,0
CPAMD8,324,106,1943,572,3428,4528
CPAMD8P1,13,0,39,23,84,119
CPB1,0,0,0,0,0,0
CPB2,0,0,0,2,0,1
CPB2-AS1,2,0,8,5,8,9
CPD,5010,2842,7485,11976,8077,10467
CPDP1,0,0,0,0,0,0
CPE,409,269,1074,1987,2564,2509
CPEB1,0,0,3,0,0,0
CPEB1-AS1,0,0,0,0,0,0
CPEB2,247,89,278,456,366,485
CPEB2-DT,0,0,0,0,0,1
CPEB3,494,164,871,408,364,450
CPEB4,1267,708,1984,1421,979,1410
CPED1,3,1,14,2,0,0
CPHXL,0,0,0,0,1,0
CPHXL2,0,0,0,0,0,0
CPLANE1,373,168,397,1364,805,1056
CPLANE1-AS1,0,0,6,0,5,2
CPLANE2,39,19,199,30,121,150
CPLX1,9,0,42,5,24,15
CPLX2,0,0,0,0,0,2
CPLX3,0,0,0,0,0,0
CPLX4,0,0,0,0,0,0
CPM,4,11,8,21,35,29
CPN1,0,0,0,0,0,0
CPN2,14,5,26,123,298,314
CPNE1,580,405,1552,563,1510,1477
CPNE2,5,0,11,70,219,206
CPNE3,3832,2004,6448,9181,7793,9332
CPNE4,0,0,0,7,10,24
CPNE5,0,0,1,0,0,6
CPNE6,0,0,0,0,0,0
CPNE7,27,38,121,16,70,74
CPNE8,2,0,1,106,104,103
CPNE8-AS1,0,0,0,0,0,0
CPNE9,1,0,6,1,5,6
CPO,4,0,1,1,3,2
CPOX,141,80,310,391,435,455
CPPED1,168,129,554,173,343,400
CPQ,744,359,1590,1218,1409,1578
CPS1,19,2,27,26,20,46
CPS1-IT1,0,0,0,0,0,0
CPSF1,185,62,2341,139,1804,2148
CPSF1P1,0,0,0,0,0,0
CPSF1P2,0,0,0,0,0,0
CPSF2,1910,877,3820,3280,2953,3491
CPSF3,367,246,817,743,923,868
CPSF4,73,31,352,67,386,422
CPSF4L,0,0,0,9,2,7
CPSF6,1500,572,3050,2909,2780,3322
CPSF7,3045,1429,6125,2528,4649,4677
CPT1A,1846,1020,4733,3213,6167,6338
CPT1B,13,2,29,11,33,59
CPT1C,11,5,46,5,29,45
CPT2,457,234,898,492,807,763
CPTP,15,11,137,35,141,142
CPVL,0,0,6,138,221,174
CPVL-AS1,0,0,0,0,0,0
CPVL-AS2,108,41,108,39,26,30
CPXCR1,0,0,0,0,0,0
CPXM1,0,0,2,0,0,0
CPXM2,7,0,15,5,21,23
CPZ,0,0,0,0,0,0
CR1,0,0,0,4,0,0
CR1L,0,0,0,0,0,0
CR2,3,0,0,7,9,11
CRABP1,0,1,6,0,5,7
CRABP2,2187,1388,15663,9995,51577,57361
CRACD,180,63,342,135,163,245
CRACDL,88,66,215,75,221,202
CRACR2A,0,0,0,3,7,5
CRACR2B,119,32,1118,37,370,381
CRADD,171,47,238,171,279,259
CRADD-AS1,0,0,0,0,0,0
CRAMP1,125,38,333,94,232,251
CRAT,466,265,1648,663,2686,3042
CRAT37,2,0,2,4,0,0
CRB1,1,0,1,4,11,16
CRB2,0,0,0,1,3,4
CRB3,140,49,476,240,469,618
CRB3P1,0,0,0,0,0,0
CRBN,913,445,1900,943,998,1176
CRCP,1057,743,2071,934,1537,1512
CRCT1,0,0,0,0,0,0
CREB1,1421,745,2387,1354,1096,1158
CREB3,480,251,1803,353,655,644
CREB3L1,0,0,4,26,122,63
CREB3L2,1609,816,2377,2117,2176,2802
CREB3L2-AS1,0,0,0,0,0,0
CREB3L3,0,0,0,0,0,0
CREB3L4,1062,503,3865,592,1855,1829
CREB5,7,0,4,353,242,366
CREBBP,1232,520,2269,1087,1459,1722
CREBL2,240,147,461,676,562,698
CREBRF,401,175,734,339,227,330
CREBZF,1392,503,2264,3618,2911,3364
CREG1,2201,1391,3589,1646,2074,1718
CREG2,1,9,2,4,9,6
CRELD1,650,170,1282,292,491,613
CRELD2,299,126,1746,82,310,333
CREM,38,8,111,186,265,274
CRH,0,0,0,6,9,9
CRHBP,0,0,0,0,0,0
CRHR1,0,0,0,0,0,0
CRHR2,0,0,0,0,0,0
CRIM1,2555,1467,4115,5011,5186,5671
CRIP1,1,0,14,1,3,2
CRIP1P1,0,0,0,0,0,0
CRIP1P3,0,0,0,0,0,0
CRIP2,35,14,810,27,654,749
CRIP3,1,0,2,2,1,4
CRIPT,238,119,326,263,292,254
CRIPTO,0,0,0,0,0,0
CRIPTO3,0,0,0,0,0,0
CRISP1,35,18,29,33,31,31
CRISP2,39,26,23,0,0,0
CRISP3,27814,15553,37347,563,439,483
CRISPLD1,192,117,313,1445,1470,1613
CRISPLD2,132,64,362,194,340,398
CRK,958,564,2264,2506,2598,3208
CRKL,1671,793,2760,1759,2116,2490
CRLF1,4,0,26,1,25,27
CRLF2,0,0,0,0,0,0
CRLF3,193,67,302,325,331,347
CRLS1,17,4,27,38,18,28
CRMP1,0,0,0,0,0,0
CRNDE,1530,557,2192,3974,2778,3572
CRNKL1,839,519,2043,1221,1494,1629
CRNN,0,0,0,0,0,0
CROCC,40,12,243,87,288,291
CROCC2,0,0,2,0,0,0
CROCCP1,0,0,0,0,0,0
CROCCP3,24,0,31,39,37,61
CROCCP4,0,0,0,0,0,1
CROT,155,44,277,714,571,638
CRP,0,0,0,0,2,0
CRPP1,0,0,0,0,0,0
CRPPA,68,21,151,47,35,35
CRPPA-AS1,0,0,0,0,0,0
CRTAC1,1,0,0,0,3,0
CRTAM,0,0,0,0,0,0
CRTAP,3804,1995,7811,5991,8709,9274
CRTC1,29,11,228,36,184,170
CRTC1P1,0,0,0,0,0,0
CRTC2,274,108,1075,154,819,764
CRTC3,618,302,1114,458,855,979
CRTC3-AS1,7,2,31,3,8,14
CRX,0,0,0,0,0,0
CRY1,228,98,441,352,383,383
CRY2,272,173,933,194,528,606
CRYAA,0,0,0,0,0,0
CRYAB,17,6,35,161,611,538
CRYBA1,0,0,0,0,0,0
CRYBA2,0,0,1,0,0,4
CRYBA4,0,0,0,0,0,0
CRYBB1,0,0,0,0,0,0
CRYBB2,0,0,0,0,5,4
CRYBB3,0,0,0,0,3,9
CRYBG1,610,270,1016,6753,5571,6710
CRYBG2,20,3,100,46,312,368
CRYBG3,656,283,927,807,514,612
CRYGA,0,0,0,0,0,0
CRYGB,0,0,0,0,0,0
CRYGC,0,0,0,0,0,0
CRYGD,0,0,0,0,0,0
CRYGGP,0,0,0,0,0,0
CRYGN,0,0,0,0,0,1
CRYGS,40,17,44,61,36,47
CRYL1,118,50,324,124,389,340
CRYM,0,0,1,0,2,3
CRYZ,525,326,941,1282,1095,1137
CRYZL1,463,214,757,888,852,974
CS,4307,2082,6823,7105,8818,8957
CSAD,995,205,1837,1049,1987,2350
CSAG1,315,177,959,0,3,1
CSAG3,57,31.5,121,0.5,0,0
CSDC2,0,0,0,0,0,0
CSDE1,10261,5941,16937,18153,16420,17766
CSE1L,4096,2671,7329,7051,7565,7438
CSE1L-DT,9,0,2,3,5,4
CSF1,34,25,116,5,18,15
CSF1R,0,0,0,2,8,3
CSF2,0,0,0,0,0,0
CSF2RA,235,135,502,294,475,507
CSF2RB,0,0,2,0,0,0
CSF2RBP1,0,0,0,0,0,0
CSF3,0,0,0,0,0,0
CSF3R,2,0,3,3,0,4
CSGALNACT1,0,0,0,4,6,7
CSGALNACT2,713,476,1225,1603,1333,1551
CSGALNACT2-DT,6,3,11,1,5,11
CSGALNACT2P1,0,0,0,0,0,0
CSH1,0,0,0,0,0,0
CSH2,0,0,0,0,0,0
CSHL1,0,0,0,0,0,0
CSK,102,53,1114,105,1111,1231
CSKMT,86,121,215,22,95,76
CSMD1,283,110,508,229,312,454
CSMD2,0,0,3,11,31,42
CSMD2-AS1,0,0,0,0,1,0
CSMD3,0,0,0,2,0,0
CSN1S1,0,0,0,0,0,0
CSN2,0,0,0,0,0,0
CSN3,0,0,0,0,0,0
CSNK1A1,3034,1884,5150,4621,4435,5520
CSNK1A1L,0,0,0,0,0,0
CSNK1D,790,444,2746,1481,3657,4330
CSNK1E,237,116,892,298,1055,1275
CSNK1G1,814,421,1165,926,843,986
CSNK1G2,36,8,370,80,457,459
CSNK1G2-AS1,0,0,0,0,0,0
CSNK1G3,1208,682,1995,1410,1133,1337
CSNK2A1,3591,1830,6213,5102,5641,6652
CSNK2A2,1220,663,2045,759,853,871
CSNK2A2IP,0,0,0,0,0,0
CSNK2A3,3,2,5,7,4,10
CSNK2B,50,55,85,119,197,212
CSP2,0,0,0,0,0,0
CSPG4,1,0,1,1,6,8
CSPG4BP,2,0,0,5,2,2
CSPG4P10,0,0,1,2,2,4
CSPG4P12,0,0,0,0,0,4
CSPG4P13,0,0,0,0,0,0
CSPG4P1Y,0,0,0,0,0,0
CSPG4P2Y,0,0,0,0,0,0
CSPG5,1,0,14,15,35,32
CSPP1,671,275,1158,1187,837,1115
CSRNP1,40,37,261,26,137,143
CSRNP2,526,234,920,719,795,972
CSRNP3,61,24,64,111,53,73
CSRP1,324,182,1266,2952,10117,11095
CSRP1-AS1,13,6,16,26,40,46
CSRP2,0,0,1,0,0,0
CSRP3,0,0,0,0,0,0
CST1,0,0,0,0,0,0
CST11,0,0,0,0,0,0
CST12P,0,0,0,0,0,0
CST2,0,0,0,0,0,0
CST3,92,58,485,47,229,236
CST4,0,0,0,0,9,13
CST5,0,0,0,0,0,1
CST6,0,0,0,0,0,0
CST7,0,0,0,0,0,0
CST8,0,0,0,0,0,0
CST9,0,0,1,0,0,0
CST9L,0,0,0,0,0,0
CST9LP2,0,0,0,0,0,0
CSTA,7,0,23,77,71,66
CSTB,195,148,925,278,765,711
CSTBP1,0,0,0,0,0,0
CSTF1,735,487,1385,938,1311,1300
CSTF2,268,117,725,887,1195,1244
CSTF2T,940,505,2240,1832,3472,3748
CSTF3,707,334,1708,1488,2223,2312
CSTF3-DT,0,0,5,5,11,9
CSTL1,0,0,0,0,0,0
CSTP1,0,0,0,0,0,0
CSTP2,0,0,0,0,0,0
CSTPP1,354,194,1313,531,1299,1391
CT45A1,5,13,9,22,23,14
CT45A10,0,0,0,0,3,0
CT45A11P,0,0,0,0,0,0
CT45A2,0,0,0,0,0,0
CT45A3,29,39,87,35,47,71
CT45A5,18,24,33,79,95,64
CT45A6,0,1,0,0,1,0
CT45A7,0,0,0,0,0,0
CT45A8,0,0,0,0,0,0
CT45A9,0,0,0,0,0,0
CT47A1,0,0,0,0,0,0
CT47A10,0,0,0,0,0,0
CT47A11,0,0,0,0,0,0
CT47A12,0,0,0,0,0,0
CT47A2,0,0,0,0,0,0
CT47A3,0,0,0,0,0,0
CT47A4,0,0,0,0,0,0
CT47A5,0,0,0,0,0,0
CT47A7,0,0,0,0,0,0
CT47A8,0,0,0,0,0,0
CT47A9,0,0,0,0,0,0
CT47B1,0,0,0,0,0,0
CT47C1,0,0,0,0,0,0
CT55,0,0,0,0,0,0
CT62,11,15,45,9,11,15
CT66,4,9,5,5,7,9
CT69,0,0,0,0,0,0
CT70,0,0,1,2,3,0
CT83,0,0,0,0,0,0
CTAG1A,0,0,0,0,0,0
CTAG1B,0,0,0,0,0,0
CTAG2,0,0,0,0,0,0
CTAGE1,0,0,0,0,0,0
CTAGE10P,0,0,0,0,0,0
CTAGE11P,0,0,0,0,0,0
CTAGE12P,1,2,0,2,0,0
CTAGE13P,1,0,0,0,0,0
CTAGE14P,0,0,0,0,0,0
CTAGE15,0,0,2,0,2,0
CTAGE16P,0,0,0,0,0,0
CTAGE3P,5,0,3,3,3,7
CTAGE6,0,7,0,0,2,0
CTAGE7P,0,0,0,0,0,0
CTAGE9,4,0,1,2,0,1
CTB-1I21.1,0,0,2,3,1,2
CTB-30L5.1,3,7,0,0,2,1
CTB-99A3.1,0,0,0,1,0,0
CTBP1,350,181,1334,361,854,908
CTBP1-AS,0,0,0,0,1,0
CTBP1-DT,333,203,1026,230,503,691
CTBP2,1026,612,2423,755,1238,1334
CTBP2P4,0,0,3,1,2,0
CTBP2P7,0,0,0,0,0,0
CTBS,327,214,505,410,399,422
CTC1,441,227,1080,422,781,911
CTCF,786,573,1930,1079,1533,1680
CTCF-DT,0,0,0,0,2,1
CTCFL,0,0,0,0,0,0
CTD-2194D22.4,0,0,0,0,0,0
CTD-2350J17.1,0,0,0,0,0,0
CTDNEP1,413,380,651,364,613,586
CTDP1,30,13,171,54,192,167
CTDP1-DT,0,0,0,0,0,0
CTDSP1,159,134,964,121,884,932
CTDSP2,2177,985,5316,3266,6248,7168
CTDSPL,943,460,1874,2239,2629,3001
CTDSPL2,1330,683,2319,1580,1383,1691
CTF1,181,102,512,51,215,214
CTF2P,0,0,0,0,0,0
CTH,66,44,100,88,102,127
CTHRC1,0,0,0,0,0,0
CTHRC1P1,0,0,0,2,0,1
CTIF,253,97,1187,187,779,976
CTLA4,0,0,0,0,0,0
CTNNA1,4167,2226,10170,8998,12153,13665
CTNNA1-AS1,0,2,3,0,1,0
CTNNA2,0,0,0,0,0,0
CTNNA3,0,0,0,5,14,13
CTNNAL1,423,272,656,1023,985,919
CTNNB1,2790,1743,5072,6090,7850,7942
CTNNBIP1,122,70,478,231,447,472
CTNNBL1,419,221,1502,613,1406,1460
CTNNBL1P1,0,0,0,0,0,0
CTNND1,1474,643,2334,3579,2679,3867
CTNND2,0,0,9,0,0,0
CTNS,141,47,479,94,253,251
CTPS1,260,172,525,608,777,820
CTPS2,1016,614,2137,1719,1684,1791
CTR9,891,614,1819,2148,2243,2459
CTRB1,0,0,0,0,0,0
CTRB2,0,0,0,0,0,0
CTRC,0,0,0,0,0,0
CTRL,0,0,0,0,0,0
CTSA,947,405,2867,685,1957,1916
CTSB,1523,852,6356,2852,9885,9718
CTSC,86,34,140,195,253,189
CTSD,272,206,2161,297,2664,2778
CTSE,0,0,0,0,0,0
CTSF,890,601,3942,487,1455,1485
CTSG,0,0,0,0,0,0
CTSH,57,53,193,79,165,162
CTSK,123,52,198,138,138,155
CTSL,103,37,329,306,398,420
CTSLP3,0,0,0,1,0,0
CTSO,235,100,456,329,315,302
CTSS,1,8,4,7,14,18
CTSV,80,14,248,273,475,403
CTSW,0,0,0,0,0,0
CTSZ,1229,645,3891,3172,7923,7744
CTTN,1822,863,6187,4381,10023,11510
CTTNBP2,0,0,0,0,0,0
CTTNBP2NL,246,107,379,379,421,471
CTU1,5,0,31,0,12,19
CTU2,6,0,105,4,51,57
CTXN1,5,2,46,4,81,80
CTXN2,0,0,0,0,0,0
CTXN3,0,0,0,0,0,0
CTXND1,0,0,0,0,0,0
CTXND2,0,0,0,1,1,0
CUBN,0,0,0,1,1,2
CUBNP1,0,0,0,0,0,0
CUBNP2,0,0,0,0,0,1
CUBNP3,0,0,0,0,0,0
CUEDC1,342,180,1771,576,1879,1989
CUEDC2,114,74,1307,104,1146,1231
CUL1,478,285,1113,1029,1384,1391
CUL2,645,349,1160,1343,1322,1362
CUL3,1535,822,2811,2937,2711,2737
CUL4A,1084,686,2186,1756,2123,2385
CUL4B,2610,1338,4137,4788,4062,4598
CUL5,1899,896,3451,4116,2963,3898
CUL7,403,196,1498,547,2449,2624
CUL9,239,95,838,264,681,985
CUPIN1P,0,0,0,0,0,0
CUTA,313,217,1680,255,918,959
CUTC,279,98,666,387,584,615
CUX1,654,365,1327,934,1274,1652
CUX2,1,2,9,1,0,0
CUZD1,2,0,0,3,2,3
CWC15,1041,672,2195,1457,1774,1808
CWC22,400,248,811,920,712,762
CWC25,353,160,852,473,876,950
CWC27,873,483,1510,1109,1242,1258
CWF19L1,762,533,1470,1112,1288,1373
CWF19L2,648,299,1326,989,830,940
CWH43,0,0,3,4,6,12
CX3CL1,0,0,0,0,5,2
CX3CR1,1,0,6,21,25,40
CXADR,753,365,1411,2771,2315,2536
CXADRP1,12,0,11,3,7,3
CXCL1,0,0,1,1,0,0
CXCL10,0,0,0,0,0,0
CXCL11,0,0,0,0,0,1
CXCL12,3640,1814,7705,3572,4816,5345
CXCL13,0,0,0,0,0,0
CXCL14,0,0,0,0,0,0
CXCL16,330,114,983,703,2259,2193
CXCL17,0,0,0,0,0,0
CXCL2,0,0,0,0,0,0
CXCL3,0,0,1,0,0,0
CXCL5,0,0,0,0,0,1
CXCL6,0,0,0,0,0,0
CXCL8,0,0,0,0,0,0
CXCL9,0,0,0,0,0,0
CXCR1,0,0,0,0,0,0
CXCR2,0,0,0,5,9,6
CXCR3,0,0,0,0,0,0
CXCR4,7,3,32,70,175,187
CXCR5,0,0,1,0,1,0
CXCR6,0,0,0,0,0,0
CXXC1,168,45,729,296,1012,1048
CXXC4,25,10,41,123,105,143
CXXC4-AS1,0,0,0,3,2,0
CXXC5,267,127,790,306,578,513
CXXC5-AS1,0,0,0,0,0,0
CXorf38,254,110,654,393,540,610
CXorf49,0,0,0,0,0,0
CXorf49B,0,0,0,0,0,0
CXorf51A,0,0,0,0,0,0
CXorf51B,0,0,0,0,0,0
CXorf58,1,0,3,6,3,4
CXorf65,0,0,0,0,0,0
CXorf66,0,0,0,0,0,0
CYB561,1159,635,4356,1143,2922,3290
CYB561A3,144,93,694,222,709,713
CYB561D1,119,46,358,172,393,426
CYB561D2,30,13,88,40,67,80
CYB5A,615,417,2258,1589,3043,3550
CYB5B,629,354,1545,1732,3268,3640
CYB5D1,20,23,124,55,165,223
CYB5D2,50,75,293,110,393,421
CYB5R1,342,209,1298,707,1444,1470
CYB5R2,17,0,58,61,162,204
CYB5R3,134,60,1018,340,1991,2161
CYB5R4,121,43,242,442,400,451
CYB5RL,279,87,515,167,256,273
CYBA,0,0,1,1,2,1
CYBB,3,0,1,9,14,16
CYBC1,134,45,967,311,1519,1654
CYBRD1,2065,993,3599,3856,3443,3976
CYC1,120,38,968,66,633,645
CYCS,4686,2518,9242,3501,4278,4316
CYCSP2,0,0,0,0,0,0
CYCSP23,0,0,0,0,0,0
CYCSP3,0,0,0,1,0,1
CYCSP42,0,0,0,0,0,0
CYCSP5,0,0,0,0,0,0
CYCSP52,0,0,0,0,0,0
CYCSP53,0,0,0,0,0,0
CYCTP,0,0,0,0,0,0
CYFIP1,778,371,2368,1560,3505,3911
CYFIP2,263,129,535,2393,4111,4272
CYGB,0,0,0,0,1,1
CYLC1,0,0,0,0,0,0
CYLC2,0,0,0,0,0,0
CYLD,770,440,1302,1476,1092,1413
CYLD-AS1,0,0,3,3,2,8
CYLD-AS2,0,0,0,0,0,0
CYMP,0,0,0,0,0,0
CYMP-AS1,0,0,0,0,0,0
CYP11A1,0,0,0,0,0,0
CYP11B1,0,0,0,0,0,0
CYP11B2,0,0,0,0,0,0
CYP17A1,0,0,0,1,0,2
CYP19A1,0,0,0,0,0,0
CYP1A1,0,0,13,0,3,3
CYP1A2,2,0,2,0,0,0
CYP1B1,1042,547,1892,6575,5632,6562
CYP1B1-AS1,33,7,38,26,21,35
CYP1D1P,0,0,0,0,0,0
CYP20A1,473,233,935,290,361,356
CYP21A2,0,0,0,0,0,0
CYP24A1,0,0,0,8,8,5
CYP26A1,0,0,0,0,1,0
CYP26B1,2,0,5,0,1,1
CYP26C1,0,0,0,0,0,0
CYP27A1,0,0,6,0,4,3
CYP27B1,7,4,23,11,32,45
CYP27C1,0,0,0,2,3,9
CYP2A13,1,0,3,0,0,0
CYP2A6,0,0,0,0,0,0
CYP2A7,0,0,0,0,0,1
CYP2A7P1,0,0,0,0,0,0
CYP2AB1P,0,0,1,0,1,0
CYP2AC1P,0,0,0,0,0,0
CYP2B6,0,0,2,0,0,1
CYP2C18,0,0,0,0,0,0
CYP2C19,0,0,0,0,0,0
CYP2C23P,0,0,0,0,0,0
CYP2C56P,0,0,0,0,0,0
CYP2C58P,0,0,0,0,0,0
CYP2C60P,0,0,0,0,0,0
CYP2C61P,0,0,0,0,0,0
CYP2C8,0,0,0,0,0,0
CYP2C9,0,0,0,0,0,0
CYP2D6,0,0,0,3,1,6
CYP2D8P,1,0,6,1,9,12
CYP2E1,11,0,20,21,37,37
CYP2F1,0,0,0,0,0,0
CYP2G2P,0,0,0,0,0,0
CYP2J2,68,23,133,27,25,37
CYP2R1,394,111,681,460,415,474
CYP2S1,90,85,391,11,50,41
CYP2T3P,0,0,1,0,0,0
CYP2U1,206,61,327,417,386,448
CYP2U1-AS1,5,1,14,35,33,49
CYP2W1,0,0,0,0,1,0
CYP39A1,53,8,87,179,174,222
CYP3A137P,0,0,0,0,0,0
CYP3A4,0,0,0,0,0,0
CYP3A43,0,0,0,0,0,0
CYP3A5,0,0,0,0,0,1
CYP3A51P,0,0,0,0,0,0
CYP3A52P,0,0,0,0,0,0
CYP3A54P,0,0,0,0,0,0
CYP3A7,0,0,0,0,0,0
CYP3A7-CYP3A51P,0,0,0,0,0,0
CYP46A1,13,10,4,28,30,19
CYP4A11,0,0,3,0,0,0
CYP4A22,0,0,1,0,0,0
CYP4A27P,0,0,0,0,0,0
CYP4A43P,0,0,0,0,0,0
CYP4A44P,0,0,0,0,0,0
CYP4B1,22,0,17,20,34,52
CYP4F11,0,0,0,0,0,1
CYP4F12,0,0,0,3,8,17
CYP4F2,0,0,0,0,0,0
CYP4F22,2,1,10,252,603,662
CYP4F26P,24,9,43,17,13,23
CYP4F27P,0,0,0,0,0,0
CYP4F3,0,0,0,4,0,4
CYP4F32P,0,0,1,1,7,7
CYP4F33P,0,0,0,0,0,0
CYP4F36P,0,0,0,0,0,0
CYP4F44P,0,0,0,0,0,0
CYP4F60P,0,0,0,0,0,0
CYP4F8,4,0,6,28,18,47
CYP4V2,105,55,177,184,237,293
CYP4X1,281,124,400,46,71,57
CYP4Z1,22,26,47,6,4,8
CYP51A1,4,0,71,14,94,137
CYP51A1-AS1,3,0,6,0,0,6
CYP7A1,0,0,0,0,2,0
CYP7B1,19,19,21,0,0,0
CYP8B1,0,0,0,0,0,0
CYREN,114,79,449,305,541,677
CYRIA,6,1,30,86,48,97
CYRIB,932,547,1516,1286,1334,1301
CYS1,1,0,4,26,119,105
CYSLTR1,6,8,5,86,67,92
CYSLTR2,0,0,0,1,0,0
CYSRT1,1,1,22,0,12,13
CYSTM1,653,404,1966,808,2459,2793
CYTB,270901,126634,337476,279960,341206,317604
CYTH1,231,111,613,575,906,967
CYTH1P1,0,0,0,1,0,0
CYTH2,430,132,2111,469,2031,2173
CYTH3,188,68,555,180,303,340
CYTH4,0,0,0,0,1,0
CYTIP,0,0,0,0,1,1
CYTL1,0,0,0,0,0,0
CYTOR,9,7,8,170,173,186
CYYR1,0,0,0,0,0,0
CYYR1-AS1,4,0,2,68,61,57
CZIB,221,102,506,196,416,401
CZIB-DT,1,0,0,0,3,1
D21S2088E,0,0,0,0,0,0
D2HGDH,38,24,341,20,182,203
DAAM1,1410,811,2309,1587,1195,1531
DAAM2,2,0,1,23,42,34
DAAM2-AS1,0,0,0,1,1,0
DAB1,0,0,0,0,0,0
DAB1-AS1,0,0,0,0,0,0
DAB2,57,9,88,322,296,316
DAB2IP,412,178,2301,479,2018,2421
DACH1,42,26,55,26,30,40
DACH2,0,0,0,0,0,0
DACT1,0,0,3,5,8,10
DACT2,0,0,0,0,0,0
DACT3,2,0,9,14,27,19
DACT3-AS1,0,0,1,0,1,1
DAD1,349,253,874,319,915,880
DAG1,2740,1233,9474,4317,14122,17585
DAGLA,59,28,640,28,274,331
DAGLB,129,47,558,61,230,184
DALRD3,71,44,316,15,139,107
DANCR,155,135,421,132,271,257
DAND5,0,0,7,3,9,3
DANT2,5,0,1,2,3,6
DAO,0,0,0,0,0,0
DAOA,0,0,0,0,0,0
DAOA-AS1,0,0,0,0,0,0
DAP,742,330,1894,1407,2466,2459
DAP3,2267,1432,6078,3054,4586,4876
DAPK1,0,0,0,0,1,0
DAPK1-IT1,0,0,0,0,0,0
DAPK2,56,21,146,185,351,385
DAPK3,31,4,372,69,754,777
DAPL1,0,0,0,1,0,1
DAPP1,10,23,18,33,34,40
DARS1,820,583,1531,1082,1164,1271
DARS2,1436,589,2619,1316,1486,1617
DAW1,0,0,0,0,0,0
DAXX,389,233,1248,700,1638,1674
DAZ1,0,0,0,0,0,0
DAZ2,0,0,0,0,0,0
DAZ3,0,0,0,0,0,0
DAZ4,0,0,0,0,0,0
DAZAP1,401,173,1402,986,2150,2055
DAZAP2,2803,1552,6740,5011,8550,8508
DAZL,0,0,0,0,0,0
DBET,1,0,0,0,0,0
DBF4,277,139,632,593,537,515
DBF4B,137,55,410,183,640,625
DBF4P2,0,0,0,0,0,0
DBF4P3,0,0,0,0,0,0
DBH,0,0,0,0,0,0
DBH-AS1,0,0,1,0,3,3
DBI,844,703,2510,4257,7917,7639
DBN1,132,47,949,206,962,901
DBNDD1,85,74,396,144,637,721
DBNDD2,1,0,7,5,7,10
DBNL,387,251,2101,697,2469,2510
DBP,76,44,494,26,82,104
DBR1,332,166,682,571,599,569
DBT,1301,493,2046,2019,1854,2104
DBX1,0,0,0,0,0,0
DBX2,0,0,0,0,0,0
DBX2-AS1,0,0,0,0,0,0
DCAF1,617,233,978,529,556,608
DCAF10,1496,800,2235,972,849,1009
DCAF11,515,278,2031,622,1571,1763
DCAF12,769,408,1516,734,983,1186
DCAF12L1,0,0,0,0,0,0
DCAF12L2,0,2,2,0,2,2
DCAF13,1408,878,2866,2798,2842,2946
DCAF13P1,1,0,0,0,0,0
DCAF15,12,0,149,15,129,132
DCAF16,1905,937,2784,1867,1654,1776
DCAF17,485,253,652,714,534,646
DCAF4,152,59,432,103,232,249
DCAF4L1,0,0,3,4,4,0
DCAF4L2,0,0,0,0,0,0
DCAF5,1095,620,2200,1963,2740,3101
DCAF6,1535,869,2603,3918,3674,3851
DCAF7,1357,728,2545,2805,3826,4787
DCAF8,963,393,1457,1349,1328,1384
DCAF8-DT,4,0,8,2,0,4
DCAF8L1,6,11,21,2,0,1
DCAF8L2,49,26,121,2,6,4
DCAKD,317,291,781,117,354,393
DCANP1,0,0,0,0,0,0
DCBLD1,81,75,161,284,367,383
DCBLD2,1140,555,1739,2455,2047,2360
DCC,46,35,70,1,1,0
DCD,0,0,3,79,408,336
DCDC1,24,10,34,16,8,16
DCDC2,610,358,1144,621,633,625
DCDC2B,0,0,0,0,1,0
DCDC2C,0,0,0,0,0,0
DCHS1,0,0,0,0,2,1
DCHS2,0,0,0,8,9,13
DCK,269,145,576,390,423,404
DCLK1,0,0,0,0,0,2
DCLK2,5,0,2,26,22,37
DCLK3,0,0,0,0,0,0
DCLRE1A,489,258,887,507,441,507
DCLRE1B,124,63,198,144,226,292
DCLRE1C,495,216,806,897,811,837
DCN,0,0,0,0,2,2
DCP1A,314,177,481,216,271,382
DCP1B,156,116,339,102,154,191
DCP2,1806,770,2866,11614,8926,10414
DCPS,650,471,2173,629,1584,1505
DCST1,2,0,7,0,1,4
DCST2,27,2,105,4,41,60
DCSTAMP,0,0,0,0,0,0
DCT,0,0,0,0,0,0
DCTD,532,291,959,689,880,880
DCTN1,651,339,2770,676,2559,2709
DCTN1-AS1,0,0,0,0,1,1
DCTN2,707,325,1986,1492,3183,3244
DCTN3,112,39,484,70,219,226
DCTN4,3124,1706,4503,4084,4096,4847
DCTN5,1498,698,2603,3233,3850,4682
DCTN6,318,151,512,595,689,697
DCTN6-DT,1,0,9,0,12,4
DCTPP1,59,34,437,68,622,633
DCUN1D1,2849,1391,4345,8815,6559,7655
DCUN1D2,180,91,370,387,496,589
DCUN1D3,248,71,425,400,368,502
DCUN1D4,801,416,1356,1760,1463,1712
DCUN1D5,397,163,993,784,890,927
DCX,0,0,0,0,0,0
DCXR,59,19,312,21,282,265
DCXR-DT,3,6,6,6,6,2
DDA1,90,50,407,101,531,571
DDAH1,1241,731,1810,2649,2565,2666
DDAH2,322,173,2622,583,2779,3071
DDB1,4370,2202,9996,5273,10565,11298
DDB2,214,105,695,328,663,647
DDC,0,0,0,0,0,0
DDC-AS1,0,0,0,0,0,0
DDHD1,399,205,432,726,547,679
DDHD1-DT,0,0,0,0,0,0
DDHD2,1229,539,1878,2478,2000,2453
DDI1,0,0,0,0,0,0
DDI2,1259,490,1810,2033,1507,2121
DDIAS,274,179,501,360,310,360
DDIT3,953,430,2005,209,365,335
DDIT4,72,35,233,471,1032,1294
DDIT4L,0,0,0,0,0,0
DDIT4L-AS1,0,0,0,0,0,0
DDN,7,0,6,4,3,5
DDN-AS1,0,0,2,0,3,0
DDO,11,0,38,49,71,68
DDOST,811,430,4863,762,3507,3513
DDR1,2450,1150,8422,6523,27521,30516
DDR2,213,140,357,93,55,63
DDRGK1,148,67,885,216,662,689
DDT,2,0,0,1,0,3
DDTL,34,47,67,27,42,47
DDTP1,0,0,0,0,0,0
DDX1,1684,1161,3564,3530,3279,3581
DDX10,612,263,1311,794,761,710
DDX10P1,0,0,1,2,0,1
DDX10P2,0,0,0,0,0,0
DDX11,62,30,248,232,730,706
DDX11-AS1,6,1,11,16,26,44
DDX17,12570,5767,17592,23400,19474,24205
DDX18,1451,907,2418,2333,2051,2398
DDX18P1,0,0,0,0,0,0
DDX18P2,0,0,0,0,0,0
DDX18P3,0,0,0,0,0,0
DDX19A,50,23,474,116,520,680
DDX19A-DT,19,8,34,27,41,31
DDX19B,126,128,291,112,214,221
DDX20,337,102,634,594,574,623
DDX20P1,0,0,0,0,0,0
DDX21,6712,3579,11933,9551,8661,10897
DDX23,920,470,2767,1723,4489,4682
DDX24,2182,1275,5099,4315,6060,6496
DDX25,0,0,0,3,8,3
DDX27,678,444,3025,1250,2972,3158
DDX28,49,12,125,31,63,52
DDX31,633,296,1511,701,1014,1168
DDX39A,137,49,752,342,985,952
DDX39B,2246,731,3441,4740,5495,6028
DDX39B-AS1,0,5,13,0,3,2
DDX3P2,0,0,0,0,0,0
DDX3X,7857,3536,12868,15878,14109,18672
DDX3Y,0,0,0,0,0,0
DDX4,0,0,0,0,0,0
DDX41,289,109,1270,272,907,928
DDX42,2306,1085,4562,4961,5582,6394
DDX43,0,0,0,0,0,0
DDX43P2,5,0,7,0,0,0
DDX43P3,0,0,0,0,0,0
DDX46,1258,510,2241,4951,4291,4765
DDX47,18,0,29,18,19,27
DDX49,42,24,448,45,303,303
DDX5,5638,2966,12590,15982,17460,19056
DDX50,1574,1059,4103,1642,2100,2208
DDX51,127,45,373,112,307,326
DDX52,740,422,1504,1958,1978,2045
DDX53,0,0,0,0,0,0
DDX54,141,72,881,236,1009,1070
DDX55,404,237,997,869,1155,1183
DDX55P1,0,0,0,0,0,0
DDX56,373,146,1268,360,915,790
DDX59,701,487,1368,445,483,515
DDX59-AS1,2,0,1,0,2,2
DDX5P1,0,0,0,0,0,0
DDX6,4858,2716,6795,15392,10667,13818
DDX60,24,12,79,291,240,206
DDX60L,10,3,24,177,90,103
DEAF1,51,18,396,56,230,267
DECR1,896,550,1842,2037,2317,2282
DECR2,31,32,104,54,199,245
DEDD,525,321,1004,429,800,828
DEDD2,45,28,179,36,141,204
DEF6,54,4,357,163,662,780
DEF8,118,37,617,145,530,591
DEFA1,0,0,0,0,0,0
DEFA10P,0,0,0,0,0,0
DEFA11P,0,0,0,0,0,0
DEFA1B,0,0,0,0,0,0
DEFA3,0,0,0,0,0,0
DEFA4,0,0,0,0,0,0
DEFA5,0,0,0,0,0,0
DEFA6,0,0,0,0,0,0
DEFA7P,0,0,0,0,0,0
DEFA8P,0,0,0,0,0,0
DEFA9P,0,0,0,0,0,0
DEFB1,0,0,0,0,0,0
DEFB103B,0,0,0,0,0,0
DEFB104A,0,0,0,0,0,0
DEFB105A,0,0,0,0,0,0
DEFB106A,0,0,0,0,0,0
DEFB107A,0,0,0,0,0,0
DEFB108B,0,0,0,0,0,0
DEFB108F,0,0,0,0,0,0
DEFB109B,0,0,0,0,0,0
DEFB109C,0,0,0,0,0,0
DEFB109D,0,0,0,0,0,0
DEFB110,0,0,0,0,0,0
DEFB112,0,0,0,0,0,0
DEFB113,0,0,0,0,0,0
DEFB114,0,0,0,0,0,0
DEFB115,0,0,0,0,0,0
DEFB116,0,0,0,0,0,0
DEFB118,0,0,0,0,0,0
DEFB119,0,0,0,0,0,0
DEFB121,0,0,0,0,0,0
DEFB123,0,0,0,0,0,0
DEFB124,0,0,0,0,0,0
DEFB125,0,0,0,0,0,0
DEFB126,0,0,2,1,2,3
DEFB127,0,0,0,0,0,0
DEFB128,0,0,0,0,0,0
DEFB129,0,0,0,0,0,0
DEFB130A,0,0,0,0,0,0
DEFB130D,0,0,0,0,0,0
DEFB131A,0,0,0,0,0,0
DEFB131B,0,0,0,0,0,0
DEFB131C,0,0,0,0,0,0
DEFB131D,0,0,0,0,0,0
DEFB132,1,0,5,15,28,35
DEFB133,0,0,0,0,0,0
DEFB134,0,0,0,0,0,0
DEFB135,0,0,0,0,0,0
DEFB136,0,0,0,0,0,0
DEFB4A,0,0,0,0,0,0
DEGS1,315,209,740,2437,2397,2597
DEGS2,59,17,801,48,624,633
DEK,2825,1493,5254,8432,7244,7790
DELE1,645,241,2105,781,1467,1606
DELEC1,0,0,0,5,5,3
DENND10,318,149,603,817,1013,1106
DENND11,1378,531,2677,3636,3171,3792
DENND1A,256,94,666,229,476,498
DENND1B,397,211,594,594,394,540
DENND1C,17,3,30,4,5,3
DENND2A,0,0,0,0,0,1
DENND2B,20,7,41,40,128,155
DENND2C,54,32,114,234,146,173
DENND2D,461,273,981,645,803,1017
DENND3,178,62,464,139,261,275
DENND3-AS1,75,43,180,25,42,42
DENND4A,835,413,1130,1269,827,1131
DENND4B,226,67,748,195,487,641
DENND4C,982,450,1495,3458,2289,3187
DENND5A,494,280,902,1065,1394,1424
DENND5B,28,32,51,106,87,134
DENND5B-AS1,0,0,0,0,0,0
DENND6A,508,380,994,686,636,592
DENND6A-DT,0,0,0,0,0,1
DENND6B,17,5,140,38,164,184
DENR,1379,855,4161,4195,4785,4971
DENRP4,0,0,0,0,0,0
DEPDC1,482,314,960,1212,1115,1238
DEPDC1-AS1,0,0,2,12,12,10
DEPDC1B,128,16,206,519,563,546
DEPDC4,84,49,267,201,211,228
DEPDC5,52,17,121,41,114,121
DEPDC7,23,3,27,28,20,24
DEPP1,8,5,13,6,11,6
DEPTOR,446,317,1142,602,747,927
DERA,459,209,1150,680,854,764
DERL1,1306,848,3015,2022,2444,2376
DERL2,471,267,1461,650,958,921
DERL3,20,1,64,0,3,3
DERPC,0,0,0,0,0,0
DES,0,0,0,0,0,0
DESI1,450,214,906,578,895,1010
DESI2,971,560,1791,1334,1249,1286
DET1,31,10,51,29,30,13
DEUP1,0,0,0,0,0,1
DEXI,141,108,368,205,401,467
DFFA,820,470,2055,1194,2013,2158
DFFB,18,1,52,41,80,88
DFFBP1,2,1,15,4,1,11
DGAT1,70,21,295,69,458,497
DGAT2,20,13,58,10,37,25
DGAT2-DT,0,0,0,0,0,0
DGAT2L6,0,0,0,0,0,0
DGAT2L7P,0,0,0,0,0,0
DGCR11,18,16,20,92,89,82
DGCR2,184,79,863,396,2009,2281
DGCR5,1,0,1,3,12,24
DGCR6,0,0,0,0,0,1
DGCR6L,5,4,91,4,83,74
DGCR8,243,138,571,513,918,937
DGKA,187,54,317,824,1111,1161
DGKB,0,0,0,0,1,2
DGKD,118,46,526,130,301,346
DGKE,337,111,439,467,390,456
DGKG,0,0,0,0,0,0
DGKH,407,143,388,539,291,430
DGKI,4,0,1,0,4,1
DGKK,0,0,0,0,0,0
DGKQ,15,1,157,10,115,142
DGKZ,174,106,1137,121,685,753
DGKZP1,1,0,1,0,1,2
DGLUCY,927,466,2442,316,753,814
DGUOK,95,75,440,126,310,318
DHCR24,2214,1258,7197,5456,14154,16253
DHCR7,273,142,1186,1404,5296,6350
DHCR7-DT,35,21,99,26,55,77
DHDDS,502,301,1101,630,1280,1241
DHDH,0,0,8,0,3,3
DHFR,625,251,1489,2281,2839,2837
DHFR2,253,158,561,248,300,362
DHH,0,0,0,0,1,6
DHODH,38,27,170,59,179,151
DHPS,33,2,60,64,182,167
DHRS1,57,17,373,101,342,434
DHRS11,106,44,319,360,767,747
DHRS12,14,9,20,22,40,28
DHRS13,79,32,302,82,225,209
DHRS2,37,7,84,29,54,48
DHRS3,149,143,640,125,183,176
DHRS4,41,21,141,72,155,157
DHRS4-AS1,181,134,317,210,286,315
DHRS4L1,0,0,0,0,0,0
DHRS4L2,16,30,77,33,79,68
DHRS7,204,191,636,716,791,693
DHRS7B,53,20,256,32,112,103
DHRS7C,0,0,0,0,0,0
DHRS9,0,0,0,0,1,0
DHRSX,58,16,120,155,266,271
DHTKD1,1922,949,3976,3830,6245,6990
DHX15,1677,687,3014,4562,5253,5986
DHX16,278,127,1059,413,1214,1249
DHX29,1566,886,2606,2212,1725,2016
DHX30,289,154,1097,275,964,950
DHX32,388,296,765,548,528,542
DHX33,497,282,989,876,1031,1226
DHX33-DT,0,0,0,0,0,0
DHX34,99,44,402,136,408,446
DHX35,251,182,569,310,400,475
DHX36,1190,661,2310,3199,2812,3108
DHX37,48,59,379,123,356,445
DHX38,376,123,1427,659,2410,2558
DHX40,877,600,2009,2027,1992,2070
DHX40P1,0,0,0,0,0,0
DHX57,588,262,989,1208,1155,1305
DHX58,40,25,249,76,263,276
DHX8,707,344,1473,1310,2082,2434
DHX9,4411,2404,6894,7391,7195,7978
DIABLO,22,4,77,57,145,148
DIAPH1,1254,596,2187,3075,3446,3677
DIAPH1-AS1,0,0,0,0,0,0
DIAPH2,14,18,38,40,41,41
DIAPH2-AS1,0,0,0,0,0,0
DIAPH3,183,178,357,701,702,692
DIAPH3-AS1,0,0,0,0,0,0
DICER1,1549,626,1834,2202,1451,1909
DICER1-AS1,121,35,361,43,82,105
DIDO1,1281,490,3321,1467,2646,3416
DIMT1,256,209,487,386,332,340
DIMT1P1,0,0,0,0,0,0
DINOL,0,0,0,0,3,1
DIO1,18,2,23,11,20,33
DIO2,0,0,0,117,81,84
DIO2-AS1,4,0,2,8,11,19
DIO3,0,0,0,0,0,0
DIO3OS,0,0,0,0,0,0
DIP2A,418,204,1130,763,1092,1565
DIP2A-IT1,1,0,3,3,2,3
DIP2B,1141,558,1935,4048,3406,4526
DIP2C,317,125,773,590,906,1131
DIP2C-AS1,0,0,0,0,0,4
DIPK1A,6,1,26,220,198,207
DIPK1B,16,14,103,31,181,191
DIPK1C,0,0,0,0,0,0
DIPK2A,784,506,1314,1577,1600,1679
DIPK2B,0,0,0,0,0,0
DIRAS1,15,1,40,28,39,34
DIRAS2,0,0,1,0,3,2
DIRAS3,0,0,4,4,2,5
DIRC3,3,0,10,10,3,8
DIS3,621,354,1059,1926,1522,1747
DIS3L,371,181,782,552,551,614
DIS3L2,186,88,487,199,368,364
DIS3L2P1,0,0,4,0,0,1
DISC1,0,0,0,8,4,5
DISC1-IT1,0,0,0,0,0,0
DISC1FP1,11,0,17,100,45,73
DISP1,224,85,404,294,388,445
DISP2,5,5,22,15,84,92
DISP3,0,0,8,8,90,86
DIXDC1,685,337,1022,1186,1049,1314
DKC1,1498,850,2761,1703,2173,2168
DKFZP434A062,0,0,1,0,0,2
DKFZp451B082,0,0,0,0,0,0
DKK1,0,0,2,121,128,122
DKK2,0,0,0,0,0,0
DKK3,0,0,0,0,2,2
DKK4,0,0,0,0,1,0
DKKL1,0,0,9,0,12,19
DLAT,1522,751,3040,1940,2078,2219
DLC1,2,0,1,7,7,12
DLD,1557,948,2763,3490,3109,3243
DLEC1,0,0,0,1,6,0
DLEC1P1,0,0,0,0,0,0
DLEU1,245,88,463,719,714,919
DLEU2,87,28,144,422,415,427
DLEU7,0,0,0,6,8,9
DLG1,5532,3029,9352,9988,7618,9107
DLG1-AS1,11,1,14,3,1,1
DLG2,561,310,990,772,679,868
DLG3,849,507,1849,1565,2263,2683
DLG3-AS1,0,0,1,2,5,1
DLG4,233,90,666,452,1222,1557
DLG5,2294,1032,7129,2849,7741,9359
DLGAP1,0,0,0,0,0,1
DLGAP1-AS3,0,0,0,0,0,0
DLGAP1-AS5,0,0,0,0,0,0
DLGAP1-AS6,0,0,0,0,0,0
DLGAP2,0,0,0,0,0,0
DLGAP2-AS1,0,0,0,0,0,1
DLGAP3,0,0,3,2,14,19
DLGAP4,563,277,2206,568,1867,2032
DLGAP4-AS1,1,0,4,0,0,2
DLGAP5,531,285,1145,1952,2054,1832
DLGAP5P1,0,0,0,0,0,0
DLK1,0,0,0,0,0,0
DLK2,0,0,3,0,1,0
DLL1,15,7,79,106,411,497
DLL3,0,0,0,0,0,0
DLL4,2,6,3,0,2,4
DLST,1263,654,3294,1517,3001,3293
DLX1,70,46,205,935,1235,1474
DLX2,10,28,39,68,161,192
DLX2-DT,0,0,0,1,1,5
DLX3,102,61,424,110,310,351
DLX4,52,14,103,47,93,126
DLX5,0,0,5,7,21,29
DLX6,0,0,0,0,0,0
DM1-AS,13,0,34,0,6,9
DMAC1,123,80,324,79,165,149
DMAC2,127,47,794,181,655,681
DMAC2L,247,157,535,357,360,438
DMAP1,497,145,1169,1171,1503,1415
DMBT1,0,0,0,6,0,5
DMBX1,10,5,87,23,86,71
DMC1,17,37,46,85,93,85
DMD,391,140,466,16,7,12
DMGDH,19,0,47,1,4,3
DMKN,118,42,463,200,544,609
DMP1,0,0,0,7,5,2
DMPK,55,28,258,535,1764,2032
DMRT1,0,0,1,1,0,0
DMRT2,0,0,0,0,0,0
DMRT3,0,0,0,0,0,0
DMRTA1,0,0,0,0,1,0
DMRTA2,0,0,0,0,0,0
DMRTB1,0,0,0,0,0,0
DMRTC1,0,0,0,0,0,0
DMRTC1B,0,0,0,0,0,0
DMRTC2,0,0,2,0,0,0
DMTF1,1608,697,1857,1982,1534,1758
DMTF1-AS1,3,9,38,4,13,7
DMTN,30,13,181,84,413,452
DMWD,68,31,405,112,568,603
DMXL1,1129,459,1374,1958,1114,1728
DMXL2,1389,556,1446,1871,982,1567
DNA2,140,105,263,819,812,790
DNAAF1,57,4,97,24,63,55
DNAAF10,43,48,144,66,94,90
DNAAF11,122,78,252,42,58,51
DNAAF11P1,0,0,0,0,0,0
DNAAF2,190,120,431,206,187,213
DNAAF3,10,0,66,23,70,68
DNAAF4,11,8,25,15,21,25
DNAAF4-CCPG1,0,0,0,0,0,0
DNAAF5,237,119,725,114,240,219
DNAAF6,0,0,0,0,0,0
DNAAF8,7,4,53,2,12,16
DNAAF9,322,117,499,388,508,560
DNAH1,59,8,189,10,66,72
DNAH10,0,0,0,1,3,6
DNAH10OS,28,11,58,103,234,275
DNAH11,8,0,19,1,0,1
DNAH12,27,14,49,9,4,8
DNAH14,311,195,552,558,466,481
DNAH17,3,0,1,1,6,6
DNAH2,5,9,11,11,16,10
DNAH3,1,16,15,10,5,3
DNAH5,451,155,601,121,102,125
DNAH6,17,8,24,12,20,12
DNAH7,46,41,69,95,47,67
DNAH8,0,0,0,15,5,11
DNAH9,0,0,0,0,0,0
DNAI1,101,36,177,88,90,99
DNAI2,0,0,0,0,1,0
DNAI3,0,0,1,1,4,0
DNAI4,30,15,56,97,79,121
DNAI7,65,59,144,181,127,142
DNAJA1,770,397,2016,2486,2501,2652
DNAJA1P1,0,0,0,0,0,0
DNAJA1P2,0,0,0,0,0,0
DNAJA1P4,0,0,0,0,0,0
DNAJA2,557,332,1479,1703,2120,2185
DNAJA2-DT,0,1,1,0,0,3
DNAJA3,438,237,2542,334,1234,1338
DNAJA4,327,164,746,163,256,280
DNAJB1,489,298,1847,783,2026,2268
DNAJB11,4036,1744,8977,2397,2824,2967
DNAJB12,153,124,955,195,672,746
DNAJB13,11,0,44,8,21,21
DNAJB14,921,510,1529,2050,1455,1930
DNAJB1P2,0,0,0,0,0,0
DNAJB2,225,171,1056,322,1284,1235
DNAJB4,136,13,224,688,534,692
DNAJB5,167,59,352,62,101,124
DNAJB5-DT,0,0,0,0,2,0
DNAJB6,589,322,1379,2017,2298,2535
DNAJB6P1,7,14,8,27,38,34
DNAJB6P4,0,0,0,0,0,0
DNAJB6P5,0,0,0,0,0,0
DNAJB6P6,0,0,0,0,0,0
DNAJB6P7,0,0,0,0,0,0
DNAJB6P8,0,0,0,0,0,0
DNAJB7,0,0,0,0,0,0
DNAJB8,0,0,0,0,0,0
DNAJB8-AS1,0,0,0,0,0,0
DNAJB9,911,476,1812,726,681,744
DNAJC1,328,176,647,450,513,501
DNAJC10,2481,1175,4254,3914,3182,3568
DNAJC11,262,140,731,919,1795,1939
DNAJC12,45,31,55,105,111,122
DNAJC13,2154,975,3255,2973,2339,2965
DNAJC14,856,441,2394,1174,2686,3160
DNAJC15,254,167,596,298,360,386
DNAJC16,490,253,742,680,657,763
DNAJC17,237,115,877,190,619,765
DNAJC18,20,14,28,78,118,114
DNAJC19,549,422,1669,1119,1570,1475
DNAJC19P4,0,0,0,0,0,0
DNAJC2,310,191,731,812,753,654
DNAJC21,970,577,1798,1940,1871,1932
DNAJC22,899,375,2192,1994,3060,3276
DNAJC24,628,312,1219,1081,997,1074
DNAJC25,238,114,449,309,285,240
DNAJC25-GNG10,0,0,0,0,0,0
DNAJC27,110,49,186,263,190,270
DNAJC27-AS1,27,20,66,18,64,51
DNAJC28,102,60,184,185,184,242
DNAJC3,3450,1841,6749,3983,3704,4517
DNAJC3-DT,127,46,217,103,102,122
DNAJC30,121,59,425,51,145,160
DNAJC4,65,34,615,40,271,277
DNAJC5,372,286,1859,609,1963,2303
DNAJC5B,13,0,10,6,8,9
DNAJC5G,0,0,0,0,0,0
DNAJC6,334,232,635,302,271,317
DNAJC7,1190,694,2253,2284,2878,2671
DNAJC8,1222,763,3361,2435,3106,3151
DNAJC9,281,138,620,931,1061,976
DNAJC9-AS1,15.5,3,56.5,12.5,27.5,37.5
DNAL1,1000,441,1500,2000,1597,1823
DNAL4,158,60,638,93,448,432
DNALI1,761,364,2078,537,1348,1454
DNASE1,226,58,643,402,754,1004
DNASE1L1,120,52,426,138,339,387
DNASE1L2,1,0,11,0,8,15
DNASE1L3,0,0,0,0,4,0
DNASE2,589,395,2603,501,1747,1727
DNASE2B,7,11,10,3,0,0
DND1,1,0,7,0,2,1
DNER,0,0,1,0,0,0
DNHD1,121,31,219,112,217,278
DNLZ,0,0,3,0,0,4
DNM1,11,1,55,24,74,83
DNM1L,818,493,1563,5432,5741,6897
DNM1P29,0,0,0,0,0,0
DNM1P49,0,0,0,0,0,0
DNM2,457,311,1976,692,2159,2407
DNM3,9,0,4,18,9,15
DNM3-IT1,0,0,0,0,0,0
DNMBP,9,15,22,192,292,300
DNMBP-AS1,0,0,0,0,0,0
DNMT1,329,109,795,967,2055,2177
DNMT3A,112,29,259,229,377,460
DNMT3B,56,16,105,126,183,181
DNMT3L,0,0,0,0,0,0
DNMT3L-AS1,0,0,0,0,0,0
DNPEP,195,49,663,263,585,615
DNPH1,39,67,185,15,132,119
DNTT,1,0,0,1,0,0
DNTTIP1,124,58,501,79,326,340
DNTTIP2,709,416,1301,1392,1491,1358
DOC2A,58,14,236,43,123,132
DOC2B,0,0,1,0,0,2
DOCK1,497,280,837,1450,1580,1892
DOCK10,154,81,254,111,105,90
DOCK11,166,118,262,102,62,63
DOCK11P1,0,0,0,0,0,0
DOCK2,0,0,0,1,1,1
DOCK3,1,0,7,70,69,80
DOCK4,24,6,31,44,22,44
DOCK4-AS1,0,0,0,0,0,0
DOCK5,350,168,449,1565,1339,1665
DOCK6,66,25,323,93,374,475
DOCK7,461,310,690,931,733,904
DOCK7-DT,1,0,0,0,2,3
DOCK8,9,9,11,80,48,97
DOCK8-AS1,0,10,4,2,4,4
DOCK9,343,205,573,458,455,585
DOCK9-AS1,0,0,0,0,0,0
DOHH,9,1,107,9,94,86
DOK1,25,5,108,8,57,87
DOK2,0,0,0,0,0,0
DOK3,19,5,74,25,94,85
DOK4,16,14,141,12,113,122
DOK5,0,0,0,0,0,0
DOK6,0,0,0,0,0,0
DOK7,6,1,62,9,102,114
DOLK,184,94,766,95,377,388
DOLPP1,191,95,1241,175,811,950
DONSON,147,93,256,846,764,793
DONSONP1,0,0,0,0,0,0
DOP1A,280,106,336,662,480,643
DOP1B,1201,488,2376,1409,1924,2429
DOT1L,123,42,626,150,483,635
DPAGT1,1350,824,2593,1232,2138,2141
DPCD,316,129,979,317,1059,928
DPEP1,0,0,0,0,0,0
DPEP2,2,0,0,0,0,1
DPEP2NB,0,0,0,0,0,0
DPEP3,0,0,0,0,0,0
DPF1,1,0,3,12,48,44
DPF2,1086,545,3553,836,2428,2542
DPF3,0,0,0,0,1,0
DPH1,122,69,608,180,591,640
DPH2,66,38,398,67,298,322
DPH3,367,193,887,594,692,687
DPH3P2,0,0,0,0,0,0
DPH5,440,298,993,495,574,527
DPH5-DT,68,8,122,91,103,88
DPH6,361,284,785,620,593,637
DPH7,215,83,684,248,758,765
DPM1,845,470,3045,1983,2656,2726
DPM2,274,85,969,165,706,728
DPM3,5,3,108,5,41,34
DPP10,0,0,0,0,0,2
DPP10-AS1,0,0,0,0,0,0
DPP10-AS3,0,0,0,0,0,0
DPP3,138,119,902,308,1275,1337
DPP3-DT,9,5,41,5,19,31
DPP3P2,0,0,0,0,0,0
DPP4,0,0,0,0,2,4
DPP6,0,0,0,0,0,0
DPP7,57,23,1231,19,466,433
DPP8,1380,649,1960,2071,1581,2074
DPP9,129,51,678,80,435,449
DPP9-AS1,0,0,0,0,0,1
DPPA2,0,11,4,0,1,1
DPPA2P1,0,0,0,0,0,0
DPPA3,0,0,0,0,0,0
DPPA3P10,0,0,0,0,0,0
DPPA3P11,0,0,0,0,0,0
DPPA3P12,0,0,0,0,0,0
DPPA3P3,0,0,0,0,0,0
DPPA3P6,0,0,0,0,0,0
DPPA3P7,0,0,0,0,0,0
DPPA3P8,0,0,0,0,0,0
DPPA3P9,0,0,0,0,0,0
DPPA4,0,0,0,0,0,0
DPPA4P2,0,0,0,0,0,0
DPPA5,0,0,0,0,0,0
DPPA5P2,0,0,0,0,0,0
DPRX,0,0,0,0,0,0
DPRXP2,1,0,1,1,0,7
DPRXP3,1,0,0,0,0,0
DPRXP4,17,9,10,13,8,5
DPRXP6,0,0,0,0,0,0
DPT,0,0,0,0,0,0
DPY19L1,694,383,1118,1114,900,930
DPY19L2,11,0,12,57,53,61
DPY19L2P5,0,0,0,0,0,0
DPY19L3,561,163,809,913,718,883
DPY19L3-DT,0,0,8,6,6,10
DPY19L4,1133,689,1787,2245,1786,2087
DPY19L4P1,0,0,0,0,0,0
DPY19L4P2,0,0,0,0,0,0
DPY30,185,105,742,336,741,667
DPYD,0,0,2,0,9,6
DPYD-AS1,0,0,0,0,0,0
DPYD-AS2,0,0,0,0,0,0
DPYS,0,0,0,0,0,1
DPYSL2,216,128,389,736,868,1083
DPYSL3,3,6,4,42,54,42
DPYSL4,0,0,2,1,4,3
DPYSL5,0,0,0,0,0,0
DQX1,32,5,64,83,181,199
DR1,659,350,1359,1339,1360,1421
DRAIC,16,2,22,25,27,36
DRAM1,168,65,317,705,761,894
DRAM2,643,376,1218,1412,1607,1615
DRAP1,111,49,1512,106,1319,1361
DRAXIN,5,0,7,11,11,9
DRC1,0,0,0,0,4,0
DRC12,44,20,219,113,259,223
DRC3,96,47,233,46,68,85
DRC7,2,9,26,1,7,7
DRD1,0,0,0,2,1,1
DRD2,0,0,1,1,1,0
DRD3,0,0,0,0,0,0
DRD4,1,0,2,0,4,3
DRD5,0,0,0,0,0,0
DRG1,691,370,1436,1083,1712,1627
DRG1P2,0,0,0,0,0,0
DRG2,118,21,527,139,413,504
DRGX,0,0,0,0,0,0
DRICH1,6,1,5,2,3,1
DROSHA,1255,501,2076,1593,2021,2184
DRP2,2,0,3,5,8,8
DSC1,0,0,0,6,4,3
DSC2,204,104,369,311,221,304
DSC3,0,0,0,0,0,0
DSCAM,302,141,627,7,10,13
DSCAM-AS1,4599,2382,12598,472,885,987
DSCAM-IT1,0,0,0,0,0,0
DSCAML1,19,8,93,13,63,63
DSCC1,87,29,182,319,318,285
DSCR10,0,0,0,0,0,0
DSCR4,0,0,0,0,0,0
DSCR8,0,0,1,30,28,25
DSCR9,1,0,2,3,3,3
DSE,19,9,26,490,510,547
DSEL,1,3,2,606,427,590
DSEL-AS1,0,0,0,0,0,0
DSG1,0,0,0,0,0,0
DSG1-AS1,0,0,0,0,0,1
DSG2,1700,842,2552,2587,2403,2944
DSG2-AS1,0,0,0,0,0,0
DSG3,0,0,0,0,1,1
DSG4,0,0,0,0,0,0
DSN1,358,215,891,706,997,943
DSP,9696,4706,15667,8794,8535,9939
DSP-AS1,6,8,37,2,15,8
DSPP,0,0,0,0,0,0
DST,1075,466,1279,3130,2196,2785
DSTN,6740,4754,15069,11554,12790,12140
DSTNP3,0,0,0,0,0,0
DSTYK,645,313,1184,1057,1103,1405
DTD1,121,54,267,50,95,158
DTD1-AS1,0,0,0,0,0,0
DTD2,525,335,977,900,953,905
DTHD1,0,0,0,0,1,1
DTL,255,195,557,1272,1147,1137
DTNA,239,132,353,800,817,972
DTNB,143,58,345,230,399,439
DTNBP1,144,56,405,120,263,236
DTWD1,428,268,767,459,377,388
DTWD1P1,0,0,0,0,0,0
DTWD2,1108,536,1992,953,928,946
DTX1,0,0,0,2,3,6
DTX2,24,10,200,17,85,111
DTX2P1-UPK3BP1-PMS2P11,3,9,13,4,6,8
DTX3,301,174,1016,398,959,980
DTX3L,590,280,1094,873,869,912
DTX4,6,4,26,214,406,433
DTYMK,37,16,201,70,171,214
DUBR,10,43,36,157,181,205
DUOX1,5,0,10,0,1,0
DUOX2,0,0,1,0,0,1
DUOXA1,1,0,1,0,0,0
DUOXA2,0,0,0,0,0,0
DUS1L,40,21,378,62,414,408
DUS2,158,65,315,311,551,495
DUS3L,14,3,310,9,152,195
DUS4L,93,35,164,102,81,85
DUS4L-BCAP29,48,29,57,48,55,44
DUSP1,235,132,1052,52,99,88
DUSP10,63,26,123,160,302,366
DUSP11,228,65,554,231,262,267
DUSP12,202,125,444,240,232,241
DUSP12P1,0,0,0,0,0,0
DUSP13B,0,0,5,52,240,354
DUSP14,134,59,451,364,1018,970
DUSP15,10,0,26,79,160,209
DUSP16,717,330,1378,3342,3221,3919
DUSP18,68,56,158,76,170,181
DUSP19,55,23,85,68,78,69
DUSP2,0,0,21,3,12,6
DUSP21,0,0,0,0,0,0
DUSP22,286,128,674,234,404,447
DUSP23,50,50,101,33,46,38
DUSP26,0,0,0,1,4,1
DUSP28,42,11,98,31,46,63
DUSP29,0,0,0,0,0,0
DUSP3,847,529,2524,2181,3786,4308
DUSP4,2322,999,3702,2807,3128,3667
DUSP5,85,53,216,77,134,148
DUSP6,142,72,205,66,82,109
DUSP7,15,16,129,26,75,75
DUSP8,27,23,146,59,293,342
DUSP9,0,0,5,0,4,3
DUT,243,127,549,552,665,574
DUT-AS1,17,9,13,16,24,15
DUTP3,0,0,0,0,0,0
DUTP4,0,0,0,0,0,0
DUTP6,2,0,0,1,0,0
DUTP7,0,0,0,0,0,0
DUX4,0,0,0,0,1,4
DUX4L1,0,0,0,0,0,0
DUX4L10,0,0,0,0,0,0
DUX4L11,0,0,0,0,0,0
DUX4L12,0,0,0,0,0,0
DUX4L13,0,0,0,0,0,0
DUX4L14,0,0,0,0,0,0
DUX4L15,0,0,0,0,0,0
DUX4L16,0,0,0,0,0,0
DUX4L17,0,0,0,0,0,0
DUX4L18,0,0,0,0,0,0
DUX4L19,0,0,0,0,0,0
DUX4L2,0,0,0,0,0,0
DUX4L20,0,0,0,0,0,0
DUX4L21,0,0,0,0,0,0
DUX4L22,0,0,0,0,0,0
DUX4L23,0,0,0,0,0,0
DUX4L24,0,0,0,0,0,0
DUX4L25,0,0,0,0,0,0
DUX4L26,0,0,0,0,1,0
DUX4L27,0,0,0,0,0,0
DUX4L28,0,0,0,0,0,0
DUX4L29,0,0,0,0,0,0
DUX4L3,0,0,0,0,0,0
DUX4L31,0,0,0,0,0,0
DUX4L32,0,0,0,0,0,0
DUX4L33,0,0,0,0,0,0
DUX4L34,0,0,0,0,0,0
DUX4L37,0,0,0,0,2,2
DUX4L4,0,0,0,0,0,0
DUX4L45,0,0,0,0,0,0
DUX4L47,0,0,0,0,0,0
DUX4L5,0,0,0,0,0,0
DUX4L6,0,0,0,0,0,0
DUX4L7,0,0,0,0,0,0
DUX4L8,0,0,0,0,0,0
DUX4L9,0,0,0,0,0,2
DUXA,0,0,0,0,0,0
DUXAP1,0,0,0,0,0,0
DUXAP11,0,0,0,0,0,0
DUXAP8,379,197,669,774,813,878
DUXB,0,0,0,0,0,0
DVL1,12,6,411,42,308,328
DVL2,92,25,710,105,594,662
DVL3,2429,1031,6791,4274,10357,12517
DXO,70,26,388,73,325,326
DYDC1,0,0,0,0,0,0
DYDC2,0,0,1,0,0,0
DYM,922,513,1920,1137,1391,1394
DYM-AS1,0,0,1,0,1,2
DYNAP,0,11,0,1,0,3
DYNAPP2,0,0,0,0,0,0
DYNAPP3,0,0,0,0,0,0
DYNC1H1,3016,1262,5921,5717,7547,10011
DYNC1I1,12,6,22,50,69,97
DYNC1I2,2041,1280,3844,5323,4882,5612
DYNC1I2P1,2,0,3,6,2,1
DYNC1LI1,745,443,1373,1044,1210,1238
DYNC1LI2,2046,870,3663,4612,3890,4958
DYNC1LI2-DT,2,0,2,1,2,0
DYNC2H1,1463,613,1666,2320,1242,1858
DYNC2I1,351,103,519,1043,1059,1371
DYNC2I2,45,14,469,38,343,343
DYNC2LI1,297,161,897,705,896,1136
DYNLL1,1193,568,5912,1184,4603,4773
DYNLL1P6,0,0,0,0,0,0
DYNLL2,2703,1574,5666,7938,8332,10496
DYNLL2-DT,0,0,0,0,0,0
DYNLRB1,29,27,44,10,41,49
DYNLRB2,5,2,14,4,14,15
DYNLT1,873,512,1473,2511,2889,2790
DYNLT2,13,0,28,93,83,92
DYNLT2B,28,54,28,62,57,59
DYNLT3,285,162,553,642,646,690
DYNLT4,1,0,3,1,1,1
DYNLT5,0,0,0,0,0,0
DYRK1A,1993,942,2941,2282,2173,2515
DYRK1B,24,33,146,21,129,141
DYRK2,409,140,677,861,710,960
DYRK3,88,100,159,268,237,247
DYRK3-AS1,0,0,2,1,0,0
DYRK4,41,19,113,38,76,57
DYSF,5,0,9,11,47,40
DYTN,0,0,0,0,0,0
DZANK1,100,50,184,83,108,145
DZIP1,0,0,0,0,0,0
DZIP1L,5,0,7,32,31,41
DZIP3,639,408,1197,1164,954,1089
E2F1,52,19,219,163,553,503
E2F2,22,11,70,128,358,301
E2F3,251,69,401,918,833,993
E2F3-IT1,0,0,0,0,0,0
E2F4,76,51,503,159,772,779
E2F5,298,201,643,348,381,342
E2F5-DT,7,7,18,18,7,5
E2F6,237,114,424,375,364,373
E2F7,161,94,208,281,274,291
E2F8,83,38,151,184,228,234
E4F1,29,0,239,30,279,269
EAF1,1041,627,2117,1371,1479,1854
EAF2,13,20,33,13,19,15
EAPP,576,304,1970,549,1020,1026
EARS2,948,473,2020,942,1267,1464
EBAG9,1038,493,1958,1013,961,941
EBAG9P1,1,0,9,9,3,9
EBF1,0,0,1,1,2,0
EBF2,0,0,0,0,0,0
EBF3,0,0,0,0,0,1
EBF4,42,45,170,42,149,158
EBI3,0,0,0,0,0,0
EBLN1,0,0,1,0,0,0
EBLN2,42,19,28,32,11,35
EBLN3P,2124,1015,3326,2057,1338,1704
EBNA1BP2,319,285,994,381,863,791
EBP,28,11,137,91,398,368
EBPL,137,69,213,151,265,187
ECD,522,289,963,867,1026,1138
ECE1,335,158,1561,874,3906,4413
ECE1-AS1,1,0,0,0,0,1
ECE2,0,0,0,0,3,0
ECEL1,0,0,0,0,0,0
ECEL1P2,0,0,0,0,0,1
ECH1,26,14,250,32,223,193
ECHDC1,5,13,26,6,1,10
ECHDC2,571,169,766,1208,1504,1739
ECHDC3,21,6,98,52,125,116
ECHS1,79,70,448,302,832,767
ECI1,58,35,235,63,176,140
ECI1-AS1,0,0,2,1,2,10
ECI2,1080,797,2574,1428,2263,2188
ECI2-DT,4,0,13,3,3,13
ECM1,13,1,20,9,14,8
ECM1P1,0,0,0,0,0,0
ECM1P2,0,0,0,0,0,0
ECM2,0,0,1,7,1,3
ECPAS,3919,2065,6149,3216,2988,3375
ECRG4,0,0,0,0,0,0
ECSCR,0,0,0,0,0,0
ECSIT,49,14,368,24,186,163
ECT2,3564,2038,5952,11616,9668,11259
ECT2L,3,0,0,2,0,2
EDA,17,7,13,60,75,82
EDA2R,4,0,16,15,20,13
EDAR,0,0,0,1,7,4
EDARADD,171,140,392,150,170,168
EDC3,483,270,1354,434,1086,1169
EDC4,155,52,605,311,830,933
EDDM13,0,0,0,0,0,0
EDDM3A,0,0,0,0,0,0
EDDM3B,0,0,0,0,0,0
EDEM1,1393,578,1921,2454,2129,2477
EDEM2,153,82,578,158,478,414
EDEM3,2342,1031,3550,3865,2641,3655
EDF1,355,156,4866,391,3541,3418
EDIL3,0,0,1,4,4,4
EDIL3-DT,1,0,0,3,1,2
EDN1,926,503,2023,872,1144,1121
EDN2,0,0,3,2,7,4
EDN3,0,0,0,0,0,0
EDNRA,0,0,0,0,0,0
EDNRB,0,0,0,53,29,51
EDRF1,376,171,531,691,503,661
EDRF1-AS1,0,0,0,0,0,0
EDRF1-DT,9,0,29,9,13,17
EEA1,1189,563,1655,4793,2958,4198
EED,421,215,1118,589,984,933
EEDP1,0,0,0,0,0,0
EEF1A1,228781,145309,459183,387278,387582,408266
EEF1A1P10,0,0,3,0,0,1
EEF1A1P14,0,0,0,0,0,0
EEF1A1P16,0,0,0,0,1,1
EEF1A1P17,0,0,0,0,0,0
EEF1A1P19,6,1,5,24,8,17
EEF1A1P2,0,0,0,0,0,0
EEF1A1P20,0,0,0,0,0,0
EEF1A1P21,0,0,0,0,0,0
EEF1A1P22,1,0,0,0,1,1
EEF1A1P23,2,0,8,11,5,6
EEF1A1P24,0,0,0,1,0,0
EEF1A1P25,0,0,0,0,0,0
EEF1A1P26,0,0,0,0,0,0
EEF1A1P28,1,0,0,0,0,0
EEF1A1P3,0,1,0,1,0,0
EEF1A1P31,0,0,0,0,0,0
EEF1A1P34,0,0,0,0,1,0
EEF1A1P35,0,0,0,0,0,0
EEF1A1P36,0,0,0,0,0,0
EEF1A1P39,0,0,0,0,0,0
EEF1A1P4,2,0,1,1,1,0
EEF1A1P40,0,0,0,0,0,0
EEF1A1P42,1,1,0,0,0,0
EEF1A1P44,0,0,0,0,0,0
EEF1A1P45,0,0,0,0,0,0
EEF1A1P46,0,0,0,0,0,0
EEF1A1P47,0,0,0,0,0,0
EEF1A1P49,0,0,0,0,0,0
EEF1A1P8,0,1,0,0,0,0
EEF1A2,300,88,3511,586,6291,6429
EEF1AKMT1,65,58,145,174,163,189
EEF1AKMT2,71,17,135,168,151,144
EEF1AKMT3,231,143,446,432,490,547
EEF1AKMT4,8,20,28,2,28,38
EEF1AKMT4-ECE2,0,0,0,0,0,0
EEF1B2,1151,757,4676,1169,3140,2784
EEF1B2P2,0,0,0,0,0,0
EEF1B2P3,13,17,6,1,2,0
EEF1B2P5,0,0,0,0,0,0
EEF1B2P6,1,0,0,0,0,0
EEF1B2P7,0,0,0,0,0,0
EEF1B2P8,0,0,0,0,0,0
EEF1D,919,603,5524,1562,4967,5229
EEF1DP1,4,2,1,0,1,0
EEF1DP2,0,0,0,0,0,0
EEF1DP4,0,3,4,1,4,1
EEF1DP5,0,0,0,0,0,0
EEF1DP6,0,0,0,0,0,0
EEF1DP7,0,0,0,0,1,4
EEF1DP8,0,0,0,0,0,0
EEF1E1,103,68,167,130,108,116
EEF1G,0,0,0,0,0,0
EEF1GP3,0,0,0,0,0,0
EEF1GP4,0,0,4,0,0,0
EEF1GP5,0,0,0,0,0,0
EEF1GP6,0,0,0,0,0,0
EEF1GP7,0,0,0,0,0,0
EEF1GP8,0,0,0,0,0,0
EEF2,13317,13713,81174,13592,62736,71369
EEF2K,602,397,1254,729,1185,1369
EEF2KMT,57,23,199,44,112,103
EEFSEC,33,8,141,11,87,53
EEIG1,751,358,3499,515,1778,2401
EEIG2,88,47,179,1328,1020,1565
EEPD1,10,0,11,46,104,162
EFCAB10,0,0,0,0,0,0
EFCAB10-AS1,16,15,31,28,25,28
EFCAB11,159,127,383,222,328,324
EFCAB12,30,10,75,4,29,17
EFCAB13,108,21,173,147,107,120
EFCAB13-DT,2,0,3,6,4,1
EFCAB14,1885,849,2796,4298,3668,4454
EFCAB14-AS1,0,0,0,0,0,0
EFCAB2,71,20,120,42,39,38
EFCAB3,0,0,0,0,0,0
EFCAB3P1,0,0,0,0,0,0
EFCAB5,4,0,2,18,8,18
EFCAB6,2,2,5,44,65,68
EFCAB7,207,126,367,353,325,313
EFCAB8,0,0,0,1,0,5
EFCAB9,0,0,0,0,0,0
EFCC1,0,0,6,0,1,1
EFEMP1,5308,2695,10911,5735,8097,7811
EFEMP2,11,4,101,9,51,69
EFHB,14,13,35,7,3,12
EFHC1,948,291,1541,1169,1206,1310
EFHC2,34,18,137,169,169,271
EFHD1,1630,779,3989,1355,3293,3431
EFHD2,15,23,89,47,171,161
EFHD2-AS1,0,6,2,3,1,1
EFL1,710,287,1400,751,763,746
EFL1P2,0,0,0,0,0,0
EFNA1,148,71,729,197,549,727
EFNA2,2,0,0,2,1,3
EFNA3,217,156,585,74,237,255
EFNA4,45,39,179,31,134,107
EFNA4-EFNA3,0,0,0,0,0,0
EFNA5,225,146,346,76,76,82
EFNB1,11,5,45,10,60,48
EFNB2,7,0,7,136,144,182
EFNB3,76,30,182,199,567,653
EFR3A,2482,1204,3851,3841,2605,3464
EFR3B,16,3,34,32,81,112
EFS,49,9,203,10,98,119
EFTUD2,1106,529,2736,2268,4252,4272
EGF,18,14,44,1567,1341,1734
EGFL6,0,0,13,2,1,7
EGFL7,3,0,55,3,87,98
EGFL8,24,26,72,224,196,262
EGFLAM,0,0,0,0,2,0
EGFLAM-AS2,0,0,0,0,0,0
EGFLAM-AS4,0,0,0,0,0,0
EGFR,920,383,1332,501,576,645
EGFR-AS1,0,0,0,0,0,0
EGILA,0,0,0,1,0,2
EGLN1,10,0,76,19,32,37
EGLN2,550,154,1357,205,510,524
EGLN3,8,0,17,1673,1781,1638
EGOT,16,0,6,21,20,31
EGR1,11,2,27,37,62,73
EGR2,0,0,0,1,1,0
EGR3,87,23,170,0,0,0
EGR4,0,0,0,0,0,0
EHBP1,408,256,781,623,503,590
EHBP1-AS1,1,0,0,0,1,2
EHBP1L1,1277,351,3220,3169,5092,5509
EHD1,283,178,1519,472,1824,1999
EHD2,102,58,382,262,852,915
EHD3,5,0,12,43,86,121
EHD4,367,182,1315,365,977,1079
EHD4-AS1,4,0,13,0,4,3
EHF,9429,4849,16922,22646,16940,22373
EHHADH,508,224,1010,988,1092,1354
EHHADH-AS1,0,0,0,0,0,0
EHMT1,447,286,1857,560,1376,1560
EHMT2,323,148,1608,561,1568,1583
EHMT2-AS1,7,0,48,6,23,28
EI24,2875,1925,5267,5000,5969,5556
EI24P1,0,0,0,0,0,0
EI24P6,0,0,0,0,0,0
EID1,1124,699,3866,2647,3626,3767
EID2,79,146,233,177,260,254
EID2B,23,16,62,34,45,51
EID3,2,0,1,0,2,0
EIF1,4211,2632,11238,2202,3589,3088
EIF1AD,941,411,1872,930,1554,1700
EIF1AX,2080,1099,3480,3419,3101,2975
EIF1AX-AS1,0,0,0,0,0,0
EIF1AXP2,0,0,0,0,0,0
EIF1AY,0,0,0,0,0,0
EIF1B,379,253,1100,476,691,705
EIF1P4,0,0,0,0,0,0
EIF1P5,0,0,0,0,0,0
EIF2A,4432,2928,7595,3845,3708,3834
EIF2AK1,4875,3308,9121,4128,4676,4921
EIF2AK1P1,3,9,0,0,5,1
EIF2AK2,1084,424,1484,4526,3540,3608
EIF2AK3,1004,523,1417,900,718,840
EIF2AK3-DT,60,52,89,36,61,48
EIF2AK4,1240,743,2143,1759,1797,2211
EIF2AP1,0,0,0,0,0,0
EIF2AP2,0,0,0,0,0,0
EIF2AP3,0,0,0,0,0,0
EIF2AP4,0,0,0,0,0,0
EIF2B1,539,315,1436,1090,1655,1736
EIF2B2,281,129,806,304,716,697
EIF2B3,168,175,384,233,319,274
EIF2B4,227,133,879,383,837,907
EIF2B5,1052,388,2572,2648,3949,4073
EIF2D,1142,634,2720,909,1628,1756
EIF2S1,2689,1299,5534,5133,5840,5763
EIF2S2,3563,2132,10015,4711,5757,5582
EIF2S3,11428,7226,24667,24645,24728,26259
EIF2S3B,4,0,3,4,4,6
EIF3A,4952,2100,9921,7948,9432,10594
EIF3B,2241,1177,6467,2888,4851,4513
EIF3C,542,175,1313,698,1511,1469
EIF3CL,133,95,280,193,270,258
EIF3D,1764,1010,5457,1795,4739,4754
EIF3E,8840,5454,20981,19379,16750,16803
EIF3EP1,0,0,0,0,0,0
EIF3EP2,0,0,0,0,0,0
EIF3EP3,1,1,2,1,3,1
EIF3EP4,0,0,0,0,0,0
EIF3F,885,584,1948,1034,1478,1505
EIF3FP2,0,0,0,0,0,0
EIF3FP3,12,3,2,7,3,0
EIF3G,158,146,1813,281,1683,1667
EIF3H,3474,2232,10629,4377,7601,7585
EIF3I,931,507,2773,1420,4140,3902
EIF3IP1,0,0,0,0,0,0
EIF3J,1952,1162,3765,3394,3110,3194
EIF3J-DT,199,120,572,213,420,372
EIF3K,608,298,2962,306,2416,2129
EIF3KP1,0,0,0,0,0,0
EIF3KP2,0,0,0,0,0,0
EIF3KP3,0,0,0,0,0,0
EIF3L,2999,1738,5960,4813,5579,5698
EIF3LP1,0,0,0,0,1,0
EIF3LP2,0,1,1,0,0,0
EIF3LP3,0,7,1,0,1,0
EIF3M,2566,1380,5477,3101,3947,3922
EIF4A1,97,37,121,112,139,140
EIF4A1P1,0,0,0,0,0,0
EIF4A1P10,2,2,12,8,22,20
EIF4A1P12,1,0,0,4,1,1
EIF4A1P2,1,1,3,1,5,3
EIF4A1P4,0,0,0,0,0,0
EIF4A1P6,0,0,0,0,0,0
EIF4A1P7,0,0,0,0,0,1
EIF4A2,14509,8707,28530,34990,29473,35079
EIF4A2P3,0,0,0,0,0,0
EIF4A2P4,2,0,0,4,0,0
EIF4A2P5,0,0,0,0,0,0
EIF4A3,453,275,1109,509,886,861
EIF4B,23342,12821,47351,34071,45062,50600
EIF4BP2,0,0,0,0,0,0
EIF4BP3,12,6,12,7,13,9
EIF4BP4,0,0,0,0,0,0
EIF4BP5,0,0,0,0,0,0
EIF4BP8,0,0,0,0,0,0
EIF4E,1346,1016,2713,5089,4024,4622
EIF4E1B,3,5,81,219,1168,1237
EIF4E2,1121,661,2403,2110,2821,2882
EIF4E2P1,0,0,0,0,0,0
EIF4E3,444,206,662,818,722,823
EIF4EBP1,75,43,846,34,359,316
EIF4EBP2,1995,1002,2791,5646,4845,5593
EIF4EBP3,3,0,1,0,0,0
EIF4ENIF1,486,240,996,807,1125,1260
EIF4EP4,0,0,0,0,0,0
EIF4G1,4930,2103,18012,12753,35678,39921
EIF4G2,16649,9133,23942,27735,29210,32369
EIF4G3,2431,1129,4098,2676,2743,3183
EIF4H,2719,1505,12991,3454,6614,7098
EIF5,2725,1673,4646,5502,5032,4816
EIF5A,650,359,2661,950,3588,3342
EIF5A2,138,90,230,623,597,628
EIF5AL1,214,335,128,117,188,161
EIF5AP2,0,0,0,0,0,0
EIF5B,1698,761,3268,5082,4583,4855
EIF6,256,125,1786,223,1195,1285
EIPR1,58,19,236,51,183,179
ELAC1,33,34,94,110,108,85
ELAC2,258,174,835,721,1497,1515
ELANE,1,0,2,0,0,0
ELAPOR1,4648,2344,9295,3599,7081,7758
ELAPOR2,343,106,666,865,706,831
ELAVL1,489,323,1506,801,1648,1806
ELAVL2,0,4,5,68,37,56
ELAVL3,1,0,0,0,0,0
ELAVL4,0,0,0,0,0,0
ELF1,463,258,822,1044,893,1022
ELF2,651,351,993,742,680,711
ELF3,89,23,629,75,373,447
ELF4,167,102,454,391,769,748
ELF5,4724,2424,8654,4280,4328,5921
ELFN1,0,0,0,1,1,5
ELFN1-AS1,0,0,0,3,11,13
ELFN2,1,4.5,3,2,2.5,3
ELK1,428,155,1294,422,924,911
ELK1P1,0,0,0,0,0,0
ELK3,43,13,69,365,452,459
ELK4,2154,1047,3040,2974,1971,2613
ELL,37,12,197,37,199,236
ELL2,200,146,370,2788,2582,2770
ELL2P2,0,0,0,0,0,0
ELL2P3,0,0,0,0,0,0
ELL3,6,0,84,10,36,62
ELMO1,0,0,0,3,7,4
ELMO1-AS1,0,0,0,0,0,0
ELMO2,417,165,945,643,1032,1272
ELMO2P1,0,0,0,0,0,0
ELMO3,15,4,179,28,226,266
ELMOD1,0,0,2,0,0,0
ELMOD2,1292,528,2055,1883,1565,1843
ELMOD3,190,128,348,419,642,723
ELN,0,0,0,0,0,0
ELN-AS1,0,0,4,0,0,0
ELOA,764,382,1859,1081,1802,1818
ELOA-AS1,42,1,67,29,40,39
ELOA2,0,0,0,0,0,0
ELOA3BP,0,0,0,0,0,0
ELOA3DP,0,0,0,0,0,0
ELOAP1,0,0,0,0,0,0
ELOB,45,17,702,41,548,565
ELOBP1,0,0,0,0,0,0
ELOBP2,0,0,0,0,0,0
ELOBP3,0,0,0,0,0,0
ELOBP4,0,0,0,0,0,0
ELOC,661,330,1426,1682,2073,2081
ELOCP10,0,0,0,0,0,0
ELOCP11,0,0,0,0,0,0
ELOCP12,0,0,0,0,0,0
ELOCP13,0,0,0,0,0,0
ELOCP15,0,0,0,0,0,0
ELOCP16,0,0,0,0,0,0
ELOCP17,0,0,0,0,0,0
ELOCP18,0,0,0,0,0,0
ELOCP22,0,0,0,0,0,0
ELOCP23,0,0,0,0,0,0
ELOCP24,0,0,0,0,0,0
ELOCP31,0,0,0,0,0,0
ELOCP34,0,0,0,0,0,0
ELOCP35,0,0,0,0,0,0
ELOCP4,0,0,0,0,0,0
ELOCP6,0,0,0,0,0,0
ELOCP7,0,0,0,0,0,0
ELOCP8,0,0,0,0,0,0
ELOF1,219,129,903,199,856,865
ELOVL1,836,359,2031,1232,2729,2980
ELOVL2,1,11,3,1,1,2
ELOVL2-AS1,0,0,0,0,0,0
ELOVL3,14,7,92,13,32,35
ELOVL4,60,64,161,1078,1003,1093
ELOVL5,5135,2832,11229,7527,7144,7319
ELOVL6,144,118,268,1330,1205,1242
ELOVL7,300,148,526,1738,1578,1679
ELP1,1588,695,2876,1776,1845,2247
ELP2,908,543,2118,1170,1422,1592
ELP3,592,274,1197,1110,1420,1409
ELP4,427,216,919,449,493,512
ELP5,132,86,463,130,321,330
ELP6,85,55,422,95,266,236
ELSPBP1,0,0,0,0,0,0
EMB,10,1,3,795,631,691
EMC1,1037,455,2214,2009,3000,3544
EMC1-AS1,11,1,48,4,23,27
EMC10,159,130,854,278,928,1037
EMC2,1978,1183,4452,2914,2632,2582
EMC3,660,340,2123,969,2170,2118
EMC4,194,104,469,187,388,350
EMC6,25,69,163,41,170,145
EMC7,612,326,1490,612,1025,926
EMC8,71,28,352,118,325,345
EMC9,7,9,71,13,70,56
EMCN,0,0,0,0,0,0
EMD,482,361,1562,176,842,807
EME1,141,45,257,382,377,415
EME2,88,28,547,348,2101,2404
EMG1,104,43,368,172,468,523
EMID1,4,0,25,8,54,51
EMILIN1,0,0,3,0,1,2
EMILIN2,0,0,0,0,0,0
EMILIN3,0,0,0,0,0,0
EML1,184,128,380,402,537,630
EML2,313,164,2212,413,1914,2298
EML2-AS1,1,2,25,0,6,4
EML3,242,78,1096,399,1666,1791
EML4,604,272,900,1422,1139,1348
EML5,21,0,26,147,97,161
EML6,4,8,16,26,17,33
EMP1,3,0,13,8,4,8
EMP2,6334,3356,12314,7997,10633,11175
EMP3,8,0,30,4,16,22
EMSY,926,634,1221,1455,1371,1573
EMSY-DT,102,90,295,58,113,110
EMX1,0,0,2,0,0,0
EMX2,0,1,0,0,0,0
EMX2OS,0,0,0,0,0,0
EN1,0,0,0,0,0,0
EN2,0,0,0,0,0,0
EN2-DT,0,0,0,0,0,0
ENAH,3423,1924,6175,10345,8281,9490
ENAHP1,0,0,0,0,0,0
ENAM,0,0,0,0,0,0
ENC1,549,216,640,5249,4589,5231
ENDOD1,321,203,597,381,494,404
ENDOG,31,19,166,4,45,56
ENDOU,2,0,2,2,5,3
ENDOV,118,30,298,151,271,313
ENG,14,5,78,37,337,334
ENGASE,312,73,1304,228,934,970
ENHO,1,1,9,0,2,1
ENKD1,18,24,150,25,138,147
ENKUR,5,6,21,32,30,28
ENO1,4758,3622,20819,13161,42376,44113
ENO1-AS1,1,0,7,3,2,1
ENO1P1,0,0,0,0,0,0
ENO1P3,0,0,0,0,0,0
ENO2,58,21,171,56,180,183
ENO3,30,8,140,53,130,142
ENO4,15,2,48,16,24,19
ENOPH1,577,276,1220,471,744,817
ENOSF1,632,202,1179,497,714,816
ENOX1,4,13,18,4,19,9
ENOX2,113,119,233,173,161,155
ENPEP,0,0,0,0,0,0
ENPP1,1045,595,1737,1421,1055,1323
ENPP2,0,0,2,2,0,2
ENPP3,10,11,7,44,35,42
ENPP4,187,113,323,1173,890,1112
ENPP5,601,354,833,1153,1101,1186
ENPP6,0,0,0,0,0,0
ENPP7,0,0,0,0,0,0
ENPP7P1,0,0,0,0,0,0
ENPP7P10,0,0,0,0,0,0
ENPP7P11,0,0,0,0,0,0
ENPP7P14,0,0,0,0,0,0
ENPP7P15,0,0,0,0,0,1
ENPP7P2,0,0,1,0,0,0
ENPP7P3,0,0,0,0,0,0
ENPP7P4,0,0,0,1,0,0
ENPP7P6,0,0,0,0,0,0
ENPP7P7,0,0,0,0,0,0
ENPP7P8,0,0,0,0,0,0
ENPP7P9,0,0,0,0,0,0
ENSA,3311,1617,9204,5588,11344,11728
ENSAP1,0,0,0,0,0,0
ENTHD1,0,0,0,0,0,0
ENTPD1,22,14,43,74,55,63
ENTPD1-AS1,341,187,567,1126,869,1182
ENTPD2,69,26,565,63,465,401
ENTPD3,26,8,69,59,80,91
ENTPD3-AS1,12,1,32,20,20,36
ENTPD4,719,275,1229,1684,1806,2106
ENTPD5,926,572,1539,918,938,1151
ENTPD6,372,182,1853,561,2185,2236
ENTPD7,770,368,1322,1568,1490,1833
ENTPD8,4,1,62,3,114,122
ENTR1,458,322,1642,627,1155,1332
ENTREP1,1,0,6,18,36,28
ENTREP2,0,0,0,0,0,0
ENTREP3,101,40,432,242,901,972
ENY2,515,332,2011,1165,2023,2118
EOGT,141,79,173,239,172,225
EOLA1,155,61,535,62,201,212
EOLA1-DT,48,15,113,17,27,29
EOLA2,195,57,625,134,276,301
EOLA2-DT,537,98,832,136,205,274
EOMES,0,0,0,0,0,0
EP300,1140,491,1806,1728,1872,2530
EP400,492,205,1023,720,982,1229
EPAS1,205,209,718,1378,2241,2620
EPB41,720,335,1302,1170,1305,1544
EPB41L1,493,246,1117,490,1181,1269
EPB41L2,282,103,446,3104,3643,3826
EPB41L3,136,95,303,1,1,1
EPB41L4A,631,354,983,513,521,514
EPB41L4A-DT,1,0,7,0,0,2
EPB41L4B,529,371,1050,604,600,552
EPB41L5,785,340,1395,1132,1135,1240
EPB42,0,0,0,0,2,0
EPC1,467,361,806,730,605,743
EPC1-AS1,0,0,0,0,0,0
EPC2,414,291,596,626,512,574
EPCAM,1341,942,2456,2470,3055,2838
EPCAM-DT,3,0,2,1,1,3
EPCIP,0,0,0,0,0,0
EPDR1,0,0,0,0,0,0
EPG5,415,199,624,558,572,747
EPGN,1,0,8,25,27,22
EPHA1,42,18,260,58,304,382
EPHA1-AS1,0,0,1,2,2,3
EPHA10,36,4,100,31,150,151
EPHA2,1,0,8,10,60,93
EPHA3,4,0,0,1,0,1
EPHA4,1336,663,1911,123,117,117
EPHA5,1,0,0,6,4,1
EPHA5-AS1,0,0,1,0,0,0
EPHA6,172,113,245,146,118,141
EPHA7,5,0,1,14,28,16
EPHA8,0,0,3,1,3,1
EPHB1,0,0,2,0,3,3
EPHB2,3,0,5,5,15,17
EPHB3,32,16,352,74,463,589
EPHB4,102,61,582,147,578,572
EPHB6,65,7,452,384,1954,2269
EPHX1,396,115,1235,994,3394,3797
EPHX2,237,145,623,434,714,671
EPHX3,0,0,2,0,4,2
EPHX4,0,0,0,4,4,7
EPIC1,73,30,110,119,123,183
EPIST,0,0,1,0,0,1
EPM2A,103,56,187,82,133,119
EPM2A-DT,90,48,136,50,51,68
EPM2AIP1,2609,1165,3708,5474,4042,4898
EPN1,126,38,730,153,841,825
EPN2,612,216,1441,487,915,1005
EPN2-AS1,0,0,0,0,0,0
EPN3,93,30,749,140,806,925
EPO,0,0,0,0,0,0
EPOP,182,72,573,273,602,641
EPOR,77,28,231,64,259,252
EPPIN,0,0,0,0,0,0
EPPIN-WFDC6,0,0,0,0,0,0
EPPK1,31,9,119,496,1068,1354
EPRS1,8417,4917,16281,8856,7987,8508
EPS15,1268,733,1852,1499,1080,1284
EPS15-AS1,10,0,36,1,6,7
EPS15L1,646,307,1752,482,1019,1094
EPS8,457,190,612,1338,1340,1387
EPS8L1,147,86,922,2127,5092,5623
EPS8L2,85,44,962,197,1447,1629
EPS8L3,0,0,0,0,0,0
EPSTI1,18,9,13,28,26,15
EPX,0,0,0,0,0,0
EPYC,0,0,0,0,0,0
EQTN,0,0,0,0,0,0
ERAL1,303,176,1031,450,1152,1118
ERAP1,989,498,1688,1529,1374,1690
ERAP2,139,68,202,308,295,305
ERAS,0,0,2,0,1,0
ERBB2,706,382,3428,828,3572,3878
ERBB3,7989,4441,17265,8515,14243,16269
ERBB4,1471,647,1850,1320,1115,1361
ERBIN,3029,1628,4653,4915,3653,4763
ERC1,701,330,1024,859,847,967
ERC2,1,0,0,3,0,0
ERC2-IT1,0,0,0,0,0,0
ERCC1,352,196,2257,283,1794,1923
ERCC2,153,77,769,206,938,928
ERCC3,404,206,982,849,1180,1243
ERCC4,742,372,1282,939,801,1050
ERCC5,51,25,87,82,88,118
ERCC6,567,337,1226,1963,1950,2399
ERCC6L,78,36,105,386,394,328
ERCC6L2,481,231,825,632,439,583
ERCC6L2-AS1,20,7,34,38,34,33
ERCC8,563,231,1044,1006,1168,1365
EREG,0,0,3,0,0,0
ERF,205,189,729,319,1024,1017
ERFE,0,0,0,0,2,2
ERFL,0,0,2,0,5,5
ERG,0,0,0,0,0,0
ERG28,440,216,937,678,1331,1308
ERGIC1,3604,2104,10334,3838,11742,12881
ERGIC2,1224,550,2172,4955,4352,4987
ERGIC3,2118,1178,6320,1864,5195,5344
ERH,1964,1647,3696,2868,4209,4306
ERI1,194,120,419,464,488,452
ERI2,993,395,1696,1105,953,1018
ERI3,195,114,596,194,536,533
ERI3-IT1,0,7,0,2,1,5
ERICH1,74,23,293,89,214,251
ERICH2,18,19,45,20,17,7
ERICH2-DT,4,0,5,7,26,10
ERICH3,11,17,37,1,3,4
ERICH3-AS1,0,0,0,0,0,0
ERICH4,0,0,0,0,0,1
ERICH5,0,0,0,0,0,0
ERICH6,6,0,11,14,10,16
ERICH6-AS1,88,55,205,109,127,129
ERICH6B,0,0,0,0,0,0
ERLEC1,1052,507,2233,1887,1830,1939
ERLIN1,1335,660,2424,2118,2376,2512
ERLIN2,3579,2032,6567,5490,6121,7256
ERLNC1,0,0,1,1,2,0
ERMAP,324,207,615,310,363,390
ERMARD,320,128,704,891,840,847
ERMN,0,0,0,0,0,0
ERMP1,1601,819,2603,3865,3098,3891
ERN1,504,189,1125,345,425,589
ERN2,0,0,0,0,0,0
ERO1A,1877,912,3430,2616,2390,2427
ERO1B,1575,767,2799,1065,847,1112
ERP27,18,15,28,2,5,6
ERP29,1027,663,4330,1962,4509,4223
ERP44,1022,596,2710,738,873,830
ERRFI1,260,135,400,958,900,1014
ERV3-1,983,304,946,547,330,552
ERVE-5,0,0,0,0,0,0
ERVFC1,0,0,0,0,0,0
ERVFRD-1,0,0,0,0,0,0
ERVH48-1,2,0,0,0,0,0
ERVK3-1,167,54,132,309,292,343
ERVMER34-1,43,9,34,91,98,97
ERVV-1,0,1,0,1,0,2
ERVV-2,189,99,249,386,358,507
ERVW-1,0,0,0,0,0,0
ESAM,5,0,8,7,15,14
ESAM-AS1,4,7,4,10,6,6
ESCO1,611,322,1097,1244,954,1323
ESCO2,100,53,166,713,681,675
ESD,1265,954,2326,2478,2365,2298
ESF1,866,457,1512,1143,922,985
ESM1,0,0,0,0,1,0
ESPL1,121,51,456,393,1596,1670
ESPN,33,1,275,65,572,624
ESPNL,0,0,0,0,0,1
ESR1,7889,3708,13087,4864,5081,5711
ESR2,9,0,7,0,5,3
ESRG,0,0,0,0,0,0
ESRP1,5800,3210,9608,4851,5615,6256
ESRP2,645,285,2061,744,1771,1867
ESRRA,71,56,498,41,211,247
ESRRB,0,0,0,0,0,1
ESRRG,0,0,5,8,2,10
ESS2,16,3,138,22,159,167
ESX1,0,0,0,0,0,0
ESYT1,1913,819,5672,2339,5549,5563
ESYT2,1092,622,2325,3336,3652,4462
ESYT3,25,8,32,14,26,32
ETAA1,333,122,582,571,482,502
ETDA,0,0,0,0,0,0
ETDB,0,0,0,0,0,0
ETDC,0,0,0,0,0,0
ETF1,2663,1284,5094,5541,5158,5483
ETFA,1120,600,2880,2667,3366,3102
ETFB,7,8,80,76,138,130
ETFBKMT,104,78,231,145,142,187
ETFDH,744,387,1233,1332,1283,1356
ETFRF1,273,111,633,442,621,614
ETHE1,24,27,132,16,91,78
ETNK1,527,327,891,2368,1830,2026
ETNK2,290,161,1113,401,1489,1509
ETNPPL,0,0,0,1,1,0
ETS1,0,0,0,1,1,2
ETS1-AS1,0,0,0,0,0,0
ETS2,16,19,18,75,119,155
ETV1,7,11,4,23,15,14
ETV2,0,0,12,1,6,2
ETV3,1100,631,2205,1301,1523,1848
ETV3L,0,0,0,0,0,0
ETV4,0,0,0,0,4,5
ETV5,0,0,1,71,77,154
ETV5-AS1,0,0,0,0,0,0
ETV6,198,62,249,313,362,358
ETV7,0,6,4,8,20,18
EVA1A,0,0,0,0,0,5
EVA1A-AS,0,0,0,0,0,0
EVA1B,0,0,0,0,0,0
EVA1C,9,11,26,13,38,44
EVA1CP1,0,0,0,0,0,0
EVA1CP5,0,0,0,0,0,1
EVA1CP6,0,0,0,0,0,0
EVC,14,0,45,273,739,985
EVC2,0,0,0,0,0,0
EVI2A,0,0,0,0,0,0
EVI2B,0,0,0,0,0,0
EVI5,240,155,533,629,576,646
EVI5L,21,8,171,49,208,244
EVL,109,53,478,74,271,252
EVPL,107,20,825,211,1572,1714
EVPLL,4,0,26,13,51,58
EVX1,0,0,0,0,1,0
EVX1-AS,0,0,0,0,1,0
EVX2,0,0,0,0,0,0
EWSAT1,5,6,7,43,56,76
EWSR1,4548,1885,7426,8319,11290,12860
EXD1,0,0,5,0,0,1
EXD2,557,352,935,948,1081,1330
EXD3,99,44,298,55,202,198
EXO1,107,44,221,540,659,632
EXO5,72,34,171,121,117,145
EXOC1,687,287,1242,821,836,942
EXOC1L,0,0,0,0,0,0
EXOC2,836,498,1762,796,849,994
EXOC3,595,319,2243,847,2090,2324
EXOC3L1,0,0,0,0,0,0
EXOC3L2,0,0,0,0,0,0
EXOC3L4,0,0,1,0,0,0
EXOC4,1653,1269,2891,1920,2180,2388
EXOC5,1778,986,2941,3541,2692,3181
EXOC5P1,1,0,2,2,2,0
EXOC6,653,358,1459,1503,1523,1751
EXOC6B,296,175,552,845,811,891
EXOC7,734,356,3557,1570,5305,5785
EXOC8,531,324,1168,713,788,982
EXOG,37,14,60,139,142,139
EXOSC1,316,239,1101,420,811,877
EXOSC10,648,334,1427,848,1499,1544
EXOSC10-AS1,0,0,0,0,2,2
EXOSC2,758,344,1973,873,1311,1281
EXOSC3,180,103,280,175,178,178
EXOSC4,18,4,142,31,110,118
EXOSC5,6,8,157,8,74,69
EXOSC6,949,525,1775,562,792,843
EXOSC7,99,57,657,150,437,416
EXOSC8,423,248,829,874,807,746
EXOSC8P1,0,0,0,0,0,0
EXOSC9,302,145,574,551,609,604
EXPH5,697,364,890,944,715,901
EXT1,566,312,1212,1310,2414,2476
EXT2,1100,497,2253,2578,3555,3920
EXTL1,0,11,15,2,12,16
EXTL2,196,84,313,611,455,580
EXTL3,208,83,723,915,2031,2409
EXTL3-AS1,63,5,54,112,101,132
EYA1,2,0,6,0,0,0
EYA2,6,0,2,47,144,151
EYA3,443,241,652,584,565,621
EYA4,0,0,2,0,2,0
EYS,4,0,2,2,0,1
EZH1,701,350,1247,862,1114,1236
EZH2,481,275,872,691,758,706
EZHIP,0,0,0,0,0,0
EZR,892,579,3312,2536,6602,7346
EZR-AS1,3,0,1,0,1,1
F10,1,0,0,0,0,0
F10-AS1,0,0,0,0,0,0
F11,0,0,0,0,0,0
F11-AS1,0,0,1,37,47,55
F11R,1673,987,3292,3667,5024,4572
F12,1,0,20,0,7,5
F13A1,0,0,0,0,0,0
F13B,0,0,0,0,0,0
F2,0,0,1,0,3,0
F2R,0,0,5,31,37,23
F2RL1,32,18,31,151,166,206
F2RL2,0,0,0,0,0,0
F2RL3,0,0,0,0,0,0
F3,40,1,71,70,103,110
F5,0,0,1,0,0,0
F7,39,16,153,21,68,69
F8,58,47,170,108,71,107
F8A1,142,93,197,70,137,94
F8A2,0,1,0,0,0,0
F8A3,4,63,2,2,1,0
F9,0,0,0,0,0,0
FA2H,17,5,69,17,61,84
FAAH,35,24,255,38,203,230
FAAH2,144,82,308,62,100,94
FAAP100,41,15,345,46,331,340
FAAP20,34,11,128,80,241,261
FAAP24,23,18,67,28,82,64
FABP1,0,0,0,0,0,0
FABP12,0,0,0,0,0,0
FABP12P1,0,0,0,0,0,0
FABP2,0,0,0,0,0,0
FABP3,0,0,0,0,0,0
FABP4,0,0,0,0,0,0
FABP5,0,0,0,0,0,0
FABP5P13,0,0,0,0,0,0
FABP5P5,0,0,0,0,0,0
FABP5P6,0,0,0,0,0,0
FABP6,0,0,1,0,2,7
FABP7,0,0,0,1,0,0
FABP9,0,0,0,0,0,0
FADD,171,211,499,180,547,534
FADS1,439,194,802,793,1130,1215
FADS2,127,88,432,202,974,1100
FADS3,61,34,275,22,195,171
FADS6,0,1,4,1,0,5
FAF1,686,387,1481,711,790,724
FAF2,1994,1152,3552,2953,3620,4136
FAF2P1,0,0,0,0,0,0
FAH,297,119,1392,180,832,804
FAHD1,268,239,898,447,659,641
FAHD2A,56,40,204,68,191,241
FAHD2B,55,20,207,40,98,135
FAIM,82,39,298,252,334,331
FAIM2,1,0,1,4,12,19
FAM106A,21,4,20,4,7,6
FAM106C,57,7,49,15,8,11
FAM107A,0,0,0,0,0,0
FAM107B,860,492,1731,3648,3236,4233
FAM110A,77,35,193,53,130,136
FAM110B,51,32,111,448,512,512
FAM110C,199,59,285,614,468,552
FAM110D,0,0,0,0,0,0
FAM111A,2490,896,3346,7248,5376,6410
FAM111A-DT,156,94,377,380,534,537
FAM111B,154,115,262,2115,1894,1686
FAM114A1,583,431,1292,860,982,1156
FAM114A2,952,443,1916,1643,1497,1635
FAM117A,112,72,353,160,403,458
FAM117B,132,75,237,107,138,121
FAM118A,78,39,208,173,290,313
FAM118B,361,227,622,370,390,401
FAM120A,2120,1162,5402,2709,3579,4320
FAM120AOS,764,415,1325,797,844,756
FAM120B,540,368,1210,1311,1426,1660
FAM120C,322,188,463,1194,906,1192
FAM124A,4,0,3,4,4,3
FAM124B,0,0,0,0,0,0
FAM131A,178,63,473,576,1303,1452
FAM131B,0,0,0,0,18,8
FAM131C,0,0,0,0,4,6
FAM131C2P,0,0,0,0,0,0
FAM133A,0,0,0,79,49,74
FAM133B,273,184,836,878,870,1015
FAM133EP,0,0,0,0,0,0
FAM133FP,0,0,0,0,0,0
FAM133GP,0,0,0,0,0,2
FAM135A,113,57,151,144,77,104
FAM135A-AS1,0,0,1,0,0,0
FAM135B,0,0,0,0,2,0
FAM136A,352,164,768,709,898,813
FAM138A,0,0,0,0,0,0
FAM138B,0,0,0,0,0,0
FAM138C,0,0,0,0,0,0
FAM138D,0,0,0,0,0,0
FAM138E,0,0,0,0,0,0
FAM138F,0,0,0,0,0,0
FAM13A,172,101,297,413,497,545
FAM13A-AS1,14,0,4,15,12,13
FAM13B,967,316,1312,1592,1138,1056
FAM13C,21,7,49,165,222,196
FAM149A,0,0,1,10,49,43
FAM149B1,1169,443,1719,1368,1165,1433
FAM149B1P1,0,0,0,0,0,0
FAM151A,0,0,0,0,0,0
FAM151AP1,0,0,0,0,0,0
FAM151B,46,4,119,113,107,130
FAM153A,0,0,0,0,0,0
FAM153CP,2,1,4,9,2,6
FAM156A,8,4.5,27,13.5,25,32.5
FAM161A,39,28,61,91,92,76
FAM161B,127,76,346,175,293,264
FAM162A,197,135,693,220,362,364
FAM162B,0,0,0,0,0,0
FAM163A,0,0,0,0,0,4
FAM163B,0,0,0,0,0,0
FAM167A,144,48,262,172,275,268
FAM167A-AS1,0,0,0,0,1,0
FAM167B,3,0,5,1,2,2
FAM168A,1514,659,3393,2356,3848,4732
FAM168B,2319,1319,4828,4093,4968,6036
FAM169A,108,25,153,995,705,893
FAM170A,0,0,1,0,0,0
FAM170B,0,0,0,0,0,0
FAM170B-AS1,0,0,0,0,0,0
FAM171A1,0,0,0,15,15,18
FAM171A2,0,0,24,6,33,44
FAM171B,131,73,193,1018,860,964
FAM174A,106,98,365,248,277,294
FAM174A-DT,33,0,22,40,14,30
FAM174B,347,163,999,426,774,812
FAM174C,2,2,86,3,44,54
FAM177A1,789,309,1627,899,1020,1134
FAM177B,0,0,0,1,0,0
FAM178B,0,0,0,1,0,0
FAM180A,0,0,0,0,0,0
FAM180B,0,0,0,0,0,0
FAM181A,0,0,0,0,0,0
FAM181A-AS1,0,0,0,0,0,0
FAM181B,0,0,0,0,0,0
FAM182A,1,0,0,0,0,1
FAM184A,66,47,87,289,263,239
FAM184B,18,28,34,5,13,10
FAM185A,79,59,145,159,183,203
FAM186A,0,0,0,0,1,0
FAM186B,3,2,12,4,10,10
FAM187A,0,0,0,0,0,0
FAM187B,0,0,0,0,0,0
FAM187B2P,3,0,3,0,1,0
FAM193A,290,129,696,420,750,880
FAM193B,163,34,1067,111,706,744
FAM197Y6,0,0,0,0,0,0
FAM197Y7,0,0,0,0,0,0
FAM199X,799,365,1512,2752,2073,2699
FAM200A,92,50,185,143,150,119
FAM200B,96,18,155,227,247,249
FAM200C,125,38,203,124,88,135
FAM204A,764,494,1706,1311,1495,1660
FAM204CP,0,0,0,0,0,0
FAM209A,1,0,1,2,2,0
FAM209B,0,0,0,1,5,3
FAM20A,0,0,0,0,0,0
FAM20B,2759,1173,5449,4514,4305,4557
FAM20C,50,17,528,25,135,172
FAM210A,176,123,359,317,328,325
FAM210B,1517,991,3182,4279,4423,4637
FAM215A,0,0,0,0,0,0
FAM216A,98,100,256,202,233,171
FAM216B,0,0,0,0,0,1
FAM217A,0,0,0,0,0,0
FAM217B,1043,611,1724,2352,1943,2442
FAM218A,0,0,0,0,0,0
FAM219A,92,42,211,283,517,528
FAM219B,800,513,1455,1008,1292,1460
FAM21FP,5,1,7,3,14,15
FAM220A,249,127,562,116,215,195
FAM220CP,0,0,0,0,0,0
FAM221A,110,52,213,162,121,171
FAM221B,7,0,11,11,3,3
FAM222A,6,6,25,9,33,42
FAM222A-AS1,1,0,2,0,1,1
FAM222B,325,223,588,394,560,603
FAM223A,0,0,0,0,0,0
FAM223B,0,0,0,0,0,0
FAM225A,3,5,16,4,27,44
FAM225B,0,0,12,4,14,26
FAM227A,142,45,232,207,181,213
FAM227B,73,61,214,142,150,228
FAM228A,0,0,1,1,1,2
FAM228B,116,17,159,101,94,118
FAM229A,75,4,159,92,179,188
FAM229B,100,43,202,160,236,209
FAM230A,0,0,0,0,0,0
FAM230B,0,0,0,0,0,0
FAM230C,4,6,22,6,6,12
FAM230E,0,0,0,0,0,0
FAM230H,0,0,0,0,0,0
FAM230I,0,0,0,0,0,0
FAM230J,0,0,0,0,0,0
FAM234A,292,105,2127,518,2594,2958
FAM234B,99,95,269,259,309,399
FAM236A,0,0,0,0,0,0
FAM236B,0,0,0,0,0,0
FAM236C,0,0,0,0,0,0
FAM236D,0,0,0,0,0,0
FAM237A,0,0,0,0,0,0
FAM237B,0,0,0,0,0,0
FAM240A,0,0,0,0,0,0
FAM240B,0,0,0,0,0,0
FAM240C,0,0,0,0,0,0
FAM241A,276,172,588,395,341,323
FAM241B,22,34,144,52,177,176
FAM242A,0,0,0,0,0,0
FAM242B,0,0,0,0,0,0
FAM242E,0,0,0,0,0,0
FAM242F,0,0,0,0,0,0
FAM245A,0,0,0,0,0,0
FAM245B,0,0,0,0,0,0
FAM246A,0,0,0,0,0,0
FAM246B,0,0,0,0,0,0
FAM246C,0,0,0,0,0,0
FAM24A,0,0,0,0,0,0
FAM24B,18,21,45,60,45,112
FAM24B-CUZD1,0,0,0,0,0,0
FAM25A,0,0,1,0,7,8
FAM25C,0,0,0,0,0,0
FAM25G,0,0,0,0,0,0
FAM27C,2,0,13,0,8,3
FAM27E3,12,3,45,1,17,19
FAM27E5,0,0,2,0,0,0
FAM30A,0,0,0,0,0,0
FAM32A,277,241,1260,597,1658,1730
FAM3A,60,7,495,81,307,318
FAM3B,0,0,2,5,0,0
FAM3C,856,514,1451,1757,1355,1592
FAM3D,1,0,4,0,0,0
FAM3D-AS1,5,0,13,0,0,0
FAM41C,0,0,0,1,1,0
FAM43A,38,31,76,31,67,89
FAM43B,0,0,0,0,0,0
FAM47A,0,0,0,0,0,0
FAM47B,0,0,0,0,0,0
FAM47C,0,0,2,0,0,0
FAM47E,10,20,22,20,15,19
FAM47E-STBD1,0,0,1,0,0,4
FAM50A,490,240,2338,415,1739,1620
FAM50B,21,15,57,22,28,33
FAM53A,7,10,35,7,11,12
FAM53B,63,60,389,72,257,266
FAM53C,926,577,2171,1252,2054,2392
FAM66B,2,0,3,13,15,30
FAM66C,0,0,3,64,36,51
FAM66E,0,0,0,0,0,1
FAM72A,81,27,134,134,150,129
FAM72B,104,27,155,171,158,185
FAM72C,12,0,49,39,33,44
FAM72D,89,56,156,101,138,151
FAM74A1,0,0,0,0,0,0
FAM76A,110,77,249,116,129,151
FAM76AP1,0,0,0,0,0,0
FAM76B,431,251,760,628,467,552
FAM78A,5,0,27,9,14,23
FAM78B,4,0,16,0,3,4
FAM81A,9,34,31,6,21,12
FAM81B,6,8,10,4,8,4
FAM83A,3,0,19,136,300,334
FAM83A-AS1,0,0,0,0,0,0
FAM83B,94,27,110,396,293,345
FAM83C,0,0,0,0,0,0
FAM83C-AS1,0,0,1,0,8,2
FAM83D,238,128,520,405,650,569
FAM83E,0,0,2,10,68,81
FAM83F,61,34,163,293,829,904
FAM83G,256,88,1368,107,436,417
FAM83H,344,191,1684,648,2397,2474
FAM86B1,5,16,13,6,22,17
FAM86B2,3,0,0,1,4,3
FAM86B3P,53,21,188,25,74,70
FAM86C1P,63,43,284,52,136,160
FAM86DP,51,33,160,53,80,86
FAM86GP,0,1,5,0,2,0
FAM86KP,0,0,0,0,0,0
FAM86LP,0,0,0,0,0,0
FAM86MP,0,0,0,0,0,1
FAM87A,0,0,0,1,1,3
FAM87B,0,0,0,0,0,0
FAM88B,5,0,19,3,11,6
FAM88C,2,0,0,0,1,0
FAM89A,2,0,0,6,7,6
FAM89B,2,1,12,3,16,11
FAM8A1,2312,1271,3904,3016,2609,3036
FAM90A1,0,0,0,0,0,0
FAM90A10,0,0,0,0,0,0
FAM90A11,0,0,0,0,0,0
FAM90A12,0,0,0,0,0,0
FAM90A13,0,0,0,0,0,0
FAM90A14,0,0,0,0,0,0
FAM90A15,0,0,0,0,0,0
FAM90A16,0,0,0,0,0,0
FAM90A17,0,0,0,0,0,0
FAM90A18,0,0,0,0,0,0
FAM90A19,0,0,0,0,0,0
FAM90A20,0,0,0,0,0,0
FAM90A22,0,0,0,0,0,0
FAM90A24,0,0,0,0,0,0
FAM90A26,0,0,0,0,0,0
FAM90A3,0,0,0,0,0,0
FAM90A5,0,0,0,0,0,0
FAM90A7,0,0,0,0,0,0
FAM90A8,0,0,0,0,0,0
FAM90A9,0,0,0,0,0,0
FAM91A1,1846,987,2694,3948,3062,3656
FAM98A,742,337,1330,2549,2930,3171
FAM98B,1127,674,2789,2665,3165,3347
FAM98C,39,17,106,67,129,170
FAM99A,0,0,0,0,0,0
FAM99B,0,0,0,0,0,0
FAM9A,0,0,0,0,0,0
FAM9B,0,0,0,0,0,0
FAM9C,1,0,0,0,0,1
FAN1,738,348,1557,1003,1004,1245
FANCA,55,8,188,154,488,478
FANCB,56,18,85,137,123,142
FANCC,101,69,289,109,224,208
FANCD2,577,205,1031,1218,1201,1268
FANCD2OS,1,0,3,5,4,1
FANCD2P2,0,0,0,0,0,0
FANCE,66,28,213,45,150,160
FANCF,369,321,790,269,287,405
FANCG,118,52,404,84,354,335
FANCI,701,538,1392,2694,2387,2446
FANCL,88,45,252,210,249,198
FANCM,201,128,326,427,310,388
FANK1,33,10,69,19,31,35
FANK1-AS1,0,0,0,0,0,0
FAP,1,0,0,0,0,0
FAR1,1255,483,1995,2670,1963,2155
FAR2,0,7,4,5,7,8
FAR2P1,6,0,6,2,8,6
FAR2P3,0,0,0,0,0,0
FAR2P4,0,0,0,0,0,0
FARP1,1607,747,2209,1407,1633,2108
FARP1-AS1,0,0,0,0,0,1
FARP2,239,147,532,536,753,911
FARS2,103,35,455,84,216,194
FARS2-AS1,3,0,5,0,1,2
FARSA,71,46,1110,65,557,592
FARSA-AS1,0,0,0,0,0,1
FARSB,1099,468,1881,1604,1627,1569
FAS,88,50,156,2727,2584,2732
FASLG,0,0,0,0,0,0
FASN,149,61,1645,707,8230,12074
FASTK,72,27,405,72,298,284
FASTKD1,75,72,180,273,217,272
FASTKD2,663,290,1089,1081,912,975
FASTKD3,181,159,350,385,324,333
FASTKD5,278,191,634,445,511,472
FAT1,4,0,4,128,102,153
FAT1P1,0,0,0,0,0,0
FAT2,1,0,5,476,628,720
FAT3,1,0,5,7,0,2
FAT4,0,7,0,18,18,19
FATE1,0,0,0,0,1,0
FAU,291,203,1548,103,505,503
FAUP3,0,0,0,0,0,0
FAXC,95,24,140,253,292,336
FAXDC2,0,0,0,1,3,1
FBF1,79,10,226,140,202,248
FBH1,622,339,1645,942,1889,1992
FBL,595,439,2236,738,1943,1779
FBLIM1,58,31,188,199,597,723
FBLL1,0,0,0,0,0,0
FBLN1,0,0,0,5,30,31
FBLN2,0,0,1,0,0,0
FBLN5,0,0,13,17,36,31
FBLN7,1,0,16,9,6,7
FBLP1,0,0,0,0,0,0
FBN1,4,0,4,9,3,6
FBN1-DT,0,0,0,0,0,0
FBN2,0,0,0,22,24,20
FBN3,1,1,11,1,6,7
FBP1,122,53,502,182,563,632
FBP2,0,0,0,0,0,1
FBRS,1093,411,5904,1165,3777,4378
FBRSL1,61,33,400,67,238,246
FBXL12,123,64,260,251,380,360
FBXL13,11,7,17,36,11,27
FBXL14,8,3,159,8,53,60
FBXL15,19,7,189,20,200,186
FBXL16,18,6,79,15,55,81
FBXL17,732,649,1288,1067,909,1023
FBXL18,222,136,1013,138,554,608
FBXL19,101,59,620,140,820,861
FBXL19-AS1,117,26,272,128,240,279
FBXL2,234,125,506,441,548,577
FBXL20,984,367,1305,1149,1165,1175
FBXL22,6,3,36,1,0,3
FBXL3,636,398,1260,1407,1318,1236
FBXL4,423,269,648,1149,929,1070
FBXL5,778,467,1452,1075,1153,1206
FBXL6,19,1,161,15,93,97
FBXL7,1,0,3,0,1,2
FBXL8,33,10,157,115,288,352
FBXO10,23,14,38,17,27,20
FBXO11,877,406,1501,1698,1225,1493
FBXO15,1,4,5,17,24,7
FBXO16,283,52,318,301,311,350
FBXO17,42,16,122,105,299,295
FBXO2,1,4,55,68,443,613
FBXO21,663,408,1359,972,1261,1517
FBXO22,571,167,1192,1092,1000,1122
FBXO24,4,5,15,0,16,12
FBXO25,672,260,1017,934,795,995
FBXO27,57,61,265,72,220,248
FBXO28,1115,604,1723,1792,1411,1723
FBXO3,1449,732,2334,1883,1673,1887
FBXO3-DT,0,0,0,0,0,0
FBXO30,266,204,452,679,495,600
FBXO31,106,69,499,111,468,545
FBXO32,751,409,1418,8909,7720,9085
FBXO33,255,174,444,396,379,458
FBXO34,462,329,895,603,687,683
FBXO34-AS1,0,0,1,2,0,0
FBXO36,70,53,125,210,239,307
FBXO38,1082,613,1859,1758,1447,1885
FBXO38-DT,147,109,142,84,72,76
FBXO39,0,0,0,0,0,0
FBXO4,249,144,439,311,244,309
FBXO40,0,0,0,0,0,0
FBXO41,121,64,295,352,604,669
FBXO42,292,125,594,368,493,541
FBXO43,13,3,26,25,39,26
FBXO44,43,9,293,136,489,590
FBXO45,1497,923,2781,2568,2242,2485
FBXO46,173,124,517,122,338,326
FBXO47,2,0,5,3,10,5
FBXO48,19,27,30,82,47,80
FBXO5,135,101,288,430,504,474
FBXO6,20,22,102,12,131,145
FBXO7,660,331,1197,1436,1831,1883
FBXO8,188,96,404,158,232,255
FBXO9,763,415,1269,1701,1465,1522
FBXW10,0,0,1,1,0,1
FBXW10B,1,0,5,1,0,1
FBXW11,1367,652,2314,2350,2171,2592
FBXW11P1,2,0,10,5,11,8
FBXW12,0,0,0,4,1,3
FBXW2,3318,1788,5807,3796,4029,5114
FBXW4,530,302,2386,422,1793,1904
FBXW4P1,2,0,0,2,4,6
FBXW5,33,9,648,20,357,382
FBXW7,217,106,426,570,471,576
FBXW7-AS1,0,0,0,0,0,0
FBXW8,546,338,957,645,930,913
FBXW9,8,5,139,5,73,67
FCAMR,0,0,0,0,0,0
FCAR,0,0,0,36,37,44
FCER1A,0,0,0,0,0,0
FCER1G,2,0,2,2,4,3
FCER2,0,0,0,0,2,0
FCF1,1744,1086,2829,3333,3273,3294
FCF1P10,0,0,0,0,0,0
FCF1P3,0,0,0,0,0,0
FCF1P4,0,0,0,0,0,0
FCF1P5,0,0,0,0,0,0
FCF1P9,0,0,0,0,0,0
FCGBP,0,0,1,1,0,0
FCGR1A,0,0,0,0,0,0
FCGR1CP,0,0,0,0,0,0
FCGR2A,0,0,1,2,2,5
FCGR2B,0,0,0,0,0,0
FCGR3A,0,0,0,0,0,0
FCGR3B,0,0,0,0,0,1
FCGRT,18,25,69,6,30,16
FCHO1,5,1,105,3,67,70
FCHO2,781,451,1139,1126,786,1040
FCHSD1,125,19,492,301,900,1033
FCHSD2,525,268,964,587,625,754
FCMR,5,13,20,1,2,0
FCN1,0,0,0,0,0,0
FCN2,0,0,5,32,48,81
FCN3,0,0,0,0,0,1
FCRL1,0,0,0,0,0,0
FCRL2,0,0,0,0,0,0
FCRL3,0,0,0,0,0,0
FCRL4,0,0,0,0,0,0
FCRL4P1,0,0,0,0,0,0
FCRL5,0,0,0,0,0,0
FCRL6,0,0,0,0,0,0
FCRLA,0,0,0,0,0,0
FCRLB,0,0,0,0,6,1
FCSK,78,22,252,141,485,567
FDCSP,0,0,0,0,0,0
FDFT1,1256,591,2941,4334,6668,7289
FDPS,958,604,2352,3619,6101,7026
FDPSP1,0,0,0,0,0,0
FDPSP3,2,0,2,0,0,0
FDPSP4,0,0,0,1,0,0
FDPSP5,0,0,0,2,0,0
FDPSP6,0,0,0,0,0,0
FDPSP7,0,0,0,0,0,0
FDPSP8,2,0,0,1,3,1
FDPSP9,0,0,0,0,0,0
FDX1,177,103,309,326,319,343
FDX2,1,0,1,1,2,1
FDXACB1,67,28,93,61,64,39
FDXR,63,31,241,145,486,451
FECH,637,315,1449,1041,1294,1557
FEM1A,237,144,1048,195,589,545
FEM1AP1,0,0,0,0,0,0
FEM1AP2,0,0,5,0,1,3
FEM1AP3,0,0,0,0,0,0
FEM1B,2557,1301,4171,3121,2369,2939
FEM1C,1307,732,1699,1117,1034,1346
FEN1,179,94,872,601,1444,1216
FENDRR,0,0,0,0,1,0
FER,638,399,779,1005,602,839
FER1L4,18,1,69,59,175,193
FER1L5,8,11,26,12,14,14
FER1L6,1,0,3,0,0,1
FER1L6-AS1,0,0,0,0,0,0
FER1L6-AS2,0,0,0,0,0,0
FERD3L,0,0,0,0,0,0
FERMT1,64,48,126,322,357,321
FERMT2,643,382,1035,1294,1147,1330
FERMT3,4,0,12,1,20,34
FERP1,0,0,0,0,0,0
FERRY3,159,64,326,470,430,449
FES,0,0,0,0,0,0
FETUB,0,0,0,0,0,0
FEV,0,0,0,0,0,0
FEZ1,41,39,133,168,215,226
FEZ2,178,52,327,362,379,379
FEZF1,0,0,0,1,3,2
FEZF1-AS1,6,6,6,55,84,76
FEZF2,0,0,0,0,0,0
FFAR1,0,0,1,0,0,0
FFAR2,1,0,4,1,5,1
FFAR3,0,0,0,0,0,0
FFAR4,3,0,10,2,6,4
FGA,0,0,0,0,0,0
FGB,3,0,3,0,0,0
FGD1,112,40,349,159,577,621
FGD2,0,0,0,0,0,0
FGD3,54,40,287,9,40,57
FGD4,277,111,314,901,653,899
FGD5,53,33,204,38,134,113
FGD5-AS1,2953,1605,4227,3988,3922,4530
FGD6,123,62,188,525,370,488
FGF1,0,0,0,4,3,15
FGF10,0,0,0,2,2,3
FGF10-AS1,0,0,0,0,0,0
FGF11,5,0,2,3,3,3
FGF12,182,79,383,592,690,705
FGF12-AS1,0,0,0,0,0,0
FGF12-AS2,0,0,0,1,0,0
FGF12-AS3,0,0,0,0,0,0
FGF13,11,15,20,2,3,5
FGF13-AS1,5,0,13,0,0,0
FGF14,0,0,0,0,0,0
FGF14-AS1,0,0,0,0,0,0
FGF14-AS2,1,0,3,0,0,0
FGF14-IT1,0,0,1,0,0,0
FGF16,0,0,0,0,0,0
FGF17,0,0,4,0,4,2
FGF18,0,0,0,0,1,4
FGF19,0,0,0,0,0,0
FGF2,0,0,0,0,0,0
FGF20,0,0,0,0,0,0
FGF21,0,0,0,0,1,3
FGF22,1,0,19,1,2,5
FGF23,3,0,0,0,0,0
FGF3,0,0,0,0,0,0
FGF4,0,0,0,0,0,0
FGF5,0,0,0,0,2,0
FGF6,0,0,0,0,0,0
FGF7,0,0,0,2,0,0
FGF8,0,0,0,1,2,1
FGF9,0,0,0,1,0,0
FGFBP1,0,0,0,17,43,45
FGFBP2,0,0,1,4,12,10
FGFBP3,122,47,208,383,451,473
FGFR1,90,33,221,783,1744,2434
FGFR1OP2,338,225,716,866,661,835
FGFR2,852,406,1873,1495,2549,3139
FGFR3,28,6,190,71,206,214
FGFR3P2,0,0,0,0,0,0
FGFR3P3,0,0,0,0,0,0
FGFR3P4,0,0,0,0,0,0
FGFR3P6,0,0,0,0,0,0
FGFR4,4,7,50,32,298,383
FGFRL1,158,62,414,97,522,450
FGG,2,0,10,0,0,0
FGGY,50,25,83,93,206,162
FGL1,0,0,0,5,0,1
FGL2,0,0,0,0,0,0
FGR,0,0,1,0,1,0
FH,866,515,1495,944,1076,1017
FHAD1,0,6,13,5,4,10
FHAD1-AS1,0,0,0,0,0,0
FHDC1,63,75,130,58,63,83
FHIP1A,600,287,700,338,335,470
FHIP1B,413,118,765,261,374,461
FHIP2A,313,147,457,825,563,721
FHIP2B,106,51,569,144,701,765
FHIT,18,5,66,25,29,33
FHL1,0,0,0,0,0,0
FHL1P1,2,0,3,11,8,10
FHL2,882,574,2747,1142,2885,3062
FHL3,20,30,69,23,45,62
FHL5,0,0,0,0,0,0
FHOD1,41,13,169,66,454,483
FHOD3,0,0,0,55,65,81
FHP1,0,0,0,0,0,0
FIBCD1,0,0,3,5,6,11
FIBIN,120,25,256,17,24,26
FIBP,244,161,831,280,796,807
FICD,294,156,769,174,214,292
FIG4,348,228,667,881,739,804
FIGLA,0,0,0,0,0,0
FIGN,108,59,105,133,112,145
FIGNL1,515,509,857,1275,936,1060
FIGNL2,0,0,0,0,0,3
FIGNL2-DT,0,0,0,0,1,2
FILIP1,6,0,7,6,9,13
FILIP1L,1,0,7,10,11,11
FILNC1,71,44,90,2474,2029,2000
FIP1L1,374,268,661,408,452,394
FIRRE,0,0,0,828,759,890
FIRRM,205,83,274,294,407,383
FIS1,97,45,1245,129,1144,1163
FITM1,0,0,2,1,2,2
FITM2,638,421,1116,609,678,843
FIZ1,124,62,309,284,307,288
FJX1,111,81,484,503,1277,1315
FKBP10,661,320,3083,349,1323,1480
FKBP11,99,8,108,150,270,234
FKBP14,745,264,1259,2310,1671,2397
FKBP15,1082,474,2359,795,1383,1475
FKBP1A,800,477,1368,1508,2075,1891
FKBP1B,0,0,1,5,5,11
FKBP1C,1,1,0,2,2,4
FKBP2,3,0,5,0,3,3
FKBP3,584,416,1513,1698,2448,2238
FKBP4,6032,3574,15014,4358,7856,7402
FKBP4P2,0,0,0,0,0,0
FKBP4P6,0,0,0,0,0,0
FKBP4P7,0,0,0,0,0,0
FKBP4P8,0,0,0,0,0,0
FKBP5,1345,793,2499,5048,5377,5839
FKBP6,0,0,0,0,0,0
FKBP7,57,42,83,58,58,54
FKBP8,72,12,1004,75,838,932
FKBP9,701,386,1515,1576,2541,2720
FKBPL,72,30,294,115,358,344
FKRP,19,16,112,77,236,239
FKTN,2881,1417,3620,4416,3001,3975
FKTN-AS1,2,0,1,3,0,1
FLACC1,4,8,6,16,5,4
FLAD1,250,81,1048,517,1088,1068
FLCN,270,136,613,167,294,325
FLG,0,0,0,0,0,0
FLG2,0,0,0,0,0,0
FLI1,0,0,0,0,0,0
FLII,582,178,3078,965,4325,4706
FLJ12825,15,2,40,376,369,527
FLJ13224,0,0,1,1,2,0
FLJ16779,0,0,0,0,0,0
FLJ20021,2,0,23,1,18,18
FLJ20712,1,0,0,0,0,0
FLJ30679,0,0,0,0,0,0
FLJ32255,0,0,0,0,1,1
FLJ33534,1,12,15,1,6,8
FLJ36000,1,1,9,4,10,16
FLJ38576,0,0,0,0,1,0
FLJ40194,0,0,0,0,0,0
FLJ40288,0,0,0,0,0,0
FLJ42393,0,0,0,0,0,0
FLJ46284,8,0,10,11,8,1
FLNA,430,113,3977,2555,24652,29141
FLNB,5630,2070,13431,2977,7301,8400
FLNB-AS1,0,0,0,0,0,0
FLNC,0,0,13,0,10,24
FLNC-AS1,0,0,0,0,0,0
FLOT1,792,412,2947,895,3356,3538
FLOT2,234,95,1246,604,2563,2533
FLRT1,1,0,9,2,1,0
FLRT2,0,0,1,0,0,0
FLRT2-AS1,0,0,0,0,0,0
FLRT3,118,90,191,377,328,324
FLT1,9,12,5,10,12,10
FLT1P1,0,0,0,0,0,0
FLT3,0,0,0,0,0,0
FLT3LG,2,0,4,0,6,26
FLT4,90,31,683,27,188,180
FLVCR1,641,255,910,1248,1164,1319
FLVCR1-DT,42,16,148,63,139,112
FLVCR2,41,40,52,60,76,69
FLVCR2-AS1,0,0,0,0,0,0
FLYWCH1,90,16,443,111,446,475
FLYWCH1P1,0,0,0,0,0,0
FLYWCH2,28,29,276,11,72,88
FMC1,3,9,2,1,8,6
FMC1-LUC7L2,0,0,0,0,0,0
FMN1,3068,1405,4307,2498,1990,2688
FMN2,15,28,24,42,35,47
FMN2P1,0,0,0,0,0,0
FMNL1,8,8,42,41,152,174
FMNL1-AS1,44,14,118,30,105,95
FMNL1-DT,6,0,12,16,65,57
FMNL2,7,0,9,114,84,116
FMNL3,6,5,16,20,65,67
FMO1,0,0,1,0,0,0
FMO11P,0,0,0,0,0,0
FMO2,0,0,0,0,0,0
FMO3,0,0,2,5,4,4
FMO4,41,15,97,87,68,76
FMO5,88,57,169,120,117,108
FMO7P,0,0,0,0,0,0
FMO8P,0,0,0,0,0,0
FMOD,4,0,5,47,111,80
FMR1,1888,868,3172,2475,2149,2363
FMR1-AS1,7,4,10,5,1,6
FMR1NB,0,0,1,0,0,0
FN1,499,251,904,1598,2337,2585
FN3K,74,45,442,143,354,358
FN3KRP,272,164,1212,654,2084,1906
FNBP1,901,486,1823,698,997,1122
FNBP1L,1624,832,2409,4459,3548,4283
FNBP4,1828,680,2028,3036,2221,2969
FNDC1,0,0,2,0,0,0
FNDC1-IT1,0,0,0,0,0,0
FNDC10,0,0,0,0,0,0
FNDC11,1,0,1,0,2,4
FNDC3A,980,505,1660,1400,1029,1392
FNDC3B,1919,1030,3011,5598,5263,7319
FNDC4,1,0,3,6,9,28
FNDC5,10,0,20,15,27,31
FNDC7,0,0,0,0,0,0
FNDC8,0,0,1,0,0,0
FNDC9,0,0,0,0,0,0
FNIP1,1791,968,2568,1297,984,1174
FNIP2,241,118,419,235,270,267
FNTA,766,513,1052,1349,1107,1100
FNTB,101,35,302,50,172,178
FOCAD,381,271,632,1078,1093,1297
FOCAD-AS1,2,0,0,0,0,0
FOLH1,1,0,1,11,8,10
FOLR1,38,3,122,28,155,153
FOLR2,0,0,0,0,0,0
FOLR3,0,0,0,0,0,0
FOLR3P1,0,0,0,0,0,0
FOS,962,375,3098,3,10,7
FOSB,1386,446,2526,16,28,39
FOSL1,0,0,0,0,0,2
FOSL2,161,87,336,420,682,862
FOSL2-AS1,0,3,3,5,2,1
FOXA1,4881,2689,9428,3524,4425,4316
FOXA2,0,2,3,1,3,0
FOXA3,0,0,0,0,0,0
FOXB1,0,0,0,0,0,0
FOXB2,0,0,0,0,0,0
FOXC1,71,31,83,68,72,73
FOXC2,0,0,0,0,0,0
FOXD1,3,6,22,8,22,29
FOXD2,95,81,301,73,184,247
FOXD2-AS1,9,1,37,12,36,43
FOXD3,1,0,4,1,1,0
FOXD3-AS1,6,0,14,1,10,10
FOXD4,2,0,7,2,21,10
FOXD4L1,0,0,0,0,1,0
FOXD4L3,0,0,0,0,0,0
FOXD4L4,0,0,1,0,0,0
FOXD4L5,0,0,1,0,0,0
FOXD4L6,0,0,0,0,0,1
FOXE1,0,0,0,0,0,0
FOXE3,0,0,0,0,0,0
FOXF1,0,0,0,1,1,1
FOXF2,0,0,0,0,0,0
FOXG1,0,0,0,0,0,0
FOXH1,0,0,0,0,1,0
FOXI1,0,0,0,0,4,0
FOXI2,0,0,0,0,0,0
FOXI3,0,9,1,14,19,17
FOXJ1,72,27,568,8,68,49
FOXJ2,183,76,354,397,549,596
FOXJ3,917,363,1824,1527,1581,1793
FOXK1,413,246,1444,437,1013,1186
FOXK2,521,343,1810,762,1950,2321
FOXL1,0,0,0,0,0,0
FOXL2,0,0,0,0,0,0
FOXL2NB,2,0,0,1,6,5
FOXL3-OT1,0,0,0,0,0,0
FOXM1,375,160,997,557,1518,1435
FOXN1,21,1,46,2,2,2
FOXN2,263,137,395,483,357,417
FOXN3,979,479,1662,1066,1013,1346
FOXN3-AS1,3,6,16,6,6,7
FOXN3-AS2,0,0,0,0,0,0
FOXN3P1,0,0,0,0,0,0
FOXN4,7,8,36,4,4,4
FOXO1,125,136,213,129,108,102
FOXO1B,0,0,0,0,0,0
FOXO3,1148,482,2103,1474,1423,1850
FOXO3B,144,50,270,177,138,254
FOXO4,133,82,475,250,421,526
FOXO6,5,6,35,5,31,27
FOXO6-AS1,0,0,0,0,0,0
FOXP1,448,288,701,121,125,136
FOXP1-AS1,0,0,0,0,0,0
FOXP1-DT,3,0,2,2,0,3
FOXP2,126,67,152,174,136,178
FOXP3,0,0,0,0,4,3
FOXP4,51,33,334,75,505,497
FOXP4-AS1,1,0,2,3,13,12
FOXQ1,0,0,0,0,0,0
FOXR1,0,0,0,0,0,0
FOXR2,0,0,0,0,0,1
FOXRED1,402,160,1448,446,1300,1473
FOXRED2,1235,637,2971,1604,3290,3256
FOXS1,0,0,0,0,5,2
FPGS,64,40,432,70,464,540
FPGT,300,129,545,608,510,489
FPGT-TNNI3K,1,0,1,0,0,0
FPR1,0,0,0,0,0,0
FPR2,0,0,0,0,0,0
FPR3,0,0,4,5,9,10
FRA10AC1,1144,446,2046,3013,2494,2640
FRAS1,1,0,0,74,62,105
FRAT1,229,182,599,122,202,226
FRAT2,621,368,1489,531,843,757
FREM1,0,0,0,1,2,1
FREM2,382,197,496,617,439,585
FREM3,0,0,0,0,0,0
FREY1,0,0,2,2,1,1
FRG1,241,126,760,374,626,622
FRG1-DT,2,0,14,2,8,13
FRG1CP,148,88,380,228,260,254
FRG2,0,0,1,1,0,0
FRG2B,1,0,1,1,3,1
FRG2C,0,0,0,0,0,0
FRG2GP,0,0,0,0,0,0
FRG2IP,0,0,0,0,0,0
FRG2LP,0,0,0,0,0,0
FRG2MP,0,0,0,0,0,0
FRK,3,5,10,819,557,783
FRMD1,0,0,0,0,0,0
FRMD3,63,18,57,539,379,510
FRMD4A,250,145,652,576,921,1241
FRMD4B,189,120,340,173,171,210
FRMD5,4,0,4,28,32,35
FRMD6,55,14,141,236,222,300
FRMD6-AS1,0,0,0,0,0,0
FRMD7,0,0,1,44,31,41
FRMD8,56,38,479,68,368,508
FRMD8P1,0,0,0,0,0,0
FRMPD1,0,0,0,1,0,2
FRMPD2,2,0,3,0,1,1
FRMPD3,1,0,10,8,17,20
FRMPD3-AS1,0,0,0,0,0,0
FRMPD4,0,0,0,0,0,0
FRRS1,200,152,322,429,380,454
FRRS1L,0,0,1,0,0,0
FRS2,1641,831,2469,2745,1824,2433
FRS3,6,5,42,16,29,56
FRY,15,11,17,143,106,178
FRYL,381,210,521,1080,786,1001
FRZB,0,0,0,3,2,1
FSBP,309,115,546,430,335,403
FSCB,0,0,0,0,0,0
FSCN1,1,6,20,3,32,28
FSCN2,8,12,67,15,81,69
FSCN3,1,0,0,0,0,0
FSD1,0,0,0,0,0,0
FSD1L,179,79,279,186,135,192
FSD2,0,0,0,0,0,2
FSHB,0,0,0,0,0,0
FSHR,0,0,0,0,0,0
FSIP1,326,225,441,24,14,28
FSIP2,15,6,16,73,40,56
FSIP2-AS2,8,6,23,34,28,30
FST,0,0,0,17,23,22
FSTL1,662,316,1114,3068,3445,3824
FSTL3,54,28,314,190,578,609
FSTL4,0,0,3,2,3,4
FSTL5,0,0,0,0,0,0
FTCD,2,0,5,4,10,7
FTCD-AS1,0,0,0,0,0,0
FTCDNL1,37,21,131,17,41,40
FTH1,7035,4936,25593,6371,14447,12406
FTH1P2,15,14,14,11,8,6
FTH1P22,0,0,0,0,0,0
FTH1P25,0,0,0,0,0,0
FTH1P29,0,0,0,0,0,0
FTH1P6,0,0,0,0,0,0
FTH1P9,0,0,0,1,2,0
FTHL17,0,0,0,0,0,0
FTL,1844,1067,12066,680,3994,3848
FTLP12,0,0,0,0,0,0
FTLP13,0,0,0,0,0,0
FTLP16,0,0,0,0,0,0
FTLP18,0,0,0,0,0,0
FTLP19,0,0,0,0,0,0
FTLP20,0,0,0,0,0,0
FTLP8,0,0,0,0,0,0
FTLP9,0,0,0,0,0,0
FTMT,0,0,0,0,0,0
FTO,1858,1001,3208,2423,2856,3171
FTSJ1,261,112,1206,151,504,576
FTSJ3,625,322,1408,1246,2620,2607
FTX,386,99,417,818,548,702
FUBP1,2074,1132,3531,3877,3380,3949
FUBP3,1297,760,3398,2191,2767,3147
FUCA1,256,157,596,831,876,842
FUCA2,293,130,656,2001,1928,1935
FUNDC1,461,159,873,1868,2047,2228
FUNDC2,771,570,1799,741,1064,1052
FUOM,0,0,0,0,0,0
FURIN,48,15,385,131,908,930
FUS,4334,1864,11975,12218,17899,20298
FUT1,99,56,171,106,200,199
FUT10,173,124,325,325,307,465
FUT11,284,178,607,699,861,951
FUT2,9,13,19,61,166,155
FUT3,9,0,16,1,3,2
FUT4,11,18,36,52,47,48
FUT5,0,0,0,0,0,0
FUT6,0,0,2,0,1,0
FUT7,0,0,0,0,0,0
FUT8,109,107,171,1017,929,1002
FUT9,87,72,129,1069,592,943
FUZ,49,20,165,28,101,114
FXN,39,17,65,36,39,57
FXNP2,0,0,0,1,1,0
FXR1,7528,4170,15059,18236,18410,21063
FXR2,239,137,822,325,856,933
FXYD1,0,0,0,0,0,1
FXYD2,0,0,0,0,0,0
FXYD3,2,0,3,2,3,2
FXYD4,0,0,0,0,1,0
FXYD5,195,83,824,301,1259,1228
FXYD6,0,0,0,26,119,109
FXYD6-FXYD2,0,0,0,0,0,0
FXYD7,0,0,0,0,0,2
FYB1,0,0,0,0,0,0
FYB2,117,26,158,247,194,240
FYCO1,637,248,1530,988,1874,2308
FYN,8,0,28,40,75,87
FYTTD1,4693,2785,9746,9247,8165,9611
FZD1,74,43,156,93,159,187
FZD10,0,0,0,0,0,0
FZD10-AS1,0,0,0,0,0,0
FZD2,77,26,191,94,207,209
FZD3,412,175,548,1372,1017,1349
FZD4,1063,532,1776,1446,1271,1461
FZD4-DT,41,24,102,39,59,68
FZD5,66,23,120,446,477,467
FZD6,0,0,3,0,0,0
FZD7,38,57,65,65,77,79
FZD8,0,0,4,2,0,2
FZD9,0,0,0,0,0,0
FZR1,43,5,445,65,485,534
G0S2,0,0,0,0,0,0
G2E3,544,222,954,1014,850,1058
G2E3-AS1,45,0,39,72,62,88
G2E3P1,0,0,0,0,0,1
G3BP1,5385,2703,9093,12271,10725,12484
G3BP1P1,2,0,1,0,1,1
G3BP2,2654,1425,4226,6609,5484,6275
G6PC1,0,0,0,0,0,0
G6PC2,0,0,0,0,0,0
G6PC3,137,55,635,181,900,940
G6PD,199,119,1774,185,1625,1780
GAA,160,60,1938,161,1591,1866
GAB1,685,328,900,1318,942,1229
GAB2,2629,1067,6932,399,983,1045
GAB3,0,5,0,26,17,23
GAB4,0,0,0,0,0,0
GABARAP,31,36,360,77,228,216
GABARAPL1,430,250,705,1700,1648,1839
GABARAPL2,232,128,603,647,792,778
GABARAPL3,0,0,0,0,0,0
GABBR1,338,85,392,1347,1761,2006
GABBR2,0,0,0,3,2,7
GABPA,1083,576,1876,1957,1644,1956
GABPB1,459,251,954,602,601,609
GABPB1-IT1,120,45,236,186,134,177
GABPB2,982,390,1731,796,876,1062
GABRA1,48,21,64,16,16,16
GABRA2,8,0,6,1,2,0
GABRA3,181,76,277,371,408,482
GABRA4,0,0,0,0,0,0
GABRA5,0,0,0,0,0,0
GABRA6,0,0,0,0,0,0
GABRB1,0,0,0,0,0,0
GABRB2,4,0,9,0,0,0
GABRB3,12,10,39,31,50,44
GABRD,2,0,15,0,5,2
GABRE,0,0,0,2,0,1
GABRG1,15,0,17,8,2,13
GABRG2,126,102,283,171,114,217
GABRG3,0,0,0,1,1,1
GABRG3-AS1,0,0,0,0,0,0
GABRP,0,0,0,4,0,0
GABRQ,4,0,8,73,81,82
GABRR1,0,0,0,0,0,0
GABRR2,9,0,2,18,12,17
GABRR3,0,0,0,0,0,0
GACAT1,0,0,0,0,0,0
GACAT2,0,0,0,0,0,0
GACAT3,0,0,0,0,0,0
GAD1,0,10,1,2,0,1
GAD2,0,0,0,0,0,0
GADD45A,49,44,84,126,110,97
GADD45B,151,104,916,74,217,190
GADD45G,2,2,47,0,8,8
GADD45GIP1,18,16,156,18,137,91
GADL1,0,0,0,0,0,0
GAGE1,2,4,7,222,227,245
GAGE10,73,184,19,17,17,21
GAGE12B,2,1,4,8,20,20
GAGE12C,5,0,6,0,4,4
GAGE12D,0,0,0,0,0,0
GAGE12E,0,0,0,0,1,1
GAGE12H,0,0,0,0,0,0
GAGE12J,6,1,9,5,10,19
GAGE13,66,26,84,23,96,102
GAGE2C,0,9,0,1,1,0
GAGE2E,1638,1027,6841,2321,7015,5711
GAGE4,46,34,128,100,193,171
GAK,337,123,1284,520,1325,1456
GAL,0,0,2,0,4,0
GAL3ST1,1,0,8,0,1,2
GAL3ST2,0,0,7,2,9,10
GAL3ST3,0,0,0,0,0,0
GAL3ST4,0,0,1,1,7,6
GALC,533,288,850,833,710,763
GALE,30,6,269,43,363,369
GALK1,5,6,87,6,53,65
GALK2,657,400,1490,470,642,628
GALM,85,55,229,147,321,358
GALNS,81,41,342,115,486,569
GALNT1,1320,727,2202,5465,4851,5000
GALNT10,2162,986,4235,4616,7406,8327
GALNT11,318,207,687,1846,2691,2986
GALNT12,0,2,7,267,399,350
GALNT13,2,0,2,10,9,5
GALNT13-AS1,0,0,0,0,0,0
GALNT14,0,0,0,68,315,240
GALNT15,0,0,0,0,1,0
GALNT16,3,0,10,4,11,13
GALNT17,0,0,0,0,0,0
GALNT18,18,11,156,4,43,41
GALNT2,406,190,1236,3073,5770,6500
GALNT3,727,441,1185,1624,1407,1526
GALNT4,2,0,19,0,8,19
GALNT5,66,19,98,6,6,4
GALNT6,309,195,831,2270,5617,6232
GALNT7,1573,870,2697,2635,2437,2933
GALNT7-DT,135,57,234,121,111,132
GALNT8,0,0,0,0,0,0
GALNT9,0,0,0,0,0,0
GALNTL5,0,0,0,0,0,0
GALNTL6,2,0,1,0,1,0
GALP,0,0,0,0,0,0
GALR1,0,0,0,0,0,0
GALR2,0,0,0,0,1,0
GALR3,0,0,0,1,0,3
GALT,80,28,248,61,118,121
GAMT,13,8,188,18,188,198
GAMTP2,0,0,0,0,0,0
GAN,522,315,744,711,692,704
GANAB,12043,5911,27099,9230,17799,18768
GANC,162,61,320,76,93,117
GAP43,0,0,1,0,0,0
GAPDH,2620,1413,15515,4291,27014,26686
GAPDHP15,0,0,0,0,0,0
GAPDHP16,0,0,0,0,0,0
GAPDHP22,0,0,0,0,0,0
GAPDHP26,0,0,0,0,0,0
GAPDHP34,0,0,0,0,0,0
GAPDHP36,0,0,0,0,0,0
GAPDHP41,0,0,0,0,0,0
GAPDHP46,0,0,0,0,0,0
GAPDHP47,0,0,0,0,0,0
GAPDHP49,0,0,0,0,0,0
GAPDHP50,0,0,0,0,0,0
GAPDHP51,0,0,0,0,0,0
GAPDHP52,0,0,0,0,0,0
GAPDHP53,0,0,0,0,0,0
GAPDHP54,0,0,0,0,0,0
GAPDHP55,0,0,0,0,0,0
GAPDHP56,0,0,0,0,0,0
GAPDHP57,0,0,0,0,0,0
GAPDHP58,0,0,0,0,0,0
GAPDHP62,0,0,2,4,3,1
GAPDHP74,0,0,0,0,0,0
GAPDHP77,0,0,0,0,0,0
GAPDHS,0,0,0,0,0,0
GAPLINC,0,0,0,0,0,0
GAPT,0,0,0,0,0,0
GAPVD1,2344,1148,3605,2434,2134,2696
GAR1,631,302,1472,705,1061,1084
GAR1-DT,2,0,2,0,0,2
GAREM1,92,48,129,211,209,210
GAREM2,1,0,5,5,12,6
GARIN1A,31,8,21,51,36,62
GARIN1B,0,0,0,2,3,3
GARIN2,8,14,1,1,1,0
GARIN3,0,0,0,0,0,0
GARIN3P1,0,0,0,0,0,0
GARIN4,0,0,1,0,0,0
GARIN5A,3,0,59,12,39,45
GARIN5B,0,0,1,0,0,1
GARIN6,0,0,0,0,0,0
GARNL3,179,49,200,245,204,250
GARRE1,197,85,392,255,290,385
GARS1,7124,4293,12329,3018,3220,3097
GARS1P1,0,0,0,0,0,0
GART,1930,1094,3242,4880,5126,5312
GAS1,4,0,4,9,5,6
GAS1RR,1,0,0,2,0,3
GAS2,7,0,6,0,6,4
GAS2L1,27,13,212,25,149,135
GAS2L2,1,0,2,0,4,3
GAS2L3,425,221,734,838,699,971
GAS5,7904,4426,10024,3294,3084,3063
GAS6,126,40,1025,317,1743,1883
GAS6-DT,73,15,136,130,177,235
GAS7,0,0,1,197,308,457
GAS8,221,90,1028,260,1074,1281
GAS8-AS1,0,0,3,0,1,0
GASK1A,335,154,761,86,139,215
GASK1B,1198,615,2161,409,336,361
GASK1B-AS1,442,170,437,191,159,189
GAST,0,0,0,0,0,0
GATA1,0,0,0,0,0,0
GATA2,40,31,239,20,124,164
GATA3,5209,2879,15480,10733,19364,20916
GATA3-AS1,104,50,411,206,534,503
GATA4,20,10,79,4,20,23
GATA5,5,2,23,5,12,13
GATA6,38,25,50,27,35,23
GATA6-AS1,1,0,1,1,1,4
GATAD1,545,253,924,740,779,939
GATAD2A,257,121,1178,491,1399,1489
GATAD2B,1602,706,2329,2463,2431,2844
GATB,139,91,631,210,465,524
GATC,853,424,1364,1484,1586,1714
GATD1,247,115,984,434,1260,1371
GATD1-DT,17,19,98,20,104,124
GATD3,9,11,45,1,39,42
GATM,49,31,85,139,177,194
GAU1,0,0,0,0,0,0
GBA1,1508,695,5012,1034,4121,4200
GBA2,239,128,706,181,555,574
GBA3,1,0,3,0,1,1
GBE1,423,267,751,290,256,242
GBF1,2154,853,4160,2896,5511,6005
GBGT1,0,0,0,0,0,0
GBP1,4,0,11,304,349,303
GBP2,11,0,7,799,888,976
GBP3,2,1,3,43,31,31
GBP4,0,0,2,34,30,43
GBP5,0,0,0,0,1,0
GBP6,0,0,0,0,0,0
GBP7,0,0,0,2,0,0
GBX1,0,0,0,0,0,0
GBX2,0,0,0,0,0,0
GBX2-AS1,2,0,3,1,2,2
GC,0,0,0,0,0,0
GCA,113,36,286,282,302,307
GCAT,26,18,281,31,224,269
GCATP1,0,0,2,0,4,2
GCAWKR,24,9,38,97,136,151
GCC1,294,167,834,307,609,617
GCC2,608,277,978,1501,1104,1438
GCC2-AS1,7,0,3,5,10,17
GCDH,73,17,384,29,183,179
GCFC2,410,270,684,597,562,484
GCG,0,0,0,0,0,0
GCGR,0,0,0,0,0,0
GCH1,313,166,735,367,326,334
GCHFR,8,5,96,4,61,68
GCK,0,0,0,0,1,0
GCKR,0,0,0,0,0,1
GCLC,620,306,1061,1769,1594,1681
GCLM,138,110,329,724,583,821
GCM1,0,0,1,0,1,0
GCM2,0,0,0,0,0,0
GCN1,614,263,2277,1172,3579,4321
GCNA,9,7,29,28,37,35
GCNAP1,0,0,0,0,0,0
GCNT1,1,0,0,112,81,120
GCNT1P3,0,0,3,0,2,2
GCNT2,0,0,0,139,101,134
GCNT2P1,0,0,0,0,0,0
GCNT3,0,0,8,1,0,1
GCNT4,0,0,2,10,5,5
GCNT7,0,0,0,0,0,0
GCOM1,9,7,37,39,56,69
GCSAM,0,0,0,0,0,0
GCSAML,0,0,0,0,0,0
GCSH,64,21,176,120,118,127
GCSHP2,0,0,0,0,0,0
GCSHP6,0,0,0,0,0,0
GCSIR,0,0,0,0,0,0
GDA,0,0,0,3,1,0
GDAP1,114,45,189,849,791,774
GDAP1L1,0,0,0,0,0,0
GDAP2,348,140,581,579,487,491
GDE1,936,620,1791,2298,2631,2528
GDF1,0,0,0,0,0,0
GDF10,0,0,0,0,0,0
GDF11,312,137,524,2703,2894,3452
GDF15,47,16,619,4,37,56
GDF2,0,0,0,0,0,0
GDF3,0,0,0,0,0,0
GDF5,3,3,3,1,4,9
GDF6,0,0,0,0,0,0
GDF7,0,0,0,0,0,1
GDF9,46,42,76,11,9,13
GDI1,1110,662,3624,495,2155,2234
GDI2,6515,4080,12631,10505,10802,10418
GDI2P2,2,0,0,0,1,1
GDNF,0,0,0,6,0,2
GDPD1,110,102,208,446,376,517
GDPD2,0,0,0,0,1,4
GDPD3,10,4,21,9,30,35
GDPD4,0,0,0,0,0,0
GDPD5,11,1,65,18,96,84
GDPGP1,104,87,179,45,85,72
GEM,16,3,36,164,199,218
GEMIN2,179,98,559,217,485,457
GEMIN4,111,98,515,89,385,371
GEMIN5,648,299,1361,705,959,956
GEMIN6,192,152,405,429,453,466
GEMIN7,61,39,196,78,134,128
GEMIN7-AS1,16,9,51,8,17,16
GEMIN8,215,100,649,209,357,308
GEMIN8P3,0,0,0,0,0,0
GEN1,313,126,373,904,758,759
GET1,97,122,258,384,421,434
GET1-SH3BGR,0,0,0,1,3,1
GET1P1,0,0,0,0,0,0
GET3,131,68,1185,163,1159,1236
GET4,100,14,203,97,174,211
GFAP,0,0,0,0,0,0
GFER,86,21,390,65,332,318
GFI1,0,0,1,2,1,0
GFI1B,0,0,0,3,2,2
GFM1,2072,1065,4084,2963,2711,2946
GFM2,551,361,1126,978,945,945
GFOD1,59,13,64,119,114,186
GFOD2,351,171,591,1000,1379,1527
GFPT1,4112,2355,7068,4476,3662,4228
GFPT2,17,8,45,7,23,23
GFRA1,2655,1301,4283,44,42,52
GFRA2,0,0,0,4,5,12
GFRA3,2,0,1,0,0,1
GFRA4,0,0,0,0,0,0
GFRAL,0,0,0,0,0,0
GFUS,217,116,1287,195,1357,1267
GFY,5,0,6,0,2,2
GGA1,173,66,840,414,1072,1272
GGA2,921,409,1617,1459,1643,1927
GGA3,407,173,1375,539,1511,1721
GGACT,21,8,43,22,41,24
GGCT,494,292,1721,586,1152,1232
GGCX,867,453,1837,1241,1992,2151
GGH,478,175,726,564,635,548
GGN,3,0,3,1,1,1
GGNBP2,1410,646,2179,2416,2374,2341
GGPS1,618,406,851,861,995,920
GGT1,5,0,23,9,75,101
GGT3P,0,0,0,0,0,1
GGT5,18,0,65,10,36,49
GGT6,192,63,1096,362,1681,1765
GGT7,106,39,331,65,233,310
GGTA1,0,0,1,2,0,0
GGTA2P,7,0,10,11,4,9
GGTLC1,0,0,1,0,0,0
GGTLC2,0,0,0,0,0,0
GGTLC3,0,0,0,0,0,0
GGTLC4P,0,0,1,0,0,0
GGTLC5P,0,0,0,0,0,0
GH1,0,0,0,0,0,0
GH2,0,0,0,0,0,0
GHDC,148,109,637,86,304,405
GHET1,6,1,10,12,24,12
GHITM,5763,3316,18433,12376,20469,22670
GHR,4397,2594,6905,4155,3690,4008
GHRH,0,0,0,0,0,0
GHRHR,0,0,0,2,4,4
GHRL,1,0,2,4,4,6
GHRLOS,15,6,19,13,10,13
GHSR,0,0,0,0,0,0
GID4,217,108,424,284,364,402
GID8,1161,811,3517,1480,2538,2783
GIGYF1,284,125,1605,504,1436,1574
GIGYF2,1228,708,2314,2373,2931,3380
GIHCG,80,67,226,120,221,185
GIMAP1,0,0,0,0,0,0
GIMAP1-GIMAP5,0,0,0,0,0,0
GIMAP2,9,32,26,30,41,33
GIMAP3P,0,0,0,0,0,0
GIMAP4,0,0,0,0,0,0
GIMAP5,0,0,0,0,0,0
GIMAP6,0,0,0,0,0,0
GIMAP7,0,0,0,0,0,0
GIMAP8,0,0,0,0,0,0
GIMD1,0,0,0,0,0,0
GIN1,232,126,444,290,245,309
GINM1,279,117,649,1105,1148,1210
GINS1,179,93,488,838,1265,1096
GINS2,84,110,296,543,1008,919
GINS3,52,36,133,48,101,98
GINS4,185,137,377,449,835,689
GIP,0,0,0,0,0,0
GIPC1,166,84,951,491,1626,1859
GIPC2,0,0,0,0,3,1
GIPC3,0,0,0,0,0,0
GIPR,150,24,322,459,706,907
GIRGL,93,52,125,64,64,53
GIT1,120,46,601,150,751,824
GIT2,637,303,981,914,1086,1212
GJA1,3270,1806,5238,7676,8024,9086
GJA10,0,0,0,0,0,0
GJA3,7,2,17,22,22,20
GJA4,0,0,0,0,0,0
GJA5,0,0,1,38,90,125
GJA8,0,0,0,0,0,0
GJA9,0,0,0,0,0,0
GJB1,0,0,0,0,0,2
GJB2,0,3,2,47,93,78
GJB3,0,0,0,0,0,0
GJB4,0,0,0,1,0,4
GJB5,0,0,1,8,51,46
GJB6,0,0,0,3,12,10
GJB7,0,0,0,1,1,0
GJC1,277,268,475,917,1028,1025
GJC2,0,7,1,0,2,0
GJC3,6,2,7,1,0,0
GJD2,0,0,0,0,0,0
GJD2-DT,0,0,0,0,0,0
GJD3,5,0,7,2,2,4
GJD4,0,0,0,0,0,0
GJE1,0,0,0,0,0,0
GK,239,134,455,467,535,635
GK2,0,0,0,0,0,0
GK3,0,0,0,0,1,0
GK5,2125,907,3371,3992,3366,4282
GKAP1,38,25,63,25,26,38
GKN1,0,0,0,0,0,0
GKN2,0,0,0,0,0,0
GLA,135,76,310,265,355,351
GLB1,1476,912,3300,1371,2714,2815
GLB1L,251,127,471,243,466,460
GLB1L2,100,54,247,274,695,677
GLB1L3,0,0,4,1,9,2
GLCCI1,430,333,747,496,466,517
GLCE,194,100,295,1282,958,1243
GLDC,36,28,85,810,1383,1462
GLDN,0,0,2,3,1,2
GLE1,1426,827,2835,1219,1725,1756
GLG1,1784,881,3737,3445,5546,6147
GLI1,0,0,4,3,1,1
GLI2,0,0,2,2,2,4
GLI3,854,353,1251,594,686,697
GLI4,48,15,399,54,371,393
GLIDR,20,6,44,14,15,26
GLIPR1,2,1,4,178,132,134
GLIPR1L1,0,0,0,0,0,0
GLIPR1L2,51,46,120,26,37,35
GLIPR2,0,0,4,24,29,33
GLIS1,0,0,0,0,0,0
GLIS2,40,7,228,33,414,473
GLIS2-AS1,0,0,0,0,0,0
GLIS3,1,0,1,1,2,2
GLIS3-AS1,0,0,0,0,0,0
GLMN,86,48,196,332,296,286
GLMP,321,174,1436,284,1308,1432
GLO1,1231,622,2800,7827,7898,7386
GLOD4,719,385,1910,851,1629,1743
GLOD5,0,0,0,4,4,1
GLP1R,0,0,0,0,0,0
GLP2R,0,0,0,0,0,2
GLRA1,0,0,0,0,0,0
GLRA2,1,0,0,0,0,0
GLRA3,13,15,16,50,54,68
GLRB,63,13,114,351,393,449
GLRX,54,13,148,174,344,387
GLRX2,370,187,625,577,485,557
GLRX3,241,192,613,525,672,598
GLRX3P1,0,0,0,0,0,0
GLRX5,219,131,435,305,450,403
GLRX5P2,0,0,0,0,0,0
GLRX5P3,0,0,0,0,0,0
GLS,481,214,881,2030,1538,1790
GLS2,20,9,57,68,132,117
GLT1D1,0,0,0,0,0,0
GLT6D1,0,0,0,0,0,0
GLT8D1,755,427,1370,616,767,865
GLT8D2,4,4,12,86,157,170
GLTP,356,256,1030,529,1059,1194
GLTPD2,0,0,0,0,1,0
GLUD1,3934,2529,7011,6298,7120,7618
GLUD2,52,27,120,137,128,145
GLUL,3050,1681,8009,4094,6860,8098
GLULP1,0,0,0,0,0,0
GLULP4,0,0,0,0,1,0
GLULP6,0,0,0,0,0,0
GLYAT,0,0,0,0,0,0
GLYATL1,0,0,1,65,74,75
GLYATL1B,0,0,0,0,0,2
GLYATL1P1,0,0,0,0,0,0
GLYATL1P2,0,0,0,0,0,0
GLYATL2,0,0,2,2,0,1
GLYATL3,30,18,77,1297,1273,1330
GLYCTK,10,8,45,5,21,25
GLYR1,1340,766,3386,2433,4807,5112
GLYR1P1,3,0,3,0,0,0
GM2A,905,539,2702,2542,4645,4707
GM2AP2,0,0,0,0,0,0
GMCL1,587,371,1163,1006,934,1021
GMCL1P2,0,0,0,0,0,0
GMCL2,0,0,0,1,0,0
GMDS,124,112,249,157,245,188
GMDS-DT,56,33,153,38,46,62
GMEB1,313,149,571,429,542,589
GMEB2,138,65,608,133,468,437
GMFB,1824,1010,3308,4938,3736,4504
GMFG,0,0,0,2,6,5
GMIP,27,19,130,56,276,302
GML,0,0,0,0,0,0
GMNC,0,0,0,1,0,1
GMNN,76,79,269,399,498,501
GMPPA,327,253,1021,273,651,632
GMPPB,248,140,1141,104,540,611
GMPR,0,4,6,3,19,13
GMPR2,279,229,703,410,814,837
GMPS,2674,1599,4415,4956,4243,4390
GMPSP1,17,23,3,2,0,0
GNA11,178,116,806,258,883,895
GNA12,131,127,627,194,551,623
GNA13,1813,789,2929,3420,2575,3084
GNA14,6,7,15,1,4,4
GNA14-AS1,0,0,0,0,0,0
GNA15,0,0,0,0,0,0
GNA15-DT,0,0,0,0,0,0
GNAI1,522,389,1006,534,489,526
GNAI2,303,192,1261,493,1889,1962
GNAI2P2,0,0,0,0,0,0
GNAI3,1061,683,2050,1838,1738,1767
GNAL,0,0,0,12,9,12
GNAO1,0,0,2,13,40,31
GNAO1-DT,0,0,0,0,0,0
GNAQ,2306,1329,3203,2263,1758,2024
GNAS,4190,2311,12027,7054,19351,19484
GNAS-AS1,8,0,38,8,9,10
GNAT1,0,0,0,0,0,1
GNAT2,0,0,2,5,9,2
GNAT3,1,2,0,15465,10991,13792
GNAZ,17,20,52,41,109,176
GNB1,2069,1156,6167,3681,6545,6863
GNB1-DT,5,0,17,0,2,0
GNB1L,0,1,7,1,4,4
GNB2,84,67,942,111,1048,1066
GNB3,5,2,20,4,31,48
GNB4,5350,2770,9526,5211,4665,5128
GNB5,102,60,304,140,221,213
GNE,467,198,691,357,403,460
GNG10,0,0,3,0,2,5
GNG11,1808,1535,7103,80,150,121
GNG12,1107,539,2010,5417,4600,5494
GNG12-AS1,1,0,4,4,0,5
GNG13,1,0,17,0,5,8
GNG14,0,0,0,0,0,0
GNG2,0,0,0,0,1,1
GNG3,0,0,0,0,0,0
GNG4,0,0,1,0,0,0
GNG5,23,10,153,19,72,48
GNG5B,0,0,0,0,0,0
GNG7,6,5,36,21,91,84
GNG8,0,0,0,0,1,0
GNGT1,90,29,182,59,104,122
GNGT2,0,0,0,0,0,0
GNL1,825,365,2461,1596,2866,3090
GNL2,473,235,1213,765,1112,1169
GNL2P1,0,0,0,0,0,0
GNL3,1593,958,3027,1739,1515,1490
GNL3L,2027,1138,3167,3314,3827,3586
GNL3LP1,0,0,0,0,0,0
GNLY,0,0,0,0,0,2
GNMT,36,15,149,6,55,58
GNPAT,1300,733,2800,818,878,923
GNPDA1,1178,809,2993,1710,2402,2631
GNPDA2,412,244,647,622,591,615
GNPNAT1,2133,1254,4685,5887,5874,6249
GNPTAB,1083,526,1611,3868,3142,3742
GNPTG,171,82,572,154,534,552
GNRH1,2,0,7,31,29,24
GNRH2,0,0,1,0,7,2
GNRHR,0,0,0,0,0,0
GNRHR2P1,0,0,0,0,0,0
GNS,4723,2460,8308,8747,8520,10201
GOLGA1,984,445,1814,863,912,1123
GOLGA2,3052,1216,7068,2428,4238,5136
GOLGA2P1,0,0,0,0,0,0
GOLGA3,607,344,2411,1157,2818,3194
GOLGA4,9156,4927,15165,10705,7771,9376
GOLGA4-AS1,412,304,886,107,167,192
GOLGA5,2313,1437,3663,1667,1474,1696
GOLGA6A,0,0,0,0,0,3
GOLGA6B,0,0,0,0,6,0
GOLGA6C,0,0,0,1,1,0
GOLGA6D,0,0,0,0,0,0
GOLGA6L1,0,0,0,0,0,0
GOLGA6L17P,21,0,16,49,78,102
GOLGA6L2,0,12,0,0,0,0
GOLGA6L22,0,0,0,0,0,0
GOLGA6L24,0,0,0,0,0,0
GOLGA6L25,0,0,0,0,0,0
GOLGA6L26,0,0,0,0,0,0
GOLGA6L3P,0,1,6,1,4,13
GOLGA6L4,19.5,7.5,46.5,22,31,27
GOLGA6L6,0,0,0,0,0,0
GOLGA6L7,0,0,3,0,0,0
GOLGA6L9,244,62,354,134,164,190
GOLGA7,835,497,1907,1101,1334,1386
GOLGA7B,2,4,38,32,115,111
GOLGA7B-DT,0,0,0,0,0,3
GOLGA8A,14,0,63,125,186,251
GOLGA8B,213,91,350,1044,1087,1355
GOLGA8CP,0,0,0,0,0,0
GOLGA8DP,0,0,0,0,0,0
GOLGA8EP,0,0,0,0,0,0
GOLGA8F,0,0,0,0,0,0
GOLGA8G,0,0,1,0,0,0
GOLGA8H,0,0,0,11,7,6
GOLGA8J,0,0,0,0,0,0
GOLGA8K,0,0,0,0,2,3
GOLGA8M,0,0,0,0,0.5,0.5
GOLGA8N,15,0,16,30,36,39
GOLGA8O,5,0,4,12,13,20
GOLGA8Q,0,1,0,2,1,10
GOLGA8R,1,0,0,1,3,6
GOLGA8S,0,0,0,0,0,0
GOLGA8T,0,0,0,2,2,3
GOLGB1,4062,1733,5028,7311,5084,6307
GOLIM4,503,241,882,973,904,980
GOLM1,3005,1496,7182,2974,4116,4433
GOLM2,3240,1789,5407,6590,6167,7154
GOLPH3,1880,1183,3662,2566,2732,2916
GOLPH3L,1718,949,2931,1910,1867,2118
GOLT1A,11,16,62,22,64,88
GOLT1B,552,218,1200,1382,1384,1717
GON4L,1369,640,2245,2018,1954,2442
GON7,83,42,302,93,149,172
GOPC,827,475,1431,1823,1435,1747
GORAB,259,153,503,268,292,275
GORASP1,540,281,1503,374,1074,1189
GORASP2,1508,968,2950,1543,2078,2230
GOSR1,1629,952,2921,3180,2871,3217
GOSR2,547,309,1133,897,1220,1325
GOT1,2078,1468,7147,803,2214,2325
GOT1-DT,152,43,135,200,145,226
GOT1L1,0,0,0,0,0,0
GOT2,1165,797,2218,1184,1816,1977
GOT2P1,0,0,0,0,0,0
GOT2P3,0,0,1,0,0,0
GOT2P5,0,0,0,0,0,0
GOT2P6,0,0,0,0,0,0
GOT2P7,0,0,0,0,0,0
GP1BA,0,0,0,1,0,1
GP1BB,0,0,0,0,0,0
GP2,1,0,5,0,0,0
GP5,0,0,0,2,0,0
GP6,1,0,11,3,8,6
GP9,0,0,0,0,0,0
GPA33,0,0,0,0,0,0
GPAA1,57,29,773,36,544,492
GPAA1P1,0,0,0,0,0,0
GPAA1P2,0,0,0,0,0,0
GPALPP1,679,393,1302,1949,1536,2008
GPAM,350,167,535,498,419,517
GPANK1,231,131,869,291,688,654
GPAT2,0,0,0,0,0,0
GPAT3,17,7,46,86,105,77
GPAT4,1098,519,2797,1815,3215,3263
GPATCH1,123,47,320,317,343,329
GPATCH11,457,228,799,739,616,665
GPATCH2,445,209,1042,924,819,974
GPATCH2L,1099,554,1407,1985,1535,2120
GPATCH3,65,9,280,65,203,223
GPATCH4,698,203,1323,954,1584,1479
GPATCH8,1006,506,1701,1380,1762,2342
GPBAR1,0,0,0,0,1,0
GPBP1,2852,1326,5665,5799,5622,6226
GPBP1L1,1737,814,3046,2336,2436,2952
GPC1,61,26,348,118,464,618
GPC1-AS1,56,18,319,301,902,1084
GPC2,4,0,20,8,24,28
GPC3,3,0,13,21,25,20
GPC3-AS1,0,0,0,0,0,0
GPC4,78,33,180,400,477,529
GPC5,0,0,1,53,36,43
GPC5-AS1,0,0,0,1,0,0
GPC6,802,357,1121,72,48,81
GPC6-AS1,0,0,1,0,0,0
GPCPD1,482,243,733,496,420,415
GPD1,2,0,18,21,119,185
GPD1L,2121,1256,4045,1212,1284,1459
GPD2,444,253,537,875,754,914
GPER1,0,0,0,0,0,0
GPHA2,0,0,0,0,0,0
GPHB5,0,0,0,0,0,0
GPHN,449,426,693,374,364,368
GPI,497,289,2380,1005,3858,4161
GPIHBP1,0,0,0,0,0,0
GPKOW,110,55,705,91,626,601
GPLD1,7,0,20,26,36,44
GPM6A,1,0,0,10,10,9
GPM6A-DT,0,0,0,0,0,0
GPM6B,3,6,21,65,62,66
GPN1,258,127,503,426,408,424
GPN2,195,165,636,482,809,749
GPN3,185,110,568,267,470,466
GPNMB,1037,535,2207,102,153,192
GPR101,0,0,0,0,0,0
GPR107,5544,2768,9881,6425,6858,8624
GPR108,180,48,1115,145,966,966
GPR119,0,0,0,0,0,0
GPR12,0,0,0,0,0,0
GPR132,0,0,0,0,0,0
GPR135,36,0,26,67,27,51
GPR137,86,32,596,93,571,599
GPR137B,633,328,1279,733,815,816
GPR137C,71,49,104,258,216,214
GPR139,0,0,0,0,0,0
GPR141,0,0,0,0,0,1
GPR141BP,0,0,0,0,0,0
GPR142,0,0,0,0,2,2
GPR143,11,26,40,61,92,128
GPR143YP,0,0,0,0,0,0
GPR146,13,1,46,3,4,4
GPR148,0,0,0,0,0,0
GPR149,0,0,0,0,0,0
GPR15,0,0,0,0,0,0
GPR150,0,0,0,0,0,0
GPR151,0,0,0,0,0,0
GPR152,0,0,0,0,0,0
GPR153,3,0,22,23,174,157
GPR155,28,20,37,164,145,190
GPR156,19,27,57,120,127,171
GPR157,337,201,1053,999,1763,1992
GPR158,729,446,1271,63,53,61
GPR158-AS1,0,0,0,0,0,0
GPR15LG,0,0,0,0,0,0
GPR160,517,283,940,1490,1575,1583
GPR161,67,15,115,384,521,616
GPR162,0,0,7,5,44,54
GPR166P,0,0,0,0,0,0
GPR17,0,0,0,0,0,0
GPR171,0,0,0,0,0,0
GPR173,0,0,0,0,0,0
GPR174,0,0,0,0,0,0
GPR176,271,78,600,266,337,404
GPR176-DT,0,0,3,2,4,1
GPR179,7,0,10,0,4,4
GPR18,0,0,0,0,0,0
GPR180,325,176,473,1365,1047,1188
GPR182,0,0,0,0,0,0
GPR183,0,0,0,0,0,0
GPR19,3,0,4,10,20,14
GPR20,0,0,0,7,23,26
GPR21,0,0,0,0,2,0
GPR22,0,0,0,1,1,0
GPR25,0,0,0,0,0,0
GPR26,1,0,4,0,1,0
GPR27,126,79,333,119,173,151
GPR3,1,0,0,2,0,1
GPR31,0,0,0,0,0,0
GPR32,0,0,0,0,0,0
GPR33,0,0,0,0,0,0
GPR34,0,0,0,0,0,0
GPR35,3,0,5,0,1,3
GPR37,29,7,62,126,162,148
GPR37L1,60,50,293,31,212,241
GPR39,108,67,312,159,360,351
GPR4,0,0,0,0,0,1
GPR42,0,0,0,0,0,0
GPR45,0,0,0,0,0,0
GPR50,0,0,1,0,0,0
GPR50-AS1,0,0,0,0,0,0
GPR52,0,0,1,0,0,0
GPR55,0,0,0,0,0,1
GPR6,0,0,0,0,0,0
GPR61,0,0,0,0,0,0
GPR62,0,0,2,0,0,0
GPR63,38,8,48,463,344,441
GPR65,2,0,2,0,0,0
GPR68,1,0,2,0,1,0
GPR75,24,22,23,58,64,78
GPR78,0,0,0,0,0,0
GPR79,0,0,0,0,0,0
GPR82,0,0,0,0,0,0
GPR83,0,0,3,0,2,4
GPR84,2,1,0,5,7,5
GPR84-AS1,0,0,0,0,0,1
GPR85,1,1,0,0,0,0
GPR87,2,0,17,36,29,38
GPR88,0,0,0,0,0,0
GPR89B,189.5,110,429,317.5,399,440
GPRACR,0,0,0,0,0,0
GPRASP1,30,6,35,112,109,113
GPRASP2,150,65,333,392,529,557
GPRASP3,0,0,0,0,0,0
GPRC5A,264,146,545,404,676,755
GPRC5B,8,0,11,18,27,44
GPRC5C,106,85,910,151,1131,1382
GPRC5D,1,0,0,0,0,0
GPRC5D-AS1,0,0,0,0,0,0
GPRC6A,0,0,0,0,0,0
GPRIN1,6,11,45,100,190,241
GPRIN2,1,0,3,0,1,8
GPRIN3,0,0,0,14,11,7
GPS1,71,22,735,67,696,758
GPS2,3,0,14,3,21,13
GPS2P1,0,0,0,0,0,0
GPS2P2,0,0,0,0,0,0
GPSM1,29,13,363,17,211,254
GPSM2,426,257,748,750,787,893
GPSM3,5,0,26,5,16,19
GPT,0,0,5,0,10,11
GPT2,228,131,851,381,856,953
GPX1,0,0,1,0,0,0
GPX2,0,0,0,2,2,2
GPX3,67,34,128,625,1311,1264
GPX4,103,106,1574,162,1606,1704
GPX5,0,0,0,0,0,0
GPX6,0,0,0,0,0,0
GPX7,0,0,0,0,0,0
GPX8,1780,1174,3428,3711,3897,3520
GRAMD1A,98,51,425,154,533,585
GRAMD1B,2,8,2,15,12,8
GRAMD1C,180,81,262,107,76,91
GRAMD2A,45,14,125,144,262,279
GRAMD2B,235,205,493,639,651,790
GRAMD4,76,38,511,229,823,1020
GRAMD4P1,0,0,6,0,1,4
GRAMD4P3,0,0,0,0,0,0
GRAMD4P4,0,0,0,0,0,0
GRAMD4P5,0,0,0,0,0,0
GRAMD4P7,0,0,5,2,7,15
GRAMD4P8,0,0,0,0,0,0
GRAP,0,0,1,0,0,1
GRAP2,0,0,0,1,6,8
GRAPL,0,0,0,0,0,0
GRASLND,0,0,0,0,0,0
GRB10,1233,678,2888,318,575,637
GRB14,30,26,56,57,45,51
GRB2,1370,729,3287,2137,4275,4541
GRB7,38,22,260,89,436,553
GREB1,6251,2849,13212,222,373,403
GREB1L,61,31,120,110,82,119
GREM1,1,0,0,0,0,0
GREM1-AS1,0,0,0,0,0,0
GREM2,1,0,1,3,1,4
GREP1,10,0,27,7,52,65
GRHL1,591,318,1055,383,402,481
GRHL2,1969,1259,4745,1671,2482,2795
GRHL3,21,8,68,258,433,513
GRHPR,167,121,850,116,532,578
GRIA1,0,0,0,0,0,0
GRIA2,0,0,2,4,1,4
GRIA3,0,0,0,0,1,0
GRIA4,0,0,0,1,0,0
GRID1,0,0,4,45,167,186
GRID1-AS1,0,0,0,0,0,0
GRID2,0,0,0,0,0,1
GRID2IP,3,1,19,2,4,11
GRIFIN,0,0,0,0,0,0
GRIK1,32,16,35,3,5,7
GRIK2,2,0,7,30,20,46
GRIK3,1518,707,3354,1337,2444,3199
GRIK4,219,123,703,9,12,10
GRIK5,0,0,8,0,1,2
GRIN1,0,0,10,0,1,5
GRIN2A,0,0,0,0,0,0
GRIN2B,0,0,0,0,0,0
GRIN2C,0,0,3,6,9,18
GRIN2D,1,0,0,0,3,1
GRIN3A,0,0,0,0,0,0
GRIN3B,0,0,0,0,0,0
GRINA,456,205,3167,552,4520,4400
GRIP1,4,1,1,291,284,303
GRIP2,0,0,0,0,0,1
GRIPAP1,663,351,2026,929,2369,2660
GRK1,0,0,0,0,0,0
GRK2,182,101,1172,216,944,1074
GRK3,74,43,125,735,851,908
GRK3-AS1,0,0,0,0,1,0
GRK4,112,87,185,152,150,208
GRK5,0,0,0,5,11,17
GRK6,39,17,335,26,291,250
GRK7,1,0,0,0,0,0
GRM1,1,0,0,0,0,1
GRM2,2,0,5,7,10,10
GRM3,0,0,0,0,0,0
GRM4,10,0,27,68,205,246
GRM5,0,0,0,0,0,0
GRM5-AS1,0,0,0,0,0,0
GRM6,4,7,13,0,0,0
GRM7,0,0,6,13,6,8
GRM7-AS1,0,0,0,0,0,0
GRM7-AS2,0,0,0,0,0,0
GRM7-AS3,0,0,0,0,0,0
GRM8,1,0,2,0,0,0
GRM8-AS1,0,0,0,0,0,0
GRN,341,190,3652,252,2770,3025
GRP,0,0,0,0,0,0
GRPEL1,281,220,865,422,833,859
GRPEL2,1119,685,1959,1261,1287,1444
GRPEL2-AS1,0,0,0,3,4,3
GRPR,2060,866,2806,1399,1283,1853
GRSF1,1102,815,2476,2714,2518,2503
GRTP1,68,38,313,98,214,273
GRWD1,141,83,541,181,550,613
GRXCR1,0,0,0,0,0,0
GRXCR2,0,1,5,2,1,0
GS1-204I12.4,0,0,0,0,0,2
GS1-24F4.2,0,0,0,1,0,0
GS1-278J22.2,0,0,0,0,0,0
GS1-600G8.3,0,0,0,0,0,0
GSAP,180,61,229,253,222,287
GSC,1,0,1,0,1,4
GSC2,0,0,0,0,0,0
GSDMA,0,1,1,0,1,2
GSDMB,537,147,801,779,702,925
GSDMC,5,5,2,1,9,2
GSDMD,28,29,397,42,362,355
GSDME,1,0,2,62,124,115
GSE1,4338,2018,9439,2925,3712,4555
GSG1,0,0,0,0,0,0
GSG1L,0,0,0,0,0,0
GSG1L2,0,0,0,0,0,0
GSK3A,103,57,401,137,561,491
GSK3B,3734,1700,5344,4173,3225,4258
GSKIP,390,200,545,746,691,766
GSN,404,212,2932,513,2717,3018
GSN-AS1,0,0,0,0,0,0
GSPT1,3078,1557,5269,8277,7404,8570
GSPT2,4,0,4,0,1,0
GSR,1413,846,2624,4103,5388,5533
GSS,311,136,1178,472,1157,1215
GSTA1,0,0,0,0,1,4
GSTA12P,0,0,0,0,0,0
GSTA2,0,0,0,1,3,1
GSTA3,0,0,0,0,1,1
GSTA4,36,37,88,200,259,295
GSTA5,0,0,0,0,0,0
GSTA6P,0,0,0,0,0,0
GSTA9P,0,0,0,0,0,0
GSTCD,626,411,953,542,507,638
GSTCD-AS1,0,0,0,0,0,0
GSTK1,347,175,1449,445,1233,1234
GSTM1,1,0,2,0,1,0
GSTM2,1020,390,1960,833,1510,1636
GSTM3,2469,1413,6972,1005,2389,2413
GSTM3P1,0,0,0,0,0,0
GSTM4,210,115,681,69,226,270
GSTM5,4,0,3,2,0,0
GSTO1,79,45,182,196,397,325
GSTO2,321,124,899,352,694,784
GSTO3P,0,0,0,0,0,0
GSTP1,0,0,0,0,0,0
GSTT2,4,1,30,24,46,64
GSTT2B,32,1,240,89,434,472
GSTT4,0,0,0,0,0,0
GSTZ1,69,38,436,102,367,390
GSX1,0,0,0,0,0,0
GSX2,0,0,0,0,0,0
GTDC1,336,223,454,307,262,280
GTF2A1,1987,1005,3365,3696,2830,3556
GTF2A1L,0,0,0,0,0,0
GTF2A2,291,138,1029,358,709,659
GTF2B,316,224,599,370,480,479
GTF2E1,341,179,626,726,770,812
GTF2E2,277,98,532,509,577,577
GTF2F1,221,102,1633,319,1704,1707
GTF2F2,231,223,558,410,446,381
GTF2F2P2,0,0,0,0,0,0
GTF2H1,661,449,1296,835,1018,958
GTF2H2,163,87,314,297,273,283
GTF2H2C,167,59,395,281,310,387
GTF2H3,821,533,1566,1722,1629,1773
GTF2H4,11,0,11,20,36,36
GTF2H5,242,153,573,1028,1074,1096
GTF2I,1229,614,2196,2115,1865,2379
GTF2I-AS1,0,0,0,1,3,0
GTF2IP11,0,0,0,0,0,0
GTF2IP14,47,38,71,20,20,25
GTF2IP15,0,0,0,0,0,0
GTF2IP22,0,0,0,0,0,0
GTF2IP3,0,0,0,0,0,0
GTF2IP5,7,0,8,3,9,6
GTF2IP9,0,0,0,0,0,0
GTF2IRD1,219,169,1193,101,456,565
GTF2IRD2,89,51,207,36,41,43
GTF2IRD2B,347,192,667,68,140,158
GTF2IRD2P1,8,2,6,0,0,2
GTF3A,476,319,930,673,897,862
GTF3AP2,0,0,0,0,0,0
GTF3C1,719,318,2304,1509,3692,3906
GTF3C2,485,250,1373,518,1451,1603
GTF3C2-AS1,0,0,1,0,1,0
GTF3C3,827,431,1438,1356,1063,1270
GTF3C4,1758,911,2885,2335,2335,2909
GTF3C5,244,101,1629,172,1219,1165
GTF3C6,106,96,281,427,564,477
GTF3C6P1,0,0,0,0,0,0
GTF3C6P3,0,0,0,0,0,0
GTPBP1,234,83,909,268,1128,1375
GTPBP10,438,248,763,806,774,821
GTPBP2,1929,759,5625,1531,3341,3637
GTPBP3,47,20,182,77,235,279
GTPBP4,1714,1014,3432,3548,4652,4457
GTPBP6,111,21,321,106,341,326
GTPBP8,142,97,449,195,251,239
GTSCR1,0,0,0,0,0,0
GTSE1,47,22,232,183,553,575
GTSE1-DT,2,1,6,0,5,2
GTSF1,0,0,0,1,0,1
GTSF1L,0,0,0,0,0,0
GUCA1A,0,0,0,0,0,0
GUCA1B,3,2,4,7,18,16
GUCA1C,0,0,0,0,0,0
GUCA2A,0,0,0,0,0,0
GUCA2B,0,0,0,0,0,0
GUCD1,434,233,1752,700,2755,2908
GUCY1A1,0,0,0,0,0,0
GUCY1A2,63,22,83,553,346,482
GUCY1B1,0,0,0,0,0,0
GUCY2C,0,0,0,0,0,0
GUCY2D,0,0,2,0,4,6
GUCY2F,0,0,0,1,1,0
GUCY2GP,0,0,0,0,0,0
GUF1,522,250,816,976,848,972
GUK1,63,51,534,82,533,503
GULP1,114,84,142,283,233,250
GUSB,439,239,1512,304,778,785
GUSBP11,48,31,154,53,107,149
GUSBP12,0,2,11,1,1,3
GUSBP5,0,0,0,0,0,0
GUSBP9,1,2,9,13,10,11
GVINP1,0,0,0,0,0,0
GVINP2,3,0,4,0,0,2
GVQW3,414,74,441,650,478,696
GXYLT1,1020,436,1960,4451,3228,4165
GXYLT1P4,0,0,0,0,0,0
GXYLT1P5,0,0,0,0,0,0
GXYLT1P6,0,0,0,0,0,0
GXYLT1P7,0,0,0,0,0,0
GXYLT2,37,1,80,75,79,90
GYG1,611,394,1351,1107,1138,1269
GYG1P1,0,0,0,1,0,0
GYG2,163,90,396,203,357,357
GYG2P2,0,0,0,0,0,0
GYPA,0,0,0,0,0,0
GYPB,0,0,0,0,0,0
GYPC,0,0,0,0,0,0
GYPE,0,0,0,0,0,0
GYS1,246,121,935,380,1785,2060
GYS2,0,0,0,0,0,0
GZF1,450,254,1265,319,522,581
GZMA,0,0,0,0,0,0
GZMAP1,0,0,0,0,0,0
GZMB,0,0,0,0,0,0
GZMH,0,0,0,0,0,0
GZMK,0,0,0,0,0,0
GZMM,0,0,0,0,0,0
H1-0,3846,2117,11472,2357,4772,5095
H1-1,0,0,0,0,0,0
H1-10,38,25,460,8,79,74
H1-2,28,51,261,63,521,499
H1-3,11,19,43,9,12,6
H1-4,10,3,78,4,27,19
H1-5,1,0,44,3,36,29
H1-6,0,0,0,1,0,1
H1-7,0,0,0,0,0,0
H1-8,0,0,0,0,0,0
H19,10,0,11,37,93,85
H2AB1,0,0,0,0,0,0
H2AB2,0,0,0,0,0,0
H2AB3,0,0,0,0,0,0
H2AC1,0,0,0,0,0,0
H2AC10P,0,0,0,0,0,0
H2AC11,0,0,0,0,0,0
H2AC12,2,0,3,0,8,8
H2AC13,8,10,54,165,177,239
H2AC14,0,0,14,1,7,5
H2AC15,7,3,14,3,21,16
H2AC16,2,0,0,0,4,5
H2AC17,0,0,0,7,3,4
H2AC20,2,22,36,7,8,14
H2AC21,3,4,10,2,0,5
H2AC25,30,25,74,13,35,33
H2AC4,0,0,1,5,2,1
H2AC6,211,117,491,355,444,449
H2AC7,0,0,0,1,2,1
H2AC8,11,9,76,1,28,28
H2AC9P,0,0,0,0,0,0
H2ACP1,0,0,0,0,0,0
H2AJ,260,140,1522,101,428,421
H2AL1MP,0,0,0,0,0,0
H2AL3,0,0,0,0,0,0
H2AP,0,0,0,0,0,0
H2AQ1P,0,0,0,0,0,0
H2AX,37,18,187,33,203,190
H2AZ1,846,563,4326,985,4978,4652
H2AZ2,2079,1042,3477,4168,4552,4777
H2AZP5,0,0,0,0,0,1
H2AZP7,0,0,0,0,0,0
H2BC1,0,0,0,0,0,0
H2BC10,3,0,0,0,0,1
H2BC11,0,0,0,0,0,0
H2BC12,55,33,798,145,1222,1245
H2BC12L,0,0,0,0,0,0
H2BC13,3,1,23,1,27,27
H2BC14,1,0,9,0,7,11
H2BC15,92,36,172,170,187,245
H2BC16P,0,0,0,0,0,3
H2BC17,1,1,15,7,16,14
H2BC18,27,13,124,33,59,69
H2BC19P,370,145,445,336,262,256
H2BC20P,337,101,363,388,295,367
H2BC21,173,148,703,203,444,469
H2BC26,53,41,223,33,60,72
H2BC27P,0,0,0,0,0,0
H2BC2P,0,0,0,0,0,0
H2BC3,4,13,4,7,9,4
H2BC4,117,27,325,109,233,323
H2BC5,108,93,382,259,561,585
H2BC6,39,17,74,74,52,87
H2BC7,21,6,128,33,60,73
H2BC8,68,44,279,143,291,376
H2BC9,26,7,49,33,57,42
H2BK1,0,0,0,0,1,1
H2BL1P,0,0,0,0,0,0
H2BP3,0,0,0,0,0,0
H2BP5,0,0,0,0,0,0
H2BP6,0,0,0,0,0,0
H2BP7,0,0,0,0,0,0
H2BP8,0,0,0,0,0,0
H2BP9,0,0,0,0,0,0
H2BW1,0,0,0,1,0,0
H2BW2,0,0,0,0,0,0
H3-3A,1642,973,5269,1425,3447,3366
H3-3B,2239,1336,6455,3255,5020,4659
H3-4,0,0,0,0,0,0
H3-5,0,0,0,0,0,0
H3-7,0,0,0,0,0,1
H3C1,0,0,1,0,2,3
H3C10,16,4,55,174,218,219
H3C11,2,3,6,0,3,1
H3C12,1,0,6,3,13,4
H3C13,0,0,0,1,0,0
H3C14,0,0,0,0,0,0
H3C15,0,0,0,0,0,0
H3C2,1,9,33,4,12,9
H3C3,0,0,40,1,34,36
H3C4,0,0,0,0,0,0
H3C5P,0,0,0,0,0,0
H3C6,120,33,196,408,324,441
H3C7,0,0,7,0,1,3
H3C8,0,0,1,3,3,5
H3C9P,0,0,0,0,0,0
H3P1,0,1,0,0,0,0
H3P11,0,0,0,0,0,0
H3P13,0,0,0,0,0,0
H3P15,0,0,0,0,0,0
H3P18,0,0,0,0,0,0
H3P19,0,0,0,0,0,0
H3P20,0,0,0,0,0,0
H3P21,0,0,0,0,0,0
H3P25,0,0,0,0,0,0
H3P29,0,0,0,0,0,0
H3P3,0,0,0,0,0,0
H3P30,0,0,0,0,0,0
H3P31,0,0,0,0,0,0
H3P32,0,0,0,0,0,0
H3P33,0,0,0,0,0,0
H3P34,0,0,0,0,0,0
H3P36,0,0,0,0,0,0
H3P41,0,0,0,0,0,0
H3P42,0,0,0,0,0,0
H3P43,0,0,0,0,0,0
H3P45,0,0,0,0,0,0
H3P46,0,0,0,0,0,0
H3P7,0,0,0,0,0,0
H3P9,0,0,0,0,0,0
H3Y1,0,0,0,0,0,0
H3Y2,0,0,0,0,0,0
H4C1,1,0,17,1,9,7
H4C11,3,0,4,0,3,7
H4C12,5,0,20,1,22,25
H4C13,0,0,0,0,0,0
H4C14,9,1,14,1,1,5
H4C15,4,1,7,0,2,2
H4C16,7,11,52,40,35,41
H4C2,3,1,24,1,30,23
H4C3,14,2,119,2,30,20
H4C4,0,4,32,1,13,9
H4C5,34,23,402,27,183,226
H4C6,0,0,0,0,0,0
H4C7,0,0,0,0,0,0
H4C8,71,33,195,243,353,432
H4C9,0,0,0,0,0,0
H4P1,0,0,0,0,0,0
H6PD,416,194,1160,560,1213,1350
HAAO,0,0,3,0,0,0
HABP2,1,0,0,0,2,0
HABP4,38,12,169,58,102,91
HACD1,4,0,14,142,152,154
HACD2,1411,808,2128,3815,3498,4077
HACD3,2392,1239,4015,5267,6203,6069
HACD4,174,70,229,597,572,642
HACE1,146,35,204,369,281,388
HACL1,108,74,263,266,341,342
HADH,463,269,935,1045,1308,1321
HADHA,1927,1045,4636,3473,4951,5018
HADHAP1,0,0,0,0,0,0
HADHB,1616,912,3426,2174,2841,3028
HADHBP1,0,0,2,0,1,0
HAGH,37,23,537,53,355,415
HAGHL,6,2,109,3,40,68
HAGLR,22,0,33,3,3,3
HAL,2,0,1,4,6,15
HAMP,0,0,1,0,0,0
HAND1,0,0,0,1,2,3
HAND2,0,0,0,0,0,0
HAND2-AS1,3,0,10,32,31,37
HAO1,0,0,0,3,0,0
HAO2,0,0,0,0,0,0
HAO2-IT1,0,0,0,0,0,0
HAP1,10,16,55,11,32,45
HAPLN1,0,0,4,1,0,0
HAPLN2,1,0,0,3,1,1
HAPLN3,0,0,1,1,9,6
HAPLN4,0,0,0,0,0,0
HAPSTR1,1126,536,2142,1711,1733,2036
HAPSTR2,0,0,0,0,0,0
HAR1B,0,0,0,0,0,0
HARBI1,246,130,554,136,155,183
HARS1,662,234,1404,1659,2424,2545
HARS2,493,229,1171,1451,1802,1891
HAS1,0,0,1,0,0,0
HAS2,0,0,0,0,0,0
HAS3,7,3,20,53,109,96
HASPIN,93,49,130,98,190,159
HAT1,899,553,1708,3130,2759,2898
HAUS1,142,80,283,285,347,348
HAUS2,337,161,707,513,663,600
HAUS3,576,251,1023,918,830,806
HAUS4,46,22,125,83,96,122
HAUS5,87,25,235,124,337,307
HAUS5-DT,0,0,0,0,0,0
HAUS6,326,140,702,1104,810,926
HAUS6P1,0,0,2,1,2,0
HAUS7,3,0,4,4,9,10
HAUS8,17,21,96,147,366,324
HAUS8P1,0,0,0,0,0,0
HAVCR1,0,0,2,0,0,0
HAVCR1P1,0,0,0,0,0,0
HAVCR1P2,0,0,0,0,0,0
HAVCR2,2,0,0,1,0,6
HAX1,1833,1095,5988,971,2618,2465
HBA1,1,0,0,0,0,0
HBA2,0,0,0,0,0,0
HBAP1,0,0,0,0,0,0
HBB,0,0,0,0,0,0
HBD,0,0,0,0,0,0
HBE1,0,0,0,0,0,0
HBEGF,29,8,39,34,36,40
HBG1,0,0,0,0,0,0
HBG2,0,0,0,0,0,0
HBM,0,0,0,0,0,0
HBP1,931,576,1861,1598,1409,1670
HBQ1,0,0,0,0,0,0
HBS1L,1100,874,2273,2669,2890,3215
HBZ,0,0,0,0,0,1
HBZP1,0,0,0,0,0,0
HCAR1,303,126,514,22,29,41
HCAR2,3,0,5,0,0,0
HCAR3,0,0,0,0,0,0
HCCAT5,1,0,0,0,0,0
HCCS,347,223,630,565,643,662
HCCS-DT,38,33,56,29,31,33
HCFC1,341,169,1941,404,1891,2497
HCFC1R1,29,30,204,33,191,215
HCFC2,362,221,603,958,728,981
HCFC2P1,0,0,0,0,0,0
HCG11,0,0,0,2,0,0
HCG14,1,1,1,1,1,0
HCG17,0,0,0,1,2,0
HCG18,944,464,1297,1342,1357,1780
HCG20,1,0,4,0,3,5
HCG22,0,0,0,0,0,0
HCG23,0,0,1,0,0,2
HCG25,103,71,199,84,65,86
HCG27,14,3,17,66,96,113
HCG9,0,0,0,2,0,1
HCK,0,0,0,0,0,0
HCLS1,1,0,8,6,2,5
HCN1,0,0,0,0,0,0
HCN2,21,18,139,22,141,167
HCN3,24,0,123,87,218,243
HCN4,0,0,3,0,5,1
HCP5,13,11,15,19,30,33
HCP5B,0,0,0,0,0,0
HCRT,0,0,0,0,0,0
HCRTR1,0,0,0,0,0,0
HCRTR2,0,0,0,0,0,0
HCST,1,0,3,0,0,2
HDAC1,1314,622,2847,2777,4235,4583
HDAC10,4,1,8,32,65,73
HDAC11,213,92,1514,97,607,718
HDAC11-AS1,0,0,3,0,0,1
HDAC1P2,0,0,0,4,0,2
HDAC2,884,510,1959,2659,2735,2593
HDAC2-AS2,0,0,0,5,8,1
HDAC3,681,323,1507,1230,2228,2220
HDAC4,23,3,85,48,75,82
HDAC4-AS1,2,9,3,1,1,0
HDAC5,134,49,848,80,571,638
HDAC6,489,226,2302,402,1480,1717
HDAC7,140,68,642,335,1213,1381
HDAC8,81,46,124,263,277,256
HDAC9,138,61,178,177,136,164
HDC,0,0,0,0,0,0
HDDC2,313,244,909,829,1073,1142
HDDC3,114,108,451,39,177,147
HDGF,6002,2751,14790,8015,17210,17330
HDGFL1,0,0,0,0,0,0
HDGFL2,52,17,440,86,586,543
HDGFL3,137,64,244,784,665,674
HDHD2,138,65,226,352,370,374
HDHD3,44,12,250,69,191,197
HDHD5,84,76,415,121,382,417
HDHD5-AS1,2,0,5,1,3,5
HDLBP,7891,4188,21713,8808,18128,19622
HDX,13,2,20,30,31,33
HEATR1,1214,544,1819,2197,1690,2064
HEATR3,237,109,366,702,666,644
HEATR4,46,12,48,12,13,15
HEATR5A,525,307,707,596,479,592
HEATR5A-DT,8,0,7,4,11,10
HEATR5B,852,450,1123,1400,1057,1296
HEATR6,478,185,611,427,519,511
HEATR6-DT,0,0,8,2,7,12
HEATR9,0,0,0,0,0,0
HEBP1,63,62,166,102,191,161
HEBP2,524,283,883,1050,1125,1209
HECA,375,271,789,1041,1056,1263
HECTD1,3802,1903,5680,4982,3677,4819
HECTD2,516,235,738,1475,1128,1358
HECTD3,180,58,516,212,664,690
HECTD4,506,103,918,819,1007,1546
HECW1,1,0,0,0,1,0
HECW1-IT1,0,0,0,0,0,0
HECW2,8,6,24,14,18,17
HECW2-AS1,0,0,0,0,1,0
HEG1,732,299,1102,995,1175,1475
HELB,17,0,19,30,46,53
HELLS,600,301,977,2603,2578,2477
HELQ,126,50,261,129,171,215
HELT,0,0,2,0,0,0
HELZ,1241,537,1478,3236,2071,3037
HELZ2,9,4,114,21,199,162
HEMGN,0,0,0,0,0,0
HEMK1,418,164,1066,97,234,233
HENMT1,0,0,0,0,0,0
HEPACAM,0,0,1,0,0,0
HEPACAM2,0,0,0,0,0,0
HEPH,0,0,1,6,10,15
HEPHL1,2,0,5,58,27,57
HEPN1,0,0,0,0,0,0
HERC1,880,375,1169,1317,976,1470
HERC2,515,168,1198,961,1267,1761
HERC2P5,12,0,11,13,31,46
HERC2P6,0,0,0,0,0,0
HERC2P8,9,0,11,25,25,21
HERC3,1,0,1,1.5,0,2
HERC4,1541,774,2902,3511,2700,3247
HERC5,5,0,8,7,4,7
HERC6,7,0,15,44,55,62
HERPUD1,4343,2576,7236,994,1223,1344
HERPUD2,888,440,1389,819,898,964
HERPUD2-AS1,178,94,348,243,266,312
HES1,1901,1558,4471,922,1113,1088
HES2,1,8,15,7,23,26
HES3,0,0,0,0,0,0
HES4,0,0,26,3,10,7
HES5,0,0,0,0,0,0
HES6,4,0,9,2,21,19
HES7,0,0,0,0,3,1
HESX1,0,0,26,7,13,9
HEXA,215,51,392,181,258,279
HEXA-AS1,7,0,2,4,5,4
HEXB,1539,1162,3616,3290,3285,3131
HEXD,74,18,313,141,333,380
HEXIM1,360,200,1085,1443,3122,3346
HEXIM2,39,11,158,29,99,136
HEY1,2,0,2,9,9,4
HEY2,50,28,120,3,3,7
HEY2-AS1,0,2,2,0,2,0
HEYL,0,0,0,0,0,0
HFE,635,282,1427,1286,1780,1879
HFM1,0,0,0,0,2,1
HGD,0,7,6,21,15,15
HGF,0,0,0,0,0,0
HGFAC,0,0,1,1,1,4
HGH1,46,22,409,40,359,409
HGS,248,92,1252,390,1430,1641
HGSNAT,1421,685,2889,2914,4142,4629
HHAT,133,76,416,382,509,571
HHATL,0,0,0,0,0,0
HHATL-AS1,0,0,0,0,0,0
HHEX,6,0,22,60,67,61
HHIP,1,0,0,0,1,0
HHIP-AS1,1,0,1,0,0,5
HHIPL1,0,0,1,1,1,0
HHIPL2,2,0,9,16,28,28
HHLA1,0,0,0,0,0,0
HHLA2,0,0,0,0,1,0
HIBADH,1307,837,2491,878,1079,1108
HIBCH,664,439,1191,1268,1271,1391
HIC1,3,0,3,0,0,1
HIC2,26,20,75,75,101,142
HID1,574,256,3479,611,3762,3968
HID1-AS1,0,0,2,4,6,5
HIF1A,1807,953,2615,3393,2785,3036
HIF1A-AS3,40,23,78,1,1,2
HIF1AN,3212,1734,6233,6268,7135,7981
HIF1AP1,0,0,0,1,0,0
HIF3A,1,0,0,2,0,1
HIGD1A,283,226,331,428,510,424
HIGD1AP13,0,0,0,0,0,0
HIGD1AP6,0,0,0,1,0,0
HIGD1AP8,0,0,0,0,0,0
HIGD1B,0,0,0,0,0,0
HIGD1C,0,0,0,0,0,0
HIGD2A,187,175,1814,135,784,808
HIGD2AP1,0,0,0,0,0,0
HIGD2B,0,0,0,0,1,4
HIKESHI,264,169,943,367,590,574
HIKESHIP2,1,0,2,0,1,1
HIKESHIP3,0,0,0,0,0,0
HILPDA,555,339,1788,820,1469,1488
HINFP,270,93,817,355,851,882
HINT1,442,253,2040,679,1718,1693
HINT2,14,0,37,21,17,7
HINT3,1111,746,2237,1961,1852,1965
HIP1,1451,903,2715,777,1290,1398
HIP1R,86,14,559,140,722,885
HIPK1,1756,887,2443,2042,1660,2443
HIPK1-AS1,3,6,8,3,7,5
HIPK2,1138,392,1801,3246,3327,5149
HIPK3,2552,1439,3859,5002,3642,4586
HIPK4,0,0,0,1,1,1
HIRA,13,4,46,16,59,58
HIRAP1,0,0,0,0,0,0
HIRIP3,388,91,1162,392,1167,1004
HISLA,0,0,0,0,0,0
HIVEP1,817,439,940,866,791,919
HIVEP2,302,248,460,537,481,638
HIVEP3,152,58,288,131,199,242
HJURP,91,75,256,211,437,416
HJV,0,0,0,0,1,0
HK1,2233,1045,6775,4320,8303,9296
HK2,442,274,1071,374,605,719
HK2-DT,4,0,8,14,17,18
HK3,0,0,0,0,2,1
HKDC1,0,0,2,6,8,5
HLA-A,16,11,148,60,250,232
HLA-B,372,364,1662,645,2672,2402
HLA-C,205,71,888,460,1728,1679
HLA-DMA,88,51,167,268,523,487
HLA-DMB,0,0,2,24,24,16
HLA-DOA,0,0,0,0,0,0
HLA-DOB,0,0,0,2,4,2
HLA-DPA1,1,0,0,17,35,44
HLA-DPB1,0,0,0,0,3,1
HLA-DPB2,0,0,0,0,0,0
HLA-DQA1,0,0,0.5,0,2.5,0.5
HLA-DQB1,0,0,1,74,286,259
HLA-DQB1-AS1,0,0,0,0,0,0
HLA-DQB2,0,0,0,0,0,0
HLA-DRA,0,0,5,4,6,2
HLA-DRB1,8,1,24,2,11,15
HLA-DRB5,0,8,2,0,0,2
HLA-E,328,173,1438,1024,3683,3984
HLA-F,9,3,14,16,78,73
HLA-F-AS1,1,0,3,33,45,71
HLA-G,0,0,0,0,0,0
HLA-K,0,0,1,0,0,1
HLA-Z,0,0,0,1,5,5
HLCS,1084,673,2291,1236,1354,1584
HLCS-AS1,22,0,32,22,25,28
HLF,119,29,265,15,39,19
HLFP1,0,0,0,0,0,0
HLMR1,0,0,0,0,0,0
HLTF,4059,1949,7279,6623,5062,6347
HLTF-AS1,0,0,0,0,0,0
HLX,0,0,0,1,0,0
HLX-AS1,0,0,0,0,0,0
HM13,1308,972,3409,1392,3070,2861
HM13-AS1,0,0,2,1,2,1
HMBOX1,232,99,313,266,201,337
HMBS,170,78,939,155,558,510
HMCES,546,205,1535,799,1650,1717
HMCN1,10,8,23,861,449,792
HMCN2,0,0,0,0,0,1
HMG20A,734,237,1052,1135,1197,1479
HMG20B,109,37,724,192,1229,1085
HMGA1,228,115,1485,325,2396,2642
HMGA2,26,7,16,6,10,5
HMGA2-AS1,0,0,1,0,2,2
HMGB1,3429,1881,9056,12641,15137,15608
HMGB1P11,0,0,2,0,0,1
HMGB1P12,0,0,0,0,0,0
HMGB1P13,0,0,0,0,0,0
HMGB1P17,0,0,0,0,0,0
HMGB1P19,0,0,0,0,0,2
HMGB1P23,0,0,0,0,0,0
HMGB1P30,0,0,0,0,0,0
HMGB1P31,8,0,6,5,5,5
HMGB1P32,0,0,0,0,0,0
HMGB1P33,0,0,0,0,0,0
HMGB1P34,0,0,2,1,0,1
HMGB1P35,0,0,0,0,0,0
HMGB1P36,0,0,0,0,0,0
HMGB1P39,0,0,0,0,0,0
HMGB1P43,0,0,0,0,0,0
HMGB1P44,0,0,0,0,0,0
HMGB1P46,0,0,0,0,0,0
HMGB1P49,0,0,0,0,0,0
HMGB1P50,0,0,0,0,1,0
HMGB1P7,0,0,0,0,0,0
HMGB2,819,373,2433,1161,2228,1927
HMGB3,2019,1090,4529,3689,3565,3884
HMGB3P10,0,0,0,0,0,0
HMGB3P14,0,0,0,0,0,0
HMGB3P15,0,0,0,0,0,0
HMGB3P16,0,0,0,0,0,0
HMGB3P18,0,0,0,0,0,0
HMGB3P21,0,0,0,0,0,0
HMGB3P22,3,0,3,2,1,0
HMGB3P25,0,0,0,0,0,0
HMGB3P26,0,0,0,0,0,0
HMGB3P27,1,0,0,0,0,0
HMGB3P28,0,0,3,4,2,1
HMGB3P29,0,0,1,3,0,1
HMGB3P3,0,0,0,0,0,0
HMGB3P30,0,0,0,0,0,0
HMGB3P31,0,0,0,0,0,0
HMGB3P4,0,0,2,0,0,4
HMGB3P6,0,0,0,0,0,0
HMGB4,0,0,0,0,0,0
HMGCL,327,160,1146,347,884,922
HMGCLL1,0,0,3,39,28,37
HMGCR,1571,786,2995,3694,3384,4311
HMGCS1,2103,942,3462,13625,10963,13063
HMGCS2,79,44,178,129,341,340
HMGN1,3303,1854,7164,9466,9437,9003
HMGN1P10,0,0,0,0,0,0
HMGN1P12,0,0,0,0,0,0
HMGN1P13,0,0,0,0,0,0
HMGN1P14,0,0,0,0,0,0
HMGN1P15,0,0,6,2,0,1
HMGN1P16,0,0,0,1,0,0
HMGN1P17,0,0,0,0,0,0
HMGN1P19,0,0,0,0,0,0
HMGN1P23,0,0,0,0,0,0
HMGN1P31,0,0,0,0,0,0
HMGN1P32,0,0,0,0,0,0
HMGN1P33,0,0,0,0,0,0
HMGN1P5,0,0,0,0,0,0
HMGN1P6,0,0,0,0,0,0
HMGN1P8,3,0,4,15,3,27
HMGN1P9,0,0,0,0,0,0
HMGN2,1736,968,4197,2064,3268,2829
HMGN2P26,0,0,0,0,0,0
HMGN3,240,163,722,989,1040,973
HMGN3-AS1,22,13,31,36,33,41
HMGN4,322,231,760,629,679,659
HMGN5,148,58,346,1366,1265,1130
HMGXB3,438,228,1184,760,1500,1627
HMGXB4,636,318,1386,1185,1290,1543
HMHB1,0,0,0,0,0,0
HMMR,689,483,1290,2031,1894,1748
HMOX1,8,5,57,34,124,127
HMOX2,189,113,843,196,731,681
HMSD,0,0,0,0,1,2
HMX1,0,1,1,0,0,2
HMX2,0,0,0,0,0,0
HMX3,8,0,6,0,0,0
HNF1A,0,0,0,0,0,0
HNF1A-AS1,0,0,1,0,0,0
HNF1B,2,0,1,1,1,4
HNF4A,0,0,4,0,0,0
HNF4A-AS1,0,0,0,0,0,0
HNF4G,7,0,14,73,47,73
HNMT,2,0,5,77,57,72
HNRNPA0,1497,1186,3483,2113,3047,3211
HNRNPA1,18045,12024,37331,31567,41694,43128
HNRNPA1L2,0,0,0,0,0,0
HNRNPA1L3,31,20,49,28,56,43
HNRNPA1P17,0,0,0,0,0,0
HNRNPA1P19,0,0,0,0,0,0
HNRNPA1P21,0,0,0,0,0,0
HNRNPA1P23,0,0,0,0,0,0
HNRNPA1P27,0,0,1,1,0,1
HNRNPA1P29,0,0,0,0,0,0
HNRNPA1P33,1,0,0,2,1,1
HNRNPA1P42,0,0,0,0,0,0
HNRNPA1P45,0,0,0,0,0,0
HNRNPA1P49,0,0,0,0,0,0
HNRNPA1P57,1,0,3,0,0,0
HNRNPA1P64,0,0,0,0,0,0
HNRNPA1P70,0,0,0,0,0,0
HNRNPA2B1,16585,8437,40995,50491,55916,59134
HNRNPA3,6942,3729,12719,17390,17027,17396
HNRNPA3P10,2,2,4,11,0,10
HNRNPA3P11,0,0,0,0,0,0
HNRNPA3P12,4,0,0,1,3,0
HNRNPA3P14,0,0,0,0,0,0
HNRNPA3P15,0,0,0,0,0,0
HNRNPA3P16,0,0,0,0,0,0
HNRNPA3P2,0,0,0,1,2,0
HNRNPA3P3,0,0,0,0,0,0
HNRNPA3P5,12,7,20,22,23,11
HNRNPA3P7,0,0,0,0,0,0
HNRNPA3P8,0,0,0,0,0,0
HNRNPA3P9,0,0,0,0,0,0
HNRNPAB,1125,643,3094,2538,4830,4740
HNRNPC,8024,4763,20048,16507,22640,23853
HNRNPCL1,0,0,0,0,0,0
HNRNPCL2,0,0,0,0,0,0
HNRNPCL3,0,0,0,0,0,0
HNRNPCL4,0,0,0,0,0,0
HNRNPCP10,0,0,0,0,0,0
HNRNPCP3,0,0,0,0,0,0
HNRNPCP6,0,0,0,0,0,0
HNRNPCP7,0,0,0,0,0,0
HNRNPCP8,0,0,2,0,1,0
HNRNPCP9,0,0,0,0,0,0
HNRNPD,3104,1534,7618,8411,9335,9042
HNRNPD-DT,0,0,3,0,3,0
HNRNPDL,2345,1330,6215,6192,7010,7180
HNRNPDLP1,0,0,0,0,0,0
HNRNPDLP3,0,0,0,0,0,0
HNRNPDP2,0,0,0,0,0,0
HNRNPF,2200,1280,10502,3200,10286,10708
HNRNPH1,9623,4329,18523,14125,14566,17500
HNRNPH1P1,9,0,8,20,17,27
HNRNPH1P2,0,0,0,0,0,0
HNRNPH2,1570,874,3255,4647,4841,4976
HNRNPH3,6065,2897,12877,8887,9690,10871
HNRNPH3P1,0,0,0,0,0,0
HNRNPK,8421,5820,19640,12741,16559,17785
HNRNPKP1,0,0,1,0,1,0
HNRNPKP2,0,0,0,0,1,0
HNRNPKP4,5,6,4,3,4,4
HNRNPL,1840,1969,5235,2566,5271,5155
HNRNPLL,281,204,584,671,679,674
HNRNPLP1,0,0,0,0,0,0
HNRNPM,1756,863,3597,4188,5159,4687
HNRNPMP1,0,0,0,0,0,0
HNRNPMP2,0,0,0,0,0,0
HNRNPR,3432,1710,7960,6442,7644,7808
HNRNPRP2,0,0,0,0,0,0
HNRNPU,10098,4690,16944,18814,16240,17647
HNRNPUL1,2979,1873,7263,4533,7908,8336
HNRNPUL2,1604,1069,2561,2711,3186,3137
HNRNPUL2-BSCL2,0,0,6,2,1,1
HOATZ,7,0,16,1,5,8
HOGA1,16,11,46,30,52,36
HOMER1,309,164,464,703,651,650
HOMER2,236,79,368,314,448,495
HOMER3,20,9,103,67,265,258
HOOK1,1492,755,2433,1894,1441,1779
HOOK2,680,259,1360,1006,1575,1849
HOOK3,1626,562,2237,2959,2420,2921
HOPX,0,0,0,0,0,1
HORMAD1,0,0,0,0,0,0
HORMAD2,0,0,0,0,0,0
HORMAD2-AS1,0,0,0,0,0,0
HOTAIR,315,134,935,569,1142,1402
HOTAIRM1,0,0,0,0,0,0
HOXA-AS3,0,0,0,0,0,0
HOXA1,0,0,0,0,0,0
HOXA10,0,0,0,1,0,0
HOXA10-AS,0,0,0,0,0,0
HOXA11,0,0,4,1,2,5
HOXA11-AS,0,0,2,2,4,2
HOXA13,0,0,0,0,0,0
HOXA2,0,0,2,0,0,0
HOXA3,6,0,11,14,13,9
HOXA4,0,0,0,2,0,0
HOXA5,1,0,4,3,3,4
HOXA6,0,0,2,0,1,2
HOXA7,0,0,0,1,0,0
HOXA9,0,0,0,0,0,0
HOXB-AS1,128,34,292,276,302,361
HOXB-AS3,3,0,8,15,25,22
HOXB-AS4,0,0,0,0,0,0
HOXB1,0,0,0,0,0,0
HOXB13,0,0,0,2,7,2
HOXB2,166,127,576,362,728,890
HOXB3,183,49,355,554,706,969
HOXB4,2,0,1,7,27,25
HOXB5,0,0,0,2,0,2
HOXB6,0,3,7,6,14,14
HOXB7,4,0,11,3,13,14
HOXB8,0,0,0,1,2,1
HOXB9,2,0,13,6,11,10
HOXC-AS1,13,23,69,4,10,11
HOXC-AS2,9,2,43,22,78,81
HOXC-AS3,47,48,157,84,199,202
HOXC10,816,573,1806,1536,2527,2911
HOXC11,255,152,738,180,518,495
HOXC12,7,6,22,6,7,17
HOXC13,87,42,229,295,683,755
HOXC13-AS,17,4,49,15,52,37
HOXC4,104,38,260,660,839,982
HOXC5,0,0,0,6,5,7
HOXC6,37,11,177,208,813,1102
HOXC8,13,8,14,114,110,188
HOXC9,40,26,97,129,172,271
HOXD1,0,0,1,0,0,0
HOXD10,0,0,0,0,0,0
HOXD11,0,0,0,0,0,0
HOXD12,9,9,8,2,4,9
HOXD13,0,0,0,0,0,0
HOXD3,0,0,0,0,0,0
HOXD4,0,0,0,0,0,0
HOXD8,0,0,0,0,0,0
HOXD9,0,0,0,0,0,0
HP,0,0,0,0,0,0
HP1BP3,2014,959,3803,3637,3759,4228
HPAT5,0,0,0,0,0,0
HPCA,0,0,0,0,0,0
HPCAL1,21,6,101,25,157,142
HPCAL4,0,0,0,5,2,7
HPD,1,0,6,0,0,0
HPDL,0,0,0,0,0,0
HPF1,287,114,603,419,533,444
HPGD,0,0,0,215,225,199
HPGDS,0,0,0,0,0,0
HPN,67,38,503,99,448,555
HPN-AS1,0,0,0,1,0,2
HPR,0,0,0,0,0,0
HPRT1,93,53,173,541,605,563
HPRT1P3,0,0,0,0,0,0
HPS1,302,129,1352,225,992,1008
HPS1-AS1,0,0,0,0,2,0
HPS3,1113,649,1640,1092,1141,1209
HPS4,541,284,1284,663,996,1004
HPS5,202,116,402,469,415,584
HPS6,41,20,437,29,263,299
HPSE,1,0,6,20,22,24
HPSE2,8,0,39,12,10,11
HPX,49,16,60,132,218,241
HPYR1,0,0,0,0,0,0
HR,92,23,495,54,339,445
HRAS,24,5,210,26,169,161
HRAT17,0,0,0,0,0,0
HRC,1,0,6,3,18,6
HRCT1,0,0,0,0,2,1
HRG,0,0,0,0,0,0
HRG-AS1,0,0,0,0,1,3
HRGP1,0,0,0,2,2,1
HRGP2,0,0,0,1,0,0
HRH1,0,0,0,0,0,1
HRH2,0,0,0,2,15,8
HRH3,0,0,1,0,1,0
HRH4,0,0,0,0,0,1
HRK,11,12,17,8,10,9
HRNR,0,0,0,0,0,0
HROB,35,24,80,26,114,89
HRURF,0,0,0,0,0,0
HS1BP3,171,85,1041,69,489,532
HS1BP3-IT1,1,6,0,0,0,0
HS2ST1,883,435,1543,2248,1821,2233
HS3ST1,0,0,0,0,0,0
HS3ST2,0,0,0,0,0,0
HS3ST3A1,0,0,0,0,0,0
HS3ST3B1,57,20,111,167,203,244
HS3ST4,0,0,0,0,0,0
HS3ST5,0,0,0,0,0,0
HS3ST6,0,0,0,0,0,0
HS6ST1,57,11,284,166,659,698
HS6ST2,0,0,0,8,4,6
HS6ST2-AS1,0,0,0,0,0,0
HS6ST3,174,53,266,463,434,574
HSBP1,839,379,3433,2543,6218,6823
HSBP1L1,107,24,176,407,555,588
HSCB,81,39,203,122,145,151
HSD11B1,0,0,0,0,0,0
HSD11B1-AS1,0,0,0,0,0,0
HSD11B1L,11,1,22,25,67,99
HSD11B2,14,6,55,33,104,112
HSD17B1,5,0,51,9,69,82
HSD17B1-AS1,47,30,359,64,241,312
HSD17B10,173,77,903,195,1067,1019
HSD17B11,0,0,1,12,5,3
HSD17B12,999,518,1859,1733,1879,1838
HSD17B13,0,0,0,4,4,9
HSD17B14,5,0,43,8,32,32
HSD17B2,17,9,38,30,91,83
HSD17B3,0,0,0,0,0,0
HSD17B3-AS1,0,0,0,0,0,0
HSD17B4,2911,1516,6530,6019,6047,7119
HSD17B6,4,2,7,187,322,387
HSD17B7,89,34,232,137,206,264
HSD17B8,78,86,284,61,175,172
HSD3B1,0,0,0,0,0,0
HSD3B2,0,0,0,0,0,0
HSD3B7,29,19,349,68,562,590
HSD3BP2,0,0,0,0,0,0
HSD52,0,0,1,5,1,1
HSDL1,1173,487,2123,984,922,1121
HSDL2,1957,1247,3677,3393,3092,3724
HSF1,152,110,850,61,456,395
HSF2,164,139,292,382,406,417
HSF2BP,8,8,43,13,22,25
HSF4,69,14,397,88,564,663
HSF5,0,0,0,0,1,1
HSFX1,0,0,0,0,0,0
HSFX2,1,0,2,0,2,3
HSFX3,0,0,0,0,0,0
HSFX4,0,0,0,0,0,0
HSFY1,0,0,0,0,0,0
HSFY2,0,0,0,0,0,0
HSFY3P,0,0,0,0,0,0
HSFY5P,0,0,0,0,0,0
HSFY7P,0,0,0,0,0,0
HSFY8P,0,0,0,0,0,0
HSH2D,1,3,5,3,16,16
HSP90AA1,13760,8119,30696,66204,64235,66610
HSP90AA6P,3,0,2,2,2,0
HSP90AB1,24151,12404,45876,52631,56193,57473
HSP90AB2P,1,0,3,0,6,9
HSP90AB3P,1,0,4,4,4,13
HSP90AB5P,0,0,0,0,0,0
HSP90AB7P,0,0,0,0,0,0
HSP90B1,64400,33777,128625,33671,33709,33259
HSP90B2P,5,9,2,6,7,3
HSP90B3P,0,0,0,0,0,0
HSPA12A,413,186,627,614,616,886
HSPA12A-AS1,0,0,2,3,21,17
HSPA12B,0,0,0,0,1,1
HSPA13,2454,1336,4528,5507,3993,5183
HSPA14,195,176,363,883,828,767
HSPA1A,209,207,1408,405,2002,2288
HSPA1B,147,79,516,360,661,671
HSPA1L,44,14,139,18,28,42
HSPA2,3,2,21,8,21,39
HSPA2-AS1,0,0,0,0,0,1
HSPA4,2860,1670,5212,8462,7360,7893
HSPA4L,547,272,928,1820,1557,1632
HSPA5,84295,44611,186549,18519,21291,20969
HSPA5-DT,3,0,2,0,0,2
HSPA5P1,43,48,21,3,1,3
HSPA6,4,0,14,0,1,2
HSPA7,0,0,0,0,0,0
HSPA8,17426,11773,31390,59445,63365,60437
HSPA8P1,0,0,0,0,0,0
HSPA8P13,0,0,0,0,0,0
HSPA8P15,15,3,18,20,20,13
HSPA8P17,0,0,0,0,0,0
HSPA8P3,0,0,1,1,0,2
HSPA8P4,0,0,3,1,1,1
HSPA8P6,0,0,0,0,0,0
HSPA8P7,0,0,0,0,0,0
HSPA8P8,1,0,0,0,0,0
HSPA9,13704,8117,27234,9222,9553,9676
HSPB1,116,81,1950,81,1044,1138
HSPB2,0,0,0,0,0,0
HSPB2-C11orf52,0,0,0,0,0,0
HSPB3,0,0,0,0,0,0
HSPB6,0,0,2,1,3,3
HSPB7,0,0,0,0,0,0
HSPB8,995,561,1942,1332,1966,2083
HSPB9,0,0,0,0,0,0
HSPBAP1,65,38,128,43,31,40
HSPBP1,52,40,399,80,406,360
HSPD1,7789,4283,16455,13833,15830,16004
HSPD1P10,0,0,0,0,2,0
HSPD1P12,0,0,0,0,0,0
HSPD1P14,0,0,0,0,0,0
HSPD1P5,0,0,0,0,0,0
HSPD1P7,0,0,0,0,0,0
HSPD1P8,0,0,0,0,0,0
HSPE1,69,89,104,112,110,89
HSPE1-MOB4,0,0,0,4,1,0
HSPE1P1,0,0,0,0,0,0
HSPE1P19,0,0,0,0,0,0
HSPE1P22,0,0,0,0,0,0
HSPE1P24,0,0,0,0,0,0
HSPE1P26,2,0,0,5,6,5
HSPE1P27,0,0,0,0,0,0
HSPE1P28,0,0,0,0,0,0
HSPG2,40,10,360,68,566,891
HSPH1,429,246,732,1980,1663,1780
HTATIP2,440,313,1103,1164,1811,1846
HTATSF1,711,415,1643,2327,2530,2586
HTD2,7,0,15,7,7,3
HTN1,0,0,0,0,0,0
HTN3,0,0,0,0,0,0
HTR1A,0,0,1,2,6,3
HTR1B,0,0,0,0,0,0
HTR1D,3,0,8,1,8,1
HTR1E,0,0,0,0,0,0
HTR1F,0,0,0,0,0,0
HTR2A,0,0,0,2,0,2
HTR2A-AS1,0,0,0,0,0,2
HTR2B,0,0,0,0,0,0
HTR2C,0,0,0,40,36,34
HTR3A,0,0,1,0,0,0
HTR3B,0,0,0,0,0,0
HTR3C,0,0,0,0,0,0
HTR3D,0,0,0,0,0,0
HTR3E,0,0,0,2,2,1
HTR3E-AS1,0,0,0,0,0,0
HTR4,1,0,0,0,0,0
HTR5A,0,0,0,0,0,0
HTR5A-AS1,0,0,0,0,0,0
HTR5BP,0,0,0,0,0,0
HTR6,0,0,0,0,0,2
HTR7,0,0,0,0,0,0
HTRA1,3,0,9,178,383,412
HTRA2,77,66,329,54,163,173
HTRA3,0,0,0,0,0,0
HTRA4,0,0,0,1,3,1
HTT,732,320,1484,2230,3231,4004
HUNK,85,60,316,340,713,771
HUS1,370,163,682,535,624,651
HUS1B,2,0,1,0,0,1
HUWE1,6180,2462,8478,9074,10487,13498
HVCN1,0,0,0,0,0,0
HYAL1,3,0,0,5,13,11
HYAL2,8,14,136,10,81,110
HYAL3,2,3,13,4,18,13
HYAL4,1,0,0,0,0,0
HYCC1,499,283,810,935,642,819
HYCC2,607,269,937,1207,778,1217
HYDIN,39,25,61,28,15,25
HYDINP1,0,0,0,0,0,0
HYI,80,27,221,92,185,199
HYI-AS1,0,0,0,0,0,0
HYKK,78,46,181,187,162,197
HYLS1,535,317,1260,408,542,546
HYMAI,0,0,0,0,0,0
HYOU1,20404,9206,61405,3656,11768,12980
HYOU1-AS1,0,0,0,0,0,0
HYPK,114,44,144,410,399,434
IAH1,222,108,410,221,328,313
IAPP,0,0,0,0,0,1
IARS1,8138,4213,13635,4860,4433,5175
IARS2,3290,1857,6726,6387,5585,6101
IARS2P1,0,0,0,0,0,0
IBA57,382,163,802,448,578,759
IBA57-DT,2,6,13,0,5,1
IBSP,0,0,5,3,3,10
IBTK,2398,1305,4897,3966,3347,3985
ICA1,1775,778,3695,896,1060,1180
ICA1L,9,5,17,58,62,66
ICAM1,69,20,225,19,40,60
ICAM2,0,0,0,0,0,0
ICAM3,14,12,203,5,71,68
ICAM4,0,0,1,0,0,0
ICAM4-AS1,0,0,0,0,1,0
ICAM5,14,1,201,0,14,9
ICE1,1064,548,1517,1322,1102,1355
ICE2,1361,764,2664,1584,1393,1702
ICE2P2,0,0,0,0,0,0
ICMT,272,163,1090,1616,3740,4159
ICOS,0,0,0,0,0,0
ICOSLG,3,2,26,6,40,38
ID1,38,46,171,101,209,220
ID2,109,97,347,122,219,189
ID3,56,8,237,48,272,279
ID4,126,85,255,292,244,244
IDE,1396,557,2114,6998,5466,6424
IDH1,1726,978,4071,2353,3213,3536
IDH1-AS1,1,0,19,3,10,9
IDH2,632,471,3556,1284,4950,4978
IDH3A,568,366,1163,1182,1523,1472
IDH3B,571,340,1413,581,1235,1188
IDH3G,134,64,944,117,625,655
IDI1,1263,888,3221,9770,10914,12181
IDI2,0,0,0,1,0,0
IDI2-AS1,0,0,5,4,5,4
IDNK,36,20,77,24,35,29
IDO1,0,0,0,0,0,0
IDO2,0,0,0,1,1,0
IDS,54,4,130,63,134,166
IDUA,31,10,249,9,104,144
IER2,219,101,588,446,771,963
IER3,554,350,2905,475,1548,1143
IER3-AS1,0,4,3,2,6,7
IER3IP1,291,222,603,393,461,405
IER5,240,109,1416,261,690,711
IER5L,16,5,91,8,9,11
IFFO1,0,0,0,0,5,5
IFFO2,151,47,313,528,796,1099
IFI16,5,2,16,3,4,0
IFI27,2,0,3,22,62,46
IFI27L1,102,36,384,93,227,222
IFI27L2,39,44,318,47,220,258
IFI30,0,0,0,1,0,0
IFI35,126,63,547,135,544,371
IFI44,4,0,0,123,66,67
IFI44L,0,0,0,24,8,6
IFI6,0,15,19,41,103,64
IFIH1,146,95,262,334,348,304
IFIT1,42,34,75,823,406,227
IFIT1B,0,0,0,0,0,0
IFIT2,26,3,21,295,152,136
IFIT3,1,0,4,194,74,75
IFIT5,63,40,118,494,369,412
IFITM1,23,11,135,45,275,234
IFITM10,243,93,689,268,799,766
IFITM2,187,127,913,162,885,876
IFITM3,32,21,277,10,64,44
IFITM4P,0,0,0,0,0,0
IFITM5,0,0,0,0,0,0
IFITM9P,0,0,0,0,0,0
IFNA1,0,0,1,0,0,0
IFNA10,0,0,0,0,0,0
IFNA11P,0,0,0,0,0,0
IFNA13,0,0,0,0,0,0
IFNA14,0,0,0,0,0,0
IFNA16,0,0,0,0,0,0
IFNA17,0,0,0,0,0,0
IFNA2,0,0,0,0,0,0
IFNA20P,0,0,0,0,0,0
IFNA21,0,0,0,0,0,0
IFNA4,0,0,0,0,0,0
IFNA5,0,0,0,0,0,0
IFNA6,0,0,0,0,0,0
IFNA7,0,0,0,0,0,0
IFNA8,0,0,0,0,0,0
IFNAR1,1223,591,2684,4936,4571,4704
IFNAR2,6,8,21,59,101,86
IFNAR2-IL10RB,0,0,0,1,0,0
IFNB1,0,0,0,0,0,0
IFNE,0,0,0,0,0,0
IFNG,0,0,0,0,0,0
IFNGR1,257,119,529,561,564,563
IFNGR2,380,218,778,1220,1689,1606
IFNK,0,0,0,0,0,0
IFNL1,0,0,0,0,0,0
IFNL2,0,0,0,0,0,0
IFNL3,0,0,0,0,0,0
IFNL4,0,0,0,0,0,0
IFNL4P1,0,0,0,0,0,0
IFNLR1,40,42,151,65,156,217
IFNNP1,0,0,0,0,0,0
IFNW1,0,0,0,0,0,0
IFNWP18,0,0,0,0,0,0
IFNWP19,0,0,0,0,0,0
IFNWP5,0,0,0,0,0,0
IFNWP9,0,0,0,0,0,0
IFRD1,92,39,224,205,159,171
IFRD2,46,14,260,29,121,113
IFT122,660,373,1561,526,885,916
IFT140,245,111,1573,332,1219,1589
IFT172,501,167,1022,463,639,654
IFT20,180,115,422,309,421,375
IFT22,226,231,749,304,660,642
IFT25,560,318,1144,2591,2531,2257
IFT27,146,55,277,433,572,711
IFT43,120,44,825,118,473,514
IFT46,783,474,1902,1013,1387,1422
IFT52,349,222,807,358,417,514
IFT56,217,136,428,286,321,333
IFT57,353,241,675,457,537,561
IFT70A,164,99,265,187,158,130
IFT70B,141,95,316,211,208,232
IFT74,400,179,864,584,711,664
IFT74-AS1,0,0,1,1,0,0
IFT80,916,366,1381,2185,1638,2118
IFT81,552,312,1268,1270,1193,1328
IFT88,410,231,761,705,666,656
IFTAP,450,247,714,470,447,411
IGBP1,336,252,816,322,501,504
IGBP1C,4,0,3,0,0,0
IGBP1P3,0,0,0,0,0,0
IGBP1P5,0,0,0,0,0,0
IGDCC3,17,0,81,0,16,14
IGDCC4,0,0,5,1,4,1
IGF1,0,0,0,2,0,0
IGF1R,2447,1093,4441,57,55,78
IGF2,0,0,2,18,47,61
IGF2-AS,0,0,0,0,1,0
IGF2BP1,0,0,0,0,0,1
IGF2BP2,43,7,106,1643,2438,3001
IGF2BP2-AS1,0,0,0,0,0,0
IGF2BP3,1,0,0,6,1,17
IGF2R,2452,1060,5135,5434,8272,10606
IGFALS,0,0,0,0,1,1
IGFBP1,0,0,0,0,0,0
IGFBP2,52,36,604,33,307,313
IGFBP3,6,7,19,33,63,60
IGFBP4,5273,3079,14893,563,1690,1580
IGFBP5,50507,24840,115241,20644,30269,33341
IGFBP6,2,2,28,0,1,1
IGFBP7,0,0,0,18,23,28
IGFBP7-AS1,0,0,0,0,0,0
IGFBPL1,59,63,132,36,61,66
IGFL1,0,0,0,0,0,1
IGFL1P2,0,0,0,0,0,0
IGFL2,0,0,0,0,0,0
IGFL2-AS1,0,0,0,0,0,0
IGFL3,0,0,0,0,0,0
IGFL4,0,0,0,0,0,0
IGFLR1,8,0,13,13,23,10
IGFN1,3,6,6,12,16,10
IGHA1,0,4,0,0,4,6
IGHA2,0,0,1,0,4,0
IGHD,0,0,0,0,0,0
IGHD1-1,0,0,0,0,0,0
IGHD1-14,0,0,0,0,0,0
IGHD1-20,0,0,0,0,0,0
IGHD1-26,0,0,0,0,0,0
IGHD1-7,0,0,0,0,0,0
IGHD2-15,0,0,0,0,0,0
IGHD2-2,0,0,0,0,0,0
IGHD2-21,0,0,0,0,0,0
IGHD2-8,0,0,0,0,0,0
IGHD3-10,0,0,0,0,0,0
IGHD3-16,0,0,0,0,0,0
IGHD3-22,0,0,0,0,0,0
IGHD3-3,0,0,0,0,0,0
IGHD3-9,0,0,0,0,0,0
IGHD4-11,0,0,0,0,0,0
IGHD4-17,0,0,0,0,0,0
IGHD4-23,0,0,0,0,0,0
IGHD4-4,0,0,0,0,0,0
IGHD5-12,0,0,0,0,0,0
IGHD5-18,0,0,0,0,0,0
IGHD5-24,0,0,0,0,0,0
IGHD5-5,0,0,0,0,0,0
IGHD6-13,0,0,0,0,0,0
IGHD6-19,0,0,0,0,0,0
IGHD6-25,0,0,0,0,0,0
IGHD6-6,0,0,0,0,0,0
IGHD7-27,0,0,0,0,0,0
IGHE,1,0,6,0,5,3
IGHEP1,0,0,0,0,0,0
IGHEP2,0,0,0,0,0,0
IGHG1,0,0,0,0,0,0
IGHG2,0,0,0,0,0,0
IGHG3,0,0,0,0,1,1
IGHG4,0,0,2,0,1,0
IGHJ1,0,0,0,0,0,0
IGHJ1P,0,0,0,0,0,0
IGHJ2,0,0,0,0,0,0
IGHJ2P,0,0,0,0,0,0
IGHJ3,0,0,0,0,0,0
IGHJ3P,0,0,0,0,0,0
IGHJ4,0,0,0,0,0,0
IGHJ5,0,0,0,0,0,0
IGHJ6,0,0,0,0,0,0
IGHM,0,0,0,0,1,1
IGHMBP2,186,110,639,285,648,741
IGHV1-12,0,0,0,0,0,0
IGHV1-14,0,0,0,0,0,0
IGHV1-17,0,0,0,0,0,0
IGHV1-18,0,0,0,0,0,0
IGHV1-2,0,0,0,0,0,0
IGHV1-24,4,0,15,0,0,0
IGHV1-3,0,0,0,0,0,0
IGHV1-45,0,0,0,0,0,0
IGHV1-46,0,0,0,0,0,0
IGHV1-58,0,0,0,0,0,0
IGHV1-67,0,0,0,0,0,0
IGHV1-68,0,0,0,0,0,0
IGHV1-69,0,0,0,0,0,0
IGHV1-69-2,0,0,0,0,0,0
IGHV1-69D,0,0,0,0,0,0
IGHV1OR15-9,0,0,0,0,0,0
IGHV1OR21-1,0,0,0,0,0,0
IGHV2-26,0,0,0,0,0,0
IGHV2-5,0,0,0,0,0,0
IGHV2-70,0,0,0,0,0,0
IGHV2-70D,0,0,0,0,0,0
IGHV2OR16-5,0,0,0,0,0,0
IGHV3-11,0,0,0,0,0,0
IGHV3-13,0,0,0,0,0,0
IGHV3-15,0,0,0,0,0,0
IGHV3-16,0,0,0,0,0,0
IGHV3-19,0,0,0,0,0,1
IGHV3-20,0,0,0,0,0,0
IGHV3-21,0,0,0,0,0,0
IGHV3-22,0,0,0,0,0,0
IGHV3-23,0,0,1,0,0,0
IGHV3-25,0,0,0,0,0,0
IGHV3-29,0,0,0,0,0,0
IGHV3-30,0,0,0,0,0,0
IGHV3-30-2,0,0,0,0,0,0
IGHV3-32,0,0,0,0,0,0
IGHV3-33,0,0,0,0,0,0
IGHV3-33-2,0,0,3,0,0,0
IGHV3-35,0,0,0,0,0,1
IGHV3-36,0,0,0,0,0,0
IGHV3-37,0,0,1,0,0,0
IGHV3-38,0,0,0,0,0,0
IGHV3-41,0,0,0,0,0,0
IGHV3-42,0,0,0,0,0,0
IGHV3-43,0,0,2,0,0,0
IGHV3-48,0,0,0,0,0,0
IGHV3-49,0,0,0,0,0,0
IGHV3-50,0,0,0,0,0,0
IGHV3-52,0,0,0,0,0,0
IGHV3-53,0,0,0,0,0,0
IGHV3-54,0,0,0,0,0,0
IGHV3-57,0,0,0,0,0,0
IGHV3-6,0,0,0,0,0,0
IGHV3-60,0,0,0,0,0,0
IGHV3-62,0,0,0,0,0,0
IGHV3-63,0,0,0,0,0,0
IGHV3-64,0,0,0,0,0,0
IGHV3-64D,0,0,0,0,0,0
IGHV3-65,0,0,0,0,0,0
IGHV3-66,0,0,0,0,0,0
IGHV3-69-1,0,0,0,0,0,0
IGHV3-7,0,0,0,0,0,0
IGHV3-71,0,0,0,0,0,0
IGHV3-72,0,0,0,0,0,0
IGHV3-73,0,0,0,0,0,0
IGHV3-74,0,0,2,2,2,2
IGHV3-75,0,0,0,0,0,0
IGHV3-76,0,0,0,0,0,0
IGHV3-79,0,0,0,0,0,0
IGHV3OR16-17,0,0,0,0,0,0
IGHV3OR16-8,0,0,0,0,0,0
IGHV3OR16-9,0,0,0,0,0,0
IGHV4-28,0,0,0,0,0,0
IGHV4-30-2,0,0,0,0,0,0
IGHV4-34,5,2,8,0,0,1
IGHV4-39,0,0,0,0,0,0
IGHV4-4,0,0,0,0,0,0
IGHV4-55,0,0,0,0,0,0
IGHV4-59,0,0,0,0,0,0
IGHV4-61,0,0,0,0,0,0
IGHV4-80,0,0,0,0,0,0
IGHV5-51,0,0,0,0,0,0
IGHV5-78,0,0,0,0,0,0
IGHV6-1,0,0,0,0,0,0
IGHV7-27,0,0,0,2,0,0
IGHV7-34-1,0,0,0,0,0,0
IGHV7-4-1,0,0,0,0,0,0
IGHV7-56,0,0,0,0,0,0
IGHV7-81,0,0,0,0,0,0
IGHV8-51-1,0,0,0,0,0,0
IGHVII-15-1,0,0,0,0,0,0
IGHVII-22-1,0,0,0,0,0,0
IGHVII-26-2,0,0,1,0,0,0
IGHVII-28-1,0,0,0,0,0,0
IGHVII-30-1,0,0,0,0,0,0
IGHVII-30-21,0,0,0,0,0,0
IGHVII-33-1,0,0,2,0,0,0
IGHVII-43-1,0,0,0,0,0,0
IGHVII-44-2,0,0,0,0,0,0
IGHVII-49-1,0,0,0,0,0,0
IGHVII-51-2,0,0,0,0,0,0
IGHVII-53-1,0,0,0,0,0,0
IGHVII-60-1,0,0,0,0,0,0
IGHVII-62-1,0,0,0,0,0,0
IGHVII-65-1,0,0,0,0,0,0
IGHVII-78-1,0,0,0,0,0,0
IGHVIII-13-1,0,0,0,0,0,0
IGHVIII-16-1,0,0,0,0,0,0
IGHVIII-2-1,0,0,0,0,0,0
IGHVIII-25-1,0,0,0,0,0,0
IGHVIII-26-1,0,0,0,0,0,0
IGHVIII-38-1,0,0,0,0,0,0
IGHVIII-47-1,0,0,0,0,0,0
IGHVIII-5-1,0,0,0,0,0,0
IGHVIII-5-2,0,0,0,0,0,0
IGHVIII-67-2,0,0,0,0,0,0
IGHVIII-67-3,0,0,0,0,0,0
IGHVIII-67-4,0,0,0,0,0,0
IGHVIII-76-1,0,0,0,0,0,0
IGHVIII-82,0,0,0,0,0,0
IGIP,237,107,299,248,260,261
IGKC,0,0,0,0,0,0
IGKJ1,0,0,0,0,0,0
IGKJ2,0,0,0,0,0,0
IGKJ3,0,0,0,0,0,0
IGKJ4,0,0,0,0,0,0
IGKJ5,0,0,0,0,0,0
IGKV1-12,0,0,0,0,0,0
IGKV1-13,0,0,0,0,0,0
IGKV1-16,0,0,0,0,0,0
IGKV1-17,0,0,0,0,0,0
IGKV1-22,0,0,0,0,0,0
IGKV1-27,0,0,0,0,0,0
IGKV1-33,0,0,0,0,0,0
IGKV1-37,0,0,0,0,0,0
IGKV1-39,0,0,0,0,0,0
IGKV1-5,0,0,0,0,0,0
IGKV1-6,0,0,0,0,0,0
IGKV1-8,0,0,0,0,0,0
IGKV1-9,0,0,0,0,0,0
IGKV1D-12,0,0,0,0,0,0
IGKV1D-13,0,0,0,0,0,0
IGKV1D-16,0,0,0,0,0,0
IGKV1D-17,0,0,0,0,0,0
IGKV1D-22,0,0,0,0,0,0
IGKV1D-32,0,0,0,0,0,0
IGKV1D-33,0,0,0,0,0,0
IGKV1D-37,0,0,0,0,0,0
IGKV1D-39,0,0,0,0,0,0
IGKV1D-42,0,0,0,0,0,0
IGKV1D-43,0,0,0,0,0,0
IGKV1D-8,0,0,0,0,0,0
IGKV1OR-2,0,0,0,0,0,0
IGKV1OR2-1,0,0,0,0,0,0
IGKV1OR2-11,0,0,0,0,0,0
IGKV1ORY-1,0,0,0,0,0,0
IGKV2-10,0,0,0,0,0,0
IGKV2-18,0,0,0,0,0,0
IGKV2-19,0,0,0,0,0,0
IGKV2-24,0,0,0,0,0,0
IGKV2-26,0,0,0,0,0,0
IGKV2-28,0,0,0,0,0,0
IGKV2-29,0,0,0,0,0,0
IGKV2-30,0,0,0,0,0,0
IGKV2-36,0,0,0,0,0,0
IGKV2-38,0,0,0,0,0,0
IGKV2-4,0,0,0,0,0,0
IGKV2-40,0,0,0,0,0,0
IGKV2D-18,0,0,0,0,0,0
IGKV2D-19,0,0,0,0,0,0
IGKV2D-24,0,0,0,0,0,0
IGKV2D-26,0,0,0,0,0,0
IGKV2D-28,0,0,0,0,0,0
IGKV2D-29,0,0,0,0,0,0
IGKV2D-30,0,0,0,0,0,0
IGKV2D-36,0,0,0,0,0,0
IGKV2D-38,0,0,0,0,0,0
IGKV2D-40,0,0,0,0,0,0
IGKV3-11,0,0,0,0,0,0
IGKV3-15,0,0,0,0,0,0
IGKV3-20,0,0,0,0,0,0
IGKV3-34,0,0,0,0,0,0
IGKV3-7,0,0,0,0,0,0
IGKV3D-11,0,0,0,0,0,0
IGKV3D-15,0,0,0,0,0,0
IGKV3D-20,0,0,0,0,0,0
IGKV3D-7,0,0,0,0,0,0
IGKV3OR22-2,0,0,0,0,0,0
IGKV4-1,0,0,0,0,0,0
IGKV5-2,0,0,0,0,0,0
IGKV6-21,0,0,0,0,0,0
IGKV6D-21,0,0,0,0,0,0
IGKV6D-41,0,0,0,0,0,0
IGLC1,0,0,0,0,0,0
IGLC2,0,0,0,0,0,0
IGLC3,0,0,0,0,0,0
IGLC4,0,0,0,0,0,0
IGLC5,0,0,0,0,0,0
IGLC6,0,0,0,0,0,0
IGLC7,0,0,0,0,0,0
IGLCOR22-2,0,0,0,0,0,0
IGLJ4,0,0,0,0,0,0
IGLJ7,0,0,0,0,0,0
IGLJCOR18,0,0,0,0,0,0
IGLL1,0,0,0,0,0,0
IGLL5,0,0,0,0,0,0
IGLON5,0,0,0,0,0,2
IGLV1-36,0,0,0,0,0,0
IGLV1-40,0,0,0,0,0,0
IGLV1-41,0,0,0,0,0,0
IGLV1-44,0,0,0,0,0,0
IGLV1-47,0,0,0,0,0,0
IGLV1-50,0,0,1,0,0,0
IGLV1-51,0,0,0,0,0,0
IGLV10-54,0,0,0,0,0,0
IGLV11-55,0,0,0,0,0,0
IGLV2-11,0,0,0,0,0,0
IGLV2-14,0,0,0,0,0,0
IGLV2-18,0,0,0,0,0,0
IGLV2-23,0,0,0,0,0,0
IGLV2-28,0,0,0,0,0,0
IGLV2-33,0,0,0,0,0,0
IGLV2-8,0,0,0,0,0,0
IGLV3-10,0,0,0,0,0,0
IGLV3-12,0,0,0,0,0,0
IGLV3-15,0,0,0,0,0,0
IGLV3-16,0,0,0,0,0,0
IGLV3-17,0,0,0,0,0,0
IGLV3-19,0,0,0,0,0,0
IGLV3-21,0,0,0,0,0,0
IGLV3-22,0,0,0,0,0,0
IGLV3-25,0,0,0,0,0,0
IGLV3-27,0,0,0,0,0,0
IGLV3-32,0,0,0,0,0,0
IGLV3-6,0,0,0,0,0,0
IGLV3-7,0,0,0,0,0,0
IGLV3-9,0,0,0,0,0,0
IGLV4-3,0,0,0,0,0,0
IGLV4-60,0,0,0,0,0,0
IGLV4-69,0,0,0,0,0,0
IGLV5-37,0,0,0,0,0,0
IGLV5-45,0,0,0,0,0,0
IGLV5-48,0,0,0,0,0,0
IGLV6-57,0,0,0,0,0,0
IGLV7-43,0,0,0,0,0,0
IGLV7-46,0,0,0,0,0,0
IGLV8-61,0,0,0,0,0,0
IGLV9-49,0,0,0,0,0,0
IGLVI-42,0,0,0,0,0,0
IGLVI-63,0,0,0,0,0,0
IGLVI-68,0,0,0,0,0,0
IGLVI-70,0,0,0,0,0,0
IGLVIV-53,0,0,0,0,0,0
IGLVIV-65,0,0,0,0,0,0
IGLVV-58,0,0,0,0,0,0
IGLVV-66,0,0,0,0,0,0
IGSF1,22,11,39,95,94,123
IGSF10,0,0,0,0,1,2
IGSF11,0,0,1,60,62,55
IGSF11-AS1,0,0,0,0,0,0
IGSF21,0,0,0,94,577,663
IGSF22,0,0,0,1,0,0
IGSF23,0,0,0,1,3,6
IGSF3,449,198,1195,1686,2737,2983
IGSF3P1,0,0,0,0,0,0
IGSF3P2,0,0,0,0,0,1
IGSF5,69,67,167,49,57,52
IGSF6,0,0,0,0,0,0
IGSF8,39,31,282,14,216,205
IGSF9,82,44,433,194,552,613
IGSF9B,137,71,199,355,420,573
IHH,0,0,0,0,0,0
IHO1,0,0,0,0,1,0
IK,2015,1429,4975,3328,5499,5636
IKBIP,84,44,185,335,348,306
IKBKB,547,203,1487,975,1883,2196
IKBKB-DT,0,0,0,0,0,1
IKBKE,43,16,283,26,224,231
IKBKE-AS1,0,0,0,0,0,0
IKBKG,15,3,203,7,183,190
IKBKGP1,0,0,3,0,4,7
IKZF1,0,0,0,0,0,0
IKZF2,215,125,338,568,306,528
IKZF3,1,13,4,2,0,3
IKZF4,197,113,300,249,271,372
IKZF5,266,114,490,433,384,464
IL10,0,0,0,0,0,0
IL10RA,0,0,1,0,6,2
IL10RB,5,0,7,35,52,37
IL11,0,0,3,10,29,26
IL11RA,115,21,239,58,85,129
IL12A,14,1,16,12,7,17
IL12A-AS1,0,0,2,0,1,1
IL12B,0,0,0,0,0,0
IL12RB1,0,0,1,0,0,0
IL12RB2,0,0,0,0,0,0
IL13,0,0,0,0,0,0
IL13RA1,1070,581,1794,3911,3094,3686
IL13RA2,0,0,0,0,0,0
IL15,3,0,2,5,3,5
IL15RA,9,9,30,11,41,41
IL16,0,0,2,1,1,3
IL17A,0,0,0,0,0,0
IL17B,0,0,0,0,0,0
IL17C,0,0,0,0,0,0
IL17D,0,0,0,2,4,1
IL17F,0,0,0,0,0,0
IL17RA,327,137,866,495,1084,1195
IL17RB,173,62,413,104,98,97
IL17RC,18,10,45,50,65,81
IL17RD,31,4,48,93,112,112
IL17RE,271,86,952,314,967,917
IL17REL,1,0,2,0,6,16
IL18,211,208,593,935,1088,1057
IL18BP,71,25,128,168,284,277
IL18R1,0,0,0,1,0,4
IL18RAP,0,0,0,0,0,0
IL19,0,0,0,0,0,0
IL1A,0,0,0,0,0,0
IL1B,0,0,0,0,0,0
IL1F10,0,0,0,0,0,0
IL1R1,369,158,657,286,345,344
IL1R1-AS1,0,0,0,0,0,0
IL1R2,0,0,0,0,0,0
IL1RAP,439,260,836,941,922,1223
IL1RAPL1,0,0,0,0,0,0
IL1RAPL2,0,0,0,0,0,0
IL1RL1,0,0,0,0,0,0
IL1RL2,0,0,0,1,0,0
IL1RN,7,1,10,5,7,10
IL2,0,0,0,0,0,0
IL20,0,0,1,0,0,0
IL20RA,276,122,681,257,355,395
IL20RB,15,15,33,11,18,11
IL21,0,0,0,0,0,0
IL21-AS1,0,0,0,0,0,0
IL21R,0,0,0,1,3,1
IL21R-AS1,1,0,0,0,1,1
IL22,0,0,0,0,0,0
IL22RA1,0,0,0,2,14,17
IL22RA2,0,0,0,0,0,0
IL23A,3,0,11,2,5,3
IL23R,2,0,0,0,0,0
IL24,0,0,0,0,0,0
IL25,0,0,0,0,1,0
IL26,0,0,0,0,0,0
IL27,0,0,0,0,0,0
IL27RA,34,10,93,20,131,126
IL2RA,0,0,0,0,0,0
IL2RB,0,0,0,0,0,1
IL2RG,0,0,0,0,0,0
IL3,0,0,0,0,0,0
IL31,0,0,0,0,0,0
IL31RA,0,0,0,14,12,6
IL32,3,4,11,49,145,133
IL33,0,0,0,0,0,0
IL34,0,0,0,0,0,0
IL36A,0,0,0,0,0,0
IL36B,0,0,0,0,0,0
IL36G,0,0,0,0,0,0
IL36RN,0,0,0,4,5,3
IL37,0,0,0,0,0,0
IL3RA,3,0,0,0,0,0
IL4,0,0,0,0,0,0
IL4I1,0,0,2,3,4,5
IL4R,49,17,167,169,627,652
IL5,0,0,2,0,1,2
IL5RA,2,8,9,0,1,11
IL6,0,0,0,0,0,0
IL6-AS1,0,0,0,0,0,0
IL6R,179,54,468,148,230,314
IL6R-AS1,0,0,0,0,4,1
IL6RP1,0,0,0,0,0,0
IL6ST,15779,7281,21776,9613,6151,8219
IL6ST-DT,0,0,7,2,6,6
IL7,0,0,0,0,0,0
IL7R,0,0,0,1,0,0
IL9,0,0,0,0,0,0
IL9R,0,0,0,0,0,1
IL9RP6,0,0,0,0,0,0
ILDR1,62,20,175,33,89,95
ILDR2,0,0,0,1,1,0
ILF2,2993,2010,7304,3959,6451,6437
ILF2P1,0,0,0,0,0,0
ILF3,1028,568,4276,2056,5934,6390
ILF3-DT,66,62,265,70,170,198
ILK,410,257,1155,709,1963,1917
ILKAP,84,37,237,189,265,242
ILRUN,1391,727,3311,4049,6730,7479
ILRUN-AS1,29,12,58,11,17,31
ILVBL,85,102,525,58,422,431
ILVBL-AS1,0,0,0,0,0,0
IMMP1L,179,94,442,225,317,337
IMMP1LP3,0,0,0,0,0,0
IMMP2L,106,38,261,107,177,167
IMMT,1306,656,2187,1427,1829,1671
IMMTP1,0,0,0,0,0,0
IMP3,167,213,382,116,217,171
IMP3P1,0,0,0,0,0,0
IMP3P2,0,0,0,0,0,0
IMP4,140,87,600,178,433,437
IMPA1,377,211,582,1058,781,891
IMPA2,15,4,125,24,114,77
IMPACT,1097,534,1923,1262,1083,1270
IMPDH1,72,33,506,136,730,815
IMPDH1P10,0,0,0,0,0,0
IMPDH2,1792,1001,10125,1101,4662,4502
IMPG1,0,0,0,0,0,0
IMPG2,2,0,8,8,9,9
INA,0,0,0,0,0,0
INAFM1,4,12,15,2,16,8
INAFM2,154,116,380,334,335,377
INAVA,55,11,183,80,303,331
INCA1,5,0,28,2,26,15
INCENP,180,116,784,302,1060,1252
INE1,39,4,71,131,137,141
INE2,0,0,0,0,0,0
INF2,14,23,252,160,616,715
ING1,68,68,208,145,190,215
ING2,77,28,136,111,110,107
ING3,186,112,317,145,142,146
ING4,385,221,721,400,574,521
ING5,226,121,747,438,794,883
INHA,1,0,15,4,7,31
INHBA,1,0,3,6,2,4
INHBA-AS1,0,0,2,0,2,0
INHBB,603,387,1683,732,1431,1563
INHBC,1,1,1,2,0,1
INHBE,16,3,38,5,15,14
INIP,992,581,1833,777,1270,1289
INKA1,0,0,2,0,5,6
INKA2,144,109,309,125,178,217
INKA2-AS1,9,1,27,7,18,12
INMT,7,13,7,0,0,0
INMT-MINDY4,0,0,0,0,0,0
INO80,649,267,1112,731,880,952
INO80B,2,0,11,4,13,14
INO80B-WBP1,0,0,0,0,0,3
INO80C,63,44,138,55,76,50
INO80D,366,164,533,478,293,439
INO80E,258,83,1262,335,1194,1234
INPP1,0,0,0,10,12,9
INPP4A,171,65,308,280,432,520
INPP4B,1200,651,1762,2606,1817,2582
INPP5A,121,78,458,234,490,544
INPP5B,159,45,333,223,293,278
INPP5D,0,0,3,0,4,4
INPP5E,64,5,255,81,238,245
INPP5F,127,58,221,328,297,318
INPP5J,143,49,848,330,1663,2099
INPP5K,145,42,471,157,334,336
INPPL1,833,405,2847,1343,4672,5294
INS,0,0,0,0,0,0
INS-IGF2,0,0,0,0,0,0
INSC,0,0,0,0,0,0
INSIG1,101,68,247,2291,3083,3308
INSIG2,231,114,423,700,581,692
INSL3,0,0,3,2,3,7
INSL4,0,0,0,0,0,0
INSL5,0,0,0,0,0,0
INSL6,0,0,2,1,0,0
INSM1,177,100,304,1,0,0
INSM2,0,0,1,2,0,1
INSR,107,74,255,203,353,370
INSRR,0,0,0,0,1,0
INSYN1,0,0,0,0,6,11
INSYN2A,3,0,13,11,12,23
INSYN2B,0,0,0,0,0,0
INTS1,161,65,1501,93,1007,1156
INTS10,317,129,810,774,883,940
INTS11,257,103,1226,254,1136,1205
INTS12,439,305,827,438,420,497
INTS13,432,183,1067,1166,1255,1258
INTS14,837,429,1771,1034,1193,1365
INTS15,105,72,342,47,156,132
INTS2,505,276,875,1376,1135,1287
INTS3,1781,676,3998,2376,3774,4555
INTS4,625,393,1172,676,698,754
INTS4P2,3,0,4,1,1,0
INTS5,136,83,741,59,402,402
INTS6,759,424,1259,2095,1710,1999
INTS6-AS1,21,18,47,8,8,16
INTS6L,136,32,187,477,375,447
INTS6L-AS1,0,0,1,0,1,1
INTS6P1,0,0,0,0,0,0
INTS7,703,356,1018,907,984,967
INTS8,1297,751,2177,2122,1854,1880
INTS9,240,119,430,317,530,606
INTU,354,192,540,724,611,734
INVS,145,72,205,219,205,240
IP6K1,148,89,706,109,359,409
IP6K2,383,184,1359,522,944,955
IP6K3,0,0,0,1,0,0
IPCEF1,0,0,0,0,0,0
IPMK,1309,642,2211,2597,1848,2226
IPO11,622,471,1349,1159,1016,1129
IPO13,166,61,647,222,732,928
IPO4,8,0,3,1,7,2
IPO5,1916,1086,3146,3550,3371,3650
IPO7,6423,3379,10632,14780,10756,13326
IPO8,735,521,1545,2715,2501,3043
IPO8P1,0,0,0,0,0,0
IPO9,1933,1098,3311,2942,4069,4376
IPO9-AS1,0,0,2,0,4,4
IPP,366,194,648,889,847,864
IPPK,140,91,325,77,141,133
IQANK1,743,347,1911,725,1741,1768
IQCA1,0,0,0,0,0,0
IQCA1-AS1,0,0,0,1,0,0
IQCA1L,0,0,0,0,0,0
IQCB1,207,151,450,303,352,381
IQCC,56,7,202,77,171,131
IQCD,82,56,179,67,200,196
IQCE,734,277,2695,371,1430,1798
IQCF1,0,0,0,0,0,0
IQCF2,0,0,0,0,0,0
IQCF3,0,0,0,1,0,1
IQCF5,0,0,0,0,0,0
IQCF5-AS1,0,0,0,0,0,0
IQCF6,0,0,0,0,0,0
IQCG,826,383,1508,1905,1631,1704
IQCH,162,77,327,127,131,177
IQCH-AS1,219,81,301,254,186,247
IQCJ,3,0,1,0,0,0
IQCJ-SCHIP1,2,0,5,31,227,264
IQCK,186,143,334,168,147,189
IQCM,0,0,0,0,0,1
IQCN,10,0,24,109,469,588
IQGAP1,3831,2035,5958,7003,6676,7826
IQGAP2,0,9,0,11,5,12
IQGAP3,533,176,1216,721,1898,1811
IQSEC1,337,149,817,552,969,1250
IQSEC2,133,67,477,372,942,1156
IQSEC3,0,0,0,0,0,0
IQSEC3-AS2,0,0,0,0,0,0
IQSEC3P2,0,0,0,0,2,0
IQSEC3P3,0,0,0,0,0,0
IQUB,84,10,88,197,142,192
IRAG1,0,0,1,2,3,2
IRAG1-AS1,0,0,3,5,5,6
IRAG2,0,0,0,0,0,0
IRAK1,252,126,1827,282,1687,1795
IRAK1BP1,206,79,353,288,383,394
IRAK2,6,0,17,6,6,21
IRAK3,0,0,0,3,3,3
IRAK4,465,214,718,632,571,692
IREB2,1692,862,2972,3220,2459,3479
IRF1,19,22,48,34,83,104
IRF2,294,199,749,390,490,616
IRF2-DT,12,18,28,8,15,10
IRF2BP1,29,8,202,13,88,88
IRF2BP2,3656,1717,7790,2941,4014,4249
IRF2BPL,217,323,750,201,488,459
IRF3,196,60,735,949,1750,1941
IRF4,0,0,0,1,1,0
IRF5,5,4,66,23,114,130
IRF5P1,0,0,0,0,0,0
IRF6,982,603,2535,1818,2596,2909
IRF7,1,0,55,3,28,48
IRF8,0,0,0,0,0,0
IRF9,9,10,5,47,63,37
IRGC,0,0,0,0,0,0
IRGM,0,0,0,0,0,0
IRGQ,401,149,840,799,1192,1464
IRS1,382,296,1012,616,741,891
IRS2,161,47,285,18,22,21
IRS4,0,0,0,0,0,0
IRX1,0,0,0,0,0,0
IRX2,126,94,278,107,152,142
IRX3,740,483,3514,1015,1884,1912
IRX4,0,0,2,1,7,11
IRX5,395,234,1214,480,895,963
IRX6,1,0,1,3,5,4
ISCA1,336,186,756,285,374,400
ISCA2,135,94,292,210,247,220
ISCU,567,257,1344,579,762,791
ISCUP1,0,0,0,0,0,0
ISG15,2,0,8,4,15,10
ISG20,13,3,53,1,21,20
ISG20L2,1204,707,2104,1400,2013,2155
ISL1,0,0,0,0,0,0
ISL1-DT,0,0,0,0,0,0
ISL2,5,0,9,0,5,10
ISLR,0,0,0,0,0,0
ISLR2,0,0,0,0,0,0
ISM1,12,0,22,40,85,113
ISM2,0,2,2,2,0,3
ISOC1,320,143,576,294,394,407
ISOC2,38,16,438,19,134,137
IST1,1428,684,2609,2167,2957,3489
ISX,0,0,0,0,0,1
ISY1,63,24,258,63,173,173
ISY1-RAB43,0,0,0,0,1,2
ISYNA1,43,2,371,37,339,400
ITCH,2300,1516,4208,3199,2728,3750
ITFG1,848,580,1866,3628,3158,3315
ITFG2,262,83,789,119,347,337
ITFG2-AS1,1.5,5,2.5,1,1,0
ITGA1,5,0,7,5,3,6
ITGA10,6,24,29,63,98,161
ITGA11,0,0,0,2,1,5
ITGA2,1277,443,1758,2763,1927,2530
ITGA2-AS1,0,0,2,1,0,0
ITGA2B,7,0,24,8,34,46
ITGA3,123,46,714,249,1254,1385
ITGA4,0,0,0,0,0,0
ITGA5,55,33,248,366,1721,1895
ITGA6,213,127,443,3258,2681,3133
ITGA6-AS1,0,0,0,0,0,1
ITGA7,13,8,53,38,140,153
ITGA8,0,0,0,0,0,0
ITGA9,0,0,0,2,1,1
ITGA9-AS1,69,57,164,153,216,267
ITGAD,0,0,0,0,1,0
ITGAE,50,11,174,83,194,200
ITGAL,44,37,158,39,91,128
ITGAM,0,0,0,11,22,33
ITGAV,1257,624,1997,6361,4229,6061
ITGAX,0,0,0,0,0,0
ITGB1,3599,2223,7038,22064,19031,21455
ITGB1-DT,0,0,1,6,6,1
ITGB1BP1,169,137,418,418,545,570
ITGB1BP2,2,0,8,3,17,4
ITGB2,0,0,5,0,2,5
ITGB2-AS1,2,0,4,6,7,8
ITGB3,0,0,0,3,3,4
ITGB3BP,548,427,864,612,518,505
ITGB4,73,28,802,166,1501,1523
ITGB5,440,290,2039,759,2423,2540
ITGB6,5,0,16,1468,1258,1864
ITGB7,2,0,14,10,38,37
ITGB8,41,10,28,247,167,251
ITGB8-AS1,2,0,3,2,6,4
ITGBL1,0,0,0,0,0,0
ITIH1,0,0,0,0,0,0
ITIH2,0,0,0,0,0,0
ITIH3,0,0,1,0,0,0
ITIH4,6,1,7,0,3,1
ITIH4-AS1,0,0,0,0,0,0
ITIH5,0,0,0,1,0,1
ITIH6,2,6,1,0,0,1
ITK,0,0,0,0,0,0
ITLN1,0,0,0,0,0,0
ITLN2,0,0,0,0,0,0
ITM2A,2,1,4,106,200,199
ITM2B,1569,886,2694,3362,3612,3176
ITM2BP1,0,0,0,0,0,0
ITM2C,13,4,92,129,739,785
ITPA,279,169,968,383,773,766
ITPK1,301,152,1993,108,817,867
ITPK1-AS1,0,0,0,0,0,0
ITPKA,1,0,0,1,22,13
ITPKB,317,165,1181,271,784,849
ITPKB-IT1,0,0,1,0,0,0
ITPKC,143,64,701,95,410,473
ITPR1,228,101,409,392,436,631
ITPR1-DT,30,0,19,12,13,12
ITPR2,713,396,1018,2663,1882,2562
ITPR3,244,139,1286,274,1455,1654
ITPRID1,7,0,14,66,78,53
ITPRID2,1024,438,1525,1646,1343,1593
ITPRIP,2,0,2,0,0,4
ITPRIPL1,0,0,0,0,0,0
ITPRIPL2,1393,720,2445,8025,7374,8325
ITSN1,402,162,700,1599,1581,1890
ITSN2,789,371,1264,1455,1004,1347
IVD,751,322,2476,1054,2732,2882
IVL,6,0,16,72,159,209
IVNS1ABP,1370,785,2220,9684,8519,9298
IWS1,480,262,1015,901,1083,1082
IYD,1,1,10,30,11,20
IZUMO1,0,0,3,7,12,31
IZUMO1R,0,0,0,0,0,2
IZUMO2,0,0,0,0,0,0
IZUMO3,0,0,0,0,0,0
IZUMO4,10,4,60,11,64,90
JADE1,437,220,891,316,402,394
JADE2,209,131,636,258,522,659
JADE3,447,259,741,706,693,658
JAG1,19,10,28,242,338,423
JAG2,11,3,164,42,162,203
JAGN1,132,145,297,146,271,207
JAK1,5234,2796,10002,5315,5681,5961
JAK2,269,104,414,152,131,144
JAK3,219,125,419,365,882,944
JAKMIP1,0,0,0,0,0,0
JAKMIP2,0,0,0,45,49,67
JAKMIP2-AS1,0,0,0,0,0,0
JAKMIP3,4,0,12,129,172,226
JAM2,26,1,30,180,234,240
JAM3,0,0,0,0,1,0
JAML,0,0,0,0,0,0
JARID2,588,277,1141,781,943,1075
JARID2-AS1,0,0,0,0,0,0
JAZF1,42,28,88,174,169,201
JCAD,0,0,0,13,13,30
JCADP1,0,0,0,0,0,0
JCHAIN,0,0,0,0,0,0
JDP2,225,128,1067,249,789,869
JHY,72,58,188,229,299,325
JKAMP,799,440,1458,2097,1786,1938
JKAMPP1,0,0,0,0,0,0
JMJD1C,2135,1049,2710,3491,2223,3114
JMJD1C-AS1,4,4,21,21,58,58
JMJD4,59,41,362,45,189,207
JMJD4P1,0,0,0,0,0,0
JMJD6,111,43,260,174,376,342
JMJD7,10,0,2,11,11,24
JMJD7-PLA2G4B,77,3,296,45,212,227
JMJD8,98,47,740,84,772,791
JMY,1703,628,2512,810,514,739
JOSD1,810,504,1988,2020,2752,2944
JOSD2,4,0,55,2,58,58
JPH1,619,323,1373,511,679,703
JPH2,6,4,46,1138,3438,3963
JPH3,0,0,0,1,0,0
JPH4,0,0,0,0,0,0
JPT1,315,163,1602,1225,2913,2860
JPT2,3285,1653,5637,5381,6555,7055
JPX,277,152,447,825,707,823
JRK,297,97,941,413,880,1097
JRKL,619,299,1249,907,824,1012
JSRP1,0,0,0,1,2,6
JTB,134,128,165,82,80,89
JTB-DT,24,13,139,19,33,38
JTBP1,0,0,0,0,0,0
JUN,362,298,1258,328,613,672
JUNB,7,22,86,3,86,91
JUND,253,364,454,368,597,508
JUP,624,282,4543,995,7551,7937
KAAG1,0,0,0,0,0,0
KALRN,18,10,38,41,58,64
KANK1,311,170,740,262,398,444
KANK2,143,62,528,475,1187,1288
KANK3,0,3,6,0,0,3
KANK4,0,0,0,1,1,5
KANSL1,993,503,1608,1336,1501,1767
KANSL1-AS1,11,0,8,2,6,8
KANSL1L,449,267,727,394,327,388
KANSL2,436,254,749,515,702,763
KANSL3,510,383,1143,630,898,1143
KANTR,411,190,449,334,296,316
KARS1,1140,672,2679,1507,2457,2577
KARS1P1,0,0,0,0,0,0
KARS1P2,0,0,0,0,0,0
KASH5,0,0,0,0,0,0
KAT14,313,118,569,221,295,350
KAT2A,303,163,1005,304,1259,1355
KAT2B,261,167,370,904,847,1008
KAT5,539,228,2029,376,1100,1142
KAT6A,2430,1332,3966,3205,2968,4120
KAT6B,1245,525,1774,1188,1076,1449
KAT7,1523,903,2695,1875,1996,2235
KAT7P1,1,1,2,1,1,5
KAT8,250,157,748,418,612,649
KATNA1,159,86,363,265,292,295
KATNAL1,196,103,237,684,557,708
KATNAL2,468,297,787,219,260,266
KATNB1,24,0,194,14,129,102
KATNBL1,266,88,457,621,495,606
KATNBL1P1,0,0,0,0,0,0
KATNBL1P5,0,0,0,0,0,0
KATNIP,274,146,1016,411,1109,1394
KAZALD1,490,338,1637,805,1644,1722
KAZN,40,25,78,239,428,461
KAZN-AS1,8,0,14,425,845,1022
KBTBD11,13,5,32,36,38,44
KBTBD11-AS1,0,0,0,1,2,1
KBTBD11-OT1,0,0,0,0,0,0
KBTBD12,0,0,0,0,0,0
KBTBD13,0,0,0,0,0,0
KBTBD2,772,455,1356,971,862,947
KBTBD3,98,99,186,195,180,219
KBTBD4,386,250,1071,458,1018,1028
KBTBD6,291,227,596,680,711,874
KBTBD6-DT,22,16,77,86,52,63
KBTBD7,238,141,455,633,606,746
KBTBD8,13,5,8,25,17,20
KC6,21,0,41,297,238,348
KCMF1,405,293,1006,754,976,914
KCNA1,0,0,0,0,0,0
KCNA10,0,0,0,0,0,0
KCNA2,0,0,0,0,0,1
KCNA3,0,0,0,0,0,0
KCNA4,0,0,0,0,0,0
KCNA5,0,0,0,0,0,0
KCNA6,0,0,0,0,0,0
KCNA7,1,0,4,0,1,6
KCNAB1,0,0,2,32,24,15
KCNAB1-AS1,0,0,0,0,0,0
KCNAB1-AS2,0,0,0,0,0,0
KCNAB2,14,1,64,100,347,433
KCNAB3,26,2,40,107,165,167
KCNB1,2,0,13,1055,1148,1517
KCNB2,0,0,0,0,0,0
KCNC1,7,0,10,186,521,578
KCNC2,2,0,0,0,0,0
KCNC3,799,251,1276,1729,4406,4749
KCNC4,68,7,93,65,120,163
KCND1,46,9,65,70,147,147
KCND2,1,0,1,5,3,1
KCND3,1,0,1,8,1,10
KCND3-AS1,0,0,0,0,0,0
KCND3-IT1,0,0,0,0,0,0
KCNE1,5,6,9,10,10,11
KCNE2,4,0,4,10,8,6
KCNE3,0,0,0,0,0,0
KCNE4,418,214,1015,238,372,456
KCNE5,0,0,0,0,0,0
KCNF1,9,3,183,9,87,97
KCNG1,4,0,16,14,29,44
KCNG2,0,0,0,0,0,0
KCNG3,1,1,8,7,5,7
KCNG4,0,0,0,0,0,0
KCNH1,438,215,748,187,267,243
KCNH2,0,9,20,8,50,74
KCNH3,0,3,12,1,6,12
KCNH4,0,0,0,1,10,7
KCNH5,43,27,89,49,40,66
KCNH6,0,0,4,0,2,3
KCNH7,0,0,5,7,6,13
KCNH7-AS1,0,0,0,0,0,0
KCNH8,0,0,2,7,3,8
KCNIP1,0,0,0,0,0,0
KCNIP1-AS1,0,0,0,0,0,0
KCNIP1-OT1,0,0,0,0,2,0
KCNIP2,61,9,99,95,152,163
KCNIP3,1,0,2,10,66,77
KCNIP4,0,0,0,0,0,0
KCNIP4-IT1,0,0,0,0,0,0
KCNJ1,0,0,0,0,0,0
KCNJ10,0,0,1,0,1,0
KCNJ11,24,11,222,25,128,156
KCNJ12,0,0,0,0,0,0
KCNJ13,0,0,0,7,6,7
KCNJ14,23,14,40,27,30,39
KCNJ15,0,0,0,2,0,0
KCNJ16,0,0,0,0,0,0
KCNJ18,0,0,0,0,0,0
KCNJ2,1,33,21,0,0,0
KCNJ2-AS1,0,0,0,0,0,0
KCNJ3,8,0,4,5,3,3
KCNJ4,0,0,0,0,0,3
KCNJ5,0,0,0,0,5,2
KCNJ5-AS1,0,0,0,28,35,44
KCNJ6,1,0,0,0,0,0
KCNJ8,1,0,6,5,7,1
KCNJ9,0,0,0,0,0,0
KCNK1,23,20,70,26,45,43
KCNK10,0,0,0,0,0,0
KCNK12,0,0,0,0,0,0
KCNK13,0,0,0,3,6,3
KCNK15,13,20,25,36,130,103
KCNK16,0,0,0,0,0,0
KCNK17,0,0,0,0,0,0
KCNK18,0,0,0,0,0,0
KCNK2,11944,7160,23217,1158,1261,1359
KCNK3,2,0,0,6,17,20
KCNK4,0,0,0,0,0,0
KCNK4-CATSPERZ,0,0,0,0,0,0
KCNK5,831,418,4815,4,12,15
KCNK6,1957,1014,5048,1636,3810,3736
KCNK7,0,0,0,0,1,1
KCNK9,0,0,0,28,26,28
KCNMA1,1423,752,2791,22538,23047,28133
KCNMA1-AS1,0,0,0,0,0,0
KCNMA1-AS2,0,0,0,0,0,0
KCNMB1,0,0,0,2,4,10
KCNMB2,0,0,0,0.5,0,0
KCNMB3,72,38,76,313,238,314
KCNMB4,16,26,51,56,82,66
KCNN1,2,3,17,3,13,17
KCNN2,3,8,8,0,0,1
KCNN3,0,0,2,1,4,3
KCNN4,0,0,0,0,2,4
KCNQ1,0,0,2,2,22,24
KCNQ1-AS1,0,0,0,0,0,0
KCNQ1DN,0,0,0,0,0,0
KCNQ1OT1,1,0,0,0,0,0
KCNQ2,0,0,0,0,0,1
KCNQ3,0,0,0,0,0,0
KCNQ4,11,5,24,4,11,17
KCNQ5,143,84,279,71,54,53
KCNQ5-AS1,0,0,0,0,0,0
KCNRG,4,0,3,3,2,3
KCNS1,0,0,0,0,0,0
KCNS2,0,0,0,0,0,0
KCNS3,71,67,264,474,773,780
KCNT1,0,0,1,0,0,0
KCNT2,3,0,8,5,9,9
KCNU1,0,0,0,0,0,0
KCNV1,0,0,1,7,13,18
KCNV2,0,0,0,0,0,0
KCP,1,2,9,28,46,74
KCTD1,427,246,872,202,462,493
KCTD10,458,307,1102,1161,1834,2122
KCTD10P1,0,0,0,0,0,0
KCTD11,232,152,657,90,302,291
KCTD12,6,0,8,64,86,69
KCTD13,100,34,271,177,283,330
KCTD14,0,0,1,3,1,2
KCTD15,222,136,755,353,833,891
KCTD16,2,0,0,7,1,4
KCTD17,5,4,47,19,128,157
KCTD18,372,329,917,646,665,792
KCTD19,0,0,0,0,0,0
KCTD2,218,136,611,495,1053,1159
KCTD20,2417,1145,4383,5372,5280,6203
KCTD21,172,86,474,124,279,357
KCTD21-AS1,64,34,97,64,44,63
KCTD3,7117,3756,12788,7423,6136,6345
KCTD4,0,0,0,0,1,0
KCTD5,142,97,626,163,475,495
KCTD6,1622,859,3214,20,39,24
KCTD7,605,355,923,317,373,480
KCTD8,0,0,0,0,0,0
KCTD9,533,305,871,1532,1299,1568
KDELR1,822,618,3576,1293,4755,4586
KDELR2,6912,4066,14521,5642,6325,6759
KDELR3,329,209,677,158,205,162
KDF1,42,35,237,25,76,86
KDM1A,855,570,1651,1545,1802,1813
KDM1B,895,543,1334,929,809,1052
KDM2A,2952,1552,5829,2899,4463,5258
KDM2B,309,168,1073,480,734,825
KDM3A,580,268,962,550,533,583
KDM3B,1435,620,2847,2147,2680,3194
KDM4A,390,261,825,535,1108,1150
KDM4B,432,203,2788,321,986,1146
KDM4C,320,198,634,245,254,276
KDM4D,26,4,40,35,50,61
KDM4E,0,0,0,0,0,0
KDM4F,0,0,0,0,0,0
KDM5A,1121,574,1725,1579,1299,1701
KDM5B,3043,1677,5099,4888,4712,5612
KDM5C,1239,513,4369,1161,3842,4344
KDM5D,0,0,0,0,0,0
KDM6A,804,434,1160,1616,1384,1689
KDM6B,164,60,708,144,523,687
KDM7A,2790,1265,4049,1593,1033,1437
KDM7A-DT,752,261,1494,306,434,405
KDM8,17,2,92,11,41,50
KDR,0,0,0,2,0,2
KDSR,463,282,751,480,518,597
KDSR-DT,2,0,0,0,1,0
KEAP1,209,148,1348,174,632,747
KEL,16,0,54,18,42,64
KERA,0,0,0,0,0,0
KGD4,302,276,651,325,421,406
KHDC1,0,0,0,0,2,2
KHDC1-AS1,0,0,1,6,10,13
KHDC1L,0,0,0,0,0,0
KHDC3L,0,0,0,0,0,0
KHDC4,1494,494,2159,3862,3342,4085
KHDRBS1,1420,859,4087,2632,3872,3920
KHDRBS2,0,0,0,0,0,0
KHDRBS3,6,10,13,4,12,10
KHK,2,10,46,12,37,41
KHNYN,419,190,1138,709,1068,1233
KHSRP,1155,579,2789,2410,4240,4146
KHSRPP1,0,0,0,0,0,0
KIAA0040,2672,1385,4758,838,1061,1193
KIAA0087,1,0,1,0,0,0
KIAA0232,1362,613,1851,2446,1816,2424
KIAA0319,0,4,9,153,206,186
KIAA0319L,1298,710,2073,3589,4855,5107
KIAA0408,5,0,4,12,10,5
KIAA0513,182,107,710,358,764,918
KIAA0586,734,396,1042,1007,730,934
KIAA0753,271,59,378,316,352,378
KIAA0825,61,32,134,73,58,51
KIAA0930,305,134,943,520,1208,1329
KIAA1143,1435,737,3205,3070,3069,3756
KIAA1143P2,0,0,0,0,0,0
KIAA1191,860,411,2266,860,1776,2044
KIAA1191P1,0,0,0,0,0,0
KIAA1191P2,69,12,100,0,2,0
KIAA1210,0,0,0,8,3,6
KIAA1217,663,346,1053,2247,2411,3085
KIAA1328,175,101,314,143,138,149
KIAA1328P1,0,0,0,0,0,0
KIAA1549,232,122,504,459,718,750
KIAA1549L,0,0,0,0,0,1
KIAA1586,221,113,311,483,393,437
KIAA1614,0,0,1,0,0,0
KIAA1614-AS1,16,9,14,12,23,16
KIAA1671,446,198,809,1527,1979,2667
KIAA1671-AS1,0,0,0,0,2,0
KIAA1755,0,0,0,0,0,0
KIAA1958,316,185,543,332,309,426
KIAA2012,0,7,0,0,0,0
KIAA2012-AS1,0,0,2,0,0,1
KIAA2013,94,39,438,62,241,259
KICS2,212,141,392,237,220,314
KIDINS220,1287,629,2267,1542,1304,1558
KIF11,1298,787,2535,5454,4736,4507
KIF12,19,17,106,54,243,282
KIF13A,670,354,1194,1133,1287,1524
KIF13B,510,181,1092,1077,1281,1607
KIF14,353,134,418,838,625,689
KIF15,272,137,368,397,401,398
KIF16B,613,344,1262,710,877,1134
KIF17,1,0,6,2,1,0
KIF18A,388,209,537,713,652,636
KIF18B,59,16,221,139,684,622
KIF19,0,0,0,0,0,0
KIF1A,0,0,0,0,0,0
KIF1B,616,356,1080,2119,1784,2329
KIF1C,1240,754,4330,1946,5675,6184
KIF1C-AS1,0,0,0,0,0,0
KIF20A,442,240,979,1071,1575,1569
KIF20B,895,454,1352,4632,3336,3772
KIF21A,757,250,1126,2353,1719,2251
KIF21B,3,4,14,1,9,20
KIF22,220,32,994,265,921,949
KIF23,461,233,852,1435,1561,1332
KIF23-AS1,26,6,84,117,121,136
KIF24,142,59,202,100,152,177
KIF25,0,0,0,1,1,2
KIF25-AS1,0,0,0,0,0,1
KIF26A,0,0,0,3,5,10
KIF26B,1,0,2,0,0,0
KIF26B-AS1,0,0,0,0,0,0
KIF27,211,65,270,251,189,209
KIF2A,1449,756,2230,2859,2264,2653
KIF2B,0,0,0,0,0,0
KIF2C,249,220,734,364,908,866
KIF3A,968,430,1687,2475,1728,2084
KIF3AP1,0,0,0,0,0,0
KIF3B,2216,1099,3996,3073,3814,4505
KIF3C,5,1,10,54,160,189
KIF4A,207,139,446,953,1349,1291
KIF4B,1,0,0,6,2,1
KIF5A,11,20,31,62,93,84
KIF5B,4191,2313,6755,7604,5647,7116
KIF5C,12,7,22,416,315,349
KIF6,11,8,21,63,76,80
KIF7,5,12,49,15,78,94
KIF9,69,68,232,30,64,45
KIFAP3,489,310,1164,594,750,806
KIFBP,851,508,1655,1774,2107,1968
KIFC1,119,94,728,323,1253,1268
KIFC2,158,49,1108,202,1255,1334
KIFC3,34,2,126,30,101,110
KILH,0,0,0,0,1,0
KIN,400,281,910,920,1027,1068
KIR2DL1,0,0,0,2,3,2
KIR2DL3,0,0,0,0,1,5
KIR2DL4,0,0,0,5,5,6
KIR2DP1,0,0,0,0,1,0
KIR2DS4,0,0,0,3,9,7
KIR3DL1,0,0,0,0,0,2
KIR3DL2,0,0,0,6,9,20
KIR3DL3,0,0,0,0,0,0
KIR3DP1,0,0,0,0,0,0
KIRREL1,73,17,109,1010,1521,1651
KIRREL2,0,0,0,0,0,0
KIRREL3,0,0,0,0,0,1
KIRREL3-AS2,0,0,0,0,0,0
KIRREL3-AS3,0,0,0,0,0,0
KISS1,0,0,2,0,3,0
KISS1R,0,0,0,0,1,1
KIT,0,0,0,0,0,5
KITLG,707,370,1230,1309,932,1164
KIZ,330,149,632,238,299,255
KIZ-AS1,0,0,0,0,0,0
KL,0,0,0,0,0,0
KLB,0,0,0,0,0,0
KLC1,73,13,125,104,196,201
KLC2,150,68,858,193,936,1079
KLC3,4,0,35,4,44,31
KLC4,166,54,686,285,963,1025
KLF1,0,5,1,0,1,0
KLF10,558,338,1056,401,570,539
KLF11,193,83,417,295,311,425
KLF12,36,20,39,68,59,89
KLF13,185,92,571,246,598,674
KLF14,0,0,0,3,2,0
KLF15,57,18,179,3,6,6
KLF16,64,12,396,81,385,426
KLF17,0,0,1,42,95,102
KLF17P2,0,0,0,0,0,0
KLF18,0,0,0,0,0,0
KLF2,15,9,57,6,2,5
KLF2P2,0,0,0,0,0,0
KLF3,334,217,583,994,940,1108
KLF4,189,73,532,16,20,40
KLF4P1,0,0,0,0,0,0
KLF5,40,14,97,133,148,139
KLF6,1276,596,2639,953,1148,1212
KLF7,225,78,330,88,103,113
KLF8,2786,1243,3817,3523,2770,3905
KLF9,697,523,1562,310,299,339
KLHDC1,56,7,90,36,22,32
KLHDC10,1331,758,2145,2833,2405,3252
KLHDC2,518,250,913,472,571,539
KLHDC3,441,204,1690,963,3155,2976
KLHDC4,168,90,828,200,865,929
KLHDC7A,85,107,289,299,774,761
KLHDC7B,9,1,58,0,0,1
KLHDC8A,0,0,0,0,0,0
KLHDC8B,41,14,175,20,89,93
KLHDC9,28,10,198,21,72,85
KLHL1,0,0,0,15,7,13
KLHL10,0,0,5,3,3,8
KLHL11,567,293,826,660,587,770
KLHL12,1806,1164,3910,1457,1503,1652
KLHL13,189,83,348,81,75,92
KLHL14,0,0,0,0,0,0
KLHL15,232,112,372,1050,701,929
KLHL17,4,1,49,7,57,64
KLHL18,133,61,337,101,253,321
KLHL2,64,35,112,314,283,299
KLHL20,442,291,751,537,573,640
KLHL21,30,18,154,97,291,354
KLHL22,122,36,269,208,378,396
KLHL23,112,64,247,270,252,285
KLHL24,2265,997,4464,2480,1733,2580
KLHL25,21,4,124,52,224,231
KLHL25P1,0,0,0,0,0,0
KLHL26,11,55,75,16,75,62
KLHL28,418,155,620,1013,693,1023
KLHL29,0,0,0,0,0,0
KLHL2P1,10,0,23,5,8,3
KLHL3,3,0,0,1,3,5
KLHL30,0,0,0,0,0,0
KLHL31,33,3,40,30,37,36
KLHL32,3,8,1,7,15,7
KLHL33,0,0,0,0,0,1
KLHL34,0,0,0,0,0,0
KLHL35,18,19,106,15,45,48
KLHL36,1050,522,1939,1177,1454,1876
KLHL38,25,5,43,14,25,12
KLHL4,0,0,0,0,0,0
KLHL40,0,0,0,0,0,0
KLHL41,0,0,5,2,3,4
KLHL42,706,263,1082,1979,1614,1947
KLHL5,320,175,481,1420,1150,1287
KLHL6,0,0,2,0,0,3
KLHL6-AS1,0,0,0,0,0,0
KLHL7,434,208,825,485,466,468
KLHL8,465,238,743,635,543,638
KLHL9,1065,543,1624,1847,1403,1666
KLK1,5,0,13,5,3,4
KLK10,63,47,175,3,16,13
KLK11,0,0,4,0,0,2
KLK12,1,0,2,0,0,0
KLK13,6,1,12,0,0,0
KLK14,1,1,5,2,1,4
KLK15,0,0,0,0,0,0
KLK2,0,0,0,0,0,0
KLK3,0,0,0,0,0,0
KLK4,0,0,11,0,0,2
KLK5,0,0,1,1,3,5
KLK6,0,0,0,0,0,0
KLK7,0,0,0,0,0,0
KLK8,1,0,5,0,0,0
KLK9,0,0,0,0,0,0
KLKB1,0,0,0,0,2,0
KLLN,19,15,56,64,87,104
KLRB1,0,0,0,0,0,0
KLRC1,0,0,0,0,0,0
KLRC2,0,0,0,0,0,0
KLRC3,0,0,0,0,0,0
KLRC4,0,0,0,0,0,0
KLRD1,0,0,1,2,1,3
KLRF1,0,0,0,0,0,0
KLRF2,0,0,0,0,0,0
KLRG1,0,0,0,2,1,2
KLRG2,52,25,288,227,664,725
KLRK1,0,0,0,0,1,0
KLRK1-AS1,64,41,112,89,141,165
KMO,58,32,84,45,41,45
KMT2A,1416,690,1458,1931,1486,2088
KMT2B,171,111,757,338,1105,1259
KMT2C,1073,433,1332,1671,1222,1842
KMT2CP3,0,0,0,0,0,0
KMT2D,657,238,1516,533,1544,2467
KMT2E,1272,610,1653,2193,1858,2166
KMT5A,388,304,965,896,1472,1598
KMT5AP2,3,1,0,0,0,1
KMT5AP3,0,0,0,0,0,0
KMT5B,1577,886,2776,1863,1753,1897
KMT5C,19,3,265,60,512,564
KNCN,1,0,2,0,0,0
KNDC1,49,10,108,39,56,83
KNG1,0,0,5,9,8,11
KNL1,538,283,604,1094,776,922
KNOP1,649,389,1576,728,1242,1254
KNOP1P2,0,0,0,0,0,0
KNSTRN,265,266,841,415,639,602
KNTC1,541,272,743,2325,1742,2108
KPLCE,0,0,0,0,0,0
KPNA1,1180,531,1856,2692,2281,2395
KPNA2,1748,1171,3844,3958,5589,5215
KPNA2P1,0,0,0,0,0,0
KPNA3,477,311,755,1546,1349,1432
KPNA4,1630,869,2523,3509,3035,3242
KPNA4P1,0,0,3,0,1,0
KPNA5,114,20,198,392,321,396
KPNA6,1496,802,2077,2279,2700,3139
KPNA7,0,0,0,0,1,2
KPNB1,5661,3563,8779,15873,16222,17278
KPNB1-DT,8,0,17,9,15,18
KPNB1P1,0,0,0,0,0,0
KPRP,0,0,0,0,0,0
KPTN,37,15,148,108,238,234
KRAS,853,386,1560,3573,2828,3371
KRBA1,5,0,43,19,98,107
KRBA2,287,105,385,290,300,305
KRBOX1,0,0,0,0,0,0
KRBOX1-AS1,0,0,0,0,0,0
KRBOX4,235,126,601,324,460,514
KRBOX5,589,254,1331,1530,1486,1720
KRCC1,398,270,804,629,552,481
KREMEN1,452,203,1522,516,1318,1661
KREMEN2,38,33,216,25,173,166
KRI1,142,69,772,411,1174,1251
KRIT1,101,36,286,177,293,323
KRR1,1664,866,3106,3746,3143,3660
KRT1,0,0,0,0,0,0
KRT10,148,132,255,93,122,122
KRT10-AS1,491,361,1114,500,570,543
KRT12,0,0,0,1,3,1
KRT13,18,12,123,80,625,469
KRT14,0,0,0,0,0,0
KRT15,264,121,835,291,840,796
KRT16,0,0,5,4,31,39
KRT16P4,0,0,0,0,0,0
KRT16P5,0,0,0,0,0,0
KRT17,0,0,0,5,3,7
KRT17P3,0,0,0,0,0,0
KRT17P6,0,0,0,0,0,0
KRT18,3542,1977,13680,5173,16931,15522
KRT18P1,0,0,0,0,0,0
KRT18P10,0,0,1,0,0,0
KRT18P11,1,1,1,0,0,1
KRT18P12,0,0,0,0,0,0
KRT18P13,0,0,0,0,0,0
KRT18P14,0,0,0,0,0,0
KRT18P15,0,0,0,0,0,0
KRT18P16,0,0,0,1,1,0
KRT18P17,2,1,1,3,0,1
KRT18P18,0,0,0,0,0,0
KRT18P2,0,0,0,0,0,0
KRT18P20,0,0,0,0,0,0
KRT18P21,0,0,9,0,1,2
KRT18P22,0,0,0,0,0,0
KRT18P23,0,0,0,0,0,0
KRT18P24,0,0,0,0,0,0
KRT18P25,0,0,0,0,0,0
KRT18P26,0,0,0,0,0,0
KRT18P27,0,0,0,0,0,0
KRT18P28,0,0,0,0,0,0
KRT18P29,0,0,1,0,0,0
KRT18P3,0,0,0,0,0,0
KRT18P31,0,0,3,1,0,0
KRT18P32,0,0,0,0,0,0
KRT18P34,0,0,0,0,0,0
KRT18P35,0,0,0,0,0,0
KRT18P36,0,0,0,0,0,0
KRT18P37,0,0,1,0,1,3
KRT18P38,0,0,0,0,0,0
KRT18P39,0,0,0,0,0,0
KRT18P4,4,0,4,1,11,7
KRT18P41,0,0,0,0,0,0
KRT18P42,0,0,0,0,0,0
KRT18P43,0,0,0,0,0,0
KRT18P44,0,0,0,0,0,0
KRT18P45,0,0,0,0,0,0
KRT18P46,0,0,0,0,0,0
KRT18P48,0,0,0,0,0,0
KRT18P49,0,0,0,0,0,0
KRT18P5,2,0,1,2,1,7
KRT18P50,0,0,0,0,0,0
KRT18P51,0,0,0,0,0,0
KRT18P52,0,0,1,1,0,0
KRT18P53,0,0,0,0,0,0
KRT18P54,0,0,0,0,0,0
KRT18P56,0,0,0,0,0,0
KRT18P57,0,0,0,0,0,0
KRT18P58,0,0,0,0,0,0
KRT18P59,0,0,8,1,0,3
KRT18P6,0,0,0,0,1,1
KRT18P60,0,0,0,0,0,0
KRT18P61,0,0,0,0,0,0
KRT18P62,0,0,0,0,0,0
KRT18P63,0,0,0,0,0,0
KRT18P64,0,0,0,0,0,0
KRT18P65,0,0,0,0,0,1
KRT18P66,0,0,0,0,0,0
KRT18P67,0,0,0,0,0,0
KRT18P68,0,0,0,0,0,0
KRT18P7,0,0,0,0,0,0
KRT18P9,0,0,0,0,0,0
KRT19,1989,1402,21117,2202,16420,16888
KRT19P1,0,0,0,0,0,1
KRT19P3,0,0,0,0,0,0
KRT19P6,0,0,0,0,0,0
KRT2,0,0,0,0,3,2
KRT20,0,0,0,11,14,15
KRT222,0,0,2,5,1,3
KRT223P,2,0,8,3,18,14
KRT224P,0,0,0,0,0,0
KRT23,1137,674,3049,557,1005,952
KRT24,2,0,0,0,0,0
KRT25,0,0,0,0,0,0
KRT26,0,0,0,0,0,0
KRT27,0,0,0,0,0,0
KRT28,0,0,0,0,0,0
KRT3,0,0,0,0,2,2
KRT31,0,0,0,0,0,0
KRT32,0,0,0,0,0,0
KRT33A,0,2,3,0,2,2
KRT33B,0,0,0,0,0,0
KRT34,0,0,0,0,0,0
KRT35,0,0,0,1,0,0
KRT36,0,0,0,0,0,0
KRT37,0,0,1,0,0,4
KRT38,0,0,0,0,0,0
KRT39,0,0,0,0,0,0
KRT4,3,0,18,0,4,0
KRT40,4,0,1,1,4,5
KRT41P,3,0,6,0,0,0
KRT5,0,0,0,5,4,5
KRT6A,0,0,1,0,0,0
KRT6B,0,0,0,0,0,1
KRT6C,0,0,0,0,0,0
KRT7,229,149,1324,116,387,381
KRT7-AS,20,0,20,4,22,19
KRT71,0,0,0,0,0,0
KRT72,0,0,0,0,0,0
KRT73,0,0,0,0,0,0
KRT73-AS1,0,0,0,0,0,0
KRT74,0,0,0,0,0,1
KRT75,0,0,2,2,6,16
KRT76,0,0,0,0,0,0
KRT77,0,0,0,0,0,0
KRT78,0,0,2,0,0,0
KRT79,0,0,0,0,0,0
KRT8,2829,1437,19393,5400,32089,32439
KRT80,173,103,689,458,1472,1528
KRT81,0,0,1,4,19,11
KRT82,0,0,0,0,0,0
KRT83,0,0,4,0,4,2
KRT84,0,0,0,0,1,0
KRT85,0,0,0,0,0,0
KRT86,6,0,60,8,42,29
KRT87P,0,0,0,2,0,1
KRT8P10,0,0,0,0,1,0
KRT8P11,0,0,0,0,0,0
KRT8P12,144,42,365,148,232,243
KRT8P14,0,0,0,0,0,0
KRT8P15,0,0,0,0,0,0
KRT8P17,0,0,0,0,0,0
KRT8P18,0,0,0,0,0,0
KRT8P19,0,0,0,0,0,0
KRT8P20,0,0,0,0,0,0
KRT8P21,0,0,0,0,0,0
KRT8P22,0,0,0,0,0,0
KRT8P25,0,0,0,0,0,0
KRT8P28,0,0,0,0,0,0
KRT8P3,2,4,23,26,85,85
KRT8P31,0,0,0,0,0,2
KRT8P32,0,0,0,0,0,0
KRT8P33,5,2,9,5,18,16
KRT8P35,0,0,0,0,0,0
KRT8P36,0,0,0,0,0,0
KRT8P37,0,0,0,0,0,0
KRT8P38,0,0,0,0,0,0
KRT8P39,2,5,14,1,4,2
KRT8P41,0,0,0,0,0,0
KRT8P43,0,0,0,0,0,0
KRT8P44,0,0,0,0,0,0
KRT8P45,0,0,0,5,2,2
KRT8P46,1,0,5,1,6,10
KRT8P47,0,0,0,0,0,0
KRT8P49,0,0,0,0,0,0
KRT8P5,0,0,0,0,0,0
KRT8P50,0,0,0,0,0,0
KRT8P52,2,0,2,1,2,2
KRT8P6,0,0,0,0,0,0
KRT8P7,0,0,0,0,0,0
KRT8P8,0,0,0,0,0,0
KRT8P9,0,0,0,0,0,0
KRT9,0,0,0,0,0,0
KRTAP1-1,0,0,0,0,0,0
KRTAP1-3,0,0,0,0,0,0
KRTAP1-4,0,0,0,0,0,0
KRTAP1-5,0,0,0,0,0,0
KRTAP10-1,0,0,0,0,0,0
KRTAP10-10,0,0,0,0,1,0
KRTAP10-11,0,0,0,0,0,0
KRTAP10-12,0,0,0,0,0,0
KRTAP10-2,0,0,0,0,0,0
KRTAP10-3,0,0,0,0,0,0
KRTAP10-4,0,0,0,0,0,0
KRTAP10-5,0,0,0,0,0,0
KRTAP10-6,0,0,0,0,0,0
KRTAP10-7,0,0,0,0,0,0
KRTAP10-8,0,0,0,0,0,0
KRTAP10-9,0,0,0,0,0,0
KRTAP11-1,0,0,0,0,0,0
KRTAP12-1,0,0,0,0,0,0
KRTAP12-2,0,0,0,0,0,0
KRTAP12-3,0,0,0,0,0,0
KRTAP12-4,0,0,0,0,0,0
KRTAP12-5P,0,0,0,0,0,0
KRTAP13-1,0,0,0,0,0,0
KRTAP13-2,0,0,0,0,0,0
KRTAP13-3,0,0,0,0,0,0
KRTAP13-4,0,0,0,0,0,0
KRTAP13-5P,0,0,0,0,0,0
KRTAP15-1,0,0,0,0,0,0
KRTAP16-1,0,0,0,0,0,0
KRTAP17-1,0,0,0,0,0,0
KRTAP19-1,0,0,0,0,0,0
KRTAP19-2,0,0,0,0,0,0
KRTAP19-3,0,0,0,0,0,0
KRTAP19-4,0,0,0,0,0,0
KRTAP19-5,0,0,0,0,0,0
KRTAP19-6,0,0,0,0,0,0
KRTAP19-7,0,0,0,0,0,0
KRTAP19-8,0,0,0,0,0,0
KRTAP19-9P,0,0,0,0,0,0
KRTAP2-1,0,0,0,0,0,0
KRTAP2-2,0,0,0,0,0,0
KRTAP2-3,0,0,0,0,0,0
KRTAP2-4,0,0,0,0,0,0
KRTAP2-5P,0,0,0,0,0,0
KRTAP20-1,0,0,0,0,0,0
KRTAP20-2,0,0,0,0,0,0
KRTAP20-3,0,0,0,0,0,0
KRTAP20-4,0,0,0,0,0,0
KRTAP21-1,0,0,0,0,0,0
KRTAP21-2,0,0,0,0,0,0
KRTAP21-3,0,0,0,0,0,0
KRTAP21-4P,0,0,0,0,0,0
KRTAP22-1,0,0,0,0,0,0
KRTAP22-2,0,0,0,0,0,0
KRTAP23-1,0,0,0,0,0,0
KRTAP24-1,0,0,0,0,0,0
KRTAP25-1,0,0,0,0,0,0
KRTAP26-1,0,0,0,0,0,0
KRTAP27-1,0,0,0,0,0,0
KRTAP29-1,0,0,2,0,0,0
KRTAP3-1,0,0,2,6,46,44
KRTAP3-2,0,0,0,0,0,0
KRTAP3-3,0,0,0,0,0,0
KRTAP3-4P,0,0,0,0,0,0
KRTAP4-1,0,0,0,0,0,0
KRTAP4-11,0,0,0,0,0,0
KRTAP4-12,0,0,0,0,0,0
KRTAP4-16,0,0,0,0,0,0
KRTAP4-2,0,0,0,0,0,0
KRTAP4-3,0,0,0,0,0,0
KRTAP4-4,0,0,0,0,0,0
KRTAP4-5,0,0,0,0,0,0
KRTAP4-6,0,0,0,0,0,0
KRTAP4-7,0,0,0,0,0,0
KRTAP4-8,0,0,0,0,0,0
KRTAP4-9,0,0,0,0,0,0
KRTAP5-1,0,0,0,0,0,0
KRTAP5-10,0,0,0,0,0,0
KRTAP5-11,0,0,0,0,0,0
KRTAP5-2,0,0,0,0,0,0
KRTAP5-3,0,0,0,0,0,0
KRTAP5-4,0,0,0,0,0,0
KRTAP5-5,0,0,0,0,0,0
KRTAP5-6,0,0,0,0,1,0
KRTAP5-7,1,0,0,0,0,0
KRTAP5-8,0,0,0,0,0,0
KRTAP5-9,0,0,0,1,0,1
KRTAP5-AS1,43,36,185,75,193,240
KRTAP6-1,0,0,0,0,0,0
KRTAP6-2,0,0,0,0,0,0
KRTAP6-3,0,0,0,0,0,0
KRTAP7-1,0,0,0,1,0,0
KRTAP8-1,0,0,0,0,0,0
KRTAP9-1,0,0,0,0,0,0
KRTAP9-10P,0,0,0,0,0,0
KRTAP9-2,0,0,0,0,0,0
KRTAP9-3,0,0,0,0,0,0
KRTAP9-4,0,0,0,0,0,0
KRTAP9-6,0,0,0,0,0,0
KRTAP9-7,0,0,0,0,0,0
KRTAP9-8,0,0,0,0,0,0
KRTAP9-9,0,0,0,0,0,0
KRTCAP2,122,22,260,291,368,399
KRTCAP3,7,0,24,12,14,10
KRTDAP,0,0,1,0,0,0
KSR1,13,0,28,17,41,63
KSR2,100,57,125,82,100,119
KTI12,4,0,12,9,9,14
KTN1,5367,2803,8771,15421,12368,13366
KTN1-AS1,113,86,181,174,184,216
KU-MEL-3,0,0,0,0,0,0
KXD1,291,105,957,306,1113,1187
KY,0,0,0,0,2,1
KYAT1,1,0,5,3,3.5,5
KYAT3,412,281,936,1426,1180,1231
KYNU,1324,838,3209,1383,1492,1812
L1CAM,16,6,138,849,4210,5061
L1CAM-AS1,0,0,0,0,1,0
L1TD1,0,0,0,0,0,0
L2HGDH,426,264,800,710,744,787
L3HYPDH,139,66,273,207,160,152
L3MBTL1,120,54,182,132,144,185
L3MBTL2,279,215,960,706,1421,1622
L3MBTL3,660,265,1022,5037,4416,5148
L3MBTL4,0,0,0,0,0,0
L3MBTL4-AS1,0,0,0,0,0,0
LACC1,13,8,23,74,61,77
LACRT,0,0,1,0,11,7
LACTB,149,120,376,329,270,313
LACTB2,611,320,1773,512,589,556
LACTB2-AS1,0,0,1,1,1,0
LACTBL1,0,0,0,0,0,0
LAD1,9,10,148,8,107,103
LAG3,0,0,5,8,41,14
LAGE3,15,17,123,9,50,66
LAIR1,0,0,0,0,0,0
LAIR2,0,0,0,0,0,0
LALBA,0,0,0,0,0,0
LAMA1,0,0,0,0,0,0
LAMA2,0,0,0,18,27,24
LAMA3,504,177,873,485,567,724
LAMA4,1,0,2,9,8,14
LAMA5,463,140,4401,605,4174,5632
LAMA5-AS1,0,0,6,0,1,2
LAMB1,806,360,1813,2139,3581,3960
LAMB2,1218,438,6749,474,2542,3023
LAMB3,1,0,10,90,270,287
LAMB4,0,0,0,0,0,0
LAMC1,498,183,787,2353,2727,3274
LAMC1-AS1,0,0,0,0,0,0
LAMC2,9,0,29,92,184,189
LAMC3,0,0,0,0,0,0
LAMP1,1867,1300,5540,2195,4685,4894
LAMP2,3095,1773,4977,8594,7608,8985
LAMP3,1086,547,1766,313,360,284
LAMP5,0,0,0,0,0,0
LAMP5-AS1,0,0,0,0,0,0
LAMTOR1,382,409,1455,446,1025,1053
LAMTOR2,92,44,1790,74,1208,1308
LAMTOR3,542,281,891,836,872,920
LAMTOR4,49,27,667,157,642,660
LAMTOR5,300,194,727,333,552,540
LAMTOR5-AS1,51,16,92,40,55,49
LANCL1,1559,822,2970,3992,3610,4473
LANCL2,225,175,497,250,404,425
LANCL3,1,0,0,0,0,0
LAP3,664,414,2174,954,1987,1901
LAP3P1,0,0,0,1,0,0
LAP3P2,0,0,0,0,0,0
LAPTM4A,1556,1108,3589,2171,3458,3419
LAPTM4A-DT,0,0,1,0,2,0
LAPTM4B,838,576,1800,2026,2599,2522
LAPTM5,1,0,1,1,2,2
LARGE-AS1,0,0,0,0,0,0
LARGE1,267,178,692,396,483,544
LARGE2,92,47,674,81,721,665
LARP1,5970,2587,12291,6441,10410,11914
LARP1B,546,261,1034,612,550,605
LARP1BP1,0,0,0,0,0,0
LARP1BP2,0,0,0,0,0,0
LARP4,1190,620,2097,3666,2838,3633
LARP4B,1522,829,3509,3023,4475,5117
LARP4B-DT,0,0,3,2,3,5
LARP6,19,8,40,72,126,147
LARP7,907,441,1511,1471,1286,1228
LARP7P1,0,0,0,0,0,0
LARP7P2,0,0,0,0,0,0
LARP7P4,0,0,0,0,0,0
LARS1,7501,3571,12968,13023,11704,13955
LARS2,359,187,1028,776,1466,1561
LAS1L,257,159,662,687,1456,1417
LASP1,3193,1656,8502,5692,14071,14616
LASP1NB,58,15,59,71,66,85
LAT,10,0,22,9,12,14
LAT2,0,0,0,10,19,20
LATS1,1176,667,1611,1813,1181,1694
LATS2,265,155,614,389,588,605
LAX1,0,0,0,0,0,0
LAYN,0,0,0,1,1,3
LBH,0,0,0,1,0,1
LBHD1,50,51,101,271,408,485
LBHD2,0,0,0,0,0,0
LBP,0,0,2,1,0,1
LBR,820,532,1435,1968,1848,2135
LBX1,0,0,0,0,0,0
LBX2,0,0,0,0,0,0
LBX2-AS1,0,0,1,0,1,1
LCA5,11,0,20,130,103,128
LCA5L,285,128,376,190,154,175
LCAL1,8,4,8,5,13,6
LCAT,21,0,56,40,135,143
LCDR,47,14,156,66,55,50
LCE1A,0,0,0,0,0,0
LCE1B,0,0,0,0,0,0
LCE1C,0,0,0,0,0,0
LCE1D,0,0,0,0,0,0
LCE1E,0,0,0,0,0,0
LCE1F,0,0,0,0,0,0
LCE2A,0,0,0,0,0,0
LCE2B,0,0,0,0,0,0
LCE2C,0,0,0,0,0,0
LCE2D,0,0,0,0,0,0
LCE3A,0,0,0,0,0,0
LCE3B,0,0,0,0,0,0
LCE3C,0,0,0,0,0,0
LCE3D,1,0,0,0,0,0
LCE3E,0,0,0,0,0,0
LCE4A,0,0,0,0,0,0
LCE5A,0,0,0,0,0,0
LCE6A,0,0,0,0,0,0
LCE7A,0,0,0,0,0,0
LCEP1,0,0,0,0,0,0
LCEP2,0,0,0,0,0,0
LCEP3,0,0,0,0,0,0
LCEP4,0,0,0,0,0,0
LCIIAR,1,0,0,3,4,2
LCK,6,0,24,0,1,3
LCLAT1,538,285,722,729,575,629
LCMT1,305,247,883,458,670,623
LCMT1-AS2,0,0,0,0,0,0
LCMT2,131,59,271,125,188,166
LCN1,0,0,0,0,0,0
LCN10,0,0,0,0,0,0
LCN12,115,22,372,53,410,433
LCN15,0,0,0,0,0,0
LCN1P1,0,0,0,0,0,0
LCN2,6,2,35,3,5,4
LCN6,0,0,0,0,0,0
LCN8,0,0,0,0,0,0
LCN9,0,0,0,0,0,0
LCNL1,1,0,5,4,8,10
LCOR,1533,845,2166,3842,2788,3655
LCORL,351,191,556,440,327,408
LCP1,131,75,222,117,174,151
LCP2,0,0,0,0,0,0
LCT,0,0,0,2,0,2
LCT-AS1,0,0,0,0,0,0
LCTL,0,0,0,0,1,1
LDAF1,344,230,1164,754,1434,1539
LDAH,273,140,521,498,458,504
LDB1,1706,791,6546,1290,4984,5767
LDB2,0,0,0,0,0,0
LDB3,2,0,0,16,18,24
LDHA,4353,2565,9961,11270,14778,14710
LDHAL6A,0,0,0,0,0,0
LDHAL6B,0,0,0,0,0,0
LDHB,7,1,1,0,0,0
LDHBP1,1,0,0,0,0,0
LDHBP3,0,0,0,0,0,0
LDHC,0,0,0,0,0,0
LDHD,57,29,384,31,248,284
LDLR,120,35,376,779,2375,2855
LDLRAD1,22,16,37,16,13,13
LDLRAD2,0,0,0,0,4,5
LDLRAD3,783,402,1147,1137,1350,1437
LDLRAD4,179,80,303,641,575,807
LDLRAD4-AS1,0,0,0,0,0,0
LDLRAP1,170,113,568,142,358,386
LDOC1,102,73,289,187,536,489
LEAP2,4,0,4,6,8,6
LECT2,0,0,0,0,0,0
LEF1,36,21,58,61,102,95
LEF1-AS1,0,0,0,1,0,0
LEFTY1,1,0,2,0,0,0
LEFTY2,0,0,0,0,0,0
LEFTY3P,0,0,0,0,0,0
LEKR1,29,13,54,15,11,32
LELP1,0,0,0,0,0,0
LEMD1,0,0,0,0,0,0
LEMD1-AS1,0,0,0,1,0,0
LEMD1-DT,0,0,0,0,0,0
LEMD2,573,328,1881,917,2426,2527
LEMD3,591,310,1128,1356,1238,1549
LENEP,0,0,0,0,0,0
LENG1,22,2,140,8,80,91
LENG8,703,180,3142,708,2918,3288
LENG8-AS1,197,56,402,286,416,476
LENG9,12,12,86,10,38,37
LEO1,944,534,2415,1546,1641,1786
LEP,0,0,0,0,0,0
LEPR,290,68,495,226,183,205
LEPROT,1206,671,2193,2164,2067,2394
LEPROTL1,512,243,890,1568,1464,1526
LETM1,221,95,996,377,1182,1287
LETM1P1,0,0,0,1,0,1
LETM2,85,85,191,367,497,560
LETMD1,1337,579,2967,2025,2184,2505
LETR1,0,0,0,0,0,0
LEUTX,0,0,0,0,0,0
LFNG,31,7,146,24,80,101
LGALS1,208,87,1601,365,3852,3878
LGALS12,0,0,2,0,0,0
LGALS13,0,0,0,0,0,0
LGALS14,0,0,0,0,0,0
LGALS16,0,0,0,0,0,0
LGALS2,0,0,0,0,0,0
LGALS3,394,193,1125,558,885,811
LGALS3BP,23,12,138,20,91,82
LGALS4,3,3,20,1,4,8
LGALS7,0,0,0,0,0,0
LGALS8,3549,1643,5775,2363,2231,2657
LGALS8-AS1,5,0,39,1,3,7
LGALS9,0,0,2,1,0,4
LGALS9B,0,0,0,0,0,0
LGALS9C,0,0,0,0,0,0
LGALSL,217,155,479,510,461,531
LGI1,33,27,29,0,1,2
LGI2,0,0,1,12,9,20
LGI3,0,0,0,1,1,2
LGI4,0,0,3,7,9,10
LGMN,326,168,626,366,622,588
LGR4,224,119,445,3300,2897,3485
LGR4-AS1,0,0,1,11,6,7
LGR5,0,0,0,4,0,1
LGR6,0,0,0,2,11,12
LGSN,0,0,0,1,1,0
LHB,0,0,2,0,0,1
LHCGR,0,0,0,0,0,0
LHFPL1,0,0,0,2,0,1
LHFPL2,442,243,709,581,493,557
LHFPL3,0,0,0,0,0,0
LHFPL3-AS1,0,0,0,0,0,0
LHFPL3-AS2,0,0,0,0,2,0
LHFPL4,0,0,0,0,0,0
LHFPL5,18,0,42,32,44,34
LHFPL6,58,37,108,687,873,729
LHFPL7,0,0,0,0,0,0
LHPP,70,19,284,53,216,213
LHX1,0,6,4,0,3,2
LHX1-DT,3,0,14,0,3,4
LHX2,5,4,36,15,24,13
LHX2-AS1,0,0,0,0,0,0
LHX3,0,0,0,0,0,0
LHX4,43,11,82,18,37,27
LHX5,0,0,0,0,0,0
LHX6,88,50,153,22,31,39
LHX8,0,0,2,1,1,1
LHX9,1,0,6,1,0,0
LIAS,213,118,359,237,298,255
LIAT1,24,3,91,8,42,28
LIF,0,0,7,8,17,19
LIF-AS1,0,0,0,0,0,0
LIF-AS2,0,0,0,0,0,0
LIFR,31,31,45,484,363,438
LIFR-AS1,3,0,10,10,7,6
LIG1,147,39,499,241,932,932
LIG3,1373,729,2705,1471,2103,2573
LIG4,213,103,382,1002,742,962
LILRA1,0,0,0,0,0,0
LILRA2,0,0,0,0,0,1
LILRA4,0,0,0,0,0,0
LILRA5,0,0,0,0,0,0
LILRA6,0,0,0,0,0,0
LILRB1,0,0,2,0,0,0
LILRB2,0,0,0,0,0,0
LILRB3,0,0,0,0,0,0
LILRB4,0,0,0,0,1,0
LILRB5,0,0,0,0,0,0
LILRP2,0,0,0,9,33,34
LIM2,0,0,0,0,0,0
LIMA1,734,531,1462,4221,4014,4672
LIMCH1,593,280,841,465,413,554
LIMD1,520,348,872,762,1042,1026
LIMD2,0,0,4,2,2,2
LIME1,9,8,35,5,32,30
LIMK1,52,2,228,88,396,399
LIMK2,557,293,1917,1833,4176,4835
LIMK2P1,0,0,0,0,0,0
LIMS1,336,179,541,905,817,914
LIMS1-AS1,0,0,0,0,0,0
LIMS2,0,0,1,7,27,14
LIMS3,0,0,0,0,0,0
LIMS3-LOC440895,0,0,0,0,0,0
LIMS4,0,0,0,0,0,0
LIN28A,519,265,844,2027,2277,2349
LIN28B,0,0,1,6,6,3
LIN28B-AS1,0,0,0,0,0,0
LIN37,18,0,118,22,156,154
LIN52,457,307,741,492,502,596
LIN54,447,230,940,688,698,759
LIN7A,44,23,35,75,69,98
LIN7B,2,4,20,12,49,55
LIN7C,1359,873,2239,2475,1999,2336
LIN9,302,140,566,441,384,410
LINC-PINT,15,2,21,20,28,23
LINC-ROR,0,0,0,0,0,0
LINC00028,0,0,0,0,0,0
LINC00051,0,0,0,0,0,1
LINC00052,2,0,1,0,0,1
LINC00092,0,0,0,0,0,0
LINC00102,0,0,0,0,0,0
LINC00106,115,18,229,61,180,234
LINC00112,0,0,0,0,0,0
LINC00113,4,5,5,63,51,57
LINC00114,0,0,0,0,0,0
LINC00158,0,0,0,0,0,2
LINC00160,19,6,27,6,4,5
LINC00161,0,0,0,6,4,6
LINC00163,0,0,0,0,0,0
LINC00165,0,0,0,0,0,0
LINC00173,851,312,958,699,837,990
LINC00174,180,17,299,61,76,120
LINC00184,0,0,0,2,1,0
LINC00189,0,0,0,0,0,0
LINC00200,0,0,0,0,0,0
LINC00205,255,77,637,756,1155,1544
LINC00207,0,0,0,0,0,0
LINC00208,0,0,0,0,0,0
LINC00210,0,0,0,0,0,0
LINC00216,0,0,0,0,0,0
LINC00221,416,264,782,488,589,572
LINC00222,0,0,0,0,0,3
LINC00237,0,0,0,0,0,0
LINC00239,0,0,0,0,1,0
LINC00240,12,1,0,36,28,20
LINC00242,0,0,0,0,1,0
LINC00243,13,7,12,4,2,2
LINC00244,0,0,0,0,0,0
LINC00251,0,0,0,0,0,0
LINC00254,0,0,0,0,0,0
LINC00261,0,0,0,1,0,0
LINC00266-2P,0,0,0,0,0,0
LINC00269,0,0,0,0,0,0
LINC00272,0,0,1,0,0,0
LINC00273,0,0,0,0,0,0
LINC00276,0,0,0,1,5,1
LINC00278,0,0,0,0,0,0
LINC00280,0,0,0,0,0,0
LINC00290,0,0,0,0,0,0
LINC00293,0,0,0,0,0,0
LINC00294,175,102,282,329,353,351
LINC00297,0,0,0,0,0,0
LINC00298,0,0,0,0,0,0
LINC00299,1,0,2,3,0,1
LINC00303,0,0,0,0,0,0
LINC00304,2,0,5,0,4,4
LINC00305,0,0,0,1,0,0
LINC00307,0,0,0,0,0,0
LINC00308,0,0,0,0,0,0
LINC00309,0,0,0,0,0,0
LINC00310,6,5,4,8,5,6
LINC00311,0,0,0,0,0,0
LINC00313,0,0,0,0,1,1
LINC00314,0,0,0,1,0,1
LINC00316,0,0,0,0,0,0
LINC00317,0,0,0,0,0,0
LINC00319,0,0,0,0,0,0
LINC00320,0,0,0,0,0,0
LINC00323,2,0,0,11,21,22
LINC00324,16,12,19,21,24,12
LINC00326,0,0,0,1,0,0
LINC00327,0,0,0,0,0,0
LINC00328-2P,0,0,0,0,0,0
LINC00330,0,0,0,0,0,0
LINC00334,0,0,0,0,0,0
LINC00336,0,0,0,1,0,0
LINC00339,98,37,181,176,150,166
LINC00343,0,0,0,0,0,0
LINC00347,0,0,0,0,0,0
LINC00348,0,0,0,0,0,0
LINC00349,0,0,1,0,0,0
LINC00351,0,0,0,0,0,0
LINC00354,0,0,0,0,0,0
LINC00355,38,24,93,76,93,111
LINC00358,0,0,0,0,0,0
LINC00364,0,0,0,0,0,0
LINC00365,40,6,116,14,20,14
LINC00370,0,0,0,0,0,0
LINC00373,0,0,0,1,0,0
LINC00374,0,0,0,0,0,0
LINC00375,0,0,0,0,0,0
LINC00376,0,0,0,0,0,0
LINC00381,0,0,0,1,0,0
LINC00382,0,0,0,0,0,0
LINC00383,0,0,0,0,0,0
LINC00385,0,0,0,0,0,0
LINC00391,0,0,0,0,0,0
LINC00395,0,0,0,0,0,0
LINC00396,0,0,0,0,0,0
LINC00397,1,0,4,4,5,6
LINC00399,0,0,0,0,0,0
LINC00402,0,0,0,0,0,1
LINC00408,0,0,0,0,0,0
LINC00410,0,0,0,0,0,0
LINC00421,0,0,0,0,0,0
LINC00424,0,0,0,0,0,0
LINC00426,0,0,0,2,3,4
LINC00427,0,0,0,0,0,0
LINC00442,0,0,0,0,1,3
LINC00445,0,0,0,0,0,0
LINC00449,90,43,158,292,234,329
LINC00452,2,0,1,4,5,3
LINC00454,0,0,0,0,0,0
LINC00456,2,8,10,1,2,1
LINC00457,0,0,0,0,0,0
LINC00458,5,0,6,0,0,2
LINC00459,0,0,0,0,0,0
LINC00460,0,0,0,0,0,0
LINC00462,0,0,0,0,0,0
LINC00463,0,0,0,0,0,0
LINC00466,0,5,1,0,2,2
LINC00467,385,254,826,404,565,579
LINC00471,20,9,71,21,15,32
LINC00472,263,74,340,1087,691,910
LINC00474,0,0,0,0,0,0
LINC00477,0,0,0,0,0,0
LINC00479,3,0,2,3,6,4
LINC00484,0,0,0,0,1,0
LINC00485,0,0,0,0,1,0
LINC00486,0,0,0,0,0,0
LINC00487,0,0,0,0,0,0
LINC00488,0,0,0,0,0,0
LINC00489,0,0,0,0,0,0
LINC00491,1,0,0,1,0,0
LINC00492,0,0,0,0,0,0
LINC00494,0,8,3,1,0,0
LINC00499,0,0,0,0,0,0
LINC00501,0,3,1,0,1,0
LINC00504,30,10,58,334,298,330
LINC00506,0,0,0,0,0,0
LINC00507,0,0,0,0,0,0
LINC00511,16,26,23,23,43,46
LINC00515,3,0,3,1,3,3
LINC00517,0,0,0,0,0,0
LINC00519,0,0,0,0,1,0
LINC00520,0,0,0,0,0,0
LINC00523,0,0,0,0,0,0
LINC00524,0,0,0,0,0,0
LINC00525,0,0,0,0,0,0
LINC00528,0,0,0,0,0,0
LINC00533,0,0,0,0,0,0
LINC00536,6,2,9,32,26,25
LINC00538,0,0,0,0,0,0
LINC00539,1,0,0,0,0,0
LINC00540,7,10,67,57,109,130
LINC00543,0,0,0,0,0,0
LINC00545,0,0,0,0,0,0
LINC00547,0,0,0,0,0,0
LINC00548,2,0,3,5,2,1
LINC00550,0,0,0,0,0,0
LINC00552,0,0,0,0,0,0
LINC00554,0,0,0,0,0,0
LINC00557,0,0,0,0,0,0
LINC00558,0,0,0,0,0,0
LINC00559,0,0,0,0,0,0
LINC00560,0,0,0,0,0,0
LINC00561,0,0,0,0,0,0
LINC00562,2,5,1,11,4,5
LINC00563,0,0,0,0,0,0
LINC00564,0,0,0,0,0,0
LINC00566,0,0,0,0,0,0
LINC00567,0,0,0,0,0,0
LINC00570,0,0,0,0,0,0
LINC00571,24,18,84,34,43,45
LINC00572,0,0,1,0,0,0
LINC00574,0,0,0,0,0,1
LINC00575,0,0,0,0,0,0
LINC00578,0,0,4,8,4,7
LINC00581,0,0,0,0,0,0
LINC00582,0,0,0,0,0,0
LINC00583,0,0,0,0,0,0
LINC00587,0,0,0,0,0,0
LINC00588,0,0,0,0,0,0
LINC00589,5,0,1,16,7,7
LINC00592,5,0,9,1,7,8
LINC00595,0,0,3,7,10,19
LINC00601,0,0,0,0,0,0
LINC00602,0,0,0,0,0,0
LINC00604,0,0,0,0,0,0
LINC00605,0,0,0,0,0,0
LINC00606,0,0,0,0,0,0
LINC00607,1,0,0,0,1,2
LINC00609,0,0,0,0,0,0
LINC00612,0,0,0,0,0,0
LINC00613,0,0,0,0,0,0
LINC00615,0,0,0,0,0,0
LINC00616,0,0,0,0,0,0
LINC00619,0,0,1,1,0,3
LINC00620,0,0,0,0,0,0
LINC00622,0,0,0,0,0,1
LINC00624,0,0,3,0,1,1
LINC00626,0,0,0,0,0,0
LINC00628,2,0,5,1,1,5
LINC00629,0,0,0,0,0,0
LINC00632,6,0,5,57,47,77
LINC00635,1,0,0,2,2,2
LINC00636,0,0,0,0,0,0
LINC00639,0,0,0,0,0,0
LINC00641,204,74,189,166,139,154
LINC00642,0,0,0,0,1,0
LINC00644,0,0,0,0,0,0
LINC00645,0,0,0,0,0,0
LINC00648,202,62,257,100,89,109
LINC00649,39,13,86,112,122,156
LINC00652,0,1,0,12,1,1
LINC00654,2,0,8,1,0,1
LINC00656,0,0,0,0,0,0
LINC00658,0,0,0,0,0,0
LINC00659,2,0,40,5,8,16
LINC00661,0,0,0,0,0,0
LINC00662,396,230,767,582,595,606
LINC00664,16,29,36,36,34,37
LINC00665,678,228,1076,780,1140,1231
LINC00667,2,5,11,7,2,6
LINC00668,0,9,8,0,2,0
LINC00670,0,0,0,0,0,0
LINC00671,0,0,0,0,0,0
LINC00676,0,0,0,0,0,0
LINC00677,0,0,0,2,0,0
LINC00678,0,0,0,0,0,0
LINC00680-GUSBP4,0,0,1,0,0,1
LINC00681,0,0,0,0,0,0
LINC00682,0,0,0,0,0,0
LINC00687,0,0,0,0,0,0
LINC00689,0,0,0,0,0,0
LINC00690,0,0,0,0,0,0
LINC00691,0,0,0,0,0,0
LINC00692,0,0,0,0,0,0
LINC00698,0,0,0,0,0,0
LINC00703,0,0,0,0,0,0
LINC00705,0,0,0,0,1,0
LINC00706,0,0,0,0,0,0
LINC00707,0,0,0,0,0,0
LINC00708,0,0,0,0,0,0
LINC00710,0,0,0,0,0,0
LINC00836,6,2,5,0,1,2
LINC00837,0,0,0,0,0,0
LINC00838,0,0,0,0,0,0
LINC00839,4,0,7,195,266,266
LINC00842,0,0,9,0,0,4
LINC00845,0,0,0,0,0,0
LINC00847,206,67,422,123,177,170
LINC00850,0,0,0,0,0,0
LINC00851,0,0,0,0,0,0
LINC00852,13,21,18,6,16,5
LINC00853,10,0,22,2,7,6
LINC00857,7,4,14,23,49,46
LINC00858,57,16,61,212,217,247
LINC00861,0,0,0,0,0,0
LINC00862,27,10,41,10,10,8
LINC00863,74,56,150,248,300,297
LINC00865,16,0,26,3,8,5
LINC00867,14,8,29,57,63,63
LINC00868,0,0,1,0,0,0
LINC00870,8,1,9,0,1,3
LINC00871,0,0,0,37,23,35
LINC00877,0,0,1,1,2,1
LINC00879,0,0,0,0,0,0
LINC00880,0,0,0,0,0,0
LINC00885,252,145,677,103,222,209
LINC00886,32,6,58,18,13,8
LINC00887,8,0,13,49,57,71
LINC00892,0,0,0,5,8,10
LINC00896,1,0,1,0,0,2
LINC00898,0,0,6,3,9,27
LINC00901,0,0,0,0,0,0
LINC00904,0,0,0,1,1,0
LINC00905,0,0,0,0,0,0
LINC00906,0,0,0,0,0,0
LINC00907,0,0,0,2,0,2
LINC00908,0,0,0,0,2,3
LINC00910,99,31,281,120,175,245
LINC00911,0,0,0,0,0,0
LINC00917,0,0,0,0,0,0
LINC00919,0,0,0,0,0,0
LINC00921,1,0,14,4,7,1
LINC00922,0,0,0,0,0,0
LINC00923,0,0,1,0,0,0
LINC00924,0,0,0,0,0,0
LINC00926,8,0,20,8,14,16
LINC00927,0,0,0,0,0,0
LINC00928,0,0,0,0,0,0
LINC00929,0,0,0,0,0,0
LINC00934,0,0,0,0,0,0
LINC00937,0,0,0,7,9,14
LINC00939,15,11,17,14,9,15
LINC00940,0,0,8,2,2,2
LINC00942,0,0,0,0,0,1
LINC00943,0,0,0,0,0,0
LINC00945,0,0,0,0,0,0
LINC00951,0,0,0,0,0,0
LINC00954,0,0,3,1,1,1
LINC00958,2,0,4,0,0,1
LINC00960,0,0,0,0,0,0
LINC00964,1,0,0,4,4,5
LINC00967,0,0,0,1,1,0
LINC00968,0,0,0,0,0,0
LINC00971,0,0,0,0,0,0
LINC00972,0,0,0,0,0,0
LINC00974,0,0,0,0,0,0
LINC00987,0,0,0,0,0,0
LINC00989,0,0,1,2,1,0
LINC00994,0,0,0,0,0,0
LINC00996,0,0,0,0,0,0
LINC01003,31,13,74,16,12,22
LINC01005,0,0,0,0,0,0
LINC01007,0,0,0,0,0,0
LINC01010,0,0,0,0,0,0
LINC01011,60,18,86,29,57,51
LINC01012,0,0,0,0,0,0
LINC01013,0,0,0,0,0,0
LINC01014,0,0,0,0,1,0
LINC01015,0,0,0,0,0,0
LINC01016,133,65,290,155,258,227
LINC01017,0,0,0,0,0,0
LINC01018,0,0,0,1,2,0
LINC01019,15,9,24,13,29,27
LINC01020,0,0,0,0,0,0
LINC01028,0,0,0,0,0,0
LINC01029,0,0,0,1,0,1
LINC01030,0,0,0,0,0,0
LINC01031,0,0,0,0,0,0
LINC01033,0,0,0,0,1,0
LINC01036,9,18,8,306,278,388
LINC01038,0,0,0,0,0,0
LINC01040,0,0,0,0,0,0
LINC01043,0,0,0,0,0,0
LINC01044,0,0,0,0,0,0
LINC01047,0,0,0,0,0,0
LINC01048,0,0,0,0,0,0
LINC01053,0,0,0,0,0,0
LINC01056,0,0,0,0,0,0
LINC01060,0,0,0,0,0,0
LINC01068,0,0,0,0,2,1
LINC01070,0,0,0,0,0,0
LINC01072,0,0,0,0,0,0
LINC01074,0,0,0,0,0,0
LINC01082,0,0,2,0,0,0
LINC01085,0,0,0,0,0,0
LINC01087,0,0,0,0,0,0
LINC01088,0,0,1,0,1,0
LINC01089,40,6,204,40,195,185
LINC01090,0,0,0,0,0,0
LINC01091,1,0,0,3,1,1
LINC01093,0,0,0,0,0,0
LINC01095,0,0,0,0,0,0
LINC01097,0,0,0,0,0,0
LINC01098,0,0,0,0,0,1
LINC01099,0,0,2,0,0,0
LINC01101,0,0,0,0,0,0
LINC01102,3,0,0,0,0,0
LINC01103,0,0,0,0,0,0
LINC01104,0,0,0,0,1,0
LINC01107,0,0,0,0,0,0
LINC01108,0,0,0,0,0,0
LINC01109,0,0,0,0,0,0
LINC01111,0,0,0,0,0,0
LINC01114,0,0,0,0,0,0
LINC01115,0,0,0,0,0,0
LINC01116,32,16,116,2,6,3
LINC01117,17,10,24,1,1,0
LINC01118,1,0,0,0,0,1
LINC01119,0,0,0,0,1,0
LINC01121,0,0,0,0,0,1
LINC01122,0,0,0,0,1,1
LINC01123,0,0,0,0,0,0
LINC01124,0,0,0,0,1,0
LINC01126,9,0,9,11,14,13
LINC01128,133,48,226,110,188,176
LINC01132,3,0,3,0,5,4
LINC01133,1,0,5,0,2,0
LINC01134,1,0,3,2,6,8
LINC01138,132,53,206,45,41,48
LINC01139,516,241,823,490,489,589
LINC01140,1,0,1,1,2,4
LINC01142,0,0,0,0,0,0
LINC01143,0,0,0,0,0,0
LINC01144,5,3,31,0,16,6
LINC01148,0,0,0,0,0,0
LINC01149,0,0,0,1,0,2
LINC01152,0,0,0,2,1,8
LINC01153,0,0,0,0,0,0
LINC01159,0,0,0,3,1,1
LINC01162,0,0,0,0,0,0
LINC01163,0,0,0,0,0,0
LINC01164,0,0,0,0,0,0
LINC01166,0,0,0,0,0,0
LINC01167,0,0,0,0,0,0
LINC01168,0,0,0,0,0,0
LINC01169,0,0,0,0,0,0
LINC01173,0,0,0,0,0,0
LINC01176,80,23,75,110,52,71
LINC01177,0,0,0,0,0,0
LINC01179,0,0,0,0,0,0
LINC01180,0,0,0,0,0,0
LINC01191,0,0,0,1,1,0
LINC01192,0,0,0,0,0,2
LINC01193,0,0,0,0,0,0
LINC01195,0,0,0,0,0,0
LINC01198,0,0,0,0,0,0
LINC01201,0,0,0,0,0,0
LINC01203,0,0,0,1,1,0
LINC01204,0,0,0,1,0,1
LINC01205,1,0,5,2,4,4
LINC01206,0,0,0,0,0,1
LINC01209,0,0,0,0,0,0
LINC01210,0,0,0,0,0,0
LINC01213,0,0,0,0,0,1
LINC01215,0,0,0,0,0,0
LINC01216,0,0,0,0,0,0
LINC01217,0,0,0,0,0,0
LINC01221,0,0,0,0,0,0
LINC01224,9,0,7,10,6,9
LINC01227,0,0,0,1,2,0
LINC01229,0,0,0,0,0,0
LINC01231,0,0,0,0,0,0
LINC01233,0,0,0,1,3,5
LINC01234,0,0,6,3,2,3
LINC01235,14,0,26,86,63,85
LINC01237,16,11,81,4,20,24
LINC01238,0,0,0,0,0,0
LINC01239,121,67,159,168,136,161
LINC01241,0,0,0,0,0,0
LINC01243,0,0,0,0,0,0
LINC01247,0,0,0,0,0,0
LINC01249,16,1,21,21,23,42
LINC01250,0,0,0,0,0,0
LINC01252,0,0,1,7,11,16
LINC01254,0,0,0,0,0,0
LINC01255,0,0,0,0,0,0
LINC01256,0,0,0,0,0,0
LINC01257,1,0,3,1,2,0
LINC01258,0,0,0,0,0,0
LINC01259,0,0,0,0,0,0
LINC01260,0,0,0,0,0,0
LINC01262,0,0,0,0,0,0
LINC01264,0,0,0,0,0,0
LINC01265,8,2,15,27,22,25
LINC01266,0,0,0,0,0,0
LINC01267,0,0,0,0,0,0
LINC01269,0,0,0,0,4,0
LINC01270,18,5,36,22,29,31
LINC01271,0,0,2,1,5,7
LINC01273,3,4,25,11,17,21
LINC01275,3,3,2,1,1,7
LINC01276,0,0,0,0,0,0
LINC01278,1796,698,1912,3160,3243,3622
LINC01281,0,0,0,1,1,0
LINC01282,0,0,0,0,0,0
LINC01283,0,0,0,0,0,0
LINC01284,0,0,0,0,0,0
LINC01285,0,0,1,4,3,5
LINC01287,0,0,1,0,0,0
LINC01289,0,0,0,0,0,0
LINC01290,2,0,2,8,7,4
LINC01291,0,0,6,4,0,1
LINC01298,0,0,0,0,0,0
LINC01299,0,0,0,0,0,0
LINC01300,0,0,0,0,0,0
LINC01303,2,0,0,0,0,0
LINC01304,0,0,0,0,0,0
LINC01305,0,0,0,0,0,0
LINC01307,0,0,0,0,0,0
LINC01310,0,0,0,0,0,0
LINC01315,0,0,1,1,15,6
LINC01317,0,0,0,0,0,0
LINC01318,0,0,0,0,0,0
LINC01322,0,0,0,13,9,11
LINC01324,0,0,0,0,0,0
LINC01327,0,0,0,0,0,0
LINC01331,0,0,0,0,0,0
LINC01333,0,0,0,0,0,0
LINC01337,0,0,0,3,0,0
LINC01339,0,0,0,0,0,0
LINC01340,1,0,0,0,0,1
LINC01342,0,0,0,0,0,0
LINC01343,0,0,0,0,0,0
LINC01345,0,0,0,0,0,0
LINC01348,2,0,12,6,2,9
LINC01350,0,0,0,0,0,0
LINC01352,0,0,0,0,0,0
LINC01353,0,0,0,0,0,0
LINC01354,0,0,0,0,0,0
LINC01356,0,0,0,0,0,0
LINC01359,16,11,39,3,4,3
LINC01360,0,0,0,0,0,0
LINC01361,1,0,1,3,0,1
LINC01362,0,0,0,0,0,0
LINC01363,0,0,0,0,0,0
LINC01364,0,0,0,0,0,0
LINC01365,0,0,0,0,0,0
LINC01366,0,0,0,0,1,0
LINC01374,0,0,0,0,0,0
LINC01375,0,0,0,0,0,0
LINC01376,19,1,46,13,27,34
LINC01377,0,0,0,0,0,0
LINC01381,0,0,0,0,0,0
LINC01386,0,0,0,0,0,0
LINC01387,0,0,0,0,0,0
LINC01391,0,0,0,0,0,0
LINC01392,0,0,0,0,0,2
LINC01393,0,0,0,0,2,1
LINC01395,0,0,0,0,0,1
LINC01396,0,0,0,0,0,0
LINC01397,2,0,1,0,2,2
LINC01398,0,0,0,0,0,0
LINC01404,0,0,3,0,1,0
LINC01405,5,1,7,0,1,0
LINC01409,19,11,23,44,27,43
LINC01410,81,38,129,71,43,52
LINC01411,0,0,0,0,0,1
LINC01412,0,0,0,0,0,0
LINC01413,0,0,0,0,0,0
LINC01414,21,4,11,25,22,33
LINC01416,0,0,1,1,1,1
LINC01419,0,0,0,0,0,0
LINC01425,0,0,0,0,0,0
LINC01426,3,0,6,2,1,1
LINC01427,0,0,0,0,0,0
LINC01428,0,0,0,0,0,0
LINC01429,0,0,0,0,0,0
LINC01431,11,0,26,5,10,7
LINC01432,0,0,0,0,0,0
LINC01433,0,0,0,0,0,0
LINC01435,0,0,0,0,0,0
LINC01441,0,0,0,0,0,0
LINC01442,0,0,0,0,0,0
LINC01443,15,6,25,23,27,38
LINC01444,0,0,0,0,0,0
LINC01445,0,0,0,1,0,0
LINC01446,307,104,413,306,290,299
LINC01447,0,0,0,0,0,0
LINC01448,0,0,0,0,0,0
LINC01449,0,0,0,0,0,0
LINC01450,0,0,0,0,0,0
LINC01451,0,0,0,0,0,0
LINC01455,0,0,0,0,0,0
LINC01456,34,25,81,70,89,120
LINC01460,0,0,0,0,0,0
LINC01465,0,0,5,5,4,4
LINC01467,2,0,0,0,1,1
LINC01470,0,0,0,0,1,1
LINC01471,0,0,0,0,0,0
LINC01474,0,0,0,0,0,0
LINC01475,0,0,0,0,0,0
LINC01477,0,0,0,0,0,0
LINC01478,0,0,0,0,0,3
LINC01479,0,0,0,0,0,0
LINC01480,10,0,22,13,17,20
LINC01482,0,0,2,1,0,1
LINC01483,0,0,0,0,1,0
LINC01484,1,0,2,0,0,0
LINC01485,0,0,0,0,0,0
LINC01486,0,0,0,0,0,0
LINC01487,0,0,0,0,0,0
LINC01490,0,0,0,0,0,0
LINC01492,0,0,0,0,0,0
LINC01493,0,0,0,0,0,0
LINC01494,0,0,0,0,0,0
LINC01495,0,0,0,0,0,0
LINC01497,0,0,0,0,0,0
LINC01498,2,0,0,2,4,8
LINC01499,0,0,0,0,0,0
LINC01500,0,0,0,0,0,0
LINC01501,0,0,0,0,0,0
LINC01502,0,0,0,0,0,0
LINC01503,6,2,14,16,24,34
LINC01504,0,0,0,0,0,0
LINC01505,6,0,3,0,0,1
LINC01508,4,0,11,13,19,11
LINC01511,310,133,488,286,330,345
LINC01514,0,0,0,0,0,0
LINC01516,0,0,0,0,0,0
LINC01518,0,0,0,0,0,0
LINC01519,0,0,0,707,584,835
LINC01520,0,0,0,0,0,0
LINC01524,0,0,4,0,0,1
LINC01525,0,0,0,0,0,0
LINC01526,0,0,0,0,0,0
LINC01527,0,0,0,0,0,0
LINC01531,0,0,1,0,2,0
LINC01533,0,0,0,0,0,0
LINC01535,59,29,61,39,43,38
LINC01537,0,0,0,0,0,0
LINC01538,0,0,0,0,0,0
LINC01539,0,0,0,0,0,0
LINC01541,0,0,0,0,0,0
LINC01545,4,0,3,10,10,6
LINC01547,11,4,93,15,82,71
LINC01550,0,0,0,4,3,5
LINC01551,0,0,0,1,1,3
LINC01553,4,0,0,0,0,0
LINC01554,0,0,0,0,0,0
LINC01555,0,0,0,0,0,0
LINC01558,0,0,0,0,0,0
LINC01559,0,0,0,0,0,0
LINC01561,0,0,0,1,13,4
LINC01562,0,0,4,2,4,5
LINC01563,0,0,0,0,0,0
LINC01564,0,0,0,4,5,9
LINC01565,0,0,0,0,0,0
LINC01566,0,0,0,0,0,0
LINC01567,0,0,0,0,0,0
LINC01572,59,14,69,62,104,79
LINC01574,0,0,0,0,0,0
LINC01580,3,0,0,6,11,13
LINC01581,0,0,0,0,0,0
LINC01582,0,0,0,0,0,0
LINC01583,0,0,0,0,0,0
LINC01584,0,0,0,0,0,0
LINC01585,0,0,0,0,0,0
LINC01586,0,0,0,0,0,0
LINC01587,0,0,0,0,2,0
LINC01589,0,0,0,0,0,0
LINC01591,0,0,0,0,0,0
LINC01592,0,0,0,0,0,0
LINC01593,0,0,0,0,0,0
LINC01596,0,0,0,0,0,0
LINC01599,38,34,104,121,152,122
LINC01600,0,0,0,7,4,6
LINC01602,7,0,1,2,2,3
LINC01603,0,0,0,0,0,0
LINC01605,0,0,4,0,0,0
LINC01606,0,0,0,6,5,6
LINC01607,0,0,0,0,0,1
LINC01608,0,0,0,0,0,0
LINC01609,0,0,0,0,0,0
LINC01611,10,6,7,13,10,13
LINC01612,1,0,0,9,8,6
LINC01613,0,0,0,0,0,0
LINC01614,0,0,0,0,0,0
LINC01615,0,0,0,0,0,0
LINC01616,0,0,0,0,0,0
LINC01618,2,0,1,3,1,2
LINC01619,0,0,0,1,0,1
LINC01620,0,0,0,0,0,0
LINC01622,0,0,0,0,0,0
LINC01623,0,0,5,1,4,1
LINC01624,0,0,0,0,0,0
LINC01625,4,1,5,15,6,26
LINC01628,0,0,0,0,0,0
LINC01629,0,0,0,0,0,0
LINC01630,0,0,0,0,0,2
LINC01634,0,0,0,0,4,0
LINC01635,0,0,1,1,0,0
LINC01637,1,0,23,17,19,14
LINC01638,0,0,0,0,0,0
LINC01639,0,0,0,497,925,1049
LINC01640,0,0,0,0,0,0
LINC01641,0,0,0,3,1,2
LINC01643,0,0,0,0,0,0
LINC01644,0,0,0,0,0,0
LINC01645,1,0,2,0,0,0
LINC01646,0,0,0,0,0,0
LINC01647,0,0,0,0,2,0
LINC01648,0,0,0,0,0,0
LINC01649,0,0,0,0,0,0
LINC01651,0,0,0,0,0,0
LINC01653,0,0,0,0,0,0
LINC01654,0,0,0,0,0,0
LINC01656,0,0,0,0,0,0
LINC01657,0,0,0,0,0,0
LINC01659,2,0,3,1,5,4
LINC01664,0,0,0,0,0,0
LINC01665,0,0,0,0,0,0
LINC01668,0,0,0,0,0,0
LINC01670,3,0,6,1,7,3
LINC01671,18,0,56,103,201,276
LINC01673,0,0,0,0,0,0
LINC01674,0,0,0,0,0,0
LINC01676,0,0,0,0,0,0
LINC01679,0,0,0,0,0,0
LINC01680,0,0,0,0,0,0
LINC01681,0,0,2,0,0,0
LINC01682,0,0,0,0,0,0
LINC01683,0,0,0,0,0,0
LINC01684,0,0,0,1,2,0
LINC01686,0,0,2,0,0,0
LINC01687,0,0,2,39,29,68
LINC01688,0,0,0,0,0,0
LINC01689,0,0,0,0,0,0
LINC01690,0,0,0,0,0,0
LINC01692,0,0,0,1,0,0
LINC01694,2,0,3,0,0,1
LINC01695,67,52,155,100,132,178
LINC01696,0,0,0,0,0,0
LINC01697,83,27,118,422,423,590
LINC01699,0,0,0,0,2,1
LINC01700,0,0,0,0,0,0
LINC01701,0,0,0,0,0,0
LINC01702,0,0,0,0,0,0
LINC01704,0,0,0,0,0,0
LINC01707,0,0,0,0,0,0
LINC01708,0,0,0,0,0,0
LINC01709,0,0,0,0,0,0
LINC01711,0,0,0,0,0,0
LINC01714,0,0,0,0,0,0
LINC01716,0,0,0,0,0,0
LINC01717,0,0,0,0,0,0
LINC01718,0,0,0,0,0,0
LINC01720,0,0,0,0,0,0
LINC01721,0,0,0,0,0,0
LINC01722,0,0,0,1,0,0
LINC01723,0,0,0,0,0,0
LINC01726,0,0,0,0,0,0
LINC01728,0,0,0,0,0,0
LINC01729,0,0,0,0,0,0
LINC01730,1,0,0,0,2,0
LINC01732,2,0,1,1,0,1
LINC01733,0,0,0,0,0,0
LINC01734,0,0,0,0,0,0
LINC01736,0,0,0,0,2,0
LINC01737,0,0,0,0,0,0
LINC01738,0,0,0,2,4,4
LINC01739,0,0,0,0,0,0
LINC01740,1,0,4,2,0,0
LINC01741,0,0,0,0,0,0
LINC01742,0,0,0,0,0,0
LINC01743,0,0,0,0,0,0
LINC01744,0,0,0,0,0,0
LINC01745,0,0,0,0,0,0
LINC01748,29,9,74,5,2,2
LINC01749,0,0,0,0,0,0
LINC01750,0,0,0,0,0,0
LINC01751,0,0,0,0,0,0
LINC01753,0,0,0,0,0,0
LINC01755,0,0,0,0,0,0
LINC01756,0,0,0,0,0,0
LINC01757,0,0,0,0,0,0
LINC01758,0,0,0,0,0,0
LINC01760,0,0,0,0,0,0
LINC01761,0,0,0,0,0,0
LINC01762,2,0,0,0,0,0
LINC01765,0,0,0,0,1,0
LINC01766,0,0,0,0,0,0
LINC01767,0,0,0,0,0,0
LINC01772,3,0,8,8,6,9
LINC01774,0,0,0,0,0,0
LINC01775,0,0,5,1,11,11
LINC01776,0,0,0,0,0,0
LINC01777,0,0,0,0,0,0
LINC01778,0,0,2,0,14,10
LINC01779,0,0,0,10,3,5
LINC01780,0,0,0,0,0,0
LINC01781,0,0,0,0,0,0
LINC01782,0,0,0,0,0,0
LINC01783,0,0,0,0,0,0
LINC01784,0,0,0,0,0,0
LINC01785,0,0,0,0,0,0
LINC01787,0,0,0,0,0,0
LINC01788,0,0,0,0,0,0
LINC01790,0,0,0,0,0,0
LINC01791,0,0,0,0,0,0
LINC01793,0,0,0,0,0,0
LINC01794,0,0,0,0,0,0
LINC01797,0,0,0,0,0,0
LINC01798,0,0,0,0,0,0
LINC01800,2,0,0,0,0,0
LINC01801,0,0,1,12,2,13
LINC01804,0,0,0,0,0,0
LINC01805,0,0,0,0,2,0
LINC01806,103,60,105,90,93,110
LINC01807,8,0,22,24,27,30
LINC01808,0,0,0,0,0,0
LINC01809,0,0,0,0,0,0
LINC01810,0,0,0,0,0,0
LINC01811,7,1,15,21,12,15
LINC01812,0,0,0,0,0,0
LINC01814,60,29,88,53,87,90
LINC01816,0,0,2,0,0,1
LINC01817,0,0,0,0,0,0
LINC01818,0,0,0,0,0,0
LINC01819,0,0,0,0,0,0
LINC01820,0,0,0,0,0,0
LINC01821,0,0,0,0,0,0
LINC01822,0,0,0,0,0,0
LINC01823,3,0,2,0,0,0
LINC01824,0,0,0,0,0,0
LINC01825,0,0,0,0,0,0
LINC01826,0,0,0,0,0,0
LINC01829,0,8,3,6,3,1
LINC01830,0,0,0,0,0,0
LINC01831,0,0,0,0,0,0
LINC01833,180,82,274,267,325,377
LINC01834,0,0,0,0,0,0
LINC01837,0,0,0,0,0,0
LINC01838,0,0,0,0,0,0
LINC01840,0,0,0,0,1,0
LINC01841,0,0,1,1,2,0
LINC01842,0,0,0,0,0,0
LINC01843,3,0,13,2,5,6
LINC01844,0,0,0,0,0,0
LINC01845,0,0,1,3,1,4
LINC01846,0,0,0,0,0,0
LINC01847,0,0,1,1,0,0
LINC01849,0,0,0,0,0,0
LINC01851,0,0,0,0,0,0
LINC01852,1,11,3,0,5,6
LINC01854,0,0,0,0,0,0
LINC01855,0,0,0,0,0,0
LINC01856,9,0,1,0,0,1
LINC01857,0,0,0,0,0,0
LINC01858,0,0,0,0,0,0
LINC01859,0,0,0,0,0,0
LINC01861,0,0,0,0,0,0
LINC01863,3,7,4,0,1,0
LINC01864,0,0,0,0,0,0
LINC01867,0,0,0,0,0,0
LINC01872,0,0,0,0,0,0
LINC01873,0,0,1,0,0,0
LINC01874,2,0,0,0,0,0
LINC01875,0,1,4,0,0,0
LINC01876,118,50,121,402,249,378
LINC01877,0,0,0,0,0,0
LINC01878,0,0,0,0,0,0
LINC01879,0,0,0,0,0,0
LINC01880,0,0,0,0,0,0
LINC01883,0,0,0,0,0,0
LINC01884,0,0,0,0,0,0
LINC01885,1,0,0,0,0,0
LINC01886,0,0,0,0,0,0
LINC01888,0,0,0,0,0,0
LINC01890,0,0,0,0,0,0
LINC01891,0,0,0,0,0,0
LINC01892,0,0,0,0,0,0
LINC01893,0,0,0,0,0,0
LINC01894,0,0,0,0,0,1
LINC01895,0,0,0,0,0,0
LINC01898,0,0,0,0,0,0
LINC01899,0,0,0,0,0,0
LINC01902,0,0,0,0,0,0
LINC01903,0,0,0,0,0,0
LINC01904,0,0,0,0,0,0
LINC01905,0,0,0,0,0,0
LINC01906,7,0,0,5,0,2
LINC01907,0,0,0,0,1,0
LINC01909,5,0,0,0,1,3
LINC01910,0,0,0,0,0,0
LINC01911,0,0,0,0,0,0
LINC01913,0,0,0,0,0,0
LINC01914,0,0,0,0,0,0
LINC01915,0,0,1,0,0,0
LINC01916,0,0,0,0,0,0
LINC01917,0,0,2,0,2,0
LINC01918,7,0,8,23,30,43
LINC01919,0,0,0,0,0,0
LINC01920,0,0,0,0,0,1
LINC01922,0,0,0,0,0,0
LINC01924,2,0,0,0,0,0
LINC01925,0,0,0,0,1,0
LINC01926,0,0,0,0,0,0
LINC01928,0,0,0,0,0,0
LINC01929,0,0,0,0,0,0
LINC01931,0,0,0,0,0,0
LINC01932,0,0,0,0,0,0
LINC01933,0,0,4,5,2,2
LINC01935,0,0,0,0,0,0
LINC01940,0,0,0,0,0,0
LINC01941,0,0,0,0,0,0
LINC01942,0,0,0,0,0,0
LINC01943,0,0,0,0,0,1
LINC01944,0,0,0,0,0,0
LINC01946,0,0,0,0,0,0
LINC01947,1,0,5,7,8,4
LINC01948,42,17,74,70,94,127
LINC01950,0,0,0,0,0,0
LINC01951,0,0,0,0,0,0
LINC01954,0,0,0,0,0,0
LINC01957,0,0,0,0,0,0
LINC01960,0,0,0,0,0,0
LINC01961,0,0,0,0,0,0
LINC01962,0,0,3,0,0,0
LINC01963,80,27,94,152,171,153
LINC01964,0,0,0,0,0,0
LINC01968,0,0,0,2,3,2
LINC01970,1,9,5,0,3,3
LINC01972,0,0,2,1,0,0
LINC01973,0,0,0,0,0,0
LINC01976,0,0,0,0,0,0
LINC01978,1,0,26,3,24,38
LINC01979,0,0,0,2,0,1
LINC01980,4,7,21,56,55,71
LINC01981,0,0,0,0,0,0
LINC01982,0,0,0,0,0,0
LINC01985,0,0,0,0,0,0
LINC01986,0,0,0,0,0,0
LINC01987,0,0,0,0,0,0
LINC01988,0,0,0,0,0,0
LINC01989,0,0,0,0,0,0
LINC01990,0,0,0,1,0,1
LINC01992,0,0,0,0,0,0
LINC01993,0,0,0,0,0,0
LINC01994,0,0,0,0,0,0
LINC01995,0,0,0,0,0,0
LINC01996,0,0,0,0,0,0
LINC01998,0,0,0,2,3,1
LINC01999,0,0,1,1,0,0
LINC02000,0,0,0,0,0,0
LINC02002,0,0,1,1,2,0
LINC02003,0,0,0,0,0,0
LINC02004,1,1,2,0,0,1
LINC02008,0,0,1,0,0,0
LINC02009,0,0,0,0,0,0
LINC02010,0,0,0,0,0,0
LINC02011,0,0,0,0,0,0
LINC02013,0,0,0,0,0,0
LINC02015,3,0,0,26,13,22
LINC02016,0,0,0,0,0,0
LINC02017,0,0,0,0,0,0
LINC02018,7,0,4,7,9,9
LINC02021,17,0,5,15,30,35
LINC02022,0,0,0,0,0,0
LINC02024,0,0,0,0,0,0
LINC02025,0,0,0,0,0,0
LINC02026,1,2,2,1,2,4
LINC02028,13,8,22,13,10,15
LINC02029,0,0,0,0,0,1
LINC02032,0,0,0,0,0,0
LINC02033,0,0,0,0,0,0
LINC02035,132,53,188,117,150,159
LINC02037,0,0,0,0,0,2
LINC02039,0,0,0,0,0,0
LINC02040,0,0,0,0,0,0
LINC02042,0,0,0,0,0,0
LINC02043,0,0,1,0,3,8
LINC02044,0,0,0,0,0,2
LINC02047,0,0,0,0,0,0
LINC02048,0,0,0,1,1,1
LINC02049,0,0,0,0,0,0
LINC02050,0,0,0,0,0,0
LINC02052,0,0,0,0,0,0
LINC02053,0,0,0,0,0,0
LINC02054,0,0,0,0,0,1
LINC02055,2,0,5,6,2,12
LINC02057,7,0,0,0,0,0
LINC02060,0,0,0,0,0,0
LINC02064,0,0,0,0,0,0
LINC02067,2,0,11,5,4,4
LINC02068,2,6,8,1,1,2
LINC02069,0,0,0,0,0,0
LINC02070,0,0,0,0,0,0
LINC02071,0,0,0,0,0,1
LINC02072,0,0,0,0,0,0
LINC02074,0,0,0,0,0,0
LINC02075,0,0,0,0,0,0
LINC02076,31,11,52,31,41,51
LINC02078,0,0,0,0,0,0
LINC02079,0,0,0,0,0,0
LINC02080,3,0,0,2,2,6
LINC02082,0,0,0,0,0,0
LINC02088,0,0,0,0,0,0
LINC02089,0,0,0,0,0,0
LINC02090,0,0,0,0,0,0
LINC02092,0,0,0,0,0,0
LINC02093,0,0,0,0,0,0
LINC02096,0,0,0,0,0,0
LINC02097,0,0,0,0,0,0
LINC02098,0,0,0,0,0,0
LINC02099,0,0,0,0,0,2
LINC02101,0,0,0,1,1,0
LINC02102,0,0,1,3,4,5
LINC02103,0,0,0,0,0,0
LINC02104,0,0,0,0,0,0
LINC02105,0,0,0,0,2,1
LINC02106,0,0,0,0,0,0
LINC02108,0,0,0,0,0,0
LINC02110,0,0,0,0,0,0
LINC02111,0,0,0,0,0,0
LINC02112,0,0,0,0,0,0
LINC02114,0,0,0,0,0,0
LINC02115,0,0,0,0,0,0
LINC02116,0,0,0,0,0,0
LINC02118,0,0,0,0,0,0
LINC02119,0,0,0,0,0,0
LINC02120,0,0,0,0,0,0
LINC02121,0,0,0,0,0,0
LINC02123,0,0,0,0,0,0
LINC02124,0,0,0,0,0,0
LINC02125,0,0,3,6,10,8
LINC02126,0,0,0,0,0,0
LINC02128,0,0,0,0,0,0
LINC02130,1,0,13,0,2,0
LINC02131,0,0,0,0,0,0
LINC02132,0,0,0,0,0,0
LINC02133,0,0,0,0,0,0
LINC02135,0,0,0,0,0,0
LINC02138,0,0,0,0,0,0
LINC02139,0,0,0,0,0,0
LINC02140,0,0,0,0,0,0
LINC02141,0,0,0,0,0,0
LINC02142,0,0,0,0,0,0
LINC02145,0,0,0,0,0,0
LINC02148,0,0,0,0,0,0
LINC02150,0,0,1,0,0,0
LINC02153,0,0,0,0,0,0
LINC02154,0,0,0,0,1,1
LINC02155,0,0,0,0,0,0
LINC02159,0,0,0,0,2,1
LINC02160,0,0,0,0,0,0
LINC02162,0,0,0,0,0,0
LINC02165,0,0,0,0,0,0
LINC02167,0,0,0,0,0,0
LINC02168,0,0,0,0,0,0
LINC02171,0,0,0,0,0,0
LINC02172,0,0,0,0,0,0
LINC02173,0,0,0,0,0,0
LINC02174,0,0,0,0,0,0
LINC02175,55,10,67,54,51,98
LINC02177,0,0,0,0,0,1
LINC02178,0,0,0,0,0,0
LINC02179,0,0,0,0,0,0
LINC02180,0,0,0,0,0,0
LINC02181,0,0,0,0,0,0
LINC02182,0,0,0,0,0,0
LINC02186,0,0,0,0,0,0
LINC02188,0,0,0,0,0,0
LINC02189,0,0,0,0,0,0
LINC02191,0,0,0,0,0,0
LINC02192,0,0,0,0,0,0
LINC02193,7,1,22,38,86,98
LINC02194,0,0,0,0,0,0
LINC02195,0,0,0,0,0,0
LINC02200,0,0,0,0,0,2
LINC02201,3,0,3,0,6,7
LINC02202,0,0,0,0,0,0
LINC02203,0,0,0,0,0,0
LINC02204,0,0,0,0,0,0
LINC02205,0,0,0,0,0,0
LINC02207,0,0,0,0,0,0
LINC02209,0,0,0,0,0,0
LINC02210,202,101,435,466,732,901
LINC02212,0,0,0,1,0,0
LINC02213,0,0,0,0,0,0
LINC02215,0,0,0,0,0,0
LINC02217,0,0,0,0,0,0
LINC02218,0,0,0,0,0,0
LINC02219,0,0,0,0,0,0
LINC02225,0,0,0,0,0,0
LINC02226,0,0,0,0,0,0
LINC02227,0,0,0,0,0,0
LINC02231,0,0,0,0,0,0
LINC02232,0,0,0,0,0,0
LINC02234,2,0,3,0,2,0
LINC02235,8,9,10,11,10,8
LINC02236,0,0,5,15,39,34
LINC02237,0,0,0,0,0,0
LINC02239,0,0,0,0,0,0
LINC02240,0,0,0,0,0,0
LINC02241,0,0,0,1,0,1
LINC02242,0,0,0,0,0,0
LINC02243,0,0,0,0,0,0
LINC02245,3,0,12,2,6,13
LINC02247,0,0,0,0,0,0
LINC02248,0,0,0,0,0,0
LINC02249,0,0,0,0,0,0
LINC02250,0,0,0,0,0,0
LINC02251,0,0,0,0,0,0
LINC02253,0,0,2,76,58,95
LINC02257,0,0,1,0,0,1
LINC02259,0,0,0,0,0,0
LINC02260,0,0,0,0,0,0
LINC02261,0,0,0,0,0,0
LINC02262,0,0,0,0,0,0
LINC02263,0,0,0,0,0,0
LINC02264,0,0,0,0,0,0
LINC02265,0,0,0,0,0,0
LINC02266,0,0,1,2,0,0
LINC02268,0,0,0,0,0,0
LINC02269,1,0,2,2,1,5
LINC02270,0,0,0,0,0,0
LINC02271,0,0,0,0,0,0
LINC02273,0,0,0,0,1,0
LINC02274,0,0,0,0,0,0
LINC02275,0,0,2,1,0,0
LINC02280,0,0,0,4,1,3
LINC02281,0,0,0,0,0,0
LINC02282,0,0,0,0,0,0
LINC02284,0,0,0,0,0,0
LINC02285,0,0,0,0,0,0
LINC02286,0,0,0,0,0,0
LINC02287,0,0,0,0,0,0
LINC02288,0,0,0,0,2,1
LINC02289,6,7,14,4,15,9
LINC02290,0,0,0,0,0,1
LINC02291,0,0,0,0,0,0
LINC02292,1,0,0,0,0,0
LINC02293,51,24,47,46,35,27
LINC02294,0,0,0,0,0,0
LINC02297,0,0,0,0,0,0
LINC02299,0,0,0,0,0,0
LINC02301,3,13,15,47,21,29
LINC02303,27,23,37,7092,4368,6023
LINC02304,0,0,0,0,0,0
LINC02305,0,0,0,0,0,0
LINC02307,0,0,0,0,0,0
LINC02312,0,0,0,0,0,0
LINC02313,0,0,0,0,0,0
LINC02314,0,0,0,0,0,0
LINC02316,0,0,0,0,0,0
LINC02317,0,0,0,0,0,0
LINC02318,0,0,0,0,0,0
LINC02321,9,0,11,12,24,25
LINC02322,0,0,0,1,0,0
LINC02323,0,0,0,0,0,0
LINC02324,0,0,0,0,0,0
LINC02325,0,0,0,0,0,0
LINC02327,110,55,201,52,58,70
LINC02328,1,0,0,4,3,1
LINC02330,0,0,0,0,0,0
LINC02331,9,0,8,1,4,3
LINC02332,0,0,0,0,0,0
LINC02333,0,0,0,0,0,0
LINC02337,0,0,0,0,0,0
LINC02338,0,0,0,0,0,1
LINC02339,0,0,0,0,0,0
LINC02341,0,0,1,0,0,0
LINC02343,23,0,42,99,77,114
LINC02345,0,0,0,2,0,1
LINC02346,0,0,0,0,0,0
LINC02347,0,0,0,0,0,0
LINC02348,0,0,1,4,2,2
LINC02349,0,0,0,0,0,0
LINC02353,0,0,0,0,0,0
LINC02355,0,0,0,0,0,0
LINC02356,0,0,0,0,1,0
LINC02357,0,0,0,0,0,0
LINC02359,0,0,0,0,0,0
LINC02360,0,0,0,0,0,0
LINC02361,0,0,8,1,6,2
LINC02363,9,0,8,14,3,7
LINC02365,0,0,0,0,0,0
LINC02366,0,0,0,0,0,0
LINC02367,0,0,0,0,0,0
LINC02368,0,0,0,0,0,0
LINC02369,0,0,0,0,0,1
LINC02371,0,12,2,0,0,1
LINC02372,0,0,0,0,0,0
LINC02375,0,0,0,0,0,0
LINC02377,0,0,0,0,0,0
LINC02379,0,0,0,0,0,0
LINC02380,0,0,0,1,0,0
LINC02381,13,12,25,51,86,115
LINC02382,0,0,0,0,0,0
LINC02383,0,0,0,0,0,0
LINC02386,0,0,0,0,0,0
LINC02387,0,0,0,0,0,0
LINC02388,0,0,0,0,0,0
LINC02389,0,0,3,1,1,0
LINC02392,0,0,0,0,0,0
LINC02393,0,0,0,0,0,0
LINC02395,3,0,0,7,6,7
LINC02396,0,0,0,0,0,0
LINC02398,0,0,0,0,0,0
LINC02399,0,0,0,0,0,0
LINC02400,0,0,0,0,0,0
LINC02401,0,0,0,0,0,0
LINC02402,0,0,0,0,0,0
LINC02403,0,0,0,0,0,0
LINC02404,0,0,0,0,2,0
LINC02405,8,0,11,1,0,0
LINC02406,0,0,0,0,0,0
LINC02408,0,0,0,0,0,0
LINC02410,0,0,0,0,0,0
LINC02411,0,0,0,0,0,0
LINC02415,0,0,0,0,0,0
LINC02418,0,0,0,0,0,0
LINC02420,0,0,0,0,0,0
LINC02421,0,0,0,0,0,0
LINC02422,0,0,3,2,2,4
LINC02423,0,0,0,0,0,0
LINC02424,0,0,0,0,0,0
LINC02425,0,0,0,0,0,0
LINC02426,0,0,0,0,0,0
LINC02429,0,0,0,0,0,0
LINC02430,0,0,0,0,0,0
LINC02431,0,0,0,0,0,0
LINC02432,0,0,0,0,0,0
LINC02433,0,0,0,0,0,0
LINC02434,0,0,0,0,0,0
LINC02436,0,0,0,0,0,0
LINC02439,0,0,0,0,0,0
LINC02440,0,0,0,0,0,0
LINC02441,0,0,0,0,0,0
LINC02443,0,0,0,0,0,0
LINC02444,0,4,0,4,4,2
LINC02446,0,0,0,0,0,0
LINC02449,0,0,0,0,0,0
LINC02450,0,0,0,0,0,0
LINC02451,0,0,0,0,0,0
LINC02453,13,6,6,16,15,19
LINC02458,0,0,0,4,3,2
LINC02459,0,0,0,0,0,0
LINC02461,0,0,0,0,0,0
LINC02464,0,0,0,0,0,0
LINC02465,0,0,0,0,0,0
LINC02466,0,0,0,0,2,4
LINC02470,0,0,0,2,3,1
LINC02472,0,0,0,0,0,0
LINC02473,1,0,0,4,4,4
LINC02475,241,138,554,174,299,338
LINC02476,0,0,0,0,0,0
LINC02478,0,0,0,0,0,0
LINC02480,0,0,0,0,0,0
LINC02481,4,0,9,5,1,3
LINC02482,100,117,142,52,82,93
LINC02483,0,0,0,0,0,0
LINC02487,0,0,0,0,0,0
LINC02488,0,0,0,0,0,0
LINC02490,0,0,0,0,0,0
LINC02492,0,0,0,0,0,0
LINC02493,0,0,0,0,0,0
LINC02494,0,0,0,0,0,0
LINC02496,0,0,0,0,0,0
LINC02498,0,0,0,0,0,0
LINC02499,0,0,0,0,0,0
LINC02501,0,0,0,0,0,0
LINC02502,0,0,0,0,0,0
LINC02503,0,0,0,0,0,0
LINC02504,0,0,0,0,0,0
LINC02507,0,0,0,0,0,0
LINC02508,0,0,0,0,0,0
LINC02509,0,0,0,0,0,0
LINC02511,1,1,0,0,0,0
LINC02513,0,0,0,0,0,0
LINC02514,0,0,0,0,0,0
LINC02516,0,0,0,0,0,0
LINC02517,0,0,0,0,0,0
LINC02518,1,0,1,50,32,57
LINC02519,0,0,0,0,0,1
LINC02523,0,0,1,1,0,0
LINC02524,0,0,0,0,0,0
LINC02525,0,0,0,0,0,0
LINC02526,0,0,0,0,0,1
LINC02529,0,0,0,0,0,0
LINC02530,0,0,0,0,0,0
LINC02532,0,0,0,1,1,2
LINC02534,0,0,0,0,0,1
LINC02535,0,0,0,0,0,0
LINC02537,0,0,0,0,0,0
LINC02538,0,0,0,0,0,0
LINC02539,0,0,0,0,0,0
LINC02540,0,0,0,0,0,0
LINC02541,0,0,0,16,13,18
LINC02544,0,0,0,0,0,0
LINC02545,0,0,0,0,0,0
LINC02546,0,0,0,0,0,0
LINC02547,0,0,0,0,0,0
LINC02548,0,0,0,0,0,0
LINC02549,0,0,0,0,0,0
LINC02550,0,0,0,1,1,2
LINC02552,0,0,0,0,0,0
LINC02554,2,0,1,0,1,2
LINC02556,2,0,3,0,0,0
LINC02560,0,0,12,5,12,20
LINC02561,0,0,0,0,1,0
LINC02563,0,0,0,0,0,0
LINC02565,0,0,0,0,0,0
LINC02567,0,0,0,0,0,0
LINC02570,0,0,0,0,0,0
LINC02571,7,0,4,49,29,38
LINC02572,0,0,5,0,5,3
LINC02574,0,0,0,1,2,0
LINC02576,0,0,0,0,0,0
LINC02577,0,0,0,0,0,0
LINC02579,0,0,0,0,0,0
LINC02582,0,0,0,0,0,0
LINC02583,0,0,0,0,0,0
LINC02585,4,6,25,1,5,12
LINC02587,0,0,0,0,0,0
LINC02593,59,10,272,86,484,501
LINC02594,0,0,0,0,0,0
LINC02596,0,0,0,0,0,0
LINC02601,0,0,4,0,1,0
LINC02603,0,0,0,1,0,0
LINC02606,1,0,16,5,7,11
LINC02607,0,0,0,0,0,0
LINC02608,0,0,0,1,0,0
LINC02609,0,0,1,0,0,1
LINC02610,0,0,0,1,4,2
LINC02611,0,0,0,0,0,0
LINC02612,0,0,0,0,0,0
LINC02613,3,0,4,1,1,3
LINC02614,19,15,18,49,70,68
LINC02615,117,43,151,81,59,68
LINC02616,0,0,0,0,0,0
LINC02617,0,0,0,0,0,0
LINC02619,0,0,0,0,0,0
LINC02620,0,0,0,0,0,1
LINC02621,0,0,0,0,0,0
LINC02622,0,0,0,0,0,0
LINC02623,0,0,0,0,0,0
LINC02624,0,0,0,0,0,0
LINC02626,0,0,1,0,0,0
LINC02631,1,0,1,4,1,5
LINC02632,0,0,0,0,0,0
LINC02639,0,0,0,0,0,0
LINC02641,0,0,0,0,0,0
LINC02642,0,0,0,0,0,0
LINC02643,0,0,0,1,0,1
LINC02644,0,0,0,0,0,0
LINC02647,0,0,0,0,0,0
LINC02649,33,5,57,4,16,17
LINC02650,0,0,0,0,0,0
LINC02652,2,0,1,5,9,5
LINC02653,0,0,0,0,0,0
LINC02654,0,0,0,0,0,0
LINC02655,0,0,0,0,0,0
LINC02658,0,0,0,0,0,0
LINC02659,0,0,0,0,0,0
LINC02660,0,0,2,1,6,0
LINC02661,0,0,0,0,0,0
LINC02662,0,0,0,0,0,0
LINC02665,0,0,0,0,0,0
LINC02667,0,0,0,0,0,0
LINC02669,0,0,0,0,0,2
LINC02670,0,0,0,0,0,0
LINC02671,0,0,0,0,1,1
LINC02673,0,0,0,0,0,0
LINC02676,0,0,0,0,0,0
LINC02677,0,0,0,0,0,3
LINC02679,0,0,0,0,0,0
LINC02681,0,0,0,0,0,0
LINC02682,0,0,0,0,0,0
LINC02683,0,0,0,0,0,0
LINC02684,0,0,0,0,0,0
LINC02685,0,0,0,0,0,0
LINC02687,0,0,0,0,0,0
LINC02688,0,0,0,0,2,2
LINC02691,0,0,0,0,0,0
LINC02693,11,13,17,30,70,60
LINC02694,5,0,1,8,7,1
LINC02696,0,0,0,0,0,0
LINC02702,0,0,0,0,0,0
LINC02706,0,0,0,0,0,0
LINC02709,13,2,21,5,4,9
LINC02710,0,0,0,0,0,0
LINC02711,0,0,0,0,0,0
LINC02712,0,0,0,0,0,0
LINC02714,0,0,0,1,1,0
LINC02715,0,0,0,0,0,0
LINC02717,0,0,0,0,0,0
LINC02719,0,0,0,0,0,0
LINC02720,0,0,0,0,0,0
LINC02721,0,0,0,0,0,0
LINC02722,0,0,0,0,0,0
LINC02723,0,0,0,0,0,0
LINC02724,0,0,8,2,5,5
LINC02725,0,0,0,0,0,0
LINC02727,0,0,0,0,0,0
LINC02728,3,0,11,1,0,6
LINC02729,0,0,0,0,0,0
LINC02730,0,0,0,0,0,0
LINC02731,4,0,14,7,31,17
LINC02733,0,0,1,0,0,0
LINC02734,0,0,0,0,0,0
LINC02735,0,0,0,0,0,0
LINC02737,0,0,0,0,0,0
LINC02739,0,0,1,3,1,3
LINC02741,0,0,0,2,0,0
LINC02742,0,0,0,0,0,0
LINC02743,0,0,0,0,0,0
LINC02744,0,0,0,0,0,0
LINC02746,0,0,0,0,0,0
LINC02747,0,0,0,0,0,0
LINC02749,0,0,0,0,1,3
LINC02751,0,0,0,0,0,0
LINC02752,0,0,0,0,3,0
LINC02753,0,0,0,0,0,0
LINC02755,0,0,0,0,0,0
LINC02756,0,0,0,0,0,0
LINC02759,0,0,0,0,0,0
LINC02760,0,0,0,0,0,0
LINC02761,0,0,0,0,0,0
LINC02762,6,3,12,19,13,26
LINC02763,0,0,0,0,0,0
LINC02764,0,0,0,0,0,0
LINC02771,11,9,38,4,3,4
LINC02772,0,0,0,0,0,0
LINC02774,0,0,0,0,0,0
LINC02777,1,0,1,5,1,2
LINC02780,0,0,3,0,1,0
LINC02781,0,0,0,0,0,0
LINC02783,0,0,1,0,1,1
LINC02788,0,0,0,0,0,0
LINC02789,0,0,0,0,0,0
LINC02790,0,0,0,0,0,0
LINC02798,2,0,4,6,2,6
LINC02800,0,0,0,0,0,0
LINC02801,0,0,0,0,0,0
LINC02802,1,0,4,0,2,3
LINC02803,0,0,2,0,1,1
LINC02805,0,0,0,0,0,0
LINC02808,0,0,0,0,0,0
LINC02809,0,0,1,2,6,3
LINC02810,0,0,0,0,0,0
LINC02811,0,0,0,0,0,0
LINC02815,0,0,0,0,0,0
LINC02817,0,0,0,0,0,1
LINC02823,0,0,0,0,0,0
LINC02824,0,0,0,0,0,0
LINC02826,0,0,3,2,2,3
LINC02828,0,0,0,0,0,7
LINC02829,0,0,0,0,0,0
LINC02831,0,0,0,0,0,0
LINC02833,0,0,0,0,0,0
LINC02834,0,0,0,0,0,0
LINC02835,0,0,0,0,0,0
LINC02837,0,0,0,0,0,0
LINC02839,0,0,0,0,0,0
LINC02840,3,11,2,44,66,63
LINC02841,0,0,0,0,0,0
LINC02843,0,0,0,0,0,0
LINC02844,0,0,0,0,0,0
LINC02845,0,0,0,0,0,0
LINC02848,22,12,25,8,2,3
LINC02849,0,0,0,0,0,0
LINC02850,0,0,0,0,0,0
LINC02851,0,0,0,5,2,2
LINC02852,0,0,0,0,0,0
LINC02853,0,0,0,0,0,0
LINC02854,0,0,0,0,0,0
LINC02855,0,0,0,0,0,0
LINC02856,0,0,0,0,0,0
LINC02857,0,0,0,0,0,0
LINC02858,0,0,0,0,0,0
LINC02860,0,0,0,0,0,0
LINC02861,7,0,13,13,16,17
LINC02862,0,0,0,0,0,0
LINC02863,0,0,1,0,0,0
LINC02864,308,146,599,1926,2534,3025
LINC02868,0,0,0,0,0,0
LINC02869,0,0,0,2,0,2
LINC02872,0,0,0,0,0,0
LINC02873,0,0,0,0,0,0
LINC02875,1,0,0,0,4,2
LINC02876,0,0,0,0,0,0
LINC02877,0,0,0,1,0,0
LINC02880,0,0,0,2,4,1
LINC02881,0,0,0,0,0,0
LINC02882,3,0,6,3,8,7
LINC02884,0,0,0,0,0,0
LINC02889,11,7,16,2,1,1
LINC02891,0,0,0,0,0,0
LINC02893,22,9,55,48,62,63
LINC02894,43,36,129,31,30,39
LINC02897,11,11,13,3,4,3
LINC02898,0,0,0,0,0,0
LINC02899,0,0,0,0,0,0
LINC02900,0,0,0,0,0,0
LINC02901,3,4,15,6,9,9
LINC02902,0,0,0,0,0,1
LINC02903,0,0,0,0,0,0
LINC02906,0,0,0,0,0,0
LINC02907,0,0,1,0,0,0
LINC02908,7,0,20,5,31,28
LINC02909,0,0,0,0,0,0
LINC02910,0,0,0,0,0,0
LINC02912,0,0,0,0,0,0
LINC02914,0,0,0,0,0,0
LINC02915,0,0,0,0,1,0
LINC02920,0,0,0,1,0,1
LINC02925,16,2,68,24,48,77
LINC02927,0,0,0,0,0,0
LINC02930,0,0,2,2,5,7
LINC02931,2,5,0,1,1,3
LINC02932,0,0,0,0,0,1
LINC02936,1,0,7,0,2,1
LINC02941,0,0,0,1,0,1
LINC02944,1,0,2,1,4,5
LINC02945,0,0,0,0,0,0
LINC02947,0,0,0,0,0,0
LINC02949,0,0,0,0,0,0
LINC02950,9,0,37,15,20,29
LINC02951,0,0,0,0,0,0
LINC02953,0,0,0,0,0,0
LINC02954,0,0,0,0,0,0
LINC02955,0.5,0,0,0,0,0
LINC02957,0,0,0,0,0,0
LINC02961,0,0,0,0,0,0
LINC02963,0,0,0,0,0,0
LINC02965,0,0,0,0,1,2
LINC02971,0,0,0,0,0,0
LINC02980,75,13,115,90,111,148
LINC02981,39,6,74,14,7,8
LINC02982,0,0,1,5,9,1
LINC02983,3,0,60,0,7,5
LINC02984,73,16,132,113,131,153
LINC02985,0,0,0,0,0,0
LINC02987,173,69,183,422,333,507
LINC02989,0,0,0,0,0,0
LINC02991,0,0,0,0,0,0
LINC02994,39,2,65,55,40,59
LINC02995,4,2,1,0,0,0
LINC02997,4,0,4,0,0,1
LINC02999,0,0,0,0,0,0
LINC03002,1,0,0,7,2,4
LINC03004,0,0,0,0,0,0
LINC03007,26,5,36,64,49,60
LINC03008,0,0,0,0,0,0
LINC03011,5,3,23,4,7,4
LINC03012,0,0,0,0,0,0
LINC03013,0,0,0,0,0,0
LINC03014,12,0,24,1,7,10
LINC03016,0,0,0,1,0,0
LINC03017,0,0,0,0,0,0
LINC03018,0,1,0,46,62,62
LINC03019,0,0,0,0,0,0
LINC03020,0,0,0,0,0,0
LINC03021,0,0,0,0,0,0
LINC03022,0,0,0,3,0,4
LINC03023,0,0,0,0,0,0
LINC03025,0,0,0,0,0,0
LINC03026,63,24,68,7,2,3
LINC03031,0,0,0,0,0,0
LINC03033,9,3,23,10,15,9
LINC03034,0,0,0,0,0,0
LINC03036,3,3,6,0,1,0
LINC03040,1,0,0,1,7,9
LINC03041,0,0,0,0,1,1
LINC03042,0,0,3,0,1,1
LINC03043,0,0,0,0,0,1
LINC03046,0,0,0,0,0,0
LINC03047,0,0,6,0,1,1
LINC03048,4,0,24,2,19,33
LINC03049,0,9,1,9,25,22
LINC03050,0,0,0,0,0,0
LINC03051,0,0,0,0,0,0
LINC03052,9,8,17,10,25,43
LINC03053,0,0,0,0,0,0
LINC03054,0,0,0,0,0,0
LINC03060,0,0,0,0,0,2
LINC03062,0,0,1,0,0,0
LINC03063,0,0,0,1,0,0
LINC03064,0,0,0,0,0,0
LINC03065,4,7,2,2,0,2
LINC03066,0,0,0,0,0,0
LINC03069,0,0,0,0,0,0
LINC03070,0,0,0,0,0,0
LINC03074,0,0,0,0,0,0
LINC03078,0,0,0,0,0,0
LINC03083,0,0,0,0,0,0
LINC03084,0,0,0,0,0,0
LINC03088,18,3,20,6,8,12
LINC03093,0,0,0,0,0,0
LINC03094,0,0,0,0,0,0
LINC03095,0,0,0,0,0,0
LINC03098,0,0,0,0,0,0
LINC03099,0,0,0,0,3,1
LINC03102,0,0,0,0,0,0
LINC03103,0,0,0,0,0,0
LINC03104,3,1,8,13,20,27
LINC03105,0,0,0,0,0,0
LINC03106,0,0,0,0,0,0
LINC03111,0,0,0,0,0,0
LINC03122,0,0,0,0,0,0
LINC03123,0,0,0,0,0,0
LINC03124,0,0,0,35,18,24
LINC03125,0,0,0,68,60,64
LINC03126,2,0,2,0,3,0
LINC03129,6,4,28,3,28,26
LINC03133,0,0,0,0,0,0
LINC03135,0,0,1,0,0,0
LINCADL,0,0,0,0,0,0
LINGO1,0,0,10,0,13,16
LINGO1-AS1,0,0,0,0,0,0
LINGO1-AS2,0,0,0,0,0,0
LINGO2,0,0,0,0,0,0
LINGO3,2,0,1,0,0,3
LINGO4,9,0,22,1,2,3
LINS1,271,240,463,351,371,421
LIPA,366,243,739,5172,5348,6023
LIPC,0,0,0,0,0,0
LIPC-AS1,0,0,0,0,0,0
LIPE,0,0,1,0,0,0
LIPE-AS1,2,0,44,16,29,41
LIPF,0,0,0,3,1,1
LIPG,0,0,0,44,51,70
LIPH,210,130,423,4002,4327,4851
LIPI,0,0,0,3,0,5
LIPJ,0,0,0,2,0,2
LIPK,0,0,0,6,3,6
LIPM,0,0,0,0,1,2
LIPN,0,0,0,0,0,0
LIPT1,61,29,138,68,79,73
LIPT2,25,3,80,19,23,22
LIPT2-AS1,69,49,126,37,48,63
LITAF,1702,1034,4785,4939,8973,10245
LITAFD,0,0,0,0,0,0
LITATS1,24,11,71,33,101,105
LIX1,2,0,2,3,7,8
LIX1L,200,88,390,210,261,307
LIX1L-AS1,3,0,13,1,2,4
LKAAEAR1,0,0,0,0,0,0
LL22NC01-81G9.3,0,0,0,0,0,0
LL22NC03-63E9.3,0,0,0,10,17,17
LLCFC1,0,0,0,0,0,0
LLGL1,38,31,244,40,281,306
LLGL2,87,41,527,123,632,765
LLPH,188,118,330,447,405,425
LLPH-DT,0,0,2,0,6,3
LLPHP1,0,0,0,0,0,0
LMAN1,3344,1934,6072,9485,7462,9029
LMAN1L,0,0,4,0,6,6
LMAN2,508,206,4443,286,2604,2635
LMAN2L,255,133,673,312,830,867
LMBR1,635,322,1301,3828,3159,3866
LMBR1L,132,60,281,206,377,442
LMBRD1,1255,853,2541,1385,1436,1574
LMBRD2,1006,462,1640,2375,1539,2139
LMCD1,327,207,837,509,1398,1274
LMCD1-AS1,24,16,30,9,4,10
LMF1,36,2,140,42,174,257
LMF1-AS1,0,0,0,0,0,0
LMF2,19,11,230,13,217,224
LMLN,1048,475,1497,2781,2429,3275
LMLN-AS1,1,0,0,0,0,0
LMNA,618,336,3786,628,2623,2780
LMNB1,797,510,1841,2107,2679,2412
LMNB1-DT,0,0,0,1,0,0
LMNB2,211,78,1066,497,2201,2314
LMNTD1,4,0,2,37,29,27
LMNTD2,8,0,40,6,57,59
LMNTD2-AS1,35,2,256,11,70,86
LMO1,0,0,0,0,5,3
LMO2,5,6,19,9,5,6
LMO3,5,0,8,26,26,17
LMO4,611,299,1039,2605,2688,3167
LMO7,491,200,827,848,1087,1092
LMO7-AS1,5,0,11,15,10,20
LMO7DN,1,0,0,0,0,0
LMOD1,1,4,9,14,50,46
LMOD2,0,0,0,0,0,0
LMOD3,0,0,0,0,0,0
LMTK2,307,120,698,644,767,970
LMTK3,16,5,223,61,331,406
LMX1A,2,0,1,1,2,1
LMX1B,425,153,1897,60,297,326
LNC-LBCS,54,59,112,117,114,101
LNCAROD,1,0,0,467,372,512
LNCARSR,0,0,0,0,0,0
LNCATV,13,22,22,13,12,10
LNCBRM,0,0,0,0,0,0
LNCDAT,0,0,0,0,0,0
LNCEGFL7OS,0,0,0,0,0,0
LNCNEF,0,0,0,0,0,0
LNCOC1,3,0,3,12,10,14
LNCOG,0,0,0,1,8,3
LNCPOIR,0,0,0,0,0,0
LNCPRESS1,4,0,0,1,0,0
LNCSRLR,2,0,3,6,6,5
LNCTAM34A,42,0,68,23,72,60
LNP1,13,1,24,10,27,16
LNPEP,3610,1616,4977,6342,3621,5420
LNPK,767,479,1461,2228,1802,2139
LNX1,75,53,239,96,204,210
LNX1-AS1,0,0,0,0,0,0
LNX2,669,355,1284,592,769,931
LOC100127917,0,0,0,0,0,0
LOC100128052,0,0,0,0,0,0
LOC100128059,0,0,0,0,0,0
LOC100128093,0,0,0,1,0,0
LOC100128210,0,0,0,0,0,0
LOC100128293,0,0,0,0,0,0
LOC100128310,0,0,0,0,0,0
LOC100128334,0,0,2,0,0,1
LOC100128362,0,0,0,0,0,0
LOC100128373,0,0,0,0,0,0
LOC100128494,5,0,8,7,10,14
LOC100128548,0,0,0,0,0,0
LOC100128601,0,0,0,2,0,0
LOC100128610,0,0,0,0,0,0
LOC100128655,0,0,0,0,0,0
LOC100128674,0,0,0,0,0,0
LOC100128770,12,0,13,0,7,3
LOC100128833,0,0,0,0,0,0
LOC100128906,0,0,0,0,0,0
LOC100128939,0,0,0,0,0,0
LOC100129078,0,0,0,0,0,0
LOC100129135,0,0,0,0,0,0
LOC100129144,0,0,0,0,0,0
LOC100129175,11,0,23,3,2,2
LOC100129203,3,0,1,6,2,7
LOC100129215,0,0,17,2,14,7
LOC100129276,0,0,0,0,0,0
LOC100129291,0,0,0,0,0,0
LOC100129307,0,0,0,0,0,0
LOC100129344,0,0,0,0,0,0
LOC100129367,0,0,0,0,0,0
LOC100129404,0,0,0,0,0,0
LOC100129422,0,0,0,0,0,0
LOC100129434,304,206,566,61,55,59
LOC100129456,0,0,0,0,0,0
LOC100129457,0,0,0,0,0,0
LOC100129527,0,0,0,0,0,0
LOC100129540,0,0,0,0,0,0
LOC100129554,0,0,0,0,0,0
LOC100129573,0,0,0,0,0,0
LOC100129589,0,0,0,0,0,0
LOC100129607,0,0,0,0,0,0
LOC100129616,0,0,0,0,0,0
LOC100129667,0,0,0,0,0,0
LOC100129734,0,0,0,0,0,0
LOC100129774,43,15,57,90,60,106
LOC100129776,0,0,0,0,0,0
LOC100129844,0,0,2,0,0,2
LOC100129847,0,0,0,0,0,0
LOC100129923,0,0,0,0,0,0
LOC100129931,2,11,3,3,2,5
LOC100129947,0,0,0,0,0,0
LOC100129949,0,0,0,0,0,0
LOC100130018,0,0,0,0,0,0
LOC100130072,0,0,0,0,0,0
LOC100130121,0,0,0,0,0,0
LOC100130137,0,0,0,0,0,0
LOC100130177,0,0,0,0,0,0
LOC100130203,0,0,0,0,0,0
LOC100130268,0,0,0,0,0,0
LOC100130331,0,0,0,0,1,0
LOC100130357,7,0,7,15,11,10
LOC100130548,0,0,0,0,0,0
LOC100130587,0,0,1,0,0,0
LOC100130602,0,0,0,0,0,0
LOC100130612,0,0,0,0,0,0
LOC100130620,0,0,0,0,0,0
LOC100130691,0,0,0,0,0,0
LOC100130714,0,0,0,0,0,0
LOC100130731,0,0,0,0,0,0
LOC100130748,0,0,0,0,1,0
LOC100130801,1,0,1,11,3,9
LOC100130861,0,0,0,0,0,0
LOC100130881,0,0,0,0,0,2
LOC100131011,0,0,0,0,0,0
LOC100131038,0,0,0,0,0,0
LOC100131041,0,0,0,0,0,0
LOC100131080,0,0,0,0,0,0
LOC100131107,0,0,0,0,0,0
LOC100131264,0,0,0,0,0,0
LOC100131348,0,0,0,0,0,0
LOC100131425,3,0,5,1,2,1
LOC100131441,0,0,0,0,0,0
LOC100131465,0,0,0,0,0,0
LOC100131496,0,0,2,0,0,0
LOC100131553,0,0,0,0,0,0
LOC100131557,0,0,0,0,0,0
LOC100131635,0,0,0,0,0,0
LOC100131736,0,0,0,0,0,0
LOC100131779,0,0,0,0,0,0
LOC100131785,0,0,0,0,0,0
LOC100131939,0,0,0,0,0,0
LOC100132078,0,0,0,0,0,0
LOC100132172,0,0,0,0,0,0
LOC100132249,29,4,43,57,28,40
LOC100132280,0,0,0,0,0,0
LOC100132524,0,0,0,0,0,0
LOC100132599,0,0,0,0,0,0
LOC100132609,0,0,0,0,0,0
LOC100132647,0,0,0,0,0,0
LOC100132659,0,0,0,0,0,0
LOC100132669,0,0,0,0,0,0
LOC100132686,0,0,0,1,0,1
LOC100132834,0,0,0,0,0,0
LOC100132857,0,0,0,0,0,1
LOC100132977,0,0,0,0,1,3
LOC100133029,0,0,0,0,0,0
LOC100133077,0,0,0,0,0,0
LOC100133102,0,0,0,0,0,0
LOC100133127,0,0,0,0,0,0
LOC100133137,0,0,0,0,0,0
LOC100133225,0,0,0,0,0,0
LOC100133252,0,0,0,0,0,0
LOC100133316,0,0,0,0,0,0
LOC100134391,0,0,0,0,0,0
LOC100192426,0,0,0,0,0,0
LOC100271832,0,0,0,3,1,0
LOC100286946,0,0,0,0,0,0
LOC100286962,0,0,0,0,0,0
LOC100286997,0,0,2,1,0,0
LOC100287014,0,0,0,0,0,0
LOC100287148,0,0,0,0,0,0
LOC100287243,0,0,0,0,0,0
LOC100287355,0,0,0,0,0,0
LOC100287357,0,0,0,1,0,0
LOC100287430,0,0,0,0,0,0
LOC100287498,0,0,0,0,0,0
LOC100287539,0,0,0,0,0,0
LOC100287704,0,0,0,0,0,0
LOC100287792,2,5,0,0,0,0
LOC100287808,10,0,48,16,27,22
LOC100287840,0,0,0,0,0,0
LOC100287856,0,0,0,0,0,0
LOC100287944,0,0,0,0,0,0
LOC100288001,0,0,0,1,1,2
LOC100288073,16,18,9,0,1,3
LOC100288097,0,0,0,0,0,0
LOC100288123,0,0,0,0,0,0
LOC100288146,0,0,0,0,0,0
LOC100288172,0,0,0,1,0,0
LOC100288208,0,0,0,0,0,0
LOC100288233,0,0,0,0,0,0
LOC100288241,0,0,0,0,0,0
LOC100288416,0,0,0,0,0,0
LOC100288484,0,0,0,0,0,0
LOC100288510,0,0,0,0,0,0
LOC100288590,0,0,0,0,0,0
LOC100288637,121,43,245,109,124,103
LOC100288683,0,0,0,0,0,0
LOC100288728,0,0,0,0,0,1
LOC100288763,0,0,0,0,0,0
LOC100288803,0,0,0,0,0,0
LOC100288853,0,0,0,0,0,0
LOC100288966,0,0,0,0,2,0
LOC100289037,0,0,0,0,0,0
LOC100289091,0,0,0,0,0,0
LOC100289206,0,0,0,0,0,0
LOC100289230,1,0,19,3,4,5
LOC100289361,3,1,22,5,12,13
LOC100289416,0,0,0,0,0,0
LOC100289470,0,0,0,0,0,0
LOC100289479,0,0,0,0,0,0
LOC100289495,4,0,6,20,15,15
LOC100289518,10,15,27,12,15,9
LOC100289568,0,0,0,0,0,0
LOC100294713,0,0,0,0,0,0
LOC100310782,0,0,0,0,0,0
LOC100418723,0,0,0,0,0,0
LOC100418768,0,0,0,0,0,0
LOC100418874,0,0,0,0,0,0
LOC100418885,0,0,0,0,0,0
LOC100418888,0,0,0,0,0,0
LOC100418959,0,0,0,0,0,0
LOC100418961,0,0,0,0,0,0
LOC100418965,0,0,0,0,0,0
LOC100419016,0,0,0,0,0,0
LOC100419045,0,0,0,0,0,0
LOC100419046,0,0,0,0,0,0
LOC100419058,0,0,0,0,0,0
LOC100419073,0,0,3,1,1,0
LOC100419092,0,0,0,0,0,0
LOC100419154,0,0,0,0,0,0
LOC100419293,0,0,0,0,0,0
LOC100419318,0,0,0,1,0,0
LOC100419319,0,0,0,0,0,0
LOC100419356,0,0,0,0,0,0
LOC100419366,0,0,0,0,0,0
LOC100419436,6,0,7,1,0,2
LOC100419447,0,0,0,0,0,0
LOC100419458,0,0,0,0,0,0
LOC100419503,0,0,0,0,0,0
LOC100419506,0,0,0,1,1,1
LOC100419512,0,0,0,0,0,0
LOC100419513,0,0,0,0,0,0
LOC100419515,9,0,13,0,0,0
LOC100419553,0,0,0,0,0,0
LOC100419562,0,0,0,0,0,0
LOC100419572,0,0,0,0,0,0
LOC100419574,0,0,0,0,0,0
LOC100419615,0,0,0,0,0,0
LOC100419616,0,0,0,0,0,0
LOC100419624,0,0,0,0,0,0
LOC100419639,0,0,0,0,0,0
LOC100419641,0,0,0,0,0,0
LOC100419642,1,0,0,3,5,0
LOC100419644,0,0,0,0,0,0
LOC100419654,0,0,0,0,0,0
LOC100419668,1,0,2,1,4,4
LOC100419679,0,0,0,0,0,0
LOC100419684,0,0,0,0,0,0
LOC100419685,0,0,0,0,0,0
LOC100419691,0,0,0,0,0,0
LOC100419692,0,0,0,0,0,0
LOC100419693,0,0,0,0,0,0
LOC100419700,0,0,0,0,0,0
LOC100419701,0,0,0,0,0,0
LOC100419704,2,0,0,0,0,0
LOC100419712,0,0,0,0,0,0
LOC100419713,0,0,0,0,0,0
LOC100419716,0,0,0,0,0,0
LOC100419739,0,0,0,0,0,0
LOC100419741,0,0,0,0,0,0
LOC100419755,0,0,0,0,0,0
LOC100419761,0,0,0,0,0,0
LOC100419762,0,0,0,0,0,0
LOC100419774,0,0,0,0,0,0
LOC100419775,0,0,0,0,0,0
LOC100419783,0,0,0,0,0,0
LOC100419784,0,0,0,0,0,0
LOC100419786,0,0,0,0,0,0
LOC100419791,0,0,0,0,0,0
LOC100419806,0,0,0,0,0,0
LOC100419812,0,0,0,0,0,0
LOC100419824,0,4,1,0,0,0
LOC100419830,0,0,0,0,0,0
LOC100419839,0,0,0,0,0,0
LOC100419847,0,0,0,0,0,0
LOC100419851,0,0,0,0,0,0
LOC100419859,0,0,0,0,0,0
LOC100419861,0,0,0,0,0,0
LOC100419891,0,0,0,0,0,0
LOC100419894,0,0,0,0,0,0
LOC100419912,0,0,0,0,0,0
LOC100419913,0,0,0,0,0,0
LOC100419917,0,0,0,0,1,1
LOC100419928,0,2,0,0,0,0
LOC100419932,0,0,0,0,0,0
LOC100419960,0,0,0,0,0,0
LOC100419977,0,0,0,0,0,0
LOC100420006,0,0,0,0,0,0
LOC100420008,0,0,0,1,0,0
LOC100420011,4,0,4,5,0,2
LOC100420019,0,0,0,0,0,0
LOC100420020,0,0,0,0,1,0
LOC100420027,0,0,0,0,0,0
LOC100420052,0,0,0,0,0,0
LOC100420053,0,0,0,0,0,0
LOC100420057,0,0,0,0,0,0
LOC100420066,0,0,0,0,0,0
LOC100420083,0,0,0,0,0,0
LOC100420084,0,0,0,0,0,0
LOC100420089,0,0,0,0,0,0
LOC100420096,0,0,0,0,0,0
LOC100420114,0,0,1,0,0,0
LOC100420116,0,0,0,0,0,0
LOC100420119,0,0,0,0,0,0
LOC100420122,0,0,0,0,0,0
LOC100420127,0,0,0,0,0,0
LOC100420186,0,0,0,0,0,0
LOC100420187,0,0,0,0,0,0
LOC100420205,0,0,0,0,0,0
LOC100420211,0,0,0,0,0,0
LOC100420214,0,0,0,0,0,0
LOC100420226,0,0,0,0,0,0
LOC100420228,0,0,0,0,0,0
LOC100420247,0,0,0,0,0,0
LOC100420250,0,0,0,0,0,0
LOC100420254,0,0,0,0,0,0
LOC100420298,0,0,0,0,0,0
LOC100420320,0,0,0,0,0,0
LOC100420321,0,0,0,0,0,0
LOC100420323,0,0,0,0,0,0
LOC100420324,0,0,0,0,0,0
LOC100420325,0,0,0,0,0,0
LOC100420336,0,0,0,0,0,0
LOC100420347,0,0,0,0,0,0
LOC100420385,0,0,0,0,0,0
LOC100420386,0,0,0,0,0,0
LOC100420403,0,0,0,0,0,0
LOC100420423,0,0,1,0,0,0
LOC100420424,0,0,0,0,0,0
LOC100420430,0,0,0,0,0,0
LOC100420466,0,0,0,0,0,0
LOC100420514,0,0,0,0,0,0
LOC100420531,0,0,0,0,0,0
LOC100420532,0,0,0,0,0,0
LOC100420534,0,0,0,0,0,0
LOC100420540,0,0,0,0,0,0
LOC100420541,0,0,0,0,0,0
LOC100420545,0,0,0,0,0,0
LOC100420569,0,0,0,0,0,0
LOC100420572,0,0,2,0,0,0
LOC100420576,0,0,0,0,0,0
LOC100420580,0,0,0,0,0,0
LOC100420583,0,0,0,0,0,0
LOC100420587,0,0,0,0,0,0
LOC100420642,0,0,0,0,0,0
LOC100420647,0,0,0,0,0,0
LOC100420658,0,0,0,0,0,0
LOC100420680,0,0,0,0,0,0
LOC100420683,0,0,0,0,0,0
LOC100420707,0,1,0,1,0,1
LOC100420742,0,0,0,0,0,0
LOC100420746,0,3,2,1,2,1
LOC100420765,0,0,0,0,0,0
LOC100420775,0,0,0,1,3,5
LOC100420790,0,0,0,0,0,0
LOC100420800,0,0,0,0,0,0
LOC100420801,0,0,0,0,0,0
LOC100420802,0,0,0,0,0,0
LOC100420803,0,0,0,0,0,0
LOC100420839,0,0,0,0,0,0
LOC100420845,0,0,0,0,0,0
LOC100420864,0,0,0,0,0,0
LOC100420872,0,0,0,0,0,0
LOC100420879,0,0,0,0,0,0
LOC100420880,0,0,0,0,0,0
LOC100420899,0,0,0,0,0,0
LOC100420930,0,0,0,0,0,0
LOC100420944,0,0,0,0,0,0
LOC100420981,6,0,12,9,7,13
LOC100420983,0,0,0,0,0,0
LOC100420990,0,0,0,0,0,0
LOC100421009,0,0,0,0,0,0
LOC100421023,0,0,0,0,0,0
LOC100421028,0,0,0,0,0,0
LOC100421074,0,0,0,0,0,0
LOC100421087,0,0,0,0,0,0
LOC100421093,0,0,0,0,0,0
LOC100421094,0,0,0,0,0,0
LOC100421100,0,0,0,1,0,0
LOC100421116,0,0,0,0,0,0
LOC100421122,0,0,0,0,0,0
LOC100421126,0,0,0,0,0,0
LOC100421141,0,0,0,0,0,0
LOC100421142,0,0,0,0,0,0
LOC100421158,0,0,0,0,0,0
LOC100421160,0,0,0,0,0,0
LOC100421165,0,0,0,0,0,0
LOC100421173,0,0,0,0,0,0
LOC100421201,0,0,0,0,0,0
LOC100421202,0,0,0,0,0,0
LOC100421246,0,0,0,0,0,0
LOC100421257,0,0,0,0,0,0
LOC100421259,0,0,0,0,0,0
LOC100421273,0,0,0,0,0,0
LOC100421294,0,0,0,0,0,0
LOC100421308,0,0,0,0,0,0
LOC100421330,0,0,0,0,0,0
LOC100421336,0,0,0,0,0,0
LOC100421343,0,0,0,0,0,0
LOC100421347,0,0,0,0,0,0
LOC100421364,0,0,0,1,0,0
LOC100421385,0,0,0,0,0,0
LOC100421386,0,0,0,0,0,0
LOC100421387,0,0,0,0,0,0
LOC100421400,0,0,0,0,0,0
LOC100421402,2,1,7,5,9,8
LOC100421465,0,0,0,0,0,0
LOC100421468,0,0,1,0,0,0
LOC100421527,0,0,0,0,0,0
LOC100421548,0,0,0,0,0,0
LOC100421558,0,0,0,0,0,0
LOC100421603,0,0,0,0,0,0
LOC100421611,0,0,0,0,0,0
LOC100421620,0,0,0,0,0,0
LOC100421622,0,0,1,0,1,0
LOC100421646,0,0,0,0,1,0
LOC100421651,0,0,0,0,0,0
LOC100421658,0,0,0,0,0,0
LOC100421667,0,0,0,0,0,0
LOC100421673,0,0,0,0,0,0
LOC100421674,0,0,0,0,0,1
LOC100421684,0,0,0,0,0,0
LOC100421692,0,0,0,0,0,0
LOC100421751,0,0,0,0,0,0
LOC100421775,0,0,0,0,0,0
LOC100421782,0,0,0,0,0,0
LOC100421787,0,0,0,0,0,0
LOC100421808,0,0,0,0,0,0
LOC100421842,0,0,0,0,0,0
LOC100421870,0,0,0,0,0,0
LOC100421901,0,0,0,0,0,0
LOC100421910,0,0,0,0,0,0
LOC100421985,0,0,0,0,0,0
LOC100422013,0,0,0,0,0,0
LOC100422020,0,0,0,0,0,0
LOC100422022,0,0,0,0,0,0
LOC100422024,0,0,0,0,0,0
LOC100422053,0,0,0,0,0,0
LOC100422106,0,0,0,0,0,0
LOC100422188,0,0,0,0,0,0
LOC100422189,0,0,0,0,0,0
LOC100422190,0,0,0,0,0,0
LOC100422204,2,0,0,1,2,0
LOC100422225,0,0,0,0,0,0
LOC100422263,0,0,2,1,0,0
LOC100422267,0,0,0,0,0,0
LOC100422274,0,0,0,0,0,0
LOC100422287,0,0,0,0,0,0
LOC100422300,1,0,1,1,1,0
LOC100422317,0,0,0,0,0,2
LOC100422319,0,0,0,0,0,0
LOC100422325,0,0,0,0,0,0
LOC100422334,0,0,0,0,0,0
LOC100422376,0,0,0,0,0,0
LOC100422382,0,0,0,1,0,2
LOC100422398,0,0,1,1,4,2
LOC100422399,0,0,2,2,0,1
LOC100422418,0,0,0,0,0,0
LOC100422441,2,0,0,0,0,1
LOC100422453,0,0,0,0,0,0
LOC100422491,0,0,0,0,0,0
LOC100422492,0,0,0,0,0,0
LOC100422493,0,0,0,0,0,0
LOC100422497,0,0,0,0,0,0
LOC100422513,0,0,0,0,0,0
LOC100422519,0,0,0,0,0,0
LOC100422526,2,0,7,0,1,2
LOC100422528,0,0,0,0,0,0
LOC100422529,0,0,0,0,0,0
LOC100422548,0,0,0,0,0,0
LOC100422549,0,0,0,0,0,0
LOC100422564,0,0,0,0,0,0
LOC100422587,0,0,0,0,0,0
LOC100422614,0,0,0,0,0,0
LOC100422622,0,0,0,0,0,0
LOC100422627,1,0,0,0,0,0
LOC100422633,0,0,0,0,0,0
LOC100422637,0,0,0,0,0,0
LOC100422638,0,0,0,0,0,0
LOC100422639,0,0,0,0,0,0
LOC100422640,0,0,0,0,0,0
LOC100422641,0,0,0,0,0,0
LOC100422671,0,0,0,0,0,0
LOC100422685,0,0,0,0,0,0
LOC100422687,0,0,0,0,0,0
LOC100499471,0,0,0,0,0,0
LOC100500719,0,0,0,0,0,0
LOC100505502,0,0,0,0,0,0
LOC100505715,0,0,0,0,0,0
LOC100505716,0,0,0,0,0,0
LOC100505774,52,43,129,31,26,27
LOC100505782,2,0,0,0,0,0
LOC100505851,4,0,2,12,3,6
LOC100505915,0,0,5,0,2,0
LOC100505978,0,0,0,0,0,0
LOC100505985,0,0,0,0,0,0
LOC100506071,0,0,0,2,1,1
LOC100506103,0,0,0,0,0,0
LOC100506207,16,7,38,11,11,11
LOC100506224,0,0,0,0,0,0
LOC100506235,23,20,16,11,12,9
LOC100506271,0,0,0,0,0,0
LOC100506274,0,0,0,0,0,0
LOC100506321,0,0,1,1,0,0
LOC100506405,0,0,0,0,0,0
LOC100506444,0,0,0,0,0,0
LOC100506474,0,0,0,0,0,0
LOC100506489,0,0,0,0,0,0
LOC100506551,0,0,0,0,0,0
LOC100506606,11,0,8,27,29,31
LOC100506869,0,0,0,0,0,0
LOC100506911,0,0,0,0,0,0
LOC100506937,0,0,0,0,0,0
LOC100507053,3,0,2,35,20,22
LOC100507250,8,5,17,10,18,12
LOC100507336,4,0,5,6,8,3
LOC100507384,0,0,0,0,0,0
LOC100507403,1,0,0,0,1,0
LOC100507464,0,0,0,0,0,0
LOC100507547,17,2,31,5,51,48
LOC100507562,0,0,0,0,0,0
LOC100508046,0,0,0,0,0,0
LOC100533622,0,0,0,0,0,0
LOC100533628,0,0,0,0,0,0
LOC100533629,0,0,0,0,0,0
LOC100533631,0,0,0,0,0,0
LOC100533634,0,0,2,4,3,1
LOC100533643,0,0,0,0,0,1
LOC100533653,0,0,0,0,0,0
LOC100533667,0,0,0,0,0,0
LOC100533669,0,0,0,0,0,0
LOC100533670,0,0,0,0,0,0
LOC100533677,0,0,0,0,0,0
LOC100533679,0,0,0,0,0,0
LOC100533706,0,0,0,0,0,0
LOC100533708,0,0,0,0,0,0
LOC100533723,0,0,0,0,0,0
LOC100533727,0,0,0,0,0,0
LOC100533728,0,0,0,0,0,0
LOC100533729,0,0,0,0,0,0
LOC100533736,0,0,0,0,0,0
LOC100533787,0,0,0,0,0,0
LOC100533848,0,0,0,0,0,0
LOC100533852,0,0,0,0,0,0
LOC100533997,0,4,0,0,0,0
LOC100631242,1,0,0,0,0,0
LOC100631243,0,0,0,0,0,0
LOC100631258,0,0,0,0,0,0
LOC100652758,16,2,151,16,52,50
LOC100652833,0,0,0,0,0,0
LOC100652871,0,0,0,0,0,0
LOC100652960,0,0,0,0,0,0
LOC100652967,0,0,0,1,0,0
LOC100652999,2,0,8,2,0,0
LOC100859919,0,0,0,0,0,0
LOC100887072,0,0,0,0,0,0
LOC100887080,0,0,0,1,0,0
LOC100967223,0,0,0,0,0,0
LOC100996318,12,0,6,18,13,25
LOC100996361,2,0,4,1,0,1
LOC100996384,0,0,0,0,0,0
LOC100996385,0,0,0,0,0,0
LOC100996437,47,32,68,5,16,24
LOC100996583,0,0,0,0,0,0
LOC100996660,10,0,34,37,38,38
LOC100996671,0,0,0,0,0,0
LOC100996696,0,0,0,0,0,0
LOC100996792,0,0,0,0,0,0
LOC100996886,0,0,0,0,0,0
LOC101059915,0,0,0,0,0,0
LOC101059974,1,0,2,0,0,3
LOC101060000,0,0,0,0,0,0
LOC101060021,0,0,0,0,0,0
LOC101060035,0,0,0,0,0,0
LOC101060042,0,0,0,0,0,0
LOC101060067,0,0,0,0,0,0
LOC101060119,0,0,0,0,0,0
LOC101060164,0,0,0,0,0,0
LOC101060199,0,0,0,0,0,0
LOC101926907,5,0,23,2,5,5
LOC101926908,0,0,0,0,0,0
LOC101926956,0,0,0,0,0,0
LOC101926964,0,0,0,0,0,0
LOC101927018,0,0,0,0,0,0
LOC101927020,10,2,21,1,3,4
LOC101927023,0,0,0,0,0,0
LOC101927026,0,0,0,0,0,0
LOC101927040,0,0,0,0,0,0
LOC101927042,0,0,0,0,0,0
LOC101927072,2,0,0,0,0,0
LOC101927131,0,0,0,0,0,0
LOC101927141,0,0,0,0,0,0
LOC101927143,0,0,0,0,0,0
LOC101927159,0,0,0,0,0,0
LOC101927164,0,0,0,0,1,1
LOC101927179,0,0,0,0,0,0
LOC101927188,0,0,0,0,0,0
LOC101927227,0,0,0,0,0,0
LOC101927237,0,0,0,2,0,0
LOC101927245,1,7,3,6,4,5
LOC101927253,0,0,0,0,0,0
LOC101927293,2,0,3,0,0,2
LOC101927314,0,0,0,26,15,24
LOC101927358,0,0,0,0,0,0
LOC101927377,2,0,11,3,5,5
LOC101927388,0,0,0,0,0,0
LOC101927401,92,20,229,4,14,19
LOC101927410,0,0,0,0,0,0
LOC101927413,0,0,0,0,0,0
LOC101927418,0,0,0,0,0,0
LOC101927434,0,0,0,0,0,0
LOC101927450,0,0,0,0,0,0
LOC101927468,0,0,1,1,1,1
LOC101927483,0,0,3,0,0,0
LOC101927495,28,0,80,27,61,135
LOC101927513,0,0,0,0,0,0
LOC101927531,0,0,0,0,0,0
LOC101927539,0,0,0,0,0,0
LOC101927543,0,0,0,0,0,0
LOC101927551,0,0,0,1,0,0
LOC101927557,0,0,0,0,0,0
LOC101927560,16,0,21,12,19,18
LOC101927571,2,0,9,20,10,23
LOC101927575,0,0,0,0,0,0
LOC101927588,0,0,0,0,0,0
LOC101927605,0,0,0,0,0,0
LOC101927608,3,0,4,0,5,5
LOC101927609,3,3,1,4,1,1
LOC101927657,0,0,0,0,0,0
LOC101927661,0,0,0,0,0,0
LOC101927687,1,0,0,5,3,3
LOC101927690,0,0,0,0,0,0
LOC101927692,0,0,2,1,2,1
LOC101927702,1,0,0,1,5,1
LOC101927708,1,0,1,2,1,5
LOC101927711,0,0,0,0,3,0
LOC101927727,0,0,0,0,0,0
LOC101927769,0,0,0,0,0,0
LOC101927787,1,4,0,20,18,17
LOC101927793,0,0,0,0,0,1
LOC101927798,0,0,0,0,0,0
LOC101927822,0,0,0,0,0,0
LOC101927825,0,0,0,0,0,0
LOC101927827,0,0,0,0,0,0
LOC101927839,0,0,0,0,0,0
LOC101927845,0,0,0,0,0,0
LOC101927855,0,0,1,0,1,0
LOC101927857,0,0,0,1,0,0
LOC101927879,0,0,0,0,0,0
LOC101927888,2,0,0,2,0,1
LOC101927908,0,0,0,0,0,0
LOC101927911,19,2,39,4,9,9
LOC101927914,0,0,0,0,0,0
LOC101927948,0,0,0,0,0,0
LOC101927950,0,0,0,0,0,0
LOC101927993,0,0,0,0,0,0
LOC101928002,0,0,2,1,0,1
LOC101928008,0,0,0,0,1,0
LOC101928009,0,0,0,0,0,0
LOC101928012,0,0,0,0,0,0
LOC101928014,0,0,0,0,0,0
LOC101928016,0,0,0,0,0,0
LOC101928052,0,0,0,0,0,0
LOC101928053,12,6,9,6,10,10
LOC101928059,0,0,3,0,1,2
LOC101928087,0,0,0,0,0,0
LOC101928093,0,0,0,0,0,0
LOC101928107,0,0,0,0,0,0
LOC101928143,0,0,0,0,0,0
LOC101928196,0,0,0,0,0,0
LOC101928201,0,0,0,0,0,0
LOC101928251,0,0,0,0,0,0
LOC101928253,0,0,0,0,0,0
LOC101928254,0,0,0,0,0,0
LOC101928266,0,0,2,0,0,0
LOC101928295,0,0,0,0,0,0
LOC101928317,0,0,0,0,0,0
LOC101928335,0,0,0,0,0,0
LOC101928357,0,0,0,0,0,0
LOC101928371,0,0,0,0,0,1
LOC101928372,0,0,0,0,0,0
LOC101928373,0,0,0,0,0,0
LOC101928380,0,0,0,0,0,0
LOC101928386,0,0,0,0,0,0
LOC101928389,0,0,0,0,0,0
LOC101928392,0,0,0,0,0,0
LOC101928398,0,0,0,0,0,0
LOC101928401,32,19,63,47,64,70
LOC101928416,0,0,0,0,0,0
LOC101928417,0,0,0,0,0,0
LOC101928438,0,0,2,1,2,3
LOC101928446,0,0,0,0,0,0
LOC101928463,0,0,0,0,0,0
LOC101928475,0,0,0,0,0,0
LOC101928495,0,0,3,6,3,5
LOC101928499,0,0,0,0,0,0
LOC101928505,0,0,0,0,1,0
LOC101928516,0,0,0,1,0,0
LOC101928517,0,0,0,0,0,0
LOC101928525,0,0,0,0,0,0
LOC101928532,0,0,0,0,0,0
LOC101928557,0,0,0,0,0,0
LOC101928565,0,0,0,0,0,0
LOC101928596,0,0,0,0,0,0
LOC101928618,0,0,0,0,0,0
LOC101928622,0,0,0,0,0,0
LOC101928627,0,0,0,0,0,0
LOC101928628,0,0,0,0,0,0
LOC101928651,0,0,0,0,0,0
LOC101928682,0,0,0,0,0,0
LOC101928708,0,0,0,0,0,0
LOC101928718,3,1,2,1,4,0
LOC101928721,0,0,0,0,0,0
LOC101928733,0,0,0,0,0,0
LOC101928748,0,0,0,0,0,0
LOC101928782,0,0,0,0,0,0
LOC101928797,0,0,0,0,0,0
LOC101928834,0,0,0,0,0,0
LOC101928844,0,0,0,0,0,0
LOC101928847,0,0,0,0,0,0
LOC101928850,0,0,0,0,0,0
LOC101928855,0,0,0,0,0,0
LOC101928866,0,0,0,0,0,0
LOC101928868,0,0,0,0,0,0
LOC101928881,0,0,0,0,0,0
LOC101928882,0,0,0,0,0,0
LOC101928894,1,0,0,8,9,8
LOC101928896,0,0,0,0,0,0
LOC101928906,0,0,0,0,0,0
LOC101928924,0,0,0,0,0,0
LOC101928932,1,0,2,0,0,0
LOC101928937,0,0,0,0,0,0
LOC101928940,0,0,0,0,0,1
LOC101928952,0,0,0,0,0,0
LOC101928965,1,0,15,3,5,5
LOC101928988,0,0,0,0,0,0
LOC101928994,0,0,0,2,3,2
LOC101929004,0,0,0,0,0,0
LOC101929021,0,0,0,0,0,0
LOC101929053,0,0,0,0,0,0
LOC101929073,0,0,0,0,0,0
LOC101929104,0,0,0,0,0,0
LOC101929106,20,5,18,6,8,8
LOC101929109,0,0,0,0,0,0
LOC101929116,0,0,0,0,0,0
LOC101929124,0,0,0,2,0,3
LOC101929130,0,0,0,0,0,0
LOC101929141,1,0,0,0,0,0
LOC101929148,0,0,0,0,0,0
LOC101929154,0,0,0,0,0,0
LOC101929174,0,0,0,0,0,1
LOC101929200,9,13,14,7,3,3
LOC101929227,0,0,0,0,0,0
LOC101929237,0,0,0,0,0,0
LOC101929268,0,0,0,0,0,0
LOC101929269,0,0,0,0,0,0
LOC101929270,13,3,26,18,23,32
LOC101929297,0,0,0,0,0,0
LOC101929305,0,0,0,0,0,0
LOC101929308,1,0,0,0,0,0
LOC101929341,0,0,0,0,0,0
LOC101929372,0,0,0,1,6,1
LOC101929386,0,0,0,0,0,0
LOC101929408,0,0,0,1,2,3
LOC101929413,0,0,0,0,0,0
LOC101929420,0,0,0,0,0,0
LOC101929427,0,0,0,0,0,0
LOC101929439,0,0,0,0,0,0
LOC101929452,0,0,0,0,0,0
LOC101929457,0,0,0,2,0,4
LOC101929460,0,0,0,0,1,0
LOC101929470,2,0,0,1,0,4
LOC101929473,0,0,0,0,0,0
LOC101929488,0,0,0,0,0,0
LOC101929494,0,0,0,0,0,0
LOC101929532,0,0,0,0,0,0
LOC101929536,0,0,4,0,2,2
LOC101929538,0,0,0,0,0,0
LOC101929551,0,0,0,0,0,0
LOC101929552,1,0,4,0,2,0
LOC101929563,0,0,0,377,202,295
LOC101929566,1,0,6,2,9,8
LOC101929572,0,0,0,0,0,0
LOC101929577,1,0,0,0,0,0
LOC101929586,0,0,0,0,0,0
LOC101929609,14,0,25,27,15,34
LOC101929626,3,0,4,6,3,3
LOC101929653,0,0,0,0,0,0
LOC101929657,0,0,1,0,0,1
LOC101929662,0,0,0,0,0,0
LOC101929667,0,0,0,0,0,0
LOC101929691,0,0,5,0,5,2
LOC101929698,0,0,0,0,0,0
LOC101929710,0,0,1,2,1,2
LOC101929718,0,0,0,6,5,2
LOC101929719,60,22,98,72,78,83
LOC101929748,0,0,0,0,0,0
LOC101929918,0,0,0,3,2,1
LOC101930028,0,8,0,0,0,0
LOC101930041,0,0,0,0,0,0
LOC101930090,0,0,0,0,0,0
LOC101930100,48,27,66,37,54,41
LOC101930276,0,0,0,0,0,0
LOC101930420,5,0,2,1,2,1
LOC101930421,0,0,0,0,0,0
LOC102546299,1,0,6,435,384,508
LOC102723313,0,0,0,0,0,0
LOC102723323,0,0,0,0,0,0
LOC102723324,2,0,15,4,10,12
LOC102723335,0,0,0,0,0,0
LOC102723341,0,0,0,0,0,0
LOC102723364,0,0,0,0,0,0
LOC102723407,0,0,0,0,0,0
LOC102723427,0,0,0,0,0,0
LOC102723446,0,0,0,2,0,2
LOC102723451,0,0,0,0,0,0
LOC102723475,0,0,0,0,0,0
LOC102723502,0,0,0,0,0,0
LOC102723532,0,0,0,0,0,0
LOC102723536,0,0,0,0,0,0
LOC102723544,0,0,0,0,0,0
LOC102723553,1,0,0,1,0,0
LOC102723566,16,1,82,10,58,80
LOC102723604,0,0,0,0,0,0
LOC102723655,0,0,0,0,0,0
LOC102723663,0,0,0,0,0,0
LOC102723670,0,0,0,1,2,0
LOC102723684,0,0,0,0,0,0
LOC102723690,7,0,11,23,15,17
LOC102723692,0,0,0,0,0,0
LOC102723701,0,0,2,1,1,0
LOC102723713,0,0,0,0,1,1
LOC102723786,0,0,0,0,0,0
LOC102723834,0,0,0,3,2,1
LOC102723838,0,0,0,0,0,0
LOC102723851,0,0,0,0,0,0
LOC102723878,0,0,0,0,0,0
LOC102723883,0,0,0,0,0,0
LOC102723966,0,0,0,0,0,0
LOC102723971,0,0,0,0,0,1
LOC102723996,5,6,38,13,48,50
LOC102724019,4,0,5,3,5,9
LOC102724020,0,0,0,0,0,0
LOC102724023,25,14,47,57,98,117
LOC102724030,4,0,0,1,6,8
LOC102724087,0,0,1,0,0,0
LOC102724104,0,0,0,0,0,0
LOC102724159,37,31,378,113,424,497
LOC102724178,0,0,0,0,0,0
LOC102724200,23,12,49,34,64,34
LOC102724289,0,0,0,0,0,0
LOC102724323,0,0,1,0,2,0
LOC102724334,0,0,0,0,0,0
LOC102724354,0,0,0,0,0,0
LOC102724357,0,0,0,0,0,0
LOC102724421,0,0,0,0,0,0
LOC102724428,0,1,7,5,4,3
LOC102724434,0,0,0,0,0,0
LOC102724446,0,0,0,0,0,1
LOC102724452,0,0,0,0,0,0
LOC102724474,7,14,24,10,15,29
LOC102724482,0,0,0,0,0,0
LOC102724511,0,0,1,0,0,0
LOC102724551,0,0,0,0,0,0
LOC102724560,9,1,77,10,84,83
LOC102724587,0,0,0,0,0,0
LOC102724593,15,1,27,28,84,104
LOC102724594,74,62,18,27,36,44
LOC102724602,0,0,0,0,0,0
LOC102724612,0,0,0,0,0,0
LOC102724637,0,0,0,0,0,0
LOC102724642,6,1,11,6,16,18
LOC102724652,0,0,0,0,1,0
LOC102724684,0,0,0,0,0,0
LOC102724700,0,0,0,0,0,0
LOC102724701,0,0,0,0,1,0
LOC102724710,0,0,0,0,0,0
LOC102724719,0,0,0,5,6,5
LOC102724737,0,0,0,0,0,0
LOC102724768,0,0,0,2,14,11
LOC102724843,1,0,2,3,9,2
LOC102724849,0,0,0,0,0,0
LOC102724859,11,12,35,3,4,0
LOC102724900,0,0,0,0,1,0
LOC102724929,0,0,0,0,0,0
LOC102724934,0,0,0,0,0,0
LOC102725019,0,0,0,0,0,0
LOC102725048,0,0,0,0,0,0
LOC102725080,0,0,0,0,0,0
LOC102725220,0,0,0,0,0,0
LOC102725254,3,0,9,1,3,2
LOC102725532,0,0,0,0,0,0
LOC103171574,0,0,0,0,0,0
LOC103344931,55,41,109,50,67,91
LOC104613533,0,0,0,0,0,0
LOC105274304,3,0,0,9,14,11
LOC105369147,1,8,1,0,1,1
LOC105369165,0,0,0,0,0,0
LOC105369187,0,0,0,0,0,0
LOC105369250,0,0,0,1,9,2
LOC105369292,0,0,0,0,0,0
LOC105369302,5,0,1,0,0,0
LOC105369306,0,0,0,0,0,0
LOC105369329,0,0,2,0,1,1
LOC105369344,1,0,0,0,6,0
LOC105369363,0,0,8,1,1,2
LOC105369391,0,0,0,0,1,3
LOC105369496,0,0,0,0,0,0
LOC105369558,0,0,0,0,0,0
LOC105369576,2,0,1,0,2,0
LOC105369595,0,0,0,0,0,0
LOC105369668,0,0,0,0,0,0
LOC105369685,0,0,0,0,0,0
LOC105369728,0,0,0,0,3,0
LOC105369850,1,3,9,6,0,0
LOC105369908,0,0,0,0,0,0
LOC105369911,0,0,0,0,0,0
LOC105369937,0,0,0,0,0,0
LOC105370024,0,0,2,1,1,5
LOC105370027,0,0,0,0,0,0
LOC105370047,0,0,0,0,0,0
LOC105370061,0,0,0,0,0,0
LOC105370145,0,0,0,0,0,0
LOC105370169,1,0,1,2,0,1
LOC105370174,0,0,0,0,0,1
LOC105370232,0,0,0,0,0,0
LOC105370259,0,0,0,0,0,0
LOC105370295,0,0,0,0,0,0
LOC105370315,0,0,0,0,0,0
LOC105370340,0,0,0,0,0,0
LOC105370344,0,0,0,0,0,0
LOC105370409,0,0,0,0,0,0
LOC105370473,0,0,0,0,0,0
LOC105370489,0,0,0,0,0,0
LOC105370500,11,0,6,2,0,4
LOC105370525,0,0,0,0,0,0
LOC105370532,15,19,19,4,4,12
LOC105370586,0,0,0,0,0,0
LOC105370589,0,0,0,0,0,0
LOC105370616,0,0,0,0,0,0
LOC105370622,0,0,0,0,0,0
LOC105370645,0,0,0,0,0,0
LOC105370650,0,0,0,0,0,0
LOC105370670,0,0,0,0,0,0
LOC105370689,0,7,0,0,0,0
LOC105370728,0,0,0,0,0,0
LOC105370740,0,0,0,0,0,0
LOC105370769,0,0,0,0,0,0
LOC105370781,0,0,5,3,5,6
LOC105370791,1,0,0,0,0,1
LOC105370792,1,1,8,8,24,35
LOC105370802,2,0,3,0,0,1
LOC105370804,0,0,0,0,0,0
LOC105370829,0,0,0,0,0,0
LOC105370906,0,0,1,0,0,2
LOC105370941,88,4,58,58,44,51
LOC105370954,0,0,0,0,0,0
LOC105370969,1,0,1,0,0,0
LOC105370987,0,0,0,0,0,0
LOC105370993,0,0,0,0,0,0
LOC105370997,0,0,3,3,5,1
LOC105371006,0,0,0,0,0,0
LOC105371022,0,0,0,1,0,0
LOC105371046,0,0,0,0,0,0
LOC105371083,14,4,6,21,20,14
LOC105371090,0,0,0,0,0,0
LOC105371115,0,0,0,0,0,0
LOC105371200,10,17,26,13,23,14
LOC105371240,16,35,23,10,20,23
LOC105371272,0,0,0,0,1,1
LOC105371296,0,0,0,0,0,0
LOC105371335,0,0,0,0,0,0
LOC105371361,0,0,0,0,0,0
LOC105371401,0,0,0,0,0,0
LOC105371414,0,0,0,0,0,0
LOC105371430,0,0,0,0,0,0
LOC105371485,0,0,0,0,0,0
LOC105371508,0,0,0,0,0,0
LOC105371574,0,0,0,0,0,0
LOC105371597,2,1,2,6,34,15
LOC105371672,0,0,0,0,1,2
LOC105371689,0,0,1,1,0,0
LOC105371729,0,0,1,0,0,1
LOC105371730,37,21,135,10,14,11
LOC105371734,1,0,3,1,2,1
LOC105371735,0,0,0,0,0,0
LOC105371745,3,0,5,5,5,3
LOC105371773,0,0,0,0,0,0
LOC105371789,0,0,3,0,3,0
LOC105371795,9,3,40,7,35,24
LOC105371824,0,0,2,2,0,0
LOC105371841,1,0,6,1,3,6
LOC105371855,0,0,0,0,0,0
LOC105371856,0,0,0,0,0,0
LOC105371899,0,0,0,0,0,0
LOC105371956,1,0,1,0,1,0
LOC105372035,0,0,0,0,0,0
LOC105372040,0,0,0,0,0,0
LOC105372041,0,0,0,0,0,0
LOC105372045,0,0,0,0,0,0
LOC105372066,0,0,0,0,0,0
LOC105372068,0,0,0,1,0,0
LOC105372069,0,0,0,0,0,0
LOC105372132,0,0,0,0,0,0
LOC105372143,0,0,0,0,0,0
LOC105372145,0,0,0,0,0,0
LOC105372155,0,0,0,0,0,0
LOC105372165,1,0,0,4,13,4
LOC105372173,0,0,0,0,0,0
LOC105372180,0,0,0,0,0,0
LOC105372187,0,0,0,0,0,0
LOC105372188,0,0,0,0,0,0
LOC105372202,0,0,0,0,0,0
LOC105372244,0,0,0,0,0,0
LOC105372268,0,0,0,0,0,0
LOC105372281,0,0,0,0,0,0
LOC105372316,0,0,0,0,0,0
LOC105372321,188,73,344,363,375,468
LOC105372348,0,0,0,0,0,0
LOC105372401,10,0,19,0,9,12
LOC105372430,0,0,0,0,0,0
LOC105372432,0,0,0,0,0,0
LOC105372435,0,0,2,0,0,0
LOC105372436,9,0,17,19,25,14
LOC105372441,0,0,0,0,0,0
LOC105372502,0,0,0,1,2,0
LOC105372524,0,0,0,2,2,1
LOC105372558,0,0,0,0,0,0
LOC105372672,0,0,0,0,0,0
LOC105372703,0,0,0,0,0,0
LOC105372710,0,0,0,0,4,4
LOC105372749,0,0,0,0,0,0
LOC105372753,0,0,0,0,0,0
LOC105372791,1,0,8,9,20,14
LOC105372832,25,19,64,21,51,41
LOC105372937,0,0,0,0,0,0
LOC105372971,0,0,0,0,0,0
LOC105372980,0,0,0,0,0,0
LOC105372988,0,0,0,0,0,0
LOC105372990,1,0,0,0,0,2
LOC105373044,0,0,0,0,0,0
LOC105373100,0,0,0,0,0,0
LOC105373170,0,0,0,0,0,0
LOC105373175,0,0,0,0,0,0
LOC105373244,1,0,2,1,0,2
LOC105373277,0,0,0,0,0,0
LOC105373289,15,12,17,20,22,36
LOC105373299,0,0,0,0,0,0
LOC105373314,1,0,1,1,1,3
LOC105373343,0,0,0,0,0,0
LOC105373346,0,0,0,0,0,0
LOC105373347,0,0,0,0,0,0
LOC105373352,0,0,0,0,0,0
LOC105373373,0,0,0,0,0,0
LOC105373390,0,0,0,0,0,0
LOC105373418,0,0,0,0,0,0
LOC105373422,0,0,0,0,0,0
LOC105373429,0,0,0,0,0,0
LOC105373436,7,0,7,0,0,0
LOC105373496,0,0,0,0,3,0
LOC105373508,0,0,0,0,0,0
LOC105373514,0,0,0,0,0,0
LOC105373525,0,0,0,0,0,0
LOC105373526,0,0,0,0,0,0
LOC105373553,0,0,0,0,0,0
LOC105373559,0,0,0,0,0,0
LOC105373575,0,0,0,0,0,0
LOC105373682,3,31,16,2,1,5
LOC105373696,0,0,0,0,0,0
LOC105373742,0,0,0,0,0,0
LOC105373757,0,0,1,0,0,0
LOC105373780,0,0,0,3,4,2
LOC105373845,0,0,0,0,0,0
LOC105373876,0,0,0,0,0,0
LOC105373973,0,0,0,0,0,0
LOC105374042,0,0,0,0,0,0
LOC105374058,0,0,0,0,0,0
LOC105374069,0,0,0,0,4,2
LOC105374088,0,0,0,0,0,0
LOC105374114,0,0,2,0,0,1
LOC105374134,0,0,0,0,0,0
LOC105374171,0,0,0,0,0,0
LOC105374174,1,1,3,0,2,0
LOC105374235,0,0,0,4,1,3
LOC105374254,16,1,29,34,45,56
LOC105374312,0,0,0,0,0,0
LOC105374328,0,0,0,0,0,0
LOC105374338,1,0,0,0,2,0
LOC105374344,0,0,0,0,0,0
LOC105374367,16,25,54,3,10,19
LOC105374428,0,0,0,0,0,0
LOC105374461,0,0,0,0,0,0
LOC105374468,0,0,0,0,0,0
LOC105374511,5,0,34,4,21,22
LOC105374516,0,0,0,0,0,0
LOC105374524,1,0,0,1,1,0
LOC105374642,0,0,0,0,0,0
LOC105374647,0,0,0,0,0,0
LOC105374682,0,0,0,0,0,0
LOC105374736,0,0,0,0,0,0
LOC105374769,0,0,0,0,0,0
LOC105374780,0,0,0,0,0,0
LOC105374802,0,6,0,0,0,2
LOC105374811,12,3,10,5,1,0
LOC105374901,0,0,0,0,0,1
LOC105374928,0,0,0,0,0,0
LOC105374943,0,0,0,0,0,0
LOC105374988,0,0,0,0,1,0
LOC105374989,5,0,5,0,2,0
LOC105375022,7,0,7,13,14,11
LOC105375026,0,0,0,8,15,9
LOC105375082,0,0,0,0,0,0
LOC105375115,0,0,0,0,0,0
LOC105375118,0,0,0,0,0,0
LOC105375130,0,0,0,1,0,1
LOC105375148,0,0,1,0,4,3
LOC105375166,0,0,0,0,0,0
LOC105375216,4,0,1,0,3,0
LOC105375224,0,0,0,0,0,0
LOC105375233,0,0,0,0,0,0
LOC105375266,0,0,0,0,0,0
LOC105375297,1,0,0,1,0,0
LOC105375298,0,0,0,0,0,0
LOC105375341,0,0,0,0,0,0
LOC105375342,0,0,0,0,0,0
LOC105375358,0,0,0,0,0,0
LOC105375366,0,0,0,0,0,0
LOC105375387,0,0,0,0,0,0
LOC105375421,5,0,10,2,7,1
LOC105375423,0,0,0,0,0,0
LOC105375448,0,0,0,0,0,1
LOC105375483,0,0,0,0,0,0
LOC105375484,0,0,0,0,0,0
LOC105375501,1,0,3,2,1,0
LOC105375523,0,0,0,0,0,1
LOC105375553,0,0,0,0,0,0
LOC105375556,0,0,0,0,0,0
LOC105375589,0,0,0,0,0,0
LOC105375610,0,0,0,0,0,0
LOC105375614,0,0,0,0,0,0
LOC105375623,0,0,0,0,0,0
LOC105375635,5,0,0,1,3,3
LOC105375638,0,0,0,0,0,0
LOC105375671,0,0,0,0,0,0
LOC105375709,0,0,0,0,0,0
LOC105375743,0,0,0,9,3,11
LOC105375747,0,0,0,0,0,0
LOC105375750,0,0,0,0,0,0
LOC105375754,0,0,1,1,2,6
LOC105375759,0,0,0,0,0,0
LOC105375781,0,0,0,0,0,0
LOC105375798,4,0,9,1,10,1
LOC105375814,0,0,0,0,0,0
LOC105375826,0,0,0,0,0,0
LOC105375840,0,0,0,0,0,0
LOC105375844,0,0,0,0,0,0
LOC105375851,0,0,0,0,0,0
LOC105375861,0,0,0,0,0,0
LOC105375875,0,0,0,0,0,0
LOC105375888,0,0,0,0,0,0
LOC105375903,3,0,0,0,0,0
LOC105375924,0,0,0,0,0,0
LOC105375971,0,0,0,0,0,0
LOC105375972,0,0,0,0,0,0
LOC105375976,0,0,0,0,0,0
LOC105376020,0,0,0,1,0,0
LOC105376030,0,0,0,0,0,0
LOC105376070,0,0,0,5,5,0
LOC105376121,0,0,0,0,0,0
LOC105376244,0,0,0,0,0,0
LOC105376292,0,0,0,0,1,0
LOC105376314,0,0,0,0,0,0
LOC105376350,0,0,0,0,0,0
LOC105376380,1,0,4,0,0,0
LOC105376381,0,0,0,0,0,0
LOC105376387,0,0,0,0,0,0
LOC105376429,0,0,0,0,0,1
LOC105376435,0,0,0,0,0,0
LOC105376478,0,0,0,0,0,0
LOC105376479,0,0,0,0,0,0
LOC105376588,0,0,0,0,0,0
LOC105376650,0,0,0,0,0,0
LOC105376654,0,0,0,0,0,0
LOC105376713,0,0,0,0,1,0
LOC105376805,1,0,0,2,3,1
LOC105376944,17,1,37,66,94,68
LOC105376975,0,0,1,0,0,0
LOC105377043,0,0,0,0,0,0
LOC105377139,0,0,0,0,0,0
LOC105377146,0,0,0,0,0,0
LOC105377156,0,0,0,0,0,0
LOC105377188,2,11,5,26,35,23
LOC105377203,14,0,30,16,50,46
LOC105377205,4,0,22,1,1,1
LOC105377209,0,0,0,0,0,0
LOC105377213,0,0,2,0,0,0
LOC105377224,0,0,0,0,0,0
LOC105377267,0,0,0,0,0,0
LOC105377366,0,0,0,0,0,0
LOC105377448,0,0,0,0,0,0
LOC105377451,0,0,0,0,0,0
LOC105377480,0,0,0,0,0,0
LOC105377488,0,0,0,0,0,0
LOC105377500,0,0,0,0,0,0
LOC105377503,0,0,0,0,0,0
LOC105377543,0,0,0,0,0,0
LOC105377559,0,0,0,0,0,0
LOC105377603,0,0,0,0,0,0
LOC105377663,4,0,8,3,1,6
LOC105377672,0,0,0,0,0,0
LOC105377724,1,0,0,0,0,2
LOC105377727,0,0,0,0,0,0
LOC105377730,0,0,1,1,0,4
LOC105377753,0,0,0,0,0,0
LOC105377848,0,0,0,0,0,0
LOC105377858,1,0,2,1,2,0
LOC105377862,0,0,0,0,0,0
LOC105377924,0,0,0,0,0,0
LOC105377964,0,0,0,0,0,0
LOC105378044,0,0,0,0,0,0
LOC105378066,0,0,0,0,0,0
LOC105378073,0,0,0,0,0,0
LOC105378137,0,0,0,0,0,0
LOC105378231,0,0,0,9,4,5
LOC105378242,0,0,0,0,0,0
LOC105378268,2,0,2,1,2,3
LOC105378311,0,0,0,0,0,0
LOC105378318,0,0,0,0,0,0
LOC105378402,0,0,0,0,0,0
LOC105378464,0,0,0,0,0,0
LOC105378473,0,0,0,0,0,0
LOC105378644,0,0,0,0,0,1
LOC105378714,0,0,0,0,0,0
LOC105378736,0,0,0,0,0,0
LOC105378798,0,0,0,1,0,4
LOC105378930,0,0,0,0,0,0
LOC105378933,0,0,0,0,0,0
LOC105378976,0,0,0,0,0,0
LOC105379030,0,0,0,0,0,0
LOC105379100,0,0,0,0,1,0
LOC105379109,0,0,0,1,0,1
LOC105379196,0,0,0,0,0,0
LOC105379199,0,0,0,0,0,0
LOC105379224,0,0,0,0,3,3
LOC105379230,0,0,0,0,0,0
LOC105379242,0,0,0,0,0,0
LOC105379292,0,0,0,0,0,0
LOC105379301,0,0,0,0,0,0
LOC105379311,0,0,0,0,0,0
LOC105379340,0,0,0,0,0,0
LOC105379379,0,0,0,0,0,0
LOC105379385,0,0,0,0,0,0
LOC105379388,0,0,0,0,0,1
LOC105379391,0,0,0,0,0,0
LOC105379499,17.5,6.5,29.5,9,28,30.5
LOC105379699,0,0,0,0,0,0
LOC105379839,0,0,5,0,1,1
LOC107983987,0,0,0,0,1,0
LOC107984132,0,0,1,0,0,0
LOC107984195,0,0,0,0,0,0
LOC107984265,0,0,0,0,0,0
LOC107984270,0,0,0,2,5,0
LOC107984273,16,6,22,0,1,0
LOC107984322,0,0,0,0,0,0
LOC107984365,0,0,0,0,0,0
LOC107984367,0,0,0,0,0,0
LOC107984399,0,0,0,0,0,0
LOC107984450,6,0,9,1,2,3
LOC107984548,0,0,0,0,0,1
LOC107984685,28,0,43,29,17,30
LOC107984761,1,0,3,0,0,0
LOC107984784,0,0,0,0,0,0
LOC107984807,0,0,0,0,0,0
LOC107984827,0,0,0,0,0,0
LOC107984850,0,0,0,0,1,0
LOC107984918,0,0,0,0,0,0
LOC107984948,7,0,24,837,1036,1163
LOC107984970,0,0,0,0,0,0
LOC107985049,0,0,0,0,0,0
LOC107985101,0,0,0,0,0,0
LOC107985113,0,0,0,0,0,0
LOC107985122,0,0,0,0,0,0
LOC107985126,0,0,1,0,0,0
LOC107985177,0,0,0,0,0,0
LOC107985206,0,0,0,1,0,1
LOC107985216,368,78,580,66,73,117
LOC107985222,0,0,0,0,0,0
LOC107985253,0,0,0,0,0,0
LOC107985359,0,0,0,0,0,1
LOC107985380,0,0,0,0,0,0
LOC107985432,0,0,0,0,0,0
LOC107985453,0,0,0,0,0,0
LOC107985535,2,0,16,10,20,28
LOC107985579,0,8,0,0,0,0
LOC107985629,0,0,0,0,0,0
LOC107985640,0,0,0,0,0,0
LOC107985643,0,0,0,0,0,0
LOC107985645,0,0,0,0,0,0
LOC107985659,0,0,0,0,0,0
LOC107985688,0,0,0,0,1,0
LOC107985789,0,0,0,0,0,0
LOC107985953,0,0,0,0,0,0
LOC107986163,9,1,10,58,99,102
LOC107986178,1,0,0,0,0,0
LOC107986208,0,0,0,0,0,0
LOC107986237,0,0,0,0,0,0
LOC107986277,0,0,0,1,0,0
LOC107986374,0,0,0,0,0,0
LOC107986375,0,0,0,0,0,0
LOC107986376,0,0,0,0,0,0
LOC107986400,0,0,0,0,4,0
LOC107986453,0,0,1,0,0,0
LOC107986524,2,0,1,0,0,1
LOC107986626,0,0,0,0,2,0
LOC107986669,3,2,7,7,11,4
LOC107986742,0,0,0,0,0,0
LOC107986821,0,0,0,0,0,0
LOC107986837,0,0,0,0,0,0
LOC107986878,0,0,0,0,0,0
LOC107986951,364,255,1187,3,1,1
LOC107986954,0,0,0,0,0,0
LOC107987013,0,0,0,0,0,0
LOC107987014,0,0,0,0,0,1
LOC107987032,0,0,5,0,0,0
LOC107987217,0,0,0,0,0,0
LOC107987232,0,0,0,0,0,0
LOC107987327,0,0,0,0,0,0
LOC107987328,0,0,0,0,0,0
LOC107987329,0,0,0,0,0,0
LOC107987423,0,0,0,2,1,4
LOC110467520,0,0,0,0,0,0
LOC110467521,0,0,0,0,0,0
LOC110467522,0,0,0,0,0,0
LOC110467523,0,0,0,0,0,0
LOC112267859,0,0,0,0,0,0
LOC112267897,0,0,0,0,0,0
LOC112267949,0,0,0,0,0,0
LOC112267968,0,0,0,0,0,0
LOC112267977,0,0,0,0,0,0
LOC112267986,45,8,45,53,46,57
LOC112267992,74,34,183,116,145,225
LOC112268018,0,0,0,0,0,0
LOC112268032,0,0,0,0,0,0
LOC112268039,0,0,0,0,0,0
LOC112268065,0,0,0,0,0,0
LOC112268162,0,0,0,0,0,0
LOC112268165,0,0,0,0,0,0
LOC112268173,0,0,0,0,0,0
LOC112268176,0,0,0,0,0,0
LOC112268198,3,0,2,0,0,0
LOC112268208,0,0,0,0,0,0
LOC112268234,0,0,0,0,0,0
LOC112268269,190,100,550,163,521,562
LOC112268276,0,0,0,0,0,0
LOC112268404,0,0,0,0,0,0
LOC112268408,0,0,2,0,0,0
LOC112268410,0,0,0,0,0,0
LOC112268411,0,0,0,0,0,0
LOC112268419,0,0,0,0,0,0
LOC112268472,0,0,0,0,0,0
LOC112268475,0,0,0,0,0,0
LOC112577592,0,0,0,0,0,0
LOC112694756,25,0,78,32,74,79
LOC114841035,3,2,31,2,14,23
LOC115308161,1,0,9,7,8,8
LOC116435278,0,0,0,0,0,0
LOC117779438,0,0,0,0,0,0
LOC119746555,27,4,49,24,48,23
LOC121296,0,0,0,0,0,0
LOC121627959,0,0,0,0,0,0
LOC121725015,0,0,0,0,0,0
LOC122319696,0,0,0,0,0,0
LOC122394732,0,0,0,0,0,0
LOC122455340,0,0,0,0,0,0
LOC122455341,0,0,0,0,0,0
LOC122455342,29,16,61,66,181,152
LOC122513141,0,0,0,0,0,0
LOC122526780,41,8,93,91,206,278
LOC122539214,401,121,630,1359,1014,1248
LOC124900174,0,0,0,0,0,0
LOC124900175,0,0,0,0,0,0
LOC124900177,0,0,0,0,0,0
LOC124900178,0,0,0,0,0,0
LOC124900179,0,0,0,0,0,0
LOC124900180,0,0,0,4,2,1
LOC124900181,0,0,0,0,0,0
LOC124900182,0,0,0,0,0,0
LOC124900183,0,0,0,0,0,0
LOC124900184,0,0,0,0,0,0
LOC124900185,0,0,0,0,0,0
LOC124900186,0,0,0,0,0,0
LOC124900187,0,0,0,0,0,0
LOC124900188,3,0,0,0,0,0
LOC124900193,53,23,80,89,72,94
LOC124900196,0,0,0,0,0,0
LOC124900197,0,0,0,0,0,0
LOC124900198,0,0,0,0,0,0
LOC124900199,0,0,0,0,0,0
LOC124900200,0,0,0,0,0,0
LOC124900201,0,0,0,0,0,0
LOC124900202,0,0,0,0,0,0
LOC124900203,0,0,0,0,0,0
LOC124900204,0,0,0,0,0,0
LOC124900205,0,0,0,0,0,0
LOC124900206,0,0,0,0,0,0
LOC124900207,0,0,0,0,0,0
LOC124900208,0,0,0,1,0,1
LOC124900209,0,0,0,0,0,0
LOC124900210,0,0,0,0,0,0
LOC124900211,0,0,0,0,0,0
LOC124900212,0,0,0,0,0,0
LOC124900217,11,2,13,36,40,48
LOC124900219,0,0,0,0,0,0
LOC124900220,0,0,0,0,0,0
LOC124900221,0,0,0,0,0,0
LOC124900222,0,0,0,0,0,0
LOC124900223,0,0,0,0,0,0
LOC124900224,0,0,0,0,0,1
LOC124900225,0,0,0,0,0,0
LOC124900226,0,0,0,0,0,0
LOC124900227,0,0,0,0,0,0
LOC124900228,0,0,0,0,0,0
LOC124900229,0,0,0,0,0,0
LOC124900230,0,0,0,0,0,0
LOC124900235,0,0,0,0,0,0
LOC124900236,0,0,0,0,0,0
LOC124900237,0,0,0,0,0,0
LOC124900238,0,0,0,0,0,0
LOC124900239,0,0,0,0,0,0
LOC124900240,0,0,0,0,0,0
LOC124900241,0,0,0,0,0,0
LOC124900242,0,0,0,0,0,0
LOC124900243,0,0,0,0,0,0
LOC124900245,0,0,0,0,0,0
LOC124900246,0,0,0,0,0,0
LOC124900247,0,0,0,0,0,0
LOC124900256,0,0,0,0,0,0
LOC124900257,0,0,0,0,0,0
LOC124900259,0,0,0,0,0,0
LOC124900260,0,0,0,0,0,0
LOC124900261,0,0,0,0,0,0
LOC124900262,0,0,0,0,0,0
LOC124900263,0,0,0,0,0,0
LOC124900264,0,0,0,0,0,0
LOC124900265,0,0,0,2,0,0
LOC124900266,0,0,0,0,0,0
LOC124900267,0,0,0,0,0,0
LOC124900268,0,0,0,0,0,0
LOC124900269,0,0,0,0,0,0
LOC124900270,0,0,0,0,0,1
LOC124900271,0,0,1,1,0,1
LOC124900275,809,446,1853,175,379,424
LOC124900277,0,0,0,0,0,0
LOC124900278,0,0,0,0,0,0
LOC124900279,0,0,0,0,0,0
LOC124900280,0,0,0,0,0,0
LOC124900281,0,0,0,0,0,0
LOC124900282,0,0,0,0,0,0
LOC124900283,0,0,0,0,0,0
LOC124900284,0,0,0,0,0,0
LOC124900285,0,0,0,0,0,0
LOC124900291,0,0,0,0,0,0
LOC124900293,0,0,0,0,0,0
LOC124900294,0,0,0,0,0,0
LOC124900295,0,0,0,0,0,0
LOC124900296,0,0,0,1,1,0
LOC124900297,0,0,0,0,0,0
LOC124900298,0,0,0,0,0,0
LOC124900299,0,0,0,0,0,0
LOC124900300,0,0,0,0,0,0
LOC124900304,0,0,0,0,0,0
LOC124900305,0,0,0,0,0,0
LOC124900306,0,0,0,0,0,0
LOC124900307,0,0,0,0,0,0
LOC124900309,0,0,0,0,0,0
LOC124900310,0,0,0,0,0,0
LOC124900311,0,0,0,0,0,0
LOC124900312,0,0,0,0,0,0
LOC124900313,4,0,0,0,0,0
LOC124900314,0,0,0,1,1,2
LOC124900315,0,0,0,0,0,0
LOC124900316,0,0,0,0,0,0
LOC124900318,0,0,0,0,0,0
LOC124900319,0,0,0,0,0,0
LOC124900320,0,0,0,0,0,0
LOC124900321,0,0,2,7,9,4
LOC124900322,0,0,0,0,0,0
LOC124900323,0,0,0,0,0,0
LOC124900324,0,0,0,0,0,0
LOC124900325,0,0,0,0,0,0
LOC124900326,0,0,0,0,0,0
LOC124900327,0,0,0,0,0,0
LOC124900328,0,0,0,0,0,0
LOC124900329,0,0,0,0,0,0
LOC124900330,0,0,0,0,0,0
LOC124900332,0,0,0,0,0,0
LOC124900333,0,0,0,0,0,0
LOC124900334,0,0,0,0,0,0
LOC124900339,0,0,0,0,0,0
LOC124900341,0,0,0,0,0,0
LOC124900342,0,0,0,0,0,0
LOC124900343,0,0,0,0,0,0
LOC124900344,0,0,0,0,0,0
LOC124900345,0,0,0,0,0,0
LOC124900346,2,0,1,0,0,0
LOC124900347,0,0,0,0,0,0
LOC124900348,0,0,0,0,0,0
LOC124900349,0,0,0,0,0,0
LOC124900350,0,0,0,0,0,0
LOC124900351,0,0,0,0,0,0
LOC124900352,0,0,0,0,0,0
LOC124900353,0,0,0,0,0,0
LOC124900354,6,0,8,0,1,0
LOC124900356,0,0,0,0,0,0
LOC124900357,0,0,0,0,0,0
LOC124900359,0,0,0,0,0,0
LOC124900360,0,0,0,0,0,0
LOC124900361,0,0,0,0,0,0
LOC124900362,0,0,0,0,0,0
LOC124900363,0,0,0,0,0,0
LOC124900364,0,0,0,0,0,0
LOC124900366,0,0,0,0,0,0
LOC124900367,0,0,0,0,0,0
LOC124900369,0,0,0,0,0,0
LOC124900370,0,0,0,0,0,0
LOC124900371,0,0,0,0,0,0
LOC124900372,251,32,454,142,404,446
LOC124900375,0,0,0,0,0,0
LOC124900376,0,0,0,0,0,0
LOC124900377,0,0,0,0,0,0
LOC124900378,0,0,0,0,0,0
LOC124900379,0,0,0,0,0,0
LOC124900380,0,0,0,0,0,0
LOC124900381,0,0,0,0,0,0
LOC124900382,0,0,0,0,1,1
LOC124900383,0,0,0,0,0,0
LOC124900393,0,0,0,0,0,0
LOC124900394,0,0,0,0,0,0
LOC124900395,0,0,0,0,0,0
LOC124900396,0,0,0,0,0,0
LOC124900397,0,0,0,0,2,2
LOC124900398,0,0,0,0,0,0
LOC124900399,0,0,0,0,0,0
LOC124900400,0,0,0,0,0,0
LOC124900402,0,0,0,0,0,0
LOC124900406,0,0,0,0,0,0
LOC124900407,0,0,0,0,0,0
LOC124900408,0,0,0,0,0,0
LOC124900409,0,0,0,0,0,0
LOC124900410,0,0,0,0,0,0
LOC124900411,0,0,0,0,0,0
LOC124900419,0,0,1,0,0,0
LOC124900421,0,0,0,0,0,0
LOC124900422,0,0,0,1,0,0
LOC124900423,6,0,2,2,1,3
LOC124900424,0,0,0,0,0,0
LOC124900425,0,0,0,0,0,0
LOC124900426,0,0,0,0,0,0
LOC124900427,0,0,0,0,0,0
LOC124900428,0,0,0,0,0,0
LOC124900429,0,0,0,0,0,0
LOC124900430,0,0,0,0,0,0
LOC124900431,0,0,0,0,0,0
LOC124900432,0,0,0,0,0,0
LOC124900433,0,0,0,0,0,0
LOC124900434,0,0,0,0,0,0
LOC124900435,0,0,0,0,0,0
LOC124900436,0,0,0,0,0,0
LOC124900437,0,0,0,0,0,0
LOC124900438,0,0,0,0,0,0
LOC124900439,0,0,0,5,6,1
LOC124900440,0,0,0,0,0,0
LOC124900441,0,0,0,0,0,0
LOC124900442,0,0,1,1,0,1
LOC124900443,0,0,0,0,0,0
LOC124900444,0,0,0,0,0,0
LOC124900446,5,0,0,0,0,0
LOC124900447,0,0,0,0,0,0
LOC124900448,0,0,0,0,0,0
LOC124900449,0,0,0,1,0,0
LOC124900450,0,0,0,0,0,0
LOC124900452,1,0,0,0,0,0
LOC124900453,0,0,0,0,0,0
LOC124900454,0,0,0,0,0,0
LOC124900455,0,0,0,0,0,0
LOC124900456,0,0,0,0,0,0
LOC124900457,0,0,0,0,0,0
LOC124900460,1,0,0,3,0,1
LOC124900461,0,0,0,0,0,0
LOC124900462,0,0,0,0,0,0
LOC124900463,0,0,0,0,0,0
LOC124900464,1,0,0,0,1,0
LOC124900469,5,0,16,42,34,61
LOC124900470,0,0,0,0,0,0
LOC124900471,0,0,0,0,0,0
LOC124900472,0,0,0,0,0,0
LOC124900473,0,0,0,0,0,0
LOC124900474,0,0,0,0,0,0
LOC124900476,0,0,0,4,6,10
LOC124900481,0,0,0,0,0,0
LOC124900488,0,0,0,0,1,0
LOC124900490,0,0,0,0,0,0
LOC124900492,0,0,0,1,0,0
LOC124900493,0,0,0,0,0,0
LOC124900494,0,0,0,0,0,0
LOC124900495,0,0,0,0,0,0
LOC124900496,0,0,0,0,0,0
LOC124900497,0,0,0,0,0,0
LOC124900498,0,0,0,0,0,0
LOC124900500,0,0,0,0,0,0
LOC124900501,0,0,0,0,0,0
LOC124900502,0,0,0,0,0,0
LOC124900503,0,0,0,0,0,0
LOC124900504,0,0,0,0,0,0
LOC124900505,0,0,0,0,0,0
LOC124900506,0,0,0,0,0,0
LOC124900508,0,0,0,0,0,0
LOC124900516,0,0,0,0,0,0
LOC124900517,0,0,0,0,0,0
LOC124900518,0,0,0,0,0,0
LOC124900519,0,0,0,0,0,0
LOC124900520,0,0,0,0,0,0
LOC124900521,0,0,0,0,0,0
LOC124900522,0,0,0,0,0,0
LOC124900524,0,0,0,0,0,0
LOC124900525,0,0,0,0,0,0
LOC124900526,0,0,0,0,0,0
LOC124900527,0,0,0,0,0,0
LOC124900528,0,0,0,0,0,0
LOC124900529,0,0,0,0,0,0
LOC124900530,0,0,0,0,0,2
LOC124900531,0,0,0,0,0,0
LOC124900532,0,0,0,0,0,0
LOC124900533,0,0,0,0,0,0
LOC124900534,0,0,0,0,0,0
LOC124900535,0,0,0,0,0,0
LOC124900536,0,0,0,0,0,0
LOC124900537,0,0,0,0,0,0
LOC124900538,0,0,0,0,0,0
LOC124900539,0,0,0,0,0,0
LOC124900540,0,0,0,0,0,0
LOC124900541,0,0,0,1,0,0
LOC124900542,0,0,0,0,0,0
LOC124900551,0,0,0,0,0,0
LOC124900552,0,0,0,0,0,0
LOC124900553,0,0,0,0,0,0
LOC124900554,0,0,0,0,0,0
LOC124900555,0,0,0,0,0,0
LOC124900556,0,0,0,0,0,0
LOC124900557,0,0,0,0,0,0
LOC124900558,0,0,0,0,0,0
LOC124900559,0,0,0,0,0,0
LOC124900560,0,0,0,0,0,0
LOC124900561,0,0,0,0,0,0
LOC124900562,0,0,0,0,0,0
LOC124900563,0,0,0,0,0,0
LOC124900564,0,0,0,1,2,6
LOC124900577,0,0,0,0,0,0
LOC124900589,0,0,0,0,0,1
LOC124900600,0,0,0,0,0,0
LOC124900632,0,0,0,0,0,0
LOC124900638,0,0,0,0,0,0
LOC124900656,0,0,0,0,1,0
LOC124900669,0,0,0,0,0,0
LOC124900694,0,0,0,0,0,0
LOC124900731,0,0,0,0,0,0
LOC124900774,0,0,0,0,1,0
LOC124900778,0,0,0,1,0,0
LOC124900787,0,0,0,0,0,0
LOC124900792,0,0,0,0,0,1
LOC124900810,0,0,0,0,0,0
LOC124900818,0,0,0,0,0,0
LOC124900833,0,0,0,0,0,0
LOC124900842,0,0,0,0,0,0
LOC124900848,0,0,0,0,0,0
LOC124900869,0,0,0,0,0,0
LOC124900881,0,0,0,0,0,0
LOC124900883,0,0,0,0,0,0
LOC124900885,0,0,0,0,0,0
LOC124900886,0,0,0,0,0,0
LOC124900887,0,0,0,0,0,0
LOC124900890,0,0,0,0,0,0
LOC124900891,0,0,0,0,0,0
LOC124900892,0,0,0,0,0,0
LOC124900893,0,0,0,0,0,0
LOC124900916,0,0,0,0,0,0
LOC124900922,0,0,0,0,0,0
LOC124900945,0,0,0,0,0,0
LOC124900957,0,0,0,0,0,1
LOC124900964,0,0,0,0,0,0
LOC124900989,0,0,0,0,0,0
LOC124901016,0,0,0,0,0,0
LOC124901048,0,0,0,0,0,0
LOC124901067,0,0,0,0,0,0
LOC124901076,2,2,7,9,26,30
LOC124901107,0,0,0,0,0,2
LOC124901122,0,0,0,0,0,1
LOC124901151,28,4,63,29,116,88
LOC124901168,0,0,0,0,0,2
LOC124901186,0,0,0,0,0,0
LOC124901189,0,0,0,0,1,0
LOC124901194,0,0,0,0,0,0
LOC124901196,0,0,0,0,0,0
LOC124901197,0,0,0,0,0,0
LOC124901220,0,0,0,0,0,0
LOC124901221,0,0,0,0,0,0
LOC124901233,0,0,0,0,0,0
LOC124901296,0,0,1,4,3,1
LOC124901333,100,49,101,171,92,148
LOC124901351,0,0,0,4,3,4
LOC124901355,7,0,7,0,2,3
LOC124901358,0,0,0,0,0,0
LOC124901391,0,0,0,0,0,0
LOC124901407,0,0,0,0,0,0
LOC124901409,0,0,0,0,0,0
LOC124901427,0,0,0,0,1,0
LOC124901447,0,0,0,0,0,0
LOC124901457,0,0,0,0,0,0
LOC124901505,0,0,0,0,0,0
LOC124901506,0,0,0,0,0,0
LOC124901507,0,0,0,0,0,0
LOC124901508,0,0,0,0,0,0
LOC124901509,0,0,0,0,0,0
LOC124901521,0,0,0,0,1,0
LOC124901524,0,0,0,0,0,0
LOC124901525,0,0,0,0,0,0
LOC124901526,1,0,3,6,5,4
LOC124901527,0,0,0,0,0,0
LOC124901528,0,0,0,0,0,0
LOC124901604,0,0,0,0,0,0
LOC124901612,0,0,0,0,0,0
LOC124901628,1,0,9,1,0,3
LOC124901632,0,0,0,0,0,0
LOC124901635,0,0,0,0,0,0
LOC124901641,0,0,0,0,0,0
LOC124901656,0,0,0,0,0,0
LOC124901671,6,0,14,0,3,4
LOC124901766,0,0,0,0,0,0
LOC124901813,0,0,0,0,0,0
LOC124901826,0,0,0,0,0,0
LOC124901827,0,0,0,0,0,0
LOC124901856,2,0,7,6,9,6
LOC124901858,0,0,0,0,0,0
LOC124901859,0,0,0,0,0,0
LOC124901860,0,0,0,0,0,0
LOC124901861,0,0,0,0,0,0
LOC124901864,0,0,0,0,0,0
LOC124901872,0,0,0,0,0,0
LOC124901882,0,0,0,0,0,1
LOC124901902,0,0,0,0,0,0
LOC124901942,0,0,0,0,0,0
LOC124901944,1,0,0,0,0,0
LOC124901966,0,0,0,0,0,0
LOC124901990,0,0,0,0,0,0
LOC124901995,0,0,0,0,0,0
LOC124902005,9,0,13,86,105,146
LOC124902013,1,0,0,0,0,0
LOC124902026,16,1,15,10,5,9
LOC124902027,0,0,0,0,0,0
LOC124902031,0,0,0,0,0,0
LOC124902033,0,0,1,0,0,0
LOC124902045,0,0,0,0,0,1
LOC124902062,1,0,5,3,1,2
LOC124902076,0,0,0,0,0,0
LOC124902078,0,0,0,0,0,0
LOC124902079,0,0,0,0,0,0
LOC124902081,0,0,0,0,0,0
LOC124902096,0,0,0,0,0,0
LOC124902100,0,0,0,0,0,0
LOC124902101,0,0,0,0,0,0
LOC124902105,0,0,0,0,0,0
LOC124902108,1,0,0,0,0,0
LOC124902114,10,10,12,0,4,1
LOC124902128,0,0,0,0,0,0
LOC124902165,0,0,0,0,0,0
LOC124902204,31,14,34,8,13,23
LOC124902229,0,0,0,0,1,1
LOC124902232,0,0,0,0,0,0
LOC124902280,0,0,0,0,0,0
LOC124902301,0,0,0,0,2,0
LOC124902324,0,0,0,0,0,0
LOC124902333,0,0,0,0,0,0
LOC124902337,0,0,0,2,0,0
LOC124902338,4,0,0,2,2,1
LOC124902388,0,0,0,2,3,3
LOC124902392,0,0,0,0,0,0
LOC124902436,0,0,0,0,0,0
LOC124902439,0,0,0,7,2,4
LOC124902473,0,0,0,0,0,0
LOC124902477,0,0,0,0,0,1
LOC124902532,0,0,0,0,0,0
LOC124902534,0,0,0,0,0,0
LOC124902537,0,0,0,0,0,0
LOC124902542,0,0,0,0,0,0
LOC124902546,4,0,4,29,35,37
LOC124902567,0,0,0,0,0,1
LOC124902568,0,0,0,0,0,0
LOC124902571,0,0,0,0,0,0
LOC124902572,0,0,0,0,0,0
LOC124902573,0,0,0,0,0,0
LOC124902595,0,0,0,0,0,0
LOC124902596,0,0,0,0,0,0
LOC124902606,3,0,0,6,5,9
LOC124902623,0,0,0,0,0,0
LOC124902629,0,0,0,1,0,0
LOC124902641,0,0,0,0,0,0
LOC124902665,0,0,0,0,0,0
LOC124902683,1,0,8,0,4,4
LOC124902684,0,0,0,0,0,0
LOC124902694,0,0,8,2,0,4
LOC124902709,1,5,1,3,1,2
LOC124902771,0,0,0,1,2,4
LOC124902803,0,0,0,0,0,0
LOC124902809,0,0,0,0,0,0
LOC124902815,0,0,0,0,0,0
LOC124902819,0,0,0,0,0,0
LOC124902824,0,0,0,0,0,0
LOC124902825,0,0,0,0,0,0
LOC124902826,0,0,0,0,0,0
LOC124902827,0,0,0,0,0,0
LOC124902828,0,0,0,0,0,0
LOC124902847,0,0,0,0,0,0
LOC124902860,9,1,12,7,12,14
LOC124902888,0,0,0,0,0,0
LOC124902897,0,0,0,0,0,0
LOC124902904,0,0,0,5,2,1
LOC124902947,9,0,11,3,7,2
LOC124902964,0,0,0,1,1,1
LOC124902988,0,0,0,0,0,0
LOC124902995,0,0,0,0,1,0
LOC124903002,0,0,0,0,0,0
LOC124903055,0,0,0,0,0,0
LOC124903074,0,0,0,0,0,0
LOC124903092,0,0,0,0,0,0
LOC124903094,0,0,0,0,0,0
LOC124903098,0,0,0,0,0,0
LOC124903099,0,0,0,0,0,0
LOC124903100,0,0,0,0,0,0
LOC124903101,0,0,0,0,0,0
LOC124903183,0,0,0,0,0,0
LOC124903233,0,0,0,0,0,0
LOC124903236,0,0,0,0,0,0
LOC124903254,0,0,0,0,0,0
LOC124903255,0,0,0,0,0,0
LOC124903256,0,0,0,0,0,0
LOC124903257,0,0,0,0,0,0
LOC124903275,0,0,0,0,0,0
LOC124903317,2,0,4,0,3,2
LOC124903324,0,0,1,2,2,3
LOC124903342,0,0,0,0,0,0
LOC124903356,0,0,0,0,0,0
LOC124903372,0,0,3,0,0,0
LOC124903376,0,0,0,0,0,0
LOC124903386,0,0,0,0,0,0
LOC124903387,0,0,0,0,0,0
LOC124903413,0,0,0,0,0,0
LOC124903416,0,0,0,1,0,1
LOC124903417,0,0,0,0,0,0
LOC124903418,0,0,0,0,0,0
LOC124903419,0,0,0,0,0,0
LOC124903420,0,0,0,0,0,0
LOC124903421,0,0,0,0,0,0
LOC124903422,0,0,0,0,0,0
LOC124903423,0,0,0,0,0,0
LOC124903435,0,0,0,0,0,0
LOC124903436,0,0,0,0,0,0
LOC124903437,0,0,0,0,0,0
LOC124903478,0,0,0,0,2,0
LOC124903525,0,0,0,0,0,0
LOC124903568,0,0,0,0,0,0
LOC124903574,0,0,0,0,0,0
LOC124903585,0,0,0,0,0,0
LOC124903587,0,0,0,0,0,0
LOC124903590,0,0,0,0,0,0
LOC124903592,0,0,0,0,0,0
LOC124903594,0,0,0,4,1,1
LOC124903595,0,0,0,0,0,0
LOC124903615,0,0,0,0,0,0
LOC124903619,1,0,2,0,0,0
LOC124903639,0,0,0,0,0,0
LOC124903640,0,0,0,0,0,0
LOC124903658,0,0,0,0,1,1
LOC124903659,0,0,0,0,0,0
LOC124903670,8,0,7,2,15,4
LOC124903729,0,0,0,0,0,0
LOC124903770,0,0,0,2,3,5
LOC124903784,0,0,0,0,0,0
LOC124903808,0,0,0,0,0,0
LOC124903809,0,0,0,0,0,0
LOC124903825,0,0,0,0,0,0
LOC124903857,0,0,0,0,0,0
LOC124903871,0,0,0,0,0,0
LOC124903925,0,0,0,0,0,0
LOC124903940,0,0,0,2,0,0
LOC124903955,0,0,0,0,0,0
LOC124903956,44,18,123,6,10,5
LOC124904023,0,0,0,0,0,0
LOC124904027,4,15,12,0,0,0
LOC124904048,0,0,7,3,3,2
LOC124904072,0,0,0,0,0,0
LOC124904076,0,0,0,0,0,0
LOC124904108,0,0,0,0,0,0
LOC124904114,0,0,0,0,0,0
LOC124904115,5,0,8,11,5,4
LOC124904116,0,0,0,0,0,0
LOC124904117,0,0,0,0,0,0
LOC124904135,0,0,0,0,0,0
LOC124904136,0,0,0,0,0,0
LOC124904137,0,0,0,0,0,0
LOC124904138,0,0,0,0,0,0.142857143
LOC124904145,0,0,0,0,0,0
LOC124904146,0,0,0,0,0,1
LOC124904151,0,0,0,0,0,0
LOC124904152,6,0,3,6,3,4
LOC124904153,0,0,0,0,0,0
LOC124904154,6,16,36,27,28,31
LOC124904219,0,0,0,0,0,0
LOC124904288,0,0,0,0,0,0
LOC124904332,0,0,0,0,0,0
LOC124904358,0,0,0,0,0,0
LOC124904362,0,0,0,0,0,0
LOC124904363,0,0,0,0,0,0
LOC124904380,0,0,0,0,0,0
LOC124904381,0,0,0,0,0,0
LOC124904382,0,0,0,0,0,0
LOC124904403,0,0,1,0,2,0
LOC124904411,23,9,30,31,37,44
LOC124904471,0,0,0,0,0,0
LOC124904478,0,0,0,0,0,0
LOC124904503,364,137,517,86,109,148
LOC124904530,0,0,0,0,0,0
LOC124904535,40,17,90,1,9,3
LOC124904542,0,0,0,0,0,0
LOC124904553,0,0,0,2,2,5
LOC124904559,4,0,0,0,2,1
LOC124904580,0,0,0,0,0,0
LOC124904582,0,0,0,0,0,0
LOC124904585,0,0,0,0,0,0
LOC124904601,0,0,0,0,0,0
LOC124904611,0,0,0,0,0,0
LOC124904613,0.5,2.5,3,3.5,0.5,2.5
LOC124904620,0,0,1,0,2,0
LOC124904631,1,0,0,4,1,3
LOC124904634,0,1,1,2,3,0
LOC124904640,0,0,0,0,0,0
LOC124904641,0,0,0,0,0,0
LOC124904666,0,0,0,0,0,0
LOC124904668,0,0,0,0,0,0
LOC124904669,0,0,0,0,0,0
LOC124904671,0,0,0,0,0,0
LOC124904682,0,0,0,0,0,0
LOC124904686,0,0,0,0,0,0
LOC124904687,0,0,0,0,0,0
LOC124904695,0,0,0,0,0,0
LOC124904701,1,0,2,1,2,2
LOC124904706,0,0,0,1,0,1
LOC124904710,0,0,0,0,0,0
LOC124904715,0,0,0,0,0,0
LOC124904721,0,0,0,0,0,0
LOC124904732,0,0,0,0,0,0
LOC124904756,0,0,0,0,0,0
LOC124904769,0,0,0,0,0,0
LOC124904778,0,0,0,0,0,0
LOC124904795,0,0,0,0,2,0
LOC124904802,0,0,0,0,0,0
LOC124904806,0,0,0,0,0,0
LOC124904808,0,0,0,0,0,0
LOC124904809,0,0,0,0,0,0
LOC124904812,0,0,0,0,0,0
LOC124904813,0,0,0,0,0,0
LOC124904917,26,7,37,10,9,17
LOC124904963,0,0,0,0,0,0
LOC124904972,0,0,0,0,0,0
LOC124904974,0,0,0,0,0,0
LOC124904975,0,0,0,0,0,0
LOC124904983,0,0,0,0,0,0
LOC124904984,0,0,0,0,0,0
LOC124904986,0,0,0,0,0,0
LOC124905012,0,0,0,0,0,0
LOC124905013,0,0,0,0,0,0
LOC124905061,0,0,0,0,0,0
LOC124905065,0,0,0,0,0,0
LOC124905067,0,0,0,0,0,0
LOC124905068,0,0,0,0,0,0
LOC124905069,0,0,0,0,0,0
LOC124905092,0,0,0,0,0,0
LOC124905119,1,0,0,1,0,2
LOC124905134,3,1,13,1,7,7
LOC124905142,0,0,0,0,0,0
LOC124905143,0,0,1,0,0,1
LOC124905150,0,0,0,0,0,0
LOC124905166,0,0,0,0,0,0
LOC124905168,0,0,0,0,0,0
LOC124905169,0,0,0,0,0,0
LOC124905170,0,0,0,0,0,0
LOC124905171,0,0,0,0,0,0
LOC124905172,0,0,0,0,0,0
LOC124905174,0,0,0,0,0,0
LOC124905218,5,3,0,10,3,13
LOC124905237,0,0,1,0,1,1
LOC124905242,0,0,0,0,0,0
LOC124905265,0,0,0,0,0,0
LOC124905266,0,0,0,0,0,0
LOC124905267,0,0,0,0,0,0
LOC124905268,0,0,0,0,1,0
LOC124905269,0,0,0,0,0,0
LOC124905270,0,0,0,0,0,0
LOC124905271,0,0,0,0,0,0
LOC124905290,0,0,0,0,0,0
LOC124905291,0,0,0,0,0,0
LOC124905292,0,0,0,0,0,0
LOC124905293,0,0,0,0,0,0
LOC124905313,0,0,0,0,0,0
LOC124905326,0,0,0,0,0,0
LOC124905334,0,0,0,0,0,0
LOC124905349,0,0,0,0,0,0
LOC124905511,0,0,0,0,0,0
LOC124905564,538,171,1004,509,645,771
LOC124905594,0,0,0,0,0,0
LOC124905951,0,0,0,0,0,0
LOC124906016,0,0,2,0,3,2
LOC124906080,0,0,0,0,0,0
LOC124906135,0,0,0,0,0,0
LOC124906140,0,0,0,0,0,0
LOC124906141,0,0,0,0,0,0
LOC124906142,0,0,0,0,0,0
LOC124906143,0,0,0,0,0,0
LOC124906144,0,0,0,0,0,0
LOC124906145,0,0,0,0,0,0
LOC124906146,0,0,0,0,0,0
LOC124906147,0,0,0,0,0,0
LOC124906148,0,0,0,0,0,0
LOC124906189,0,0,0,0,0,0
LOC124906194,0,0,0,0,0,0
LOC124906195,0,0,0,0,0,0
LOC124906196,0,0,0,0,0,0
LOC124906209,216,120,404,468,514,576
LOC124906232,0,0,0,0,0,0
LOC124906237,0,0,3,0,0,1
LOC124906280,0,0,0,0,0,2
LOC124906284,0,0,0,0,0,0
LOC124906285,0,0,0,0,0,0
LOC124906339,0,0,0,0,0,0
LOC124906340,0,0,0,0,0,0
LOC124906343,0,0,0,0,0,0
LOC124906345,0,0,0,0,0,0
LOC124906346,0,0,0,0,0,0
LOC124906347,0,0,1,1,0,0
LOC124906348,0,0,0,0,0,0
LOC124906350,0,0,0,0,0,0
LOC124906377,0,0,0,0,0,0
LOC124906378,0,0,0,0,0,0
LOC124906379,0,0,0,0,0,0
LOC124906380,0,0,0,0,0,0
LOC124906381,0,0,0,0,0,0
LOC124906382,0,0,0,0,0,0
LOC124906529,0,0,0,0,0,0
LOC124906598,0,0,0,0,0,0
LOC124906608,8,0,7,16,13,19
LOC124906685,90,25,170,137,104,109
LOC124906712,0,0,0,4,5,1
LOC124906789,0,0,1,0,0,0
LOC124906839,0,0,0,0,0,0
LOC124906859,0,0,0,0,0,0
LOC124907114,0,0.5,0.5,0.5,1.5,1.5
LOC124907156,0,0,0,0,0,0
LOC124907392,0,0,0,0,0,0
LOC124907726,19,18,75,27,52,62
LOC124907760,0,0,0,0,0,0
LOC124907763,0,0,0,10,15,12
LOC124907871,0,0,0,0,0,0
LOC124907878,0,0,1,2,0,0
LOC124907880,0,0,0,0,0,0
LOC124907890,0,0,0,0,0,0
LOC124907913,0,0,0,0,0,0
LOC124907968,0,0,0,0,0,0
LOC124907978,0,0,0,0,0,0
LOC124907995,0,0,0,0,0,0
LOC124907998,0,0,0,0,1,0
LOC124908003,0,0,0,0,0,0
LOC124908011,0,0,0,0,0,0
LOC124908055,0,0,0,0,0,0
LOC124909383,0,0,0,0,0,0
LOC124909384,0,0,1,0,0,0
LOC124909396,10,6,16,3,12,17
LOC124909397,3,1,19,18,5,6
LOC124909423,5,0,13,0,1,0
LOC124909426,0,0,0,0,0,0
LOC124909439,0,0,0,0,0,0
LOC124909446,0,12,0,0,0,0
LOC124909475,0,0,0,0,0,0
LOC124909494,0,0,0,1,0,0
LOC127814295,62,4,62,87,58,52
LOC127814297,0,0,0,0,0,0
LOC127898556,0,0,0,0,0,0
LOC127898562,0,0,0,0,0,0
LOC127898563,0,0,0,0,0,0
LOC127903862,0,0,0,0,0,0
LOC127933115,0,0,0,0,0,0
LOC128031832,0,0,0,0,0,0
LOC128031833,0,0,0,0,0,0
LOC128031834,0,0,0,0,0,0
LOC128031835,0,0,0,0,0,0
LOC128031836,0,0,0,0,0,0
LOC128031837,0,0,0,0,0,0
LOC128071543,0,0,0,0,1,0
LOC128071544,0,0,0,0,0,0
LOC128071545,0,0,0,0,0,0
LOC128071547,0,0,0,0,0,0
LOC128092246,0,0,0,0,0,0
LOC128092247,0,0,0,0,0,0
LOC128092248,0,0,0,0,0,0
LOC128092249,0,0,0,0,0,2
LOC128092250,0,0,0,0,0,0
LOC128092251,0,0,0,0,0,0
LOC128092252,0,0,0,0,0,0
LOC128092253,0,0,0,0,0,0
LOC128125814,0,0,0,0,0,0
LOC128125816,0,0,1,0,0,0
LOC128125817,0,0,0,0,0,0
LOC128125818,0,0,0,0,0,0
LOC128125822,0,0,0,0,0,0
LOC128136,0,0,0,0,0,0
LOC128462377,0,0,0,0,0,0
LOC128706665,0,0,0,0,0,0
LOC128706666,0,0,0,0,0,0
LOC128966558,0,0,0,0,0,0
LOC128966594,0,0,0,0,0,0
LOC128966597,0,0,0,0,0,0
LOC128966690,2,6,17,0,19,25
LOC128966744,0,0,0,0,0,0
LOC130932201,0,0,1,0,1,4
LOC132205950,0,0,0,0,0,0
LOC133332,0,0,0,0,0,0
LOC149684,0,0,0,0,0,0
LOC152845,0,0,0,0,0,0
LOC153910,0,0,0,0,1,0
LOC154449,0,0,0,0,0,0
LOC157273,3,0,14,2,3,1
LOC158434,0,0,0,0,0,0
LOC196469,0,0,0,0,0,0
LOC254896,0,0,3,0,2,1
LOC283038,0,0,0,0,0,0
LOC283045,0,0,0,0,0,4
LOC283194,4,3,8,80,39,55
LOC283299,0,0,1,4,3,7
LOC283387,2,0,0,0,1,4
LOC283683,0,0,0,0,0,0
LOC283731,0,0,0,0,0,0
LOC283804,0,0,0,0,0,0
LOC284191,0,0,0,1,0,0
LOC284685,2,1,6,3,3,4
LOC284788,0,0,0,0,0,0
LOC284798,0,0,0,0,0,0
LOC284933,0,0,0,0,0,0
LOC285097,0,0,0,0,0,0
LOC285453,0,0,0,0,0,0
LOC285626,0,0,0,2,1,0
LOC285638,1,0,7,2,3,1
LOC285804,0,0,0,0,0,0
LOC286083,0,0,0,0,0,0
LOC286177,0,0,0,0,0,0
LOC317727,0,0,0,0,0,0
LOC338694,0,0,0,0,0,0
LOC339166,0,0,0,0,0,0
LOC339260,1,0,4,2,4,0
LOC339298,0,0,0,0,0,0
LOC339666,0,0,0,0,0,0
LOC339685,0,0,0,0,0,0
LOC339966,0,0,0,0,2,0
LOC340090,2,0,5,11,16,37
LOC340512,0,0,0,0,0,0
LOC342443,0,0,0,0,0,0
LOC345471,0,0,0,0,0,0
LOC345576,0,1,0,0,0,0
LOC347097,0,0,0,0,0,0
LOC349160,46,10,71,51,67,69
LOC359819,0,0,0,0,0,0
LOC375196,0,0,0,0,0,0
LOC388248,0,0,1,0,1,1
LOC388282,1,0,8,2,5,4
LOC388996,0,0,0,0,0,0
LOC389199,0,0,0,0,0,0
LOC389602,0,0,0,1,0,1
LOC389831,9,0,45,56,83,124
LOC389906,229,48,376,376,417,502
LOC390251,0,0,0,0,0,0
LOC390282,0,0,0,0,0,0
LOC390332,3,0,1,1,6,1
LOC390614,0,0,0,0,0,0
LOC390846,0,0,0,0,0,0
LOC391092,0,0,0,0,0,0
LOC391674,0,0,0,0,0,0
LOC391711,0,0,0,0,0,0
LOC391713,0,0,0,0,0,0
LOC391741,0,0,0,0,0,0
LOC391768,0,0,0,0,0,0
LOC391798,0,0,0,0,0,0
LOC392145,0,0,0,0,0,0
LOC392180,0,0,0,0,0,0
LOC392187,0,0,0,0,0,0
LOC392196,0,0,0,0,0,0
LOC392266,0,0,1,2,0,0
LOC392436,0,0,0,0,0,0
LOC392440,0,0,0,0,0,0
LOC392555,0,0,0,0,0,0
LOC392787,0,0,0,0,0,0
LOC400026,0,0,0,0,0,0
LOC400036,0,0,0,0,0,0
LOC400347,0,0,0,0,0,0
LOC400499,1,0,7,1,13,14
LOC400541,0,0,0,0,0,0
LOC400553,0,0,0,0,0,0
LOC400622,0,0,0,0,0,0
LOC400627,0,0,0,0,0,0
LOC400748,0,0,0,0,0,0
LOC401442,0,0,0,0,0,0
LOC401589,0,0,0,0,0,0
LOC401703,0,0,0,0,0,0
LOC401913,0,0,0,2,1,0
LOC401957,0,0,0,0,0,0
LOC402192,0,0,0,0,0,0
LOC402229,0,0,0,0,0,0
LOC402279,0,0,0,0,0,0
LOC402329,0,0,0,0,0,0
LOC403312,0,0,0,0,0,0
LOC439933,0,0,3,0,0,0
LOC440180,0,0,0,0,0,0
LOC440311,0,0,0,0,1,0
LOC441179,0,0,0,0,0,0
LOC441239,0,0,0,0,0,0
LOC441711,0,0,0,0,0,0
LOC441887,0,0,0,0,0,0
LOC442041,0,0,0,0,0,0
LOC442225,0,0,0,0,0,0
LOC442292,0,0,0,0,1,1
LOC442427,0,0,0,0,0,0
LOC442497,20,6,49,6,7,14
LOC442517,0,0,0,0,0,0
LOC574538,0,0,0,0,0,0
LOC613206,0,0,0,0,0,0
LOC613266,0,0,0,0,0,0
LOC641695,0,0,0,0,0,0
LOC642361,15,10,44,42,78,93
LOC642474,0,0,0,0,0,0
LOC643014,0,0,0,0,0,0
LOC643015,0,0,1,1,0,0
LOC643067,0,0,0,0,0,0
LOC643307,0,0,0,0,0,0
LOC643342,1,0,1,0,0,0
LOC643348,0,0,0,0,0,0
LOC643381,0,0,0,0,0,0
LOC643709,0,0,0,0,0,0
LOC644169,4,0,1,1,2,2
LOC644269,0,0,0,0,0,0
LOC644335,0,0,0,1,0,4
LOC644456,3,5,2,3,3,7
LOC644584,0,0,0,0,0,0
LOC644746,0,0,0,0,0,0
LOC644909,0,0,0,0,0,0
LOC645188,0,0,0,0,0,0
LOC645266,0,0,0,0,0,0
LOC645397,0,0,0,0,0,0
LOC645405,0,0,0,0,0,0
LOC645433,0,0,0,0,0,0
LOC645482,0,0,0,0,0,0
LOC645485,0,0,0,0,0,0
LOC645853,0,0,0,0,1,0
LOC645967,1,12,4,2,3,3
LOC646012,0,0,0,0,0,0
LOC646071,0,0,0,0,0,0
LOC646112,0,0,0,0,0,0
LOC646506,0,0,0,0,0,0
LOC646665,1,0,3,1,3,3
LOC646666,0,0,0,0,0,0
LOC646801,0,0,0,0,1,0
LOC646804,0,0,0,0,0,0
LOC646828,0,0,0,0,0,0
LOC646870,0,0,3,0,0,0
LOC647132,1,1,0,0,0,1
LOC647208,0,0,0,0,0,0
LOC647264,0,0,0,1,1,0
LOC648442,0,0,0,0,0,0
LOC649133,0,0,0,0,0,0
LOC650024,0,0,0,0,0,0
LOC651644,0,0,0,0,0,0
LOC652549,0,0,0,0,0,0
LOC654780,14,5,8,13,38,44
LOC728138,0,0,1,0,0,0
LOC728158,0,0,0,0,0,0
LOC728307,0,0,0,0,0,0
LOC728392,0,1,0,9,10,14
LOC728485,0,0,0,1,0,0
LOC728488,21,1,74,9,41,54
LOC728506,0,0,1,0,0,0
LOC728587,0,0,0,0,0,0
LOC728660,0,0,0,0,0,0
LOC728743,10,0,38,5,36,39
LOC728877,3,0,7,4,1,9
LOC729141,0,0,0,0,0,0
LOC729254,0,0,0,0,0,0
LOC729532,0,0,0,0,2,0
LOC729558,0,0,0,0,0,0
LOC729654,0,0,0,0,0,0
LOC729707,0,0,0,1,1,0
LOC729732,0,0,2,8,6,5
LOC729867,1,0,4,1,3,2
LOC729870,8,0,2,0,1,3
LOC729998,94,109,74,10,62,49
LOC730098,0,0,1,0,3,0
LOC730183,4,0,10,1,3,5
LOC730338,0,0,0,0,0,0
LOC730668,0,0,0,0,0,4
LOC731157,5,0,8,4,4,7
LOC732229,3,0,3,9,5,7
LOC780529,0,0,0,0,0,0
LOC791091,0,0,0,0,0,0
LOC93429,0,0,0,0,0,0
LOC93463,0,0,0,0,0,0
LOH12CR2,8,0,35,22,38,35
LOHAN2,0,0,0,0,0,0
LONP1,451,163,3103,320,1477,1665
LONP2,2224,1078,3461,3148,3294,3464
LONRF1,101,87,152,309,257,311
LONRF2,478,177,775,1240,982,1630
LONRF2P1,0,0,0,0,0,0
LONRF2P5,0,0,0,0,0,0
LONRF3,0,0,0,0,1,0
LORICRIN,0,0,0,0,0,0
LOX,4,4,31,9,6,8
LOXHD1,0,0,0,0,0,0
LOXL1,0,0,2,5,18,20
LOXL1-AS1,34,8,67,73,88,104
LOXL2,1,0,1,1,16,15
LOXL2-AS1,0,0,0,0,0,2
LOXL3,7,7,32,22,45,44
LOXL4,0,0,1,0,4,2
LPA,0,0,0,0,0,0
LPAR1,310,158,515,748,784,987
LPAR2,19,20,120,45,149,120
LPAR3,0,0,0,0,0,4
LPAR4,2,1,2,4,3,7
LPAR5,0,0,0,0,0,0
LPAR6,41,21,75,182,189,203
LPCAT1,411,194,1267,1583,2328,2368
LPCAT2,20,11,21,728,630,744
LPCAT2BP,0,0,0,0,0,0
LPCAT3,128,64,252,425,638,781
LPCAT4,33,10,110,251,590,722
LPGAT1,1098,642,1768,3138,2651,3142
LPGAT1-AS1,0,0,0,0,0,0
LPGAT1P1,0,0,0,0,0,0
LPIN1,94,44,184,353,418,659
LPIN2,0,0,0,0,0,0
LPIN3,233,109,1004,328,1523,1826
LPL,0,0,0,0,0,2
LPO,1,1,3,1,5,4
LPP,2980,1167,2844,6803,3531,6150
LPP-AS1,0,0,0,0,0,0
LPP-AS2,9,5,23,49,53,80
LPXN,77,44,132,60,67,88
LRAT,1,0,0,24,14,15
LRATD1,0,0,0,1,0,0
LRATD2,2606,1255,5095,6755,7993,9683
LRBA,2932,1557,4481,4853,3491,5088
LRCH1,156,53,306,404,416,471
LRCH2,0,0,0,1,0,0
LRCH3,1416,951,2257,1979,2424,2626
LRCH4,20,16,188,111,255,284
LRCOL1,0,0,0,0,0,0
LRFN1,11,0,33,18,23,26
LRFN2,1,0,1,1,0,2
LRFN3,38,4,137,94,230,234
LRFN4,25,8,206,0,33,33
LRFN5,0,0,0,0,0,0
LRG1,1,8,38,2,11,8
LRGUK,12,12,6,6,8,16
LRIF1,622,321,1295,1414,1476,1641
LRIG1,4084,1727,12947,745,1585,1817
LRIG2,321,147,456,517,458,496
LRIG2-DT,1,0,3,1,0,1
LRIG3,441,215,719,3083,3294,3334
LRIT1,0,0,0,0,0,0
LRIT2,0,0,0,0,0,0
LRIT3,0,0,1,3,2,5
LRMDA,7,4,3,6,11,7
LRP1,35,14,187,153,894,1366
LRP1-AS,0,0,0,0,0,0
LRP10,261,140,1016,720,2312,2734
LRP11,12,0,17,67,81,88
LRP12,198,96,224,348,301,380
LRP1B,3,0,1,260,128,190
LRP2,8,0,10,110,64,92
LRP2BP,34,2,34,19,20,19
LRP3,3,1,109,8,142,142
LRP4,32,14,69,187,478,473
LRP4-AS1,4,0,4,4,14,6
LRP5,87,22,1200,95,884,1041
LRP6,540,273,699,1960,1212,1782
LRP8,40,7,88,769,930,1158
LRP8-DT,2,0,3,7,11,10
LRPAP1,168,93,982,516,1450,1411
LRPPRC,3974,2068,7121,5204,4438,4853
LRR1,83,104,325,112,257,254
LRRC1,422,211,915,655,621,636
LRRC10,0,0,0,0,0,0
LRRC10B,0,0,0,0,0,0
LRRC14,147,27,547,224,675,754
LRRC14B,2,0,5,1,3,3
LRRC15,2,3,5,4473,7998,8944
LRRC17,0,0,3,3,8,2
LRRC18,0,0,1,0,0,0
LRRC19,0,0,0,0,0,0
LRRC2,0,0,0,0,0,1
LRRC2-AS1,0,0,0,1,0,2
LRRC20,5,0,22,17,65,70
LRRC23,84,38,233,137,151,201
LRRC24,2,0,15,0,23,12
LRRC25,0,0,0,0,0,0
LRRC26,0,1,9,0,0,2
LRRC27,86,68,304,105,203,244
LRRC28,180,133,453,303,311,410
LRRC3,30,3,47,89,172,206
LRRC3-DT,1,0,0,1,0,1
LRRC30,0,0,0,0,0,0
LRRC31,177,129,274,1160,779,1199
LRRC32,0,0,1,0,0,1
LRRC34,0,0,0,1,0,0
LRRC34P2,0,0,0,0,0,0
LRRC36,1,0,4,0,1,1
LRRC37A,38,17,41,26.5,24,31
LRRC37A13P,0,0,0,0,0,0
LRRC37A14P,0,0,1,0,0,4
LRRC37A15P,2,0,0,3,0,2
LRRC37A17P,3,0,4,1,1,2
LRRC37A2,1,0,8,5,3,6
LRRC37A3,50,8,100,65,87,80
LRRC37A6P,0,0,0,0,0,0
LRRC37A7P,3,0,1,8,11,13
LRRC37B,268,118,503,229,246,232
LRRC38,0,0,0,0,0,0
LRRC39,6,0,5,9,8,11
LRRC3B,0,0,0,0,0,0
LRRC3C,0,0,3,0,0,1
LRRC4,0,0,0,0,0,0
LRRC40,206,110,516,661,851,928
LRRC41,311,117,1130,645,1346,1539
LRRC42,127,84,441,339,620,579
LRRC43,0,0,4,0,0,1
LRRC45,12,3,214,32,257,284
LRRC46,121,64,287,146,261,247
LRRC47,52,17,274,184,433,519
LRRC49,127,60,275,336,325,346
LRRC4B,0,0,0,2,4,3
LRRC4C,0,0,0,3,7,13
LRRC51,148,55,393,83,197,159
LRRC52,0,0,0,0,0,0
LRRC52-AS1,0,0,0,0,0,0
LRRC53,0,0,0,0,0,0
LRRC55,0,0,0,1,0,1
LRRC56,38,4,222,20,150,144
LRRC57,322,139,572,507,557,530
LRRC58,2084,965,3626,2919,2216,2566
LRRC59,2565,1544,5857,2844,4087,4170
LRRC61,3,1,17,2,12,12
LRRC63,0,2,0,5,7,9
LRRC66,0,0,0,1,0,0
LRRC69,13,9,24,34,19,27
LRRC7,0,0,0,0,2,0
LRRC70,2,0,1,1,3,0
LRRC71,0,0,0,0,0,1
LRRC72,0,0,0,0,0,0
LRRC73,5,6,36,1,14,19
LRRC74A,0,0,0,0,0,0
LRRC74B,0,0,0,0,1,6
LRRC75A,2,8,26,4,6,6
LRRC75B,22,1,106,30,226,271
LRRC8A,136,64,672,89,485,554
LRRC8B,671,392,987,1359,1208,1452
LRRC8C,3,0,2,102,74,105
LRRC8C-DT,0,0,1,2,1,3
LRRC8D,635,414,1085,520,534,447
LRRC8E,117,67,433,179,426,531
LRRC9,0,0,1,5,7,3
LRRCC1,546,329,875,985,896,918
LRRD1,0,0,0,2,2,1
LRRFIP1,2916,1327,4584,3798,3744,4401
LRRFIP2,742,446,1434,1081,1167,1260
LRRFIP2P1,0,0,0,0,0,0
LRRIQ1,131,103,235,119,90,104
LRRIQ3,20,10,58,33,48,43
LRRIQ4,10,0,18,11,11,14
LRRK1,44,8,100,51,155,171
LRRK2,42,11,34,456,292,394
LRRN1,256,143,377,1944,1578,1859
LRRN2,15,4,111,14,91,128
LRRN3,298,161,352,11,7,10
LRRN4,0,0,0,28,47,57
LRRN4CL,1,0,1,0,0,0
LRRTM1,0,0,0,0,0,0
LRRTM2,0,0,5,1,0,1
LRRTM3,0,0,0,77,105,135
LRRTM4,1,13,1,0,1,0
LRRTM4-AS1,0,0,0,0,0,0
LRSAM1,290,86,900,321,777,934
LRTM1,0,0,0,0,0,0
LRTM2,1,0,3,0,1,0
LRTOMT,9,0,18,2,7,4
LRWD1,19,4,145,18,124,198
LSAMP,0,0,0,0,0,0
LSAMP-AS1,0,0,0,1,0,1
LSG1,1223,478,2262,2269,2699,2893
LSINCT5,0,0,0,0,0,0
LSM1,163,113,624,381,593,576
LSM10,25,33,167,20,122,117
LSM11,254,147,437,389,354,431
LSM12,690,345,1269,1466,1644,1723
LSM14A,4397,2568,8980,8052,8678,10317
LSM14B,743,609,2505,707,1314,1587
LSM1P2,0,0,0,0,0,0
LSM2,106,74,273,158,334,339
LSM3,1095,718,3056,3068,3448,3037
LSM4,112,118,816,374,1122,988
LSM5,616,445,1410,1220,1406,1428
LSM6,127,33,452,345,530,521
LSM7,118,22,458,237,605,559
LSM8,421,237,1291,1377,1467,1668
LSMEM1,4,0,4,12,6,15
LSMEM2,0,0,0,0,1,0
LSP1,0,0,0,1,0,1
LSP1P1,0,0,0,0,0,0
LSP1P2,0,0,0,0,0,0
LSP1P4,8,0,6,7,12,15
LSR,113,40,959,123,957,1011
LSS,367,140,1750,821,3453,4411
LST1,0,0,0,0,0,1
LTA,0,0,0,0,0,0
LTA4H,1384,765,3321,3911,4008,4196
LTB,1,0,0,0,1,0
LTB4R,107,50,161,173,227,216
LTB4R2,19,4,38,45,68,112
LTBP1,1177,677,2512,3792,5248,6249
LTBP2,4,10,20,55,116,173
LTBP3,553,83,2367,2463,5932,6829
LTBP4,162,56,1123,81,335,378
LTBR,90,48,535,268,678,736
LTC4S,2,0,4,0,0,3
LTF,0,0,0,0,3,6
LTK,0,0,5,1,3,6
LTN1,1251,402,1697,2913,1791,2494
LTO1,190,97,576,259,438,464
LTO1P1,0,0,0,0,0,0
LTV1,136,54,292,378,361,354
LTV1P1,0,0,0,0,0,0
LUADT1,0,0,0,0,1,1
LUARIS,0,0,0,2,1,4
LUC7L,410,157,899,1318,1490,1498
LUC7L2,373,210,550,610,498,526
LUC7L3,4391,1448,7348,12899,10117,11906
LUCAT1,0,0,0,0,1,1
LUM,0,0,0,4,3,6
LURAP1,8,7,15,11,16,22
LURAP1L,6548,4390,12749,5304,6427,7850
LURAP1L-AS1,33,6,33,26,15,17
LUZP1,286,193,496,978,953,1302
LUZP2,0,0,0,0,0,0
LUZP4,0,0,0,0,0,0
LVRN,3,0,5,0,0,0
LXN,0,0,0,0,0,1
LY6D,0,0,0,0,0,0
LY6E,149,55,1350,192,2104,2325
LY6G5B,35,9,50,66,105,79
LY6G5C,2,1,6,1,12,5
LY6G6C,2,0,5,1,1,3
LY6G6D,0,0,0,0,0,0
LY6G6F,0,0,0,0,0,0
LY6G6F-LY6G6D,0,0,0,0,1,0
LY6H,0,0,0,0,0,0
LY6K,0,0,0,0,0,0
LY6L,0,0,0,0,0,1
LY6S-AS1,0,0,0,0,0,0
LY75,0,0,0,0,0,0
LY75-CD302,0,0,0,0,0,0
LY86,0,0,0,0,0,0
LY86-AS1,1,0,0,0,0,0
LY9,0,0,0,0,0,0
LY96,0,0,0,0,1,0
LYAR,141,65,387,262,365,365
LYG1,3,18,7,9,10,8
LYG2,0,0,0,0,0,0
LYL1,0,0,0,0,0,0
LYN,116,31,181,296,328,384
LYNX1,17,8,110,22,190,223
LYNX1-SLURP2,0,0,0,0,0,0
LYPD1,5,7,12,30,51,51
LYPD2,0,0,0,0,0,0
LYPD3,28,16,216,7,57,40
LYPD4,0,0,0,0,0,1
LYPD5,3,0,8,12,15,23
LYPD6,27,11,52,116,149,114
LYPD6B,22,3,49,584,871,774
LYPD8,0,0,2,0,0,0
LYPLA1,2912,1622,5665,4747,4618,4746
LYPLA2,67,42,792,102,1018,1251
LYPLAL1,346,189,669,389,488,517
LYPLAL1-DT,1,0,5,2,3,6
LYRM1,590,358,1236,365,543,557
LYRM2,783,511,1540,1623,1669,1816
LYRM4,211,129,603,304,446,374
LYRM4-AS1,28,21,57,58,67,71
LYRM7,1319,588,2216,1281,1137,1426
LYRM9,130,110,431,165,322,395
LYSET,91,81,173,122,127,141
LYSMD1,344,154,1180,284,728,879
LYSMD2,42,32,79,32,45,51
LYSMD3,1371,626,2149,1988,1440,2059
LYSMD4,22,8,84,33,70,57
LYST,249,110,302,557,328,550
LYVE1,0,0,0,0,0,0
LYZ,0,0,0,0,1,1
LYZL1,0,0,0,1,2,0
LYZL2,1,0,0,2,1,1
LYZL4,1,0,1,4,0,2
LYZL6,0,0,0,0,0,0
LZIC,1112,691,2510,1329,1441,1446
LZTFL1,607,281,1063,372,373,313
LZTR1,18,15,101,58,237,310
LZTS1,0,0,0,1,16,13
LZTS1-AS1,0,0,0,0,0,0
LZTS2,326,124,1353,453,1506,1720
LZTS3,63,15,360,136,552,669
M1AP,6,14,5,2,4,10
M6PR,708,463,1345,1416,1888,2049
MAB21L1,0,0,0,0,0,0
MAB21L2,0,0,0,0,0,0
MAB21L3,0,0,0,3,0,1
MAB21L4,0,0,2,10,56,36
MACC1,597,321,828,1048,732,904
MACC1-AS1,0,0,0,0,0,0
MACF1,475,200,609,874,715,898
MACIR,435,206,907,780,710,758
MACO1,502,322,907,804,785,828
MACORIS,0,0,0,0,0,0
MACROD1,121,58,421,60,201,165
MACROD2,53,31,154,107,86,110
MACROD2-AS1,0,0,0,0,0,0
MACROD2-IT1,0,0,0,0,0,0
MACROH2A1,2077,1108,4295,2656,4548,5193
MACROH2A2,161,121,643,181,532,516
MAD1L1,0,0,4,0,3,1
MAD2L1,126,93,362,658,810,692
MAD2L1BP,123,72,426,171,465,435
MAD2L2,19,24,170,16,164,132
MADCAM1,1,0,0,0,2,2
MADD,506,222,1321,407,1018,1175
MADD-AS1,0,0,0,0,0,0
MAEA,208,75,1412,393,1419,1608
MAEL,0,0,0,0,0,1
MAF,14,6,25,17,26,33
MAF1,278,87,1619,250,1056,1106
MAFA,11,0,45,19,68,62
MAFB,32,49,85,63,139,154
MAFF,25,3,67,15,25,33
MAFG,158,75,464,256,458,612
MAFG-AS1,0,0,0,0,0,0
MAFIP,0,0,2,1,0,0
MAFK,95,28,646,130,616,741
MAFTRR,0,0,0,2,1,0
MAG,1,0,9,0,5,1
MAGEA1,104,58,384,1,7,4
MAGEA10,10,0,28,0,0,0
MAGEA11,3,11,20,0,2,1
MAGEA12,145,95,662,2,3,3
MAGEA2,3,3,13,0,0,0
MAGEA3,237,111,1015.5,0,1,1.5
MAGEA4,0,0,0,0,0,0
MAGEA8,0,0,0,0,0,0
MAGEA9,0,0,0,0,0,0
MAGEB1,0,0,0,0,0,0
MAGEB10,1,0,0,0,0,0
MAGEB16,0,0,0,0,0,0
MAGEB17,9,0,15,1,0,9
MAGEB18,0,0,0,0,0,0
MAGEB2,0,0,0,0,0,1
MAGEB3,0,0,0,0,0,0
MAGEB4,0,0,0,0,0,0
MAGEB5,0,0,0,0,0,0
MAGEB6,0,0,2,0,0,1
MAGEB6B,0,0,0,0,0,0
MAGEC1,0,0,0,0,0,0
MAGEC2,0,0,0,9,27,24
MAGEC3,0,0,0,0,0,1
MAGED1,1866,1049,5909,3351,7781,8025
MAGED2,2990,1382,10835,5130,17245,17230
MAGED4,0,0,0,0,0,0
MAGED4B,0,0,0,0,0,0
MAGEE1,24,16,46,69,72,62
MAGEE2,0,0,0,2,0,0
MAGEF1,509,298,1188,1663,2210,2186
MAGEH1,23,7,83,7,15,13
MAGEL2,0,0,0,0,0,0
MAGI1,917,424,1426,371,419,558
MAGI1-AS1,0,0,0,0,0,0
MAGI1-IT1,2,0,1,0,1,1
MAGI2,20,17,54,24,20,19
MAGI2-AS2,0,0,0,0,0,0
MAGI2-AS3,0,0,0,0,0,0
MAGI3,549,250,819,687,579,739
MAGIX,20,16,76,28,54,54
MAGOH,552,363,1717,806,1234,1230
MAGOH-DT,9,0,15,1,6,4
MAGOHB,148,82,397,297,389,367
MAGT1,3420,1808,6541,6944,7629,8399
MAIP1,58,64,91,97,98,95
MAJIN,0,0,0,0,0,0
MAK,20,20,62,6,11,10
MAK16,534,298,918,1639,1358,1349
MAL,0,0,0,0,0,0
MAL2,7792,4033,12847,8542,7996,7938
MAL2-AS1,1,0,0,1,2,2
MALAT1,58881,15897,88675,254526,170197,212268
MALL,0,0,1,0,1,0
MALRD1,0,0,0,4,0,3
MALSU1,182,117,318,181,152,187
MALT1,337,197,700,1281,1140,1179
MALT1-AS1,0,0,0,0,0,0
MAMDC2,0,0,0,1,1,0
MAMDC2-AS1,0,14,2,1,0,0
MAMDC4,15,2,178,11,79,84
MAML1,349,176,882,410,810,976
MAML2,366,193,531,678,462,628
MAML3,63,33,139,73,92,122
MAMLD1,1,2,2,0,0,2
MAMSTR,1,0,10,1,9,5
MAN1A1,1410,652,2846,2304,2093,2604
MAN1A2,2366,1260,3312,4401,2804,4045
MAN1B1,588,214,2818,744,2672,2916
MAN1B1-DT,26,20,74,21,43,45
MAN1C1,35,21,120,53,161,181
MAN2A1,2048,1108,3319,4173,2946,3659
MAN2A2,509,254,1726,729,2272,2630
MAN2B1,285,148,964,574,2102,2256
MAN2B2,539,262,1844,903,2466,2699
MAN2C1,247,86,1261,231,971,999
MANBA,768,346,1538,3073,3076,3403
MANBAL,332,235,1664,295,1278,1361
MANCR,0,0,0,0,0,1
MANEA,632,325,1080,4399,3350,4151
MANEA-DT,10,0,18,93,71,109
MANEAL,107,56,453,124,500,468
MANEALP1,0,0,0,0,0,0
MANF,2321,1507,5781,608,816,671
MANSC1,427,260,820,1219,1845,1688
MANSC4,0,0,0,0,0,2
MAOA,3,0,5,11,12,18
MAOB,0,0,0,3,2,6
MAP10,11,1,30,0,0,0
MAP1A,63,37,101,6350,10326,13052
MAP1B,177,56,244,182,120,206
MAP1LC3A,0,0,2,0,0,0
MAP1LC3B,807,445,1779,1482,1652,1733
MAP1LC3B2,36,2,62,116,156,239
MAP1LC3BP1,0,0,0,0,0,0
MAP1LC3C,0,0,0,0,1,0
MAP1S,18,2,217,11,174,193
MAP2,630,291,889,2877,2421,3084
MAP2K1,291,148,854,322,721,763
MAP2K2,86,48,801,146,995,967
MAP2K3,24,13,145,66,307,393
MAP2K4,459,303,922,1097,934,1019
MAP2K5,434,234,1033,388,584,550
MAP2K5-DT,10,17,19,2,9,5
MAP2K6,146,44,194,304,238,295
MAP2K7,114,56,601,141,510,725
MAP3K1,1992,1125,2862,5628,3965,6011
MAP3K10,8,12,161,39,140,171
MAP3K11,130,57,912,184,962,1063
MAP3K12,234,97,548,480,912,1043
MAP3K13,1450,870,2699,2968,3272,3496
MAP3K14,10,21,93,15,85,78
MAP3K15,0,0,0,7,5,3
MAP3K19,11,0,3,5,2,8
MAP3K2,1477,766,2089,1918,1228,1609
MAP3K2-DT,64,15,141,105,104,98
MAP3K20,933,522,1470,2738,2246,2579
MAP3K20-AS1,0,0,0,0,1,0
MAP3K21,125,42,273,269,256,362
MAP3K3,151,93,648,197,507,614
MAP3K4,274,79,532,941,904,1067
MAP3K4-AS1,0,9,5,10,26,30
MAP3K5,25,1,31,270,218,280
MAP3K5-AS1,0,0,0,0,0,0
MAP3K6,12,3,91,34,179,177
MAP3K7,1017,608,1506,1994,1735,2006
MAP3K7CL,0,0,2,2,3,4
MAP3K8,16,6,17,39,29,39
MAP3K9,303,113,522,500,595,802
MAP3K9-DT,35,29,54,89,134,130
MAP4,2300,1011,4274,2406,3456,3696
MAP4K1,4,4,13,5,20,23
MAP4K1-AS1,0,0,2,0,0,1
MAP4K2,124,43,666,108,586,624
MAP4K3,532,311,926,1046,820,991
MAP4K3-DT,84,43,130,219,194,230
MAP4K4,740,342,1144,1707,1715,1929
MAP4K5,743,367,1226,2071,1520,1884
MAP6,0,0,0,0,0,0
MAP6D1,20,10,137,19,85,88
MAP7,412,148,867,821,1354,1443
MAP7-AS1,16,7,19,10,24,17
MAP7D1,78,41,494,126,590,618
MAP7D2,10,0,7,2,5,5
MAP7D3,0,0,0,0,0,0
MAP9,643,373,1179,2462,1595,2240
MAP9-AS1,2,0,0,0,0,0
MAPDA,774,418,1284,603,558,588
MAPK1,1323,789,2109,2454,2421,2778
MAPK10,140,35,213,212,200,239
MAPK10-AS1,0,0,0,0,0,0
MAPK11,24,7,245,49,566,649
MAPK12,13,0,163,22,251,262
MAPK13,1285,854,3584,722,1498,1725
MAPK14,946,380,1700,2351,2332,2815
MAPK15,135,46,1013,93,479,604
MAPK1IP1L,1396,581,2914,1677,2167,2226
MAPK3,213,93,772,175,968,861
MAPK4,2,0,0,25,33,43
MAPK6,2317,1258,3900,2082,1810,1801
MAPK6-DT,10,6,36,1,2,3
MAPK7,32,19,184,67,200,207
MAPK8,675,362,868,1000,802,930
MAPK8IP1,30,12,217,41,291,271
MAPK8IP1P1,0,0,0,0,0,0
MAPK8IP2,15,4,111,34,143,153
MAPK8IP3,104,70,523,254,968,1082
MAPK8IP3-AS1,0,0,0,0,0,0
MAPK9,1183,426,1771,1566,1819,2116
MAPKAP1,1280,670,2785,1262,1556,1705
MAPKAPK2,620,312,1732,691,1469,1611
MAPKAPK3,244,82,674,162,540,500
MAPKAPK5,630,301,1073,1173,1249,1328
MAPKAPK5-AS1,387,209,708,377,425,426
MAPKAPK5P1,0,0,0,0,0,0
MAPKBP1,196,59,677,206,573,701
MAPRE1,1785,1076,4401,3109,4507,4921
MAPRE1P3,0,0,0,0,0,0
MAPRE2,56,13,129,157,208,271
MAPRE3,32,15,115,122,300,331
MAPRE3-AS1,0,0,1,0,0,1
MAPT,1124,634,3526,110,284,345
MAPT-IT1,2,0,4,0,0,0
MARCHF1,229,149,527,137,140,118
MARCHF10,6,0,13,10,9,9
MARCHF10-DT,1,0,0,0,1,0
MARCHF11,0,0,0,0,0,0
MARCHF11-AS1,0,0,0,0,0,0
MARCHF2,10,11,117,26,107,123
MARCHF3,11,1,23,19,38,38
MARCHF4,0,0,0,0,0,0
MARCHF5,1398,679,2468,3395,2999,3280
MARCHF6,3534,1642,5870,5802,5052,6790
MARCHF6-DT,3,11,20,5,3,8
MARCHF7,1721,884,3145,2975,2570,2760
MARCHF8,1280,677,2752,2160,3332,3578
MARCHF9,111,55,358,211,561,583
MARCKS,0,0,3,40,39,28
MARCKSL1,258,120,631,911,1467,1506
MARCO,0,0,0,0,0,0
MARCOL,0,0,0,0,0,0
MARF1,1124,388,1519,1620,1338,1780
MARK1,14,0,8,490,478,495
MARK2,724,434,2359,753,1829,2041
MARK2P10,0,0,0,0,0,0
MARK2P11,0,0,0,0,0,0
MARK2P12,0,0,0,0,0,0
MARK2P13,0,0,0,0,0,0
MARK2P14,0,0,0,0,0,0
MARK2P18,0,0,0,0,0,0
MARK2P19,0,0,0,0,0,0
MARK2P4,0,0,0,0,0,0
MARK2P5,0,0,0,0,0,0
MARK2P7,0,0,0,0,0,0
MARK3,1176,695,2183,1784,2050,2107
MARK3P1,0,0,0,0,0,0
MARK4,137,48,399,195,532,546
MARS1,1649,913,5601,1669,4563,4460
MARS2,89,30,231,87,134,157
MARVELD1,67,49,185,449,941,993
MARVELD2,1212,816,2042,1444,1675,1894
MARVELD3,386,210,1036,455,866,814
MAS1,0,0,0,0,1,0
MAS1L,0,0,0,0,0,0
MAS1LP1,0,0,0,0,0,0
MASCRNA,0,0,0,0,0,0
MASP1,0,0,0,0,0,0
MASP2,0,0,0,0,0,0
MAST1,9,10,62,17,89,100
MAST2,246,70,675,341,815,844
MAST3,27,31,208,54,195,272
MAST4,287,154,408,116,98,156
MASTL,287,153,539,712,802,780
MAT1A,3,0,3,0,4,9
MAT2A,3295,1453,5212,6126,5986,6252
MAT2B,1124,715,1890,1965,1940,2227
MATCAP1,144,38,335,444,1090,1183
MATCAP2,274,204,569,850,655,867
MATK,0,0,0,0,0,0
MATN1,0,0,0,0,0,0
MATN1-AS1,15,0,38,5,11,17
MATN2,88,70,178,606,1167,1309
MATN3,295,146,577,623,796,844
MATN4,0,0,0,0,1,1
MATR3,40,18,69.5,107,46.5,95
MAU2,151,73,636,161,727,791
MAVS,4309,2056,7755,5804,9120,10225
MAX,726,472,1724,505,925,1025
MAZ,1407,856,5210,1870,6185,6252
MB,129,72,717,138,475,520
MB21D2,186,84,521,270,425,518
MBD1,313,102,841,720,1058,1200
MBD2,514,339,777,936,1002,933
MBD3,56,20,244,79,369,347
MBD3L1,0,0,0,0,0,0
MBD3L2,0,0,0,0,0,0
MBD3L2B,0,0,0,0,0,0
MBD3L3,0,0,0,0,0,0
MBD3L4,0,0,0,0,0,0
MBD3L5,0,0,0,0,0,0
MBD4,566,325,1052,614,589,574
MBD5,351,214,451,502,431,600
MBD6,985,376,3109,709,2982,3113
MBIP,309,132,616,465,519,489
MBL2,0,0,0,1,1,0
MBL3P,0,0,0,0,0,0
MBLAC1,0,0,2,2,3,7
MBLAC2,469,313,721,355,298,319
MBNL1,2696,1343,3339,4576,3590,4633
MBNL1-AS1,12,32,54,97,99,92
MBNL2,784,377,1085,1206,967,1218
MBNL3,354,216,494,719,513,605
MBOAT1,676,360,1424,650,748,813
MBOAT2,906,462,1380,2522,2043,2466
MBOAT4,0,0,0,1,1,2
MBOAT7,185,51,565,636,1814,2056
MBP,27,12,48,400,508,604
MBTD1,1276,757,2053,2624,1765,2381
MBTPS1,3718,2122,9577,4283,6683,7508
MBTPS2,1171,684,1967,2483,2132,2516
MC1R,91,58,363,46,240,260
MC2R,0,0,0,0,0,0
MC3R,0,0,0,0,0,0
MC4R,0,0,0,0,0,0
MC5R,0,0,0,0,0,1
MCAM,12,3,59,14,122,114
MCAT,31,38,160,48,161,139
MCC,66,74,99,474,548,674
MCCC1,1953,1312,3829,3063,3315,3441
MCCC2,2748,1095,4881,4186,4424,4690
MCCD1,0,0,2,0,1,0
MCCD1P1,0,0,0,0,0,0
MCEE,291,167,632,270,286,295
MCEMP1,0,0,2,0,0,0
MCF2,0,0,0,1,0,0
MCF2L,169,27,612,295,591,751
MCF2L2,2,0,4,64,48,78
MCF2L2P1,0,0,0,0,0,0
MCFD2,1842,975,3559,3083,3128,3628
MCHR1,0,0,12,0,3,0
MCHR2,0,0,0,1,0,0
MCHR2-AS1,0,0,0,0,0,0
MCIDAS,88,33,234,48,77,58
MCL1,3318,1836,5820,6346,6163,6612
MCM10,46,25,89,901,1173,1080
MCM2,61,18,533,163,725,722
MCM3,485,224,1491,1536,4198,3866
MCM3AP,1446,745,3550,2640,4037,4984
MCM3AP-AS1,261,94,406,344,419,533
MCM4,729,550,1938,3192,5459,4773
MCM5,47,9,275,206,1120,1102
MCM6,260,191,476,1492,1772,1607
MCM7,274,156,1112,684,2439,2146
MCM8,287,201,548,575,817,1001
MCM8-AS1,0,0,1,0,1,1
MCM9,322,208,540,702,663,713
MCMBP,651,420,1125,1498,1516,1460
MCMDC2,1,0,0,4,2,9
MCOLN1,46,11,283,46,143,208
MCOLN2,37,16,76,184,133,150
MCOLN3,387,168,526,688,477,536
MCPH1,482,343,938,949,766,945
MCPH1-DT,6,0,29,21,28,33
MCRIP1,25,16,350,16,205,173
MCRIP2,35,3,272,48,209,258
MCRIP2P2,0,0,0,0,0,0
MCRS1,145,105,1221,193,1031,1037
MCTP1,0,0,1,26,13,10
MCTP2,0,0,0,2,2,3
MCTS1,493,234,1060,1323,1655,1822
MCTS2,0,0,0,0,0,0
MCU,198,146,357,394,377,385
MCUB,69,47,136,141,206,168
MCUR1,651,315,891,748,702,843
MDC1,762,291,1517,1521,3051,3068
MDC1-AS1,0,0,0,1,0,1
MDFI,0,0,0,0,0,0
MDFIC,242,96,474,554,628,658
MDFIC2,0,0,0,0,0,0
MDGA1,3,0,11,169,457,499
MDGA2,112,75,194,529,426,529
MDH1,1130,695,2109,1609,1885,1775
MDH1B,50,52,81,105,87,95
MDH2,1069,585,6129,567,2587,2619
MDK,23,35,167,13,74,88
MDM1,320,199,726,552,477,599
MDM2,3146,1602,5132,7901,7271,8060
MDM4,1271,670,2008,2135,1882,2036
MDN1,555,143,691,724,622,818
MDP1,0,0,0,0,0,0
MDS2,0,0,0,0,0,0
ME1,0,0,0,3,1,5
ME2,381,237,555,1560,1250,1347
ME3,12,6,37,5,15,14
MEA1,678,330,3871,1777,7135,6833
MEAF6,712,304,1471,1037,1258,1293
MEAK7,275,122,982,363,946,1093
MECOM,451,238,699,726,694,798
MECOM-AS1,0,0,0,0,0,0
MECP2,808,383,2111,1037,1556,2162
MECR,37,6,251,62,198,229
MED1,3253,1506,5114,5981,4732,6174
MED10,140,41,429,130,311,328
MED11,84,87,284,165,269,253
MED12,346,138,844,497,1205,1476
MED12L,26,14,32,61,45,87
MED13,2347,1247,2762,4000,2433,3543
MED13L,11286,5092,16077,17846,15712,22352
MED13P1,0,0,1,0,0,0
MED14,1884,1032,2398,2035,1876,2152
MED14P1,0,0,0,0,0,0
MED15,111,39,631,203,937,1065
MED15P3,0,0,0,0,0,0
MED15P5,0,0,0,0,0,0
MED16,21,6,267,19,202,228
MED17,97,35,190,129,161,209
MED18,138,182,459,119,282,311
MED19,195,78,480,97,230,212
MED20,273,184,364,389,445,431
MED21,509,342,640,1082,917,1063
MED22,278,122,1491,235,1136,1151
MED23,281,126,312,715,538,744
MED24,462,227,1438,866,1910,2129
MED25,143,84,471,221,612,629
MED26,16,6,87,39,120,98
MED27,297,189,620,310,367,364
MED28,1507,674,3154,2367,2484,2758
MED28-DT,12,0,25,6,8,10
MED28P2,0,0,0,0,0,0
MED28P3,0,0,0,0,0,0
MED28P5,0,0,0,0,0,0
MED28P6,0,0,0,0,0,0
MED29,256,150,970,468,1184,1260
MED30,56,17,112,56,77,55
MED31,64,11,100,201,147,213
MED4,693,455,1811,1900,2105,2125
MED4-AS1,0,0,0,0,0,0
MED6,251,190,426,316,283,328
MED7,641,350,1144,986,936,914
MED8,444,251,947,304,486,441
MED9,60,20,178,81,281,299
MEDAG,0,0,0,0,0,0
MEF2A,817,422,1272,980,801,910
MEF2C,7,0,2,8,5,6
MEF2C-AS1,0,0,3,1,0,3
MEF2C-AS2,0,0,0,0,0,0
MEF2D,492,215,1448,331,854,1020
MEFV,0,5,0,0,4,3
MEG3,0,0,1,0,0,0
MEGF10,0,0,10,11,13,19
MEGF11,0,0,0,1,0,1
MEGF6,19,5,90,45,103,121
MEGF8,219,79,707,568,1684,1617
MEGF9,1297,723,1971,3874,3056,3899
MEI1,1,0,0,2,2,4
MEI4,5,1,6,48,33,47
MEIG1,0,0,3,2,3,9
MEIKIN,0,0,0,0,0,0
MEIOB,7,1,17,8,5,6
MEIOC,0,0,1,2,3,3
MEIOSIN,1,0,0,1,0,1
MEIS1,64,13,94,15,26,24
MEIS1-AS2,0,0,0,0,0,0
MEIS2,55,57,128,103,122,118
MEIS3,20,19,45,4,4,9
MELK,204,127,436,625,705,631
MELTF,30,1,80,60,197,241
MELTF-AS1,31,18,144,53,165,134
MEMO1,14,2,42,33,48,42
MEMO1P4,0,0,0,0,0,1
MEMO1P5,0,0,0,0,0,0
MEN1,254,137,1444,261,1313,1278
MEOX1,0,0,0,0,0,0
MEOX2,0,0,0,0,0,0
MEP1A,0,0,0,0,0,0
MEP1B,0,0,0,1,0,0
MEPCE,305,277,1734,309,1287,1301
MEPE,0,0,0,1,0,0
MERTK,0,0,0,17,18,15
MESD,774,403,2051,1414,2480,2315
MESDP1,0,0,0,0,0,0
MESP1,0,0,2,3,0,1
MESP2,0,0,4,0,1,0
MEST,0,0,0,0,0,0
MESTIT1,0,0,0,0,0,0
MESTP3,0,0,0,0,0,0
MET,44,25,89,106,97,74
METAP1,549,238,957,913,960,1210
METAP1D,137,100,380,399,405,462
METAP2,1152,719,3443,3226,4706,4805
METRN,9,1,131,18,182,177
METRNL,42,41,552,66,326,312
METTL1,96,27,418,89,310,244
METTL13,950,511,1692,759,1440,1488
METTL14,457,299,873,754,709,832
METTL14-DT,32,0,41,38,11,24
METTL15,618,236,1100,837,885,1081
METTL15P3,0,0,0,0,0,0
METTL16,553,261,1062,961,1169,1282
METTL17,168,93,389,411,512,585
METTL18,254,151,547,184,254,212
METTL21A,85,20,157,153,174,180
METTL21AP1,0,0,0,1,0,0
METTL21C,0,0,0,0,0,0
METTL21EP,1,0,2,0,1,1
METTL22,142,50,307,183,475,611
METTL23,122,62,190,111,134,144
METTL24,0,0,0,1,0,0
METTL25,58,31,144,81,77,74
METTL25B,157,56,887,88,389,438
METTL26,21,8,204,18,178,171
METTL27,16,1,118,5,50,48
METTL2A,479,261,1555,849,1586,1572
METTL2B,507,274,1620,995,1676,1827
METTL3,197,80,402,285,431,420
METTL4,205,80,415,391,427,476
METTL5,306,227,559,386,424,377
METTL5P1,0,0,0,0,0,0
METTL5P2,0,0,0,0,0,0
METTL5P3,0,0,0,0,0,0
METTL5P4,0,0,0,0,0,0
METTL6,522,285,1432,778,1103,1214
METTL8,245,104,534,851,802,905
METTL9,635,546,1363,1491,1672,1603
MEX3A,638,457,1088,1462,1904,2281
MEX3B,2,1,9,11,13,17
MEX3C,663,391,1071,1120,899,1091
MEX3D,79,111,263,153,338,363
MFAP1,653,347,1939,1358,2243,2093
MFAP2,9,6,74,5,52,50
MFAP3,1349,664,2194,4281,3259,4007
MFAP3L,204,125,333,271,228,299
MFAP4,0,0,0,0,1,0
MFAP5,0,0,0,7,4,9
MFF,597,349,911,765,648,741
MFF-DT,22,0,38,15,13,18
MFGE8,7,0,33,87,248,285
MFHAS1,186,135,366,427,443,493
MFN1,3340,1945,5958,8932,6945,8157
MFN1P1,0,0,0,0,0,0
MFN2,1113,596,2865,1537,2548,3180
MFNG,0,0,3,8,29,44
MFRP,0,0,0,0,0,0
MFSD1,850,533,1877,1601,1530,1490
MFSD10,28,9,425,26,308,315
MFSD11,409,215,912,771,919,986
MFSD12,128,32,446,193,519,592
MFSD13A,25,10,60,25,61,40
MFSD14A,4,0,43,7,67,70
MFSD14B,423,237,1007,735,981,1060
MFSD2A,1,0,10,123,341,349
MFSD2B,0,1,1,0,2,3
MFSD3,40,58,556,47,340,361
MFSD4A,11,7,30,16,33,28
MFSD4B,224,83,361,836,700,813
MFSD4BP1,0,0,0,0,0,0
MFSD5,216,104,576,269,669,710
MFSD6,506,276,956,1616,1625,1794
MFSD6L,0,0,0,0,0,0
MFSD8,305,107,520,460,391,466
MFSD9,147,74,386,280,338,421
MGA,1006,539,1277,1076,733,906
MGAM,1,0,0,5,2,4
MGAM2,0,0,0,0,0,1
MGARP,1,0,3,0,0,0
MGAT1,573,344,1804,1070,1725,1795
MGAT2,536,388,1389,1121,1234,1283
MGAT3,0,0,1,2,10,8
MGAT3-AS1,0,0,0,0,0,0
MGAT4A,353,192,644,1093,906,981
MGAT4B,174,76,868,379,1519,1740
MGAT4C,0,0,0,2,0,1
MGAT4D,0,0,0,0,0,1
MGAT5,293,195,642,1096,1459,1942
MGAT5B,0,0,0,0,8,2
MGC12916,4,6,5,8,8,15
MGC15885,0,0,0,2,0,0
MGC16275,1,0,6,2,13,11
MGC27382,0,0,0,0,0,0
MGC32805,0,0,2,0,1,1
MGC4859,0,0,0,0,0,0
MGLL,8,3,73,25,79,86
MGME1,500,373,1263,667,922,925
MGMT,30,12,202,14,102,102
MGP,22313,16553,61753,3432,4538,4475
MGRN1,151,63,793,149,653,681
MGST1,1267,838,1933,5481,5879,5515
MGST2,60,58,174,81,109,96
MGST3,545,483,927,1250,1492,1498
MHENCR,16,5,64,18,60,59
MIA,0,0,0,1,0,1
MIA2,2615,1462,5343,1861,1720,1984
MIA2-AS1,9,4,17,8,8,10
MIA3,2955,1367,5337,4075,3484,4203
MIAT,14,0,15,24,26,19
MIB1,1276,611,1760,2907,1815,2491
MIB2,31,2,246,44,239,300
MICA,124,35,268,525,803,1114
MICAL1,89,19,307,105,419,462
MICAL2,495,283,1019,439,656,765
MICAL3,185,58,478,329,654,824
MICALL1,136,83,692,45,261,267
MICALL2,76,14,508,60,332,397
MICALL2-DT,0,0,3,0,1,4
MICB,1372,718,3259,615,1385,1652
MICB-DT,25,27,42,0,3,4
MICOS10,152,61,141,67,88,105
MICOS10-DT,0,0,0,0,1,0
MICOS13,4,1,165,9,95,114
MICU1,947,608,2244,1063,1595,1813
MICU2,591,277,1473,1464,1358,1448
MICU3,0,0,0,0,0,0
MID1,464,230,821,1292,1390,1578
MID1IP1,633,332,1997,1233,1731,2003
MID2,329,130,450,600,507,706
MIDEAS,714,356,1716,705,1079,1335
MIDN,236,96,1008,398,1374,1460
MIEF1,516,267,1198,773,1236,1368
MIEF2,99,55,492,107,365,384
MIEN1,94,108,340,52,212,199
MIER1,714,368,1137,1526,1151,1557
MIER2,24,11,191,42,214,309
MIER3,1103,642,1734,2307,1614,2120
MIF,15,2,466,5,316,254
MIF4GD,182,125,539,174,382,415
MIF4GD-DT,15,0,69,7,19,28
MIGA1,393,258,683,1099,1008,1260
MIGA2,48,14,398,55,369,420
MIIP,16,1,164,12,56,64
MILIP,24,9,103,20,85,79
MILR1,0,0,0,0,0,0
MIMT1,0,0,0,0,0,0
MINAR1,32,24,34,46,44,63
MINAR2,0,0,0,2,1,4
MINCR,58,18,179,16,42,50
MINDY1,729,374,1702,734,1355,1595
MINDY2,570,330,950,827,562,806
MINDY2-DT,1,0,5,4,10,4
MINDY3,389,172,705,851,764,803
MINDY4,6,9,5,6,8,11
MINDY4B,0,0,0,0,0,0
MINK1,320,138,1437,346,1809,1958
MINPP1,205,108,398,560,477,524
MIOS,962,516,1644,679,573,591
MIOX,0,0,2,0,1,2
MIOXP1,0,0,0,0,0,0
MIP,0,0,0,0,1,1
MIPEP,213,110,434,348,389,443
MIPOL1,236,188,534,387,312,429
MIR1-1,0,0,0,0,0,0
MIR1-1HG,0,0,0,0,0,0
MIR1-2,0,0,0,0,0,0
MIR100,0,0,0,0,0,0
MIR100HG,0,0,0,0,0,0
MIR101-1,0,0,0,0,0,0
MIR101-2,0,0,0,0,0,1
MIR103A1,0,0,0,0,0,0
MIR103A2,0,0,2,0,0,1
MIR103B1,0,0,0,0,0,0
MIR103B2,0,0,0,0,0,0
MIR105-1,0,0,0,0,0,0
MIR105-2,0,0,0,0,0,0
MIR106A,0,0,0,0,0,0
MIR106AHG,0,0,0,0,0,0
MIR106B,2,0,5,0,0,0
MIR107,0,0,0,1,0,0
MIR10A,0,0,0,0,0,0
MIR10B,0,0,0,0,0,0
MIR1178,0,0,0,0,0,0
MIR1179,0,0,0,0,0,0
MIR1180,0,0,1,0,0,0
MIR1181,0,0,0,0,0,0
MIR1182,0,0,0,0,0,0
MIR1183,0,0,0,0,0,0
MIR1184-1,0,0,0,0,0,0
MIR1184-2,0,0,0,0,0,0
MIR1184-3,0,0,0,0,0,0
MIR1185-1,0,0,0,0,0,0
MIR1185-2,0,0,0,0,0,0
MIR1193,0,0,0,0,0,0
MIR1197,0,0,0,0,0,0
MIR1199,0,0,0,0,0,0
MIR1200,0,0,0,0,0,0
MIR1202,0,0,0,0,0,0
MIR1203,0,0,0,0,0,0
MIR1204,0,0,0,0,0,0
MIR1205,2,0,0,0,1,0
MIR1206,0,0,0,0,0,0
MIR1207,0,0,0,0,0,0
MIR1208,0,0,0,0,0,0
MIR12136,20,0,21,300,210,192
MIR122,0,0,0,0,0,0
MIR1224,0,0,0,0,0,0
MIR1225,0,0,0,0,0,0
MIR1226,0,0,0,0,0,0
MIR1227,0,0,0,0,0,0
MIR1228,0,0,0,0,0,0
MIR1229,0,0,0,0,0,0
MIR122HG,0,0,0,0,0,0
MIR1231,0,0,0,0,0,0
MIR1233-1,0,0,0,0,0,0
MIR1233-2,0,0,0,0,0,0
MIR1234,0,0,0,0,0,0
MIR1236,0,0,0,0,0,0
MIR1237,0,0,0,0,0,0
MIR1238,0,0,0,0,0,0
MIR124-1,0,0,0,0,0,0
MIR124-1HG,0,0,0,0,0,0
MIR124-2,0,0,0,0,0,0
MIR124-2HG,0,0,0,0,0,0
MIR124-3,0,0,0,0,0,0
MIR1243,0,0,0,0,0,0
MIR1244-1,0,0,0,0,0,0
MIR1244-2,35,90,29,29,17,13
MIR1244-3,2,2,0,0,1,1
MIR1244-4,0,0,0,0,0,0
MIR1245A,0,0,0,0,0,0
MIR1245B,0,0,0,0,0,0
MIR1246,0,0,0,0,0,0
MIR1247,0,0,0,0,0,0
MIR1248,0,0,0,0,0,0
MIR1249,0,1,0,0,0,0
MIR1250,0,0,0,0,0,0
MIR1251,0,0,0,0,0,0
MIR1252,0,0,0,0,0,0
MIR1253,0,0,0,0,0,0
MIR1255A,0,0,1,0,0,0
MIR1255B1,0,0,0,0,0,0
MIR1255B2,0,0,0,0,0,0
MIR1256,0,0,0,0,0,0
MIR1257,0,0,0,0,0,0
MIR1258,0,0,0,0,0,0
MIR125A,0,0,0,0,0,0
MIR125B1,0,0,0,0,0,0
MIR125B2,0,0,0,0,0,0
MIR126,0,0,0,0,0,0
MIR1260A,0,0,0,0,0,0
MIR1260B,0,0,0,0,0,1
MIR1261,0,0,0,0,0,0
MIR1262,0,0,0,0,0,0
MIR1263,0,0,0,0,0,0
MIR1264,0,0,0,0,0,0
MIR1265,0,0,0,0,0,0
MIR1266,0,0,0,0,0,0
MIR1267,0,0,0,0,0,0
MIR1268A,0,0,0,0,0,0
MIR1268B,0,0,0,0,0,0
MIR1269A,0,0,0,0,0,1
MIR1269B,0,0,0,0,0,0
MIR127,0,0,0,0,0,0
MIR1270,2,0,0,0,0,1
MIR1271,0,0,0,0,0,0
MIR1272,0,0,0,0,0,0
MIR1273C,0,0,0,0,0,0
MIR1273H,0,0,0,0,0,0
MIR1275,0,0,0,0,0,0
MIR1276,0,0,0,0,0,0
MIR1277,0,0,0,0,0,0
MIR1278,0,0,0,0,0,0
MIR1279,0,0,0,0,0,0
MIR128-1,0,0,0,0,0,0
MIR128-2,0,0,0,0,0,0
MIR1281,0,0,0,0,0,0
MIR1282,4,0,2,4,14,16
MIR1283-1,0,0,0,0,0,0
MIR1283-2,0,0,0,0,0,0
MIR1284,0,0,0,0,0,0
MIR1285-1,0,0,1,2,0,0
MIR1285-2,0,0,0,0,0,0
MIR1286,0,0,0,0,0,0
MIR1287,0,0,0,0,0,0
MIR1288,0,0,0,0,0,0
MIR1289-1,0,0,4,3,3,4
MIR1289-2,0,0,0,0,0,0
MIR129-1,0,0,0,0,0,0
MIR129-2,0,0,0,0,0,0
MIR1290,0,0,0,0,0,0
MIR1291,0,1,0,1,0,0
MIR1292,0,0,0,0,0,0
MIR1293,0,0,0,0,0,0
MIR1294,0,0,0,0,0,0
MIR1295A,0,0,0,0,0,0
MIR1295B,0,0,0,0,0,0
MIR1296,0,0,2,0,0,0
MIR1297,0,0,0,0,0,0
MIR1298,0,0,0,0,0,0
MIR1299,0,0,0,0,0,0
MIR1301,0,0,0,0,0,2
MIR1302-1,0,0,0,0,0,0
MIR1302-10,0,0,0,0,0,0
MIR1302-11,0,0,0,0,0,0
MIR1302-2,0,0,0,0,0,0
MIR1302-3,0,0,0,0,0,0
MIR1302-4,0,0,0,0,0,0
MIR1302-5,3,0,2,0,0,0
MIR1302-6,0,0,0,0,0,0
MIR1302-7,0,0,0,0,0,0
MIR1302-8,0,0,0,0,0,0
MIR1302-9,0,0,0,0,0,0
MIR1303,2,0,0,0,0,0
MIR1304,0,0,0,0,0,0
MIR1305,0,0,2,0,0,0
MIR1306,0,0,0,0,0,0
MIR1307,0,0,0,2,1,0
MIR130A,1,0,4,6,13,7
MIR130AHG,10,6,13,130,162,167
MIR130B,0,0,0,0,0,0
MIR132,0,0,0,0,0,0
MIR1321,0,0,0,0,0,0
MIR1322,0,0,0,0,0,0
MIR1323,0,0,0,0,0,0
MIR1324,0,0,0,0,0,0
MIR133A1,0,0,0,0,0,0
MIR133A1HG,0,0,0,0,0,0
MIR133A2,0,0,0,0,0,0
MIR133B,0,0,0,1,0,0
MIR134,0,0,0,0,0,0
MIR1343,0,0,0,0,0,0
MIR135A1,0,0,0,0,0,0
MIR135A2,7,0,10,0,0,0
MIR135B,0,0,0,0,0,0
MIR136,0,0,0,0,0,0
MIR137,0,0,0,0,0,0
MIR137HG,0,0,0,0,0,0
MIR138-1,0,0,0,0,0,0
MIR138-2,0,0,0,0,0,0
MIR139,0,0,0,0,0,0
MIR140,0,0,0,0,0,1
MIR141,0,0,0,0,0,0
MIR142,0,0,0,0,0,0
MIR142HG,0,0,0,0,0,0
MIR143,0,0,0,0,0,0
MIR144,0,0,0,0,0,0
MIR145,0,0,0,0,0,0
MIR1468,0,0,0,0,0,0
MIR1469,0,0,0,0,0,0
MIR146A,0,0,0,0,0,0
MIR146B,0,0,0,0,0,0
MIR1470,0,0,0,0,0,0
MIR1471,0,0,0,0,0,0
MIR147A,0,0,0,0,0,0
MIR147B,0,0,0,0,0,0
MIR148A,0,0,0,0,0,0
MIR148B,2,10,3,3,0,5
MIR149,0,0,0,0,0,0
MIR150,0,0,0,0,0,0
MIR151A,0,0,0,0,0,0
MIR151B,0,0,0,0,0,0
MIR152,0,0,0,0,0,0
MIR153-1,0,0,0,0,0,0
MIR153-2,0,0,0,0,0,0
MIR1537,0,0,0,0,0,0
MIR1538,0,0,0,0,0,0
MIR1539,0,0,0,0,0,0
MIR154,0,0,0,0,0,0
MIR155,0,0,0,0,0,0
MIR155HG,0,0,0,0,0,0
MIR1587,0,0,0,0,0,0
MIR15A,0,0,0,0,0,0
MIR15B,0,0,0,0,0,0
MIR16-1,0,0,0,13,14,19
MIR16-2,0,0,0,0,0,0
MIR17,0,0,0,0,0,0
MIR17HG,21,11,31,76,62,53
MIR181A1,0,0,0,0,0,0
MIR181A2,0,0,0,0,0,0
MIR181A2HG,8,4,7,2,4,2
MIR181B1,0,0,1,0,0,1
MIR181B2,0,0,2,0,0,0
MIR181C,0,0,0,0,0,0
MIR181D,0,0,0,0,0,1
MIR182,0,0,0,0,0,0
MIR1825,0,0,0,0,0,0
MIR1827,0,0,0,0,0,0
MIR183,0,0,0,0,0,0
MIR184,0,0,0,0,0,0
MIR185,0,0,0,0,0,0
MIR186,15,0,10,14,16,29
MIR187,0,0,0,0,0,0
MIR188,0,0,0,0,0,0
MIR18A,0,0,0,0,0,0
MIR18B,0,0,0,0,0,0
MIR1908,0,0,0,0,0,0
MIR1909,0,0,0,0,0,0
MIR190A,0,0,0,0,0,0
MIR190B,0,0,0,0,0,0
MIR191,0,0,0,0,0,0
MIR1910,1,0,1,0,0,0
MIR1911,0,0,0,0,0,0
MIR1912,0,0,0,0,0,0
MIR1913,0,0,0,0,0,0
MIR1914,0,0,0,0,0,0
MIR1915,0,0,0,0,0,0
MIR1915HG,11,8,29,60,102,130
MIR192,0,0,0,0,0,0
MIR193A,0,0,0,0,0,0
MIR193B,0,0,1,0,0,0
MIR193BHG,98,71,193,151,168,145
MIR194-1,0,0,0,0,0,0
MIR194-2,0,0,0,0,0,0
MIR194-2HG,0,0,1,1,0,1
MIR195,0,0,0,0,0,0
MIR196A1,0,0,0,0,0,0
MIR196A2,2,0,1,5,43,68
MIR196B,0,0,0,0,0,0
MIR197,0,0,0,0,0,0
MIR1972-1,0,0,0,0,0,0
MIR1972-2,0,0,0,0,0,0
MIR1973,0,0,0,0,0,0
MIR1976,0,0,0,0,0,0
MIR198,0,0,0,0,0,0
MIR199A1,0,0,0,0,0,0
MIR199A2,0,0,0,0,0,0
MIR199B,0,0,0,0,0,0
MIR19A,0,0,0,0,0,0
MIR19B1,0,0,0,0,0,0
MIR19B2,0,0,0,0,0,0
MIR200A,0,0,3,0,3,1
MIR200B,0,0,0,0,0,1
MIR200C,0,0,0,0,1,1
MIR200CHG,20,12,60,32,55,80
MIR202,0,0,0,0,0,0
MIR202HG,0,0,0,0,0,0
MIR203A,0,0,0,0,0,0
MIR203B,0,0,0,0,0,0
MIR204,0,0,0,0,0,0
MIR205,0,0,0,4,3,7
MIR2052,2,0,6,5,2,3
MIR2052HG,91,76,198,87,88,120
MIR2053,0,0,0,0,0,0
MIR2054,0,0,0,0,0,0
MIR205HG,48,16,93,933,1291,1530
MIR206,0,0,0,0,0,0
MIR208A,0,0,0,0,0,0
MIR208B,0,0,0,0,0,0
MIR20A,0,0,0,0,0,0
MIR20B,0,0,0,0,0,0
MIR21,0,0,0,0,0,0
MIR210,0,0,0,0,0,0
MIR210HG,5,1,67,8,40,56
MIR211,0,0,0,0,0,0
MIR2110,0,0,0,0,0,0
MIR2113,0,0,0,0,0,0
MIR2114,0,0,0,0,0,0
MIR2115,0,0,0,0,0,0
MIR2116,0,0,0,0,0,0
MIR2117,0,0,0,0,0,0
MIR2117HG,0,0,0,5,2,6
MIR212,0,0,0,0,0,0
MIR214,0,0,0,0,0,0
MIR215,0,0,0,0,0,0
MIR216A,0,0,0,0,0,0
MIR216B,0,0,0,0,0,0
MIR217,0,0,0,0,0,0
MIR218-1,0,0,0,0,0,0
MIR218-2,0,0,0,0,0,0
MIR219A1,1,0,19,2,14,19
MIR219A2,0,0,0,0,0,0
MIR219A2HG,0,0,0,0,0,0
MIR219B,0,0,0,0,0,0
MIR22,0,0,0,0,0,0
MIR221,0,0,0,0,0,0
MIR222,0,0,0,0,0,1
MIR223,0,0,0,0,0,0
MIR223HG,0,0,0,0,0,0
MIR224,0,0,0,0,0,0
MIR2276,0,0,0,0,0,0
MIR2277,0,0,0,0,0,0
MIR2278,0,0,0,0,0,0
MIR22HG,47,13,122,196,330,289
MIR2355,0,0,0,2,0,0
MIR2392,0,0,0,0,0,0
MIR23A,0,0,0,0,0,0
MIR23B,4,0,7,0,1,0
MIR23C,0,0,0,0,0,0
MIR24-1,0,0,0,0,0,0
MIR24-2,0,0,0,0,0,0
MIR2467,0,0,0,0,0,0
MIR25,0,0,6,3,21,25
MIR2681,0,0,0,0,0,0
MIR2682,0,0,0,0,0,0
MIR26A1,0,0,0,0,0,0
MIR26A2,0,0,0,0,0,1
MIR26B,0,0,0,0,0,0
MIR27A,0,0,0,0,0,0
MIR27B,2,0,9,0,2,0
MIR28,0,0,0,0,0,0
MIR2861,0,0,0,0,0,0
MIR2909,0,0,0,0,0,0
MIR296,0,0,0,0,0,0
MIR297,0,0,0,0,0,0
MIR298,0,0,0,0,0,0
MIR299,0,0,0,0,0,0
MIR29A,0,0,0,0,0,0
MIR29B1,0,0,0,0,0,0
MIR29B2,0,0,0,0,0,0
MIR29C,0,0,0,0,0,0
MIR300,0,0,0,0,0,0
MIR301A,0,0,0,1,0,0
MIR301B,0,0,0,0,0,0
MIR302A,0,0,0,0,0,0
MIR302B,0,0,0,0,0,0
MIR302C,0,0,0,0,0,0
MIR302CHG,0,0,0,1,2,0
MIR302D,0,0,0,0,0,0
MIR302E,0,0,0,0,0,0
MIR302F,0,0,0,0,0,0
MIR3064,0,0,0,0,0,0
MIR3065,0,0,0,0,0,0
MIR3074,0,0,0,0,0,0
MIR30A,0,0,0,0,1,0
MIR30B,0,0,9,0,0,4
MIR30C1,3,0,1,1,0,3
MIR30C2,0,0,0,0,0,0
MIR30D,0,0,0,0,0,0
MIR30E,0,0,0,0,0,0
MIR31,0,0,0,0,0,0
MIR3115,0,0,0,0,0,0
MIR3116-1,0,0,0,0,0,0
MIR3116-2,0,0,0,0,0,0
MIR3117,0,0,0,0,0,0
MIR3118-1,0,0,0,0,0,0
MIR3118-2,0,0,0,0,0,0
MIR3118-3,0,0,0,0,0,0
MIR3118-4,0,0,0,0,0,0
MIR3119-1,0,0,0,0,0,0
MIR3119-2,0,0,0,0,0,0
MIR3120,0,0,0,0,0,0
MIR3121,1,0,0,0,0,0
MIR3122,0,0,0,0,0,0
MIR3123,0,0,0,0,0,0
MIR3124,0,0,3,0,2,2
MIR3125,0,0,0,0,0,0
MIR3126,0,0,0,0,0,0
MIR3127,0,0,0,0,9,0
MIR3128,0,0,0,0,1,0
MIR3129,0,0,0,0,0,0
MIR3130-1,0,0,0,0,0,0
MIR3130-2,0,0,0,0,0,0
MIR3131,0,0,0,0,0,0
MIR3132,0,0,0,0,0,0
MIR3133,0,0,0,0,0,0
MIR3134,0,0,0,0,0,0
MIR3135A,0,0,0,0,0,0
MIR3135B,0,0,0,0,0,0
MIR3136,3,0,5,1,2,0
MIR3137,0,0,0,1,0,0
MIR3138,0,0,0,0,0,0
MIR3139,0,0,0,0,0,0
MIR3140,1,0,0,0,0,0
MIR3141,0,0,0,0,0,0
MIR3142,0,0,0,0,0,0
MIR3142HG,0,0,0,0,0,0
MIR3143,0,0,0,0,1,0
MIR3144,0,0,0,0,0,0
MIR3145,0,0,0,0,0,0
MIR3146,1,0,0,0,0,0
MIR3147,0,0,0,0,0,0
MIR3147HG,83,29,168,72,167,163
MIR3148,0,0,0,0,0,0
MIR3149,0,0,1,1,1,3
MIR3150A,0,0,0,0,0,0
MIR3150B,0,0,0,0,0,0
MIR3150BHG,0,0,0,1,0,0
MIR3151,0,0,0,0,0,0
MIR3152,0,0,0,0,0,0
MIR3153,0,0,3,8,7,6
MIR3154,0,0,0,0,0,0
MIR3155A,0,0,0,0,0,0
MIR3155B,0,0,0,0,0,0
MIR3156-1,0,0,0,0,0,0
MIR3156-2,0,0,0,0,0,0
MIR3156-3,0,0,0,0,0,0
MIR3157,0,0,0,0,0,0
MIR3158-1,0,0,0,0,1,3
MIR3158-2,0,0,0,0,0,0
MIR3159,0,0,0,0,0,0
MIR3160-1,0,0,0,0,0,0
MIR3160-2,0,0,0,0,0,0
MIR3161,0,0,0,0,0,0
MIR3162,0,0,0,1,0,2
MIR3163,0,0,0,0,0,0
MIR3164,3,0,1,1,1,0
MIR3165,2,0,0,0,0,0
MIR3166,0,0,0,0,0,0
MIR3167,0,0,0,0,0,0
MIR3168,0,0,0,0,0,0
MIR3169,0,0,0,0,0,0
MIR3170,0,0,0,0,0,0
MIR3171,0,0,0,0,0,0
MIR3173,0,0,0,0,0,0
MIR3174,0,0,0,0,0,2
MIR3175,0,0,0,0,0,0
MIR3176,0,0,1,0,3,4
MIR3177,0,0,0,0,0,0
MIR3178,0,0,0,0,0,0
MIR3179-1,0,0,0,0,0,0
MIR3179-2,0,0,0,0,0,0
MIR3179-3,0,0,0,0,0,0
MIR3179-4,0,0,0,0,0,0
MIR3180-1,0,0,0,0,0,0
MIR3180-2,0,0,0,0,0,0
MIR3180-3,0,0,0,0,0,0
MIR3180-4,0,0,0,0,0,0
MIR3180-5,0,0,0,0,0,0
MIR3181,0,0,0,0,0,0
MIR3182,0,0,0,0,0,0
MIR3183,0,0,0,0,0,0
MIR3184,0,0,0,0,0,0
MIR3185,0,0,0,0,0,0
MIR3186,0,0,0,0,0,0
MIR3187,0,0,0,0,1,0
MIR3188,0,0,0,0,0,0
MIR3189,0,0,4,0,1,0
MIR3190,0,0,0,0,0,0
MIR3191,0,0,0,0,0,0
MIR3192,0,0,2,10,5,4
MIR3193,0,0,0,0,0,0
MIR3194,0,0,0,0,0,0
MIR3195,0,0,0,0,0,0
MIR3196,0,0,0,0,0,0
MIR3197,0,0,0,0,0,0
MIR3198-1,0,0,0,0,0,0
MIR3198-2,0,0,0,0,0,0
MIR3199-1,0,0,0,0,0,0
MIR3199-2,0,0,0,0,0,0
MIR31HG,0,0,0,0,0,0
MIR32,0,0,0,1,0,1
MIR3200,0,0,0,0,0,0
MIR3201,0,0,0,0,0,0
MIR3202-1,0,0,0,1,1,0
MIR3202-2,0,0,0,0,0,0
MIR320A,0,0,0,0,0,0
MIR320B1,0,0,0,0,0,0
MIR320C1,0,0,0,0,0,0
MIR323A,0,0,0,0,0,0
MIR323B,0,0,0,0,0,0
MIR324,0,0,0,0,0,1
MIR325,0,0,0,0,0,0
MIR325HG,0,0,0,3,1,1
MIR326,0,0,0,0,0,0
MIR328,0,0,0,0,0,0
MIR329-1,0,0,0,0,0,0
MIR329-2,0,0,0,0,0,0
MIR330,0,0,0,0,0,0
MIR331,2,0,4,68,44,59
MIR335,0,0,0,0,0,0
MIR337,0,0,0,0,0,0
MIR338,0,0,0,0,0,0
MIR339,0,0,0,0,2,3
MIR33A,0,0,0,0,0,0
MIR33B,0,0,0,0,1,0
MIR340,0,0,0,0,0,0
MIR342,0,0,0,0,0,1
MIR345,0,0,1,0,1,0
MIR346,0,0,0,0,0,0
MIR34A,0,0,0,0,0,0
MIR34AHG,56,31,121,153,234,247
MIR34B,0,0,0,0,0,0
MIR34BHG,0,0,0,4,0,1
MIR34C,0,0,0,0,0,0
MIR3529,0,0,0,0,0,0
MIR3591,0,0,0,0,0,0
MIR3605,0,0,1,1,2,2
MIR3606,0,0,0,0,0,0
MIR3609,31,23,26,20,17,23
MIR361,0,0,0,0,0,0
MIR3610,0,0,0,0,1,0
MIR3611,0,0,0,1,0,0
MIR3612,0,0,0,0,0,0
MIR3613,1,0,0,0,0,0
MIR3614,0,0,0,0,0,0
MIR3615,0,0,0,0,0,0
MIR3616,0,0,0,0,0,0
MIR3617,0,0,0,0,0,0
MIR3618,0,0,0,0,0,0
MIR3619,0,0,0,0,0,0
MIR362,0,0,0,0,0,0
MIR3620,0,0,0,0,0,0
MIR3621,0,0,0,0,0,0
MIR3622A,0,0,0,0,0,0
MIR3622B,0,0,0,0,0,0
MIR363,0,0,0,0,0,0
MIR3646,0,0,0,0,0,0
MIR3648-1,0,0,0,0,0,0
MIR3648-2,0,0,0,0,0,0
MIR3649,0,0,0,0,0,0
MIR3650,0,0,0,0,0,0
MIR3651,0,0,0,0,0,0
MIR3652,0,0,0,0,0,0
MIR3654,0,0,0,0,0,0
MIR3655,0,0,0,0,0,0
MIR3657,0,0,0,1,0,1
MIR3658,0,0,0,0,0,0
MIR3659,0,0,0,0,0,0
MIR365A,0,0,0,0,0,0
MIR365B,0,0,0,0,0,0
MIR365BHG,0,0,0,0,1,1
MIR3660,0,0,0,0,0,0
MIR3661,1,0,1,0,1,0
MIR3662,0,0,0,1,2,1
MIR3663,0,0,0,0,0,0
MIR3663HG,0,0,0,0,0,0
MIR3664,0,0,0,0,0,0
MIR3665,0,0,0,0,0,0
MIR3666,0,0,0,0,0,0
MIR3667,0,0,0,0,0,0
MIR3667HG,0,0,1,0,0,0
MIR3668,0,0,0,0,0,0
MIR367,0,0,0,0,0,0
MIR3670-1,0,0,0,0,0,0
MIR3670-2,0,0,0,0,0,0
MIR3670-3,0,0,0,0,0,0
MIR3670-4,0,0,0,0,0,0
MIR3671,7,1,12,1,1,2
MIR3672,0,0,0,0,0,0
MIR3674,0,0,0,0,0,0
MIR3675,0,0,0,0,0,0
MIR3677,0,0,1,0,0,0
MIR3677HG,1,0,9,0,10,21
MIR3678,0,0,0,0,0,0
MIR3679,0,0,0,0,0,0
MIR3680-1,0,0,3,0,0,0
MIR3680-2,0,0,0,0,0,0
MIR3681,0,0,0,0,0,0
MIR3681HG,0,0,0,0,0,0
MIR3682,2,0,0,7,3,4
MIR3683,0,0,0,0,0,0
MIR3684,0,0,0,0,0,0
MIR3685,3,0,6,19,19,22
MIR3686,0,0,0,0,0,0
MIR3688-1,0,0,0,0,0,0
MIR3688-2,0,0,0,0,0,0
MIR3689A,0,0,0,0,0,0
MIR3689B,0,0,0,1,0,0
MIR3689C,0,0,0,0,0,0
MIR3689D1,0,0,0,0,0,0
MIR3689D2,0,0,0,0,0,0
MIR3689E,0,0,0,0,0,0
MIR3689F,0,0,0,0,0,0
MIR369,0,0,0,0,0,0
MIR3690,0,0,0,0,0,0
MIR3691,0,0,0,0,0,0
MIR3692,0,0,0,0,0,0
MIR370,0,0,0,0,0,0
MIR3713,0,0,0,0,0,0
MIR3714,0,0,0,0,0,0
MIR371A,0,0,0,0,0,0
MIR371B,0,0,0,0,0,0
MIR372,0,0,0,0,0,0
MIR373,0,0,0,0,0,0
MIR374A,0,0,0,0,0,0
MIR374B,0,0,0,0,0,0
MIR374C,0,0,0,0,0,0
MIR375,0,0,0,0,0,0
MIR376A1,0,0,0,0,0,0
MIR376A2,0,0,0,0,0,0
MIR376B,0,0,0,0,0,0
MIR376C,0,0,0,0,0,0
MIR377,0,0,0,0,0,0
MIR378A,1,0,4,0,1,0
MIR378B,0,0,0,0,0,0
MIR378C,0,0,0,0,0,0
MIR378D1,0,0,0,0,0,0
MIR378D2,0,0,0,0,0,0
MIR378D2HG,0,0,0,0,0,0
MIR378E,0,0,0,0,0,0
MIR378F,0,0,0,0,0,0
MIR378G,0,0,0,0,0,0
MIR378H,0,0,0,2,0,2
MIR378I,0,0,0,0,0,0
MIR378J,4,0,0,2,1,2
MIR379,0,0,0,0,0,0
MIR380,0,0,0,0,0,0
MIR381,0,0,0,0,0,0
MIR381HG,0,0,0,0,0,0
MIR382,0,0,0,0,0,0
MIR383,0,0,0,0,0,0
MIR384,0,0,0,0,0,0
MIR3907,0,0,0,0,0,0
MIR3908,0,0,0,0,0,0
MIR3909,0,0,0,0,1,0
MIR3910-1,0,0,0,0,0,0
MIR3910-2,0,0,0,0,0,0
MIR3911,0,0,0,0,0,0
MIR3912,0,0,1,0,0,1
MIR3913-1,0,0,0,0,0,0
MIR3913-2,0,0,0,0,0,0
MIR3914-1,0,0,0,0,0,0
MIR3914-2,0,0,0,0,0,0
MIR3915,0,0,0,0,0,0
MIR3916,0,0,0,0,0,0
MIR3917,0,0,0,0,0,0
MIR3918,0,0,0,0,0,0
MIR3919,0,0,0,0,0,0
MIR3920,0,0,0,0,0,0
MIR3921,0,0,0,0,0,0
MIR3922,0,0,0,0,0,0
MIR3923,0,0,0,0,0,0
MIR3924,0,0,0,0,0,0
MIR3925,0,0,0,0,0,0
MIR3926-1,0,0,0,0,0,0
MIR3926-2,0,0,0,0,0,0
MIR3927,0,0,0,0,0,0
MIR3928,0,0,0,0,0,0
MIR3929,0,0,0,0,0,0
MIR3934,0,0,0,0,0,0
MIR3935,0,0,0,0,0,0
MIR3936,0,0,0,0,0,0
MIR3936HG,202,62,189,159,109,150
MIR3937,0,0,0,0,0,0
MIR3938,0,0,0,0,0,0
MIR3939,0,0,0,0,0,0
MIR3940,0,0,0,0,0,0
MIR3941,0,0,0,0,0,0
MIR3942,1,0,9,3,0,4
MIR3943,0,0,0,0,0,0
MIR3944,0,0,2,0,1,2
MIR3945,0,0,0,0,0,0
MIR3945HG,0,0,0,0,0,0
MIR3960,0,0,0,0,0,0
MIR3972,1,0,0,2,0,9
MIR3973,0,0,0,0,0,0
MIR3974,0,0,0,0,0,0
MIR3975,1,0,0,0,0,2
MIR3976,0,0,0,0,0,0
MIR3976HG,0,0,0,0,0,0
MIR3977,0,0,0,0,0,0
MIR3978,0,0,0,0,0,0
MIR409,0,0,0,0,0,0
MIR410,0,0,0,0,0,0
MIR411,0,0,0,0,0,0
MIR412,0,0,0,0,0,0
MIR421,0,0,0,0,0,0
MIR422A,0,0,0,0,0,0
MIR423,0,0,0,0,0,0
MIR424,0,0,0,0,0,0
MIR425,0,0,0,0,1,0
MIR4251,0,0,0,0,0,0
MIR4252,0,0,0,0,0,0
MIR4253,0,0,0,0,0,0
MIR4254,7,0,4,1,6,16
MIR4255,0,0,0,0,0,0
MIR4256,0,0,0,0,0,0
MIR4257,0,0,0,0,0,1
MIR4258,2,0,17,5,7,15
MIR4259,1,0,5,0,0,1
MIR4260,0,0,0,0,0,0
MIR4261,0,0,0,0,0,0
MIR4262,0,0,0,0,0,0
MIR4263,2,0,8,0,0,3
MIR4264,0,0,0,0,0,0
MIR4265,0,0,0,0,0,0
MIR4266,0,0,0,0,0,0
MIR4267,0,0,0,0,0,0
MIR4268,0,0,0,0,0,0
MIR4269,0,0,0,0,0,0
MIR4270,0,0,0,0,0,0
MIR4271,0,0,0,0,0,0
MIR4272,0,0,0,0,0,0
MIR4273,0,0,0,0,0,0
MIR4274,0,0,0,0,0,0
MIR4275,0,0,0,0,0,0
MIR4276,0,0,0,0,0,0
MIR4277,0,0,0,0,0,0
MIR4278,0,0,0,0,0,0
MIR4279,0,0,0,0,0,0
MIR4280,0,0,0,0,0,0
MIR4280HG,0,0,0,1,0,0
MIR4281,0,0,0,0,0,0
MIR4282,0,0,0,0,0,0
MIR4283-1,0,0,0,0,0,0
MIR4283-2,0,0,0,0,0,0
MIR4284,0,0,0,0,0,0
MIR4285,0,0,0,0,0,0
MIR4286,0,0,0,0,0,0
MIR4287,0,0,0,0,0,0
MIR4288,0,0,0,0,0,0
MIR4289,0,0,0,0,0,0
MIR429,1,0,5,1,4,5
MIR4290,0,0,0,0,0,0
MIR4290HG,0,0,0,0,0,0
MIR4291,0,0,0,0,0,0
MIR4292,3,0,21,2,19,18
MIR4293,0,0,0,0,0,0
MIR4294,0,0,0,0,0,0
MIR4295,0,0,0,0,0,0
MIR4296,0,0,0,0,0,0
MIR4297,0,0,0,0,0,0
MIR4298,0,0,0,0,0,0
MIR4299,0,0,0,0,0,0
MIR4300,0,0,0,0,0,0
MIR4300HG,3,0,8,3,0,0
MIR4301,0,0,0,0,0,0
MIR4302,0,0,0,0,0,0
MIR4303,0,0,0,0,0,0
MIR4304,0,0,0,0,0,0
MIR4305,0,0,0,0,0,0
MIR4306,0,0,0,0,0,0
MIR4307,0,0,1,0,0,0
MIR4307HG,2,0,0,0,0,0
MIR4308,0,0,0,0,0,0
MIR4309,0,0,0,0,0,0
MIR431,0,0,0,0,0,0
MIR4310,0,0,0,0,0,0
MIR4311,0,0,0,0,0,0
MIR4312,3,0,0,0,0,0
MIR4313,0,0,0,0,0,0
MIR4314,0,0,0,0,0,0
MIR4315-1,0,0,0,0,0,0
MIR4315-2,0,0,0,0,0,0
MIR4316,0,0,0,0,0,0
MIR4317,0,0,0,0,0,0
MIR4318,0,0,0,0,0,0
MIR4319,0,0,0,0,0,0
MIR432,0,0,0,0,0,0
MIR4320,0,0,0,0,0,0
MIR4321,0,0,0,0,0,0
MIR4322,0,0,0,0,0,0
MIR4323,0,0,0,0,0,0
MIR4324,3,0,1,4,7,3
MIR4325,0,0,0,0,0,0
MIR4326,0,0,2,0,4,2
MIR4327,0,0,0,0,0,0
MIR4328,0,0,0,0,0,0
MIR4329,0,0,0,0,0,0
MIR433,0,0,0,0,0,0
MIR4330,0,0,0,0,0,0
MIR4418,0,0,0,0,0,0
MIR4420,0,0,0,0,0,0
MIR4421,0,0,0,0,0,0
MIR4422,0,0,0,0,0,0
MIR4422HG,0,0,0,0,0,2
MIR4423,0,0,0,0,0,0
MIR4424,0,0,0,0,0,0
MIR4425,0,0,0,0,0,0
MIR4426,0,0,0,0,0,0
MIR4427,3,0,0,0,0,0
MIR4428,5,0,2,3,0,2
MIR4429,0,0,4,0,0,0
MIR4430,0,0,0,0,0,0
MIR4431,0,0,0,0,0,0
MIR4432,0,0,0,0,0,0
MIR4432HG,0,0,0,0,0,0
MIR4433A,0,0,0,0,0,0
MIR4433B,0,0,0,0,0,0
MIR4434,0,0,0,0,0,0
MIR4435-1,0,0,0,0,0,0
MIR4435-2,0,0,0,0,0,0
MIR4435-2HG,16,7,41,270,264,345
MIR4436A,0,0,0,0,0,0
MIR4436B1,0,0,0,0,0,0
MIR4436B2,0,0,0,0,0,0
MIR4437,0,0,0,0,0,0
MIR4438,0,0,0,0,0,0
MIR4439,0,0,0,0,0,0
MIR4440,0,0,0,0,0,0
MIR4441,0,0,0,0,0,0
MIR4442,0,0,0,0,0,0
MIR4443,0,0,0,0,0,0
MIR4444-1,0,0,0,0,0,0
MIR4444-2,0,0,0,0,0,0
MIR4445,0,0,0,0,0,0
MIR4446,0,0,0,0,0,0
MIR4447,0,0,0,0,0,0
MIR4448,0,0,0,0,0,0
MIR4449,0,0,0,0,0,0
MIR4450,0,0,0,0,0,0
MIR4451,0,0,0,0,0,0
MIR4452,0,0,0,0,0,0
MIR4453,0,0,0,0,0,0
MIR4453HG,59,29,83,82,90,81
MIR4454,0,0,0,0,0,0
MIR4455,0,0,0,0,0,0
MIR4456,0,0,0,0,0,0
MIR4457,0,0,0,0,0,0
MIR4458,0,0,0,0,0,0
MIR4458HG,135,100,329,198,247,250
MIR4460,0,0,0,0,0,0
MIR4462,0,0,0,0,0,0
MIR4463,0,0,0,0,0,0
MIR4464,0,0,0,0,0,0
MIR4465,0,0,0,0,0,0
MIR4466,0,0,0,0,0,0
MIR4467,0,0,0,0,0,0
MIR4468,0,0,0,0,0,0
MIR4469,0,0,0,0,0,0
MIR4470,0,0,0,0,0,0
MIR4471,0,0,0,0,0,0
MIR4472-1,0,0,0,0,0,0
MIR4472-2,0,0,0,0,0,0
MIR4473,0,0,0,0,0,0
MIR4474,0,0,0,0,0,0
MIR4475,0,0,0,0,0,0
MIR4476,0,0,0,0,0,0
MIR4477A,1,0,1,2,0,1
MIR4477B,14,0,31,17,9,8
MIR4478,0,0,0,0,0,0
MIR4479,0,0,0,0,0,0
MIR448,0,0,0,0,0,0
MIR4480,0,0,0,0,0,0
MIR4481,0,0,0,0,0,0
MIR4482,4,0,7,2,5,7
MIR4483,0,0,0,0,0,0
MIR4484,0,0,0,0,0,0
MIR4485,0,0,0,0,0,0
MIR4486,0,0,0,0,0,0
MIR4487,0,0,0,0,0,0
MIR4488,0,0,0,0,0,0
MIR4489,0,0,0,0,0,2
MIR4490,0,0,0,0,0,0
MIR4491,0,0,0,0,0,0
MIR4492,0,0,0,0,0,0
MIR4493,0,0,0,0,0,0
MIR4494,0,0,0,0,0,0
MIR4495,0,0,0,0,0,0
MIR4496,0,0,0,0,0,0
MIR4497,0,0,0,0,0,0
MIR4498,0,0,0,0,0,0
MIR4499,0,0,0,0,0,0
MIR449A,0,0,2,0,0,1
MIR449B,1,0,1,0,1,0
MIR449C,2,0,5,0,0,0
MIR4500,1,0,0,0,0,0
MIR4500HG,4,6,9,31,14,31
MIR4501,0,0,0,0,0,0
MIR4502,0,0,0,0,1,0
MIR4503,0,0,0,0,0,0
MIR4504,0,0,0,0,0,0
MIR4505,0,0,0,0,0,0
MIR4506,0,0,0,0,0,0
MIR4507,0,0,0,0,0,0
MIR4508,0,0,0,0,0,0
MIR4509-1,0,0,0,0,0,0
MIR4509-2,0,0,0,0,0,0
MIR4509-3,0,0,0,0,0,0
MIR450A1,0,0,0,0,0,0
MIR450A2,0,0,0,0,0,0
MIR450B,0,0,0,0,0,0
MIR4510,0,0,0,0,0,0
MIR4511,0,0,0,0,0,0
MIR4512,2,0,0,0,1,2
MIR4513,0,0,0,0,0,0
MIR4514,0,0,0,0,1,0
MIR4515,0,0,0,0,0,0
MIR4516,0,0,0,0,0,0
MIR4517,0,0,0,0,0,0
MIR4518,0,0,0,0,0,0
MIR4519,0,0,0,0,0,0
MIR451A,0,0,0,0,0,0
MIR451B,0,0,0,0,0,0
MIR452,0,0,0,0,0,0
MIR4520-1,0,0,0,0,0,0
MIR4520-2,0,0,1,0,0,0
MIR4521,0,0,9,0,2,6
MIR4522,0,0,0,0,0,0
MIR4523,0,0,0,0,0,0
MIR4524A,0,0,0,0,0,0
MIR4524B,0,0,0,0,0,0
MIR4525,0,0,0,0,0,2
MIR4526,0,0,0,0,0,0
MIR4527,0,0,0,0,0,0
MIR4527HG,0,0,0,0,0,0
MIR4528,0,0,0,0,0,0
MIR4529,0,0,0,0,0,0
MIR4530,0,0,0,0,0,0
MIR4531,0,0,0,0,0,0
MIR4533,0,0,0,0,0,0
MIR4534,0,0,0,0,0,4
MIR4535,0,0,0,0,0,0
MIR4536-1,0,0,0,0,0,0
MIR4536-2,0,0,0,0,0,0
MIR4537,0,0,0,0,0,0
MIR4538,0,0,0,0,0,0
MIR4539,0,0,0,0,0,0
MIR454,1,0,0,7,5,4
MIR4540,0,0,0,0,0,0
MIR455,0,0,0,0,0,0
MIR4632,0,0,0,0,0,0
MIR4633,0,0,0,0,0,0
MIR4634,0,0,0,0,0,0
MIR4635,0,0,0,0,1,1
MIR4636,0,0,0,0,0,0
MIR4637,0,0,0,0,0,0
MIR4638,0,0,0,0,0,0
MIR4639,0,0,0,0,1,0
MIR4640,0,0,0,0,0,0
MIR4641,0,0,0,0,0,0
MIR4642,0,0,0,0,0,0
MIR4643,0,0,0,0,0,1
MIR4644,0,0,0,0,0,0
MIR4645,0,0,0,0,0,0
MIR4646,0,0,0,0,0,0
MIR4647,0,0,0,0,0,0
MIR4648,0,0,0,0,0,0
MIR4649,0,0,0,0,0,0
MIR4650-1,0,0,0,0,0,0
MIR4650-2,0,0,0,0,0,0
MIR4651,0,0,0,0,0,0
MIR4652,0,0,0,0,0,0
MIR4653,4,0,8,16,14,25
MIR4654,0,0,0,0,0,0
MIR4655,0,0,0,0,0,0
MIR4656,0,0,0,0,0,0
MIR4657,0,0,0,0,0,0
MIR4658,0,0,0,0,0,0
MIR4659A,0,0,0,0,0,0
MIR4659B,0,0,0,0,0,0
MIR466,0,0,0,0,0,0
MIR4660,0,0,1,0,0,0
MIR4661,0,0,0,0,0,0
MIR4662A,0,0,0,0,0,0
MIR4662B,0,0,0,0,0,0
MIR4663,0,0,0,0,0,0
MIR4664,3,0,26,0,7,9
MIR4665,0,0,0,0,0,0
MIR4666A,3,0,1,0,0,1
MIR4666B,0,0,0,0,0,0
MIR4667,0,0,0,0,0,0
MIR4668,7,8,1,1,4,1
MIR4669,0,0,0,0,0,0
MIR4670,0,0,0,0,0,0
MIR4671,0,0,0,0,0,0
MIR4672,0,0,0,0,0,0
MIR4673,0,0,0,0,0,0
MIR4674,0,0,0,0,0,0
MIR4675,0,0,0,0,0,0
MIR4676,0,0,0,0,0,0
MIR4677,1,0,1,2,4,2
MIR4678,0,0,0,0,0,0
MIR4679-1,0,0,0,0,0,0
MIR4679-2,0,0,0,0,0,0
MIR4680,0,0,0,0,0,0
MIR4681,0,0,0,0,0,0
MIR4682,0,0,0,0,3,2
MIR4683,0,0,0,0,0,0
MIR4684,0,0,0,0,0,0
MIR4685,0,0,0,0,1,0
MIR4686,0,0,0,0,0,0
MIR4687,0,0,0,0,0,0
MIR4688,0,0,0,0,0,0
MIR4689,0,0,0,0,0,0
MIR4690,0,0,0,0,0,0
MIR4691,0,0,0,0,0,0
MIR4692,0,0,0,1,0,0
MIR4693,0,0,0,0,0,0
MIR4694,0,0,0,0,0,0
MIR4695,0,0,0,0,0,0
MIR4696,0,0,0,0,0,0
MIR4697,0,0,0,0,0,0
MIR4698,0,0,0,0,0,0
MIR4699,0,0,0,0,0,0
MIR4700,0,0,0,0,0,0
MIR4701,5,0,5,1,3,10
MIR4703,0,0,0,0,0,0
MIR4704,0,0,0,0,0,0
MIR4705,0,0,0,0,0,0
MIR4706,0,0,0,0,0,0
MIR4707,0,0,0,0,0,0
MIR4708,0,0,0,0,0,0
MIR4709,0,0,0,0,0,0
MIR4710,0,0,0,0,0,0
MIR4711,0,0,0,0,0,0
MIR4712,0,0,0,0,0,0
MIR4713,0,0,0,0,0,0
MIR4713HG,0,0,0,0,0,0
MIR4714,0,0,0,0,0,0
MIR4715,0,0,0,0,0,0
MIR4716,0,0,0,0,0,0
MIR4717,0,0,1,0,0,0
MIR4718,0,0,0,0,0,0
MIR4719,0,0,0,0,0,0
MIR4720,0,0,0,0,0,0
MIR4721,0,0,0,0,0,0
MIR4722,0,0,0,0,0,0
MIR4723,0,0,0,0,0,0
MIR4724,0,0,0,0,0,0
MIR4725,0,0,0,0,0,0
MIR4726,0,0,0,0,0,0
MIR4727,0,0,0,0,0,0
MIR4728,2,0,0,1,3,3
MIR4729,0,0,0,0,0,0
MIR4730,0,0,3,0,1,2
MIR4731,0,0,0,0,0,0
MIR4732,0,0,0,0,0,0
MIR4733,0,0,0,0,0,0
MIR4734,0,0,0,0,0,0
MIR4735,0,0,0,0,0,0
MIR4736,0,0,0,0,0,0
MIR4737,0,0,0,0,0,0
MIR4738,0,0,0,0,0,0
MIR4739,0,0,0,0,0,0
MIR4740,0,0,0,0,0,0
MIR4741,0,0,0,0,0,0
MIR4742,0,0,1,7,1,2
MIR4743,0,0,0,0,0,0
MIR4744,0,0,0,0,0,0
MIR4745,0,0,0,0,0,0
MIR4746,0,0,0,0,0,0
MIR4747,0,0,0,0,0,0
MIR4748,0,0,0,0,0,0
MIR4749,0,0,0,0,0,0
MIR4750,0,0,0,0,0,0
MIR4751,0,0,0,0,0,0
MIR4752,0,0,0,0,0,0
MIR4753,0,0,0,0,0,0
MIR4754,0,0,0,0,0,0
MIR4755,0,0,0,0,0,0
MIR4756,0,0,0,0,0,0
MIR4757,0,0,0,0,1,0
MIR4758,0,0,0,0,0,0
MIR4759,0,0,0,0,0,0
MIR4760,0,0,0,0,0,0
MIR4761,0,0,0,0,0,0
MIR4762,0,0,0,0,0,0
MIR4763,0,0,0,0,0,0
MIR4764,0,0,0,0,0,0
MIR4765,0,0,0,0,0,0
MIR4766,3,0,1,1,5,0
MIR4767,0,0,0,0,0,0
MIR4768,0,0,0,0,0,0
MIR4769,0,0,0,0,0,0
MIR4770,0,0,0,0,0,0
MIR4771-1,0,0,0,0,0,0
MIR4771-2,0,0,1,0,0,2
MIR4772,0,0,0,0,0,0
MIR4773-1,0,0,0,0,0,0
MIR4773-2,0,0,0,0,0,0
MIR4774,0,0,0,0,0,0
MIR4775,0,0,0,0,0,0
MIR4776-1,0,0,0,0,0,0
MIR4776-2,0,0,0,0,0,0
MIR4777,0,0,0,0,0,0
MIR4778,0,0,0,0,0,0
MIR4779,0,0,0,0,0,0
MIR4780,0,0,0,0,0,0
MIR4781,0,0,0,0,0,0
MIR4782,0,0,0,0,0,0
MIR4783,0,0,0,0,0,0
MIR4784,0,0,0,0,0,0
MIR4785,0,0,0,0,0,0
MIR4786,0,0,0,0,0,0
MIR4787,0,0,0,0,0,0
MIR4789,0,0,0,0,0,0
MIR4790,0,0,0,0,0,0
MIR4791,0,0,0,0,0,0
MIR4793,0,0,0,0,3,0
MIR4794,0,0,0,0,0,0
MIR4795,0,0,0,0,0,0
MIR4796,0,0,0,0,0,0
MIR4797,0,0,0,0,0,0
MIR4798,0,0,0,0,0,0
MIR4799,0,0,0,0,0,0
MIR4800,0,0,0,0,0,0
MIR4801,0,0,0,0,0,0
MIR4802,0,0,0,0,0,0
MIR4803,0,0,0,0,0,0
MIR4804,0,0,0,0,0,0
MIR483,0,0,0,0,0,0
MIR484,0,0,0,0,0,0
MIR485,0,0,0,0,0,0
MIR486-1,0,0,0,0,0,0
MIR486-2,0,0,0,0,0,0
MIR487A,0,0,0,0,0,0
MIR487B,0,0,0,0,0,0
MIR488,0,0,0,0,0,0
MIR489,0,0,0,0,0,0
MIR490,0,0,0,0,0,0
MIR491,0,0,0,5,2,5
MIR492,0,0,0,0,0,0
MIR493,0,0,0,0,0,0
MIR494,0,0,0,0,0,0
MIR495,0,0,0,0,0,0
MIR496,0,0,0,0,0,0
MIR497,0,0,0,0,0,0
MIR498,0,0,0,0,0,0
MIR4999,2,0,3,1,2,3
MIR499A,0,0,0,0,0,0
MIR499B,1,0,6,0,5,3
MIR5000,0,0,0,0,0,0
MIR5001,0,0,0,0,0,0
MIR5002,0,0,0,0,0,0
MIR5003,0,0,0,0,0,0
MIR5004,0,0,0,0,0,0
MIR5006,0,0,0,0,0,0
MIR5007,0,0,0,0,0,0
MIR5008,0,0,0,0,0,0
MIR5009,0,0,4,0,0,0
MIR500A,0,0,0,0,0,0
MIR500B,0,0,0,0,0,0
MIR501,0,0,0,0,0,0
MIR5010,2,0,14,9,16,22
MIR5011,0,0,0,0,0,0
MIR502,0,0,0,0,0,0
MIR503,0,0,0,0,0,0
MIR504,0,0,0,0,0,0
MIR5047,0,0,0,0,0,0
MIR505,0,0,0,0,0,0
MIR506,0,0,0,0,0,0
MIR507,0,0,0,0,0,0
MIR508,0,0,0,0,0,0
MIR5087,0,0,0,0,0,0
MIR5088,0,0,0,0,0,0
MIR5089,0,0,0,0,0,0
MIR509-1,0,0,0,0,0,0
MIR509-2,0,0,0,0,0,0
MIR509-3,0,0,0,0,0,0
MIR5090,0,0,0,0,0,0
MIR5091,0,0,1,0,0,0
MIR5092,0,0,0,0,0,0
MIR5093,0,0,0,0,0,0
MIR5094,1,0,0,0,0,0
MIR510,0,0,0,0,0,0
MIR5100,0,0,0,0,0,0
MIR511,0,0,0,0,0,0
MIR512-1,0,0,0,0,0,0
MIR512-2,0,0,0,0,0,0
MIR513A1,0,0,0,0,0,0
MIR513A2,0,0,0,0,0,0
MIR513B,0,0,0,0,0,0
MIR513C,0,0,0,0,0,0
MIR514A1,0,0,0,0,0,0
MIR514A2,0,0,0,0,0,0
MIR514A3,0,0,0,0,0,0
MIR514B,0,0,0,0,0,0
MIR515-1,0,0,0,0,0,0
MIR515-2,0,0,0,0,0,0
MIR516A1,0,0,0,0,0,0
MIR516A2,0,0,0,0,0,0
MIR516B1,0,0,0,0,0,0
MIR516B2,0,0,0,0,0,0
MIR517A,0,0,0,0,0,0
MIR517B,0,0,0,0,0,0
MIR517C,0,0,0,0,0,0
MIR5186,0,0,0,0,0,0
MIR5187,1,0,2,1,1,1
MIR5188,0,0,0,1,1,2
MIR5189,0,0,0,0,0,0
MIR518A1,0,0,0,0,0,0
MIR518A2,0,0,0,0,0,0
MIR518B,0,0,0,0,0,0
MIR518C,0,0,0,0,0,0
MIR518D,0,0,0,0,0,0
MIR518E,0,0,0,0,0,0
MIR518F,0,0,0,0,0,0
MIR5190,0,0,0,0,0,0
MIR5191,0,0,0,0,0,0
MIR5192,0,0,0,0,0,0
MIR5193,0,0,0,0,0,0
MIR5194,0,0,0,0,0,0
MIR5195,0,0,0,0,0,0
MIR5196,0,0,0,0,0,0
MIR5197,0,0,0,0,1,0
MIR519A1,0,0,0,0,0,0
MIR519A2,0,0,0,0,0,0
MIR519B,0,0,0,0,0,0
MIR519C,0,0,0,0,0,0
MIR519D,0,0,0,0,0,0
MIR519E,0,0,0,0,0,0
MIR520A,0,0,0,0,0,0
MIR520B,0,0,0,0,0,0
MIR520C,0,0,0,0,0,0
MIR520D,0,0,0,0,0,0
MIR520E,0,0,0,0,0,0
MIR520F,0,0,0,0,0,0
MIR520G,0,0,0,0,0,0
MIR520H,0,0,0,0,0,0
MIR521-1,0,0,0,0,0,0
MIR521-2,0,0,0,0,0,0
MIR522,0,0,0,0,0,0
MIR523,0,0,0,0,0,0
MIR524,0,0,0,0,0,0
MIR525,0,0,0,0,0,0
MIR526A1,0,0,0,0,0,0
MIR526A2,0,0,0,0,0,0
MIR526B,0,0,0,0,0,0
MIR527,0,0,0,0,0,0
MIR532,0,0,0,0,0,0
MIR539,0,0,0,0,0,0
MIR541,0,0,0,0,0,0
MIR542,0,0,0,0,0,0
MIR543,0,0,0,0,0,0
MIR544A,0,0,0,0,0,0
MIR544B,2,0,2,1,1,1
MIR545,0,0,0,0,0,0
MIR548A1,0,0,0,0,0,0
MIR548A2,0,0,0,0,0,0
MIR548A3,0,0,0,0,0,0
MIR548AA1,0,0,0,0,0,0
MIR548AA2,0,0,0,0,0,0
MIR548AB,0,0,0,0,0,0
MIR548AC,0,0,0,0,0,0
MIR548AD,0,0,0,0,0,0
MIR548AE1,0,0,0,0,0,0
MIR548AE2,0,0,0,0,0,0
MIR548AG1,0,0,0,0,0,0
MIR548AG2,0,0,0,0,0,0
MIR548AH,0,0,0,0,0,0
MIR548AI,0,0,0,0,0,0
MIR548AJ1,0,0,0,0,0,0
MIR548AJ2,0,0,0,0,0,0
MIR548AK,0,0,0,0,0,0
MIR548AL,0,0,0,0,0,0
MIR548AM,0,0,0,0,1,0
MIR548AN,0,0,0,0,0,0
MIR548AO,0,0,0,0,0,0
MIR548AP,0,0,0,0,0,0
MIR548AQ,0,0,0,0,0,0
MIR548AR,2,0,2,3,4,1
MIR548AS,0,0,0,0,0,0
MIR548AT,0,0,2,3,0,3
MIR548AU,0,0,0,0,0,0
MIR548AV,0,0,0,0,0,0
MIR548AW,0,0,0,0,1,0
MIR548AX,0,0,0,0,0,0
MIR548AY,0,0,0,0,0,0
MIR548AZ,0,0,0,0,0,0
MIR548B,0,0,0,0,0,0
MIR548BA,0,0,0,0,0,0
MIR548BB,0,0,0,0,0,0
MIR548C,0,0,0,0,0,0
MIR548D1,2,0,9,34,27,18
MIR548D2,0,0,0,0,0,0
MIR548E,0,0,0,0,0,0
MIR548F1,0,0,0,0,0,0
MIR548F2,0,0,1,0,0,0
MIR548F3,0,0,0,0,0,0
MIR548F4,0,0,0,0,0,0
MIR548F5,0,0,0,0,0,0
MIR548G,0,0,0,0,0,0
MIR548H1,0,0,0,0,0,0
MIR548H2,0,0,0,0,0,0
MIR548H3,0,0,0,0,0,0
MIR548H4,0,0,0,0,0,0
MIR548H5,0,0,0,0,0,0
MIR548I1,0,0,0,0,0,0
MIR548I2,0,0,0,0,0,0
MIR548I3,0,0,0,0,0,0
MIR548I4,0,0,0,0,0,0
MIR548J,0,0,0,0,0,0
MIR548K,0,0,0,0,0,0
MIR548L,0,0,3,4,0,0
MIR548M,0,0,0,0,0,0
MIR548N,0,0,0,0,2,0
MIR548O,0,0,0,0,0,0
MIR548O2,0,0,0,0,0,0
MIR548P,0,0,0,0,0,0
MIR548Q,0,0,0,0,0,0
MIR548S,0,0,0,0,0,0
MIR548T,0,0,3,0,0,0
MIR548U,0,0,0,0,0,0
MIR548V,1,0,0,0,0,2
MIR548W,0,0,0,0,0,0
MIR548X,0,0,0,0,0,0
MIR548X2,0,0,0,0,0,0
MIR548XHG,0,0,0,16,23,21
MIR548Y,2,0,0,0,0,0
MIR548Z,0,0,0,0,0,0
MIR549A,0,0,0,0,0,0
MIR550A1,0,0,0,0,0,0
MIR550A2,0,0,0,0,0,0
MIR550A3,0,0,0,0,0,0
MIR550B1,0,0,0,0,0,0
MIR550B2,0,0,0,0,0,0
MIR551A,0,0,0,0,0,0
MIR551B,0,0,0,0,0,0
MIR552,0,0,0,0,0,0
MIR553,0,0,7,3,4,6
MIR554,0,0,1,0,0,1
MIR555,0,0,0,0,0,0
MIR556,0,0,2,2,0,1
MIR557,0,0,0,0,0,0
MIR5571,0,0,0,0,0,0
MIR5572,0,0,0,0,0,0
MIR5579,0,0,0,0,0,0
MIR558,0,0,0,0,0,0
MIR5580,0,0,0,0,0,0
MIR5581,6,1,1,23,12,15
MIR5582,1,0,0,2,2,1
MIR5583-1,0,0,0,0,0,0
MIR5583-2,0,0,0,0,0,0
MIR5584,0,0,0,0,0,0
MIR5585,0,0,0,0,1,0
MIR5586,0,0,0,0,0,0
MIR5587,1,0,1,0,4,2
MIR5588,1,0,0,2,0,0
MIR5589,0,0,0,0,0,0
MIR559,6,0,0,3,0,1
MIR5590,0,0,0,0,0,0
MIR5591,0,0,0,0,0,0
MIR561,0,0,0,0,0,0
MIR562,0,0,0,1,0,0
MIR563,0,0,2,0,0,1
MIR564,0,0,0,0,0,0
MIR567,0,0,0,0,0,0
MIR568,0,0,0,0,0,0
MIR5680,0,0,0,0,0,0
MIR5681A,0,0,0,0,0,0
MIR5681B,0,0,0,0,0,0
MIR5682,0,0,0,0,0,0
MIR5683,0,0,0,0,0,0
MIR5684,0,0,0,0,0,0
MIR5685,0,0,0,0,0,0
MIR5687,0,0,0,0,0,1
MIR5688,0,0,0,0,0,0
MIR5689,0,0,0,0,0,0
MIR5689HG,0,0,0,0,0,0
MIR569,0,0,0,0,0,0
MIR5690,1,0,0,0,0,0
MIR5691,0,6,2,0,0,0
MIR5692A1,0,0,0,0,0,0
MIR5692A2,0,0,0,0,0,0
MIR5692B,0,0,0,0,0,0
MIR5692C1,0,0,0,0,0,0
MIR5692C2,3,0,1,2,0,1
MIR5693,0,0,0,0,0,0
MIR5694,0,0,0,0,0,0
MIR5695,0,0,0,0,0,0
MIR5696,0,0,0,0,0,0
MIR5697,6,0,2,0,1,1
MIR5698,0,0,0,0,0,0
MIR5699,0,0,0,0,0,0
MIR570,7,0,6,13,12,19
MIR5700,0,0,0,0,0,0
MIR5701-1,0,0,0,0,0,0
MIR5701-2,0,0,0,0,0,0
MIR5701-3,0,0,0,0,0,0
MIR5702,0,0,0,0,0,0
MIR5703,0,0,0,0,0,0
MIR5704,0,0,0,0,0,0
MIR5705,0,0,0,0,0,0
MIR5706,0,0,0,0,0,0
MIR5707,0,0,0,0,0,0
MIR5708,0,0,0,0,0,0
MIR571,0,0,0,0,0,0
MIR572,0,0,0,0,0,0
MIR573,1,0,2,4,3,3
MIR5739,0,0,0,0,0,0
MIR574,0,0,0,0,0,1
MIR575,0,0,0,0,0,0
MIR576,0,0,0,0,0,1
MIR577,0,0,0,0,0,0
MIR578,0,0,0,0,0,0
MIR5787,0,0,0,0,0,0
MIR579,1,0,0,2,0,0
MIR580,0,0,0,1,0,0
MIR581,0,0,0,0,0,0
MIR582,0,0,0,0,0,0
MIR583,0,0,0,0,0,0
MIR584,0,0,0,0,0,0
MIR585,0,0,0,0,0,0
MIR586,0,0,0,0,0,0
MIR587,0,0,0,0,0,0
MIR588,0,0,0,0,0,0
MIR589,0,0,0,0,0,0
MIR590,5,0,7,1,5,17
MIR591,0,0,0,0,0,0
MIR592,0,0,0,0,0,0
MIR593,0,0,0,0,0,1
MIR595,0,0,0,0,0,0
MIR596,0,0,0,0,0,0
MIR597,0,0,0,0,0,0
MIR598,0,0,0,0,0,0
MIR599,0,0,0,0,0,0
MIR600,0,0,0,0,0,0
MIR600HG,153,65,271,65,131,138
MIR601,0,0,0,0,0,1
MIR602,0,0,0,0,0,0
MIR603,0,0,0,0,0,0
MIR604,0,0,0,0,0,0
MIR605,0,0,0,0,0,0
MIR606,0,0,0,0,0,0
MIR6068,0,0,0,0,0,0
MIR6069,0,0,0,0,0,0
MIR607,0,0,0,0,0,0
MIR6070,0,0,0,0,0,0
MIR6071,0,0,0,0,0,0
MIR6072,0,0,0,0,0,0
MIR6073,0,0,0,0,0,0
MIR6074,0,0,0,0,0,0
MIR6075,0,0,0,0,0,0
MIR6076,0,0,0,1,3,2
MIR6077,0,0,0,0,0,0
MIR6078,0,0,0,0,0,0
MIR6079,0,0,0,0,0,0
MIR608,0,0,0,0,0,1
MIR6080,0,0,1,1,0,0
MIR6081,0,0,0,0,0,0
MIR6082,0,0,0,0,0,0
MIR6083,0,0,0,0,0,0
MIR6084,0,0,0,0,0,0
MIR6085,0,0,0,0,0,0
MIR6086,0,0,0,0,0,0
MIR6088,0,0,0,0,0,0
MIR6089,0,0,0,0,0,0
MIR609,0,0,0,0,0,0
MIR6090,0,0,0,0,0,0
MIR610,0,0,0,0,0,0
MIR611,0,0,0,0,0,0
MIR612,0,0,0,0,0,0
MIR6124,0,0,0,0,0,0
MIR6125,0,0,0,0,0,0
MIR6126,0,0,0,0,0,0
MIR6127,0,0,0,0,0,0
MIR6128,0,0,0,0,0,0
MIR6129,0,0,0,0,0,0
MIR613,0,0,0,0,0,0
MIR6130,0,0,0,0,0,0
MIR6131,0,0,0,0,0,0
MIR6132,0,0,0,0,0,0
MIR6133,0,0,0,0,0,0
MIR6134,0,0,0,0,0,0
MIR614,0,0,0,0,0,0
MIR615,0,0,0,0,0,0
MIR616,92,16,220,32,20,32
MIR6165,0,0,0,0,0,0
MIR617,0,0,0,0,0,0
MIR618,0,0,0,0,0,0
MIR619,1,0,0,0,0,0
MIR620,0,0,0,0,0,0
MIR621,0,0,0,0,0,0
MIR622,0,0,0,0,0,0
MIR623,0,0,0,0,0,0
MIR624,0,0,0,0,0,0
MIR625,0,0,0,0,0,0
MIR626,0,0,0,0,0,0
MIR627,0,0,0,0,1,2
MIR628,0,0,1,0,0,0
MIR629,0,0,0,0,0,0
MIR630,0,0,0,0,0,0
MIR631,1,0,4,0,1,4
MIR632,0,0,0,0,0,0
MIR633,0,0,0,0,0,0
MIR634,0,0,0,0,0,0
MIR635,49,16,175,17,40,37
MIR636,0,0,0,0,0,0
MIR637,0,0,0,0,0,0
MIR638,0,0,0,0,0,0
MIR639,0,0,0,0,0,0
MIR640,0,0,0,0,0,0
MIR641,0,0,1,1,0,2
MIR642A,0,0,1,4,14,11
MIR642B,0,0,0,0,0,0
MIR643,0,0,2,3,1,4
MIR644A,3,0,2,1,0,1
MIR645,0,0,0,0,0,0
MIR646,0,0,0,0,0,0
MIR646HG,0,0,2,25,23,30
MIR647,1,1,8,2,7,17
MIR648,0,0,0,0,0,0
MIR649,0,0,0,0,0,0
MIR6499,0,0,0,0,0,0
MIR650,0,0,0,0,0,0
MIR6500,0,0,0,0,0,0
MIR6501,0,0,0,0,0,0
MIR6502,0,0,0,0,0,0
MIR6503,0,0,0,0,1,0
MIR6504,0,0,0,0,0,0
MIR6505,0,0,2,2,3,4
MIR6506,0,0,0,0,0,0
MIR6507,0,0,0,0,0,0
MIR6508,0,0,0,0,0,1
MIR6509,0,0,0,0,1,0
MIR651,0,0,0,0,0,0
MIR6510,0,0,0,0,0,2
MIR6511A1,0,0,0,0,0,0
MIR6511A2,0,0,0,0,0,0
MIR6511A3,0,0,0,0,0,0
MIR6511A4,0,0,0,0,0,0
MIR6511B1,0,0,0,0,0,0
MIR6511B2,0,0,0,0,0,0
MIR6512,0,0,0,0,0,0
MIR6513,0,0,0,0,0,0
MIR6514,0,0,0,0,0,0
MIR6515,0,0,0,0,0,0
MIR6516,0,0,0,0,0,0
MIR652,0,0,0,0,0,0
MIR653,0,0,0,0,0,0
MIR654,0,0,0,0,0,0
MIR655,0,0,0,0,0,0
MIR656,0,0,0,0,0,0
MIR657,0,0,0,0,0,0
MIR658,0,0,0,0,0,0
MIR659,0,0,0,1,1,4
MIR660,0,0,0,0,0,0
MIR661,0,0,0,0,0,0
MIR662,0,0,0,0,0,0
MIR663A,0,0,0,0,0,0
MIR663AHG,0,0,0,0,0,0
MIR663B,0,0,0,0,0,0
MIR664A,0,0,0,0,0,0
MIR664B,0,0,0,0,0,0
MIR665,0,0,0,0,0,0
MIR668,0,0,0,0,0,0
MIR670,0,0,0,0,0,0
MIR670HG,0,0,0,0,0,0
MIR671,0,0,0,0,0,0
MIR6715A,0,0,0,0,0,0
MIR6715B,0,0,0,0,0,0
MIR6716,0,0,0,0,0,0
MIR6717,0,0,0,0,0,0
MIR6718,0,0,0,0,0,0
MIR6719,1,0,2,0,3,1
MIR6720,0,0,0,0,0,0
MIR6721,0,0,0,0,0,0
MIR6722,0,0,0,0,0,0
MIR6724-1,0,0,0,0,0,0
MIR6724-2,0,0,0,0,0,0
MIR6724-3,0,0,0,0,0,0
MIR6724-4,0,0,0,0,0,0
MIR6726,0,0,0,0,0,0
MIR6727,0,0,0,0,0,0
MIR6728,0,0,0,0,0,0
MIR6729,0,0,0,0,0,0
MIR6730,0,0,0,0,0,0
MIR6731,0,0,0,0,0,0
MIR6732,0,0,0,0,0,0
MIR6733,0,0,0,0,0,0
MIR6734,0,0,0,0,0,0
MIR6735,0,0,0,0,0,0
MIR6736,0,0,0,0,0,0
MIR6737,0,0,0,1,3,1
MIR6738,0,0,0,2,4,2
MIR6739,0,0,0,4,6,4
MIR6740,2,0,0,0,0,0
MIR6741,0,0,0,0,0,0
MIR6742,0,0,0,0,0,0
MIR6743,0,0,0,0,0,0
MIR6744,0,0,0,0,0,0
MIR6745,0,0,0,0,1,0
MIR6746,0,0,0,0,0,0
MIR6747,0,0,3,1,0,0
MIR6748,0,0,0,0,0,0
MIR6749,0,0,0,0,0,0
MIR675,0,0,0,0,0,0
MIR6750,0,0,1,0,0,0
MIR6751,0,0,0,0,0,0
MIR6752,0,0,0,0,0,0
MIR6753,0,0,0,0,0,2
MIR6754,0,0,0,0,0,0
MIR6755,0,0,0,0,0,0
MIR6756,0,0,0,0,0,0
MIR6757,0,0,0,5,5,6
MIR6758,0,0,0,0,0,0
MIR6759,0,0,0,2,1,0
MIR676,0,0,0,0,0,0
MIR6760,0,0,0,0,0,0
MIR6761,0,0,0,0,0,0
MIR6762,0,0,0,0,0,1
MIR6763,0,0,1,0,0,0
MIR6764,0,0,0,0,0,0
MIR6765,0,0,0,0,0,0
MIR6766,0,0,0,0,0,1
MIR6767,0,0,2,1,1,5
MIR6768,0,0,0,0,0,2
MIR6769A,1,0,0,0,0,2
MIR6769B,0,0,0,0,0,0
MIR6770-1,0,0,0,0,0,0
MIR6770-2,0,0,0,0,0,0
MIR6770-3,0,0,0,0,0,0
MIR6771,0,0,0,0,0,0
MIR6772,0,0,0,0,0,2
MIR6773,0,0,0,0,0,0
MIR6774,0,0,0,0,0,0
MIR6775,0,0,1,0,0,1
MIR6776,0,0,0,0,0,0
MIR6777,0,0,0,0,0,0
MIR6778,0,0,0,0,0,0
MIR6779,0,0,0,0,0,0
MIR6780A,0,0,0,0,0,0
MIR6780B,0,0,0,0,0,1
MIR6781,0,0,0,0,0,0
MIR6782,0,0,0,0,0,0
MIR6783,0,0,0,0,0,2
MIR6784,0,0,0,0,7,4
MIR6785,0,0,0,0,0,0
MIR6786,0,0,0,0,0,0
MIR6787,0,0,0,0,0,0
MIR6788,0,0,0,0,0,0
MIR6789,0,0,0,0,0,0
MIR6790,0,0,0,0,0,0
MIR6791,0,0,0,0,0,0
MIR6792,0,0,0,0,0,0
MIR6793,0,0,0,0,0,0
MIR6794,0,0,0,0,0,0
MIR6795,0,0,0,0,0,0
MIR6796,0,0,0,0,0,0
MIR6797,1,0,3,0,1,1
MIR6798,0,0,0,0,0,0
MIR6799,0,0,0,0,0,0
MIR6800,0,0,0,0,0,0
MIR6801,0,0,0,0,0,0
MIR6802,0,0,0,0,0,0
MIR6803,0,0,0,0,0,0
MIR6804,0,0,0,0,1,0
MIR6805,0,0,0,0,0,0
MIR6806,0,0,0,0,0,0
MIR6807,0,0,0,0,0,0
MIR6808,0,0,0,0,0,0
MIR6809,0,0,0,0,0,0
MIR6810,0,0,0,0,0,0
MIR6811,0,0,0,0,0,0
MIR6812,0,0,0,0,0,0
MIR6813,0,0,0,0,0,1
MIR6814,0,0,0,0,0,0
MIR6815,0,0,0,0,0,0
MIR6816,0,0,0,0,0,0
MIR6817,0,0,0,0,0,0
MIR6818,0,0,0,0,0,0
MIR6819,0,0,0,0,5,2
MIR6820,0,0,0,0,0,0
MIR6821,0,0,0,0,0,0
MIR6822,0,0,0,0,0,0
MIR6823,0,0,0,0,0,0
MIR6824,0,0,0,0,0,0
MIR6825,0,0,0,0,0,0
MIR6826,0,0,0,0,0,0
MIR6828,0,0,0,0,0,0
MIR6829,0,0,0,0,0,0
MIR6830,0,0,0,0,0,0
MIR6831,0,0,0,0,0,0
MIR6832,2,0,1,7,6,11
MIR6833,0,0,0,0,0,0
MIR6834,0,0,0,0,0,0
MIR6835,0,0,0,0,0,3
MIR6836,0,0,0,0,0,0
MIR6837,0,0,0,0,0,0
MIR6838,0,0,0,0,0,0
MIR6839,0,0,0,0,1,0
MIR6840,0,0,0,0,0,0
MIR6841,0,0,0,0,0,0
MIR6842,0,0,0,0,0,0
MIR6843,0,0,0,0,0,0
MIR6844,0,0,0,0,0,0
MIR6845,0,0,0,0,0,0
MIR6846,0,0,0,0,0,0
MIR6847,0,0,0,0,0,0
MIR6848,0,0,0,0,0,0
MIR6849,0,0,0,0,0,0
MIR6850,0,0,0,0,0,0
MIR6851,0,0,0,0,0,0
MIR6852,0,0,0,0,0,0
MIR6853,0,0,0,0,0,0
MIR6854,0,0,0,0,0,0
MIR6855,0,0,0,0,0,0
MIR6856,0,0,0,0,0,0
MIR6857,0,0,0,0,0,0
MIR6858,0,0,0,0,0,0
MIR6859-1,0,0,4,0,4,11
MIR6859-2,0,0,0,0,0,0
MIR6859-3,0,0,1,0,1,2
MIR6859-4,0,0,1,0,1,1
MIR6860,0,0,0,0,0,0
MIR6861,0,0,0,0,0,0
MIR6862-1,0,0,0,0,0,0
MIR6862-2,0,0,0,0,0,0
MIR6863,0,0,0,0,0,0
MIR6864,0,0,0,3,0,0
MIR6865,0,0,0,0,0,0
MIR6866,0,0,0,0,0,0
MIR6867,0,0,0,1,1,1
MIR6868,0,0,0,0,0,0
MIR6869,0,0,0,0,0,0
MIR6870,0,0,0,1,0,0
MIR6871,0,0,0,1,0,0
MIR6872,0,0,0,0,0,0
MIR6873,0,0,0,0,0,0
MIR6874,0,0,0,0,0,0
MIR6875,0,0,0,0,0,0
MIR6876,0,0,0,0,0,0
MIR6877,0,0,0,0,0,0
MIR6878,0,0,0,0,0,0
MIR6879,0,0,0,0,0,0
MIR6880,0,0,0,0,0,0
MIR6881,0,0,0,0,0,0
MIR6882,0,0,0,0,0,1
MIR6883,0,0,0,0,0,0
MIR6884,0,0,0,0,0,0
MIR6885,0,0,0,0,1,0
MIR6886,0,0,0,0,0,0
MIR6887,0,0,0,0,0,0
MIR6888,0,0,0,0,0,0
MIR6889,0,0,0,0,0,0
MIR6890,0,0,0,0,0,0
MIR6891,0,0,0,0,0,0
MIR6892,0,0,0,0,0,0
MIR6893,0,0,0,0,0,0
MIR6894,0,0,0,0,0,0
MIR6895,0,0,2,1,1,5
MIR7-1,0,0,0,0,0,0
MIR7-2,0,0,0,0,0,0
MIR7-3,0,0,0,0,0,0
MIR7-3HG,0,0,1,1,0,0
MIR708,0,0,0,0,0,0
MIR7106,0,0,2,0,0,0
MIR7107,0,0,0,0,0,0
MIR7108,0,0,0,0,0,0
MIR7109,0,0,0,0,0,0
MIR711,0,0,0,0,0,0
MIR7110,0,0,0,0,0,0
MIR7111,0,0,3,0,1,0
MIR7112,0,0,0,0,0,0
MIR7113,0,0,0,0,0,0
MIR7114,0,0,0,0,0,0
MIR7150,0,0,0,0,0,0
MIR7151,0,0,0,0,0,0
MIR7152,0,0,0,0,0,0
MIR7153,0,0,0,0,0,0
MIR7154,0,0,0,0,0,0
MIR7155,1,0,0,0,0,0
MIR7156,0,0,0,0,0,0
MIR7157,0,0,0,0,0,0
MIR7158,0,0,0,0,0,1
MIR7159,0,0,0,0,0,0
MIR7160,0,0,0,0,0,0
MIR7161,1,0,0,15,9,35
MIR7162,0,0,0,0,0,0
MIR718,0,0,0,0,0,0
MIR744,0,0,0,0,0,0
MIR7515,0,0,0,0,0,0
MIR7515HG,0,0,0,0,0,0
MIR758,0,0,0,0,0,0
MIR759,0,0,0,0,0,0
MIR760,0,0,0,0,0,0
MIR761,0,0,0,0,0,0
MIR762,0,4,0,0,0,0
MIR762HG,46,19,59,18,21,11
MIR764,0,0,0,0,0,0
MIR765,0,0,1,0,0,1
MIR766,0,0,0,0,0,0
MIR767,0,0,0,0,0,0
MIR769,0,0,2,0,0,0
MIR770,0,0,0,0,0,0
MIR7702,0,0,0,0,0,0
MIR7703,0,0,0,0,0,0
MIR7704,0,0,0,0,0,0
MIR7705,0,0,0,0,0,0
MIR7706,0,0,0,0,0,0
MIR7843,0,0,0,0,0,0
MIR7844,0,0,0,0,0,0
MIR7845,0,0,0,0,0,0
MIR7846,0,0,0,0,0,0
MIR7847,0,0,0,0,0,0
MIR7848,0,0,0,0,0,0
MIR7849,0,0,0,0,0,0
MIR7850,0,0,0,0,0,0
MIR7851,0,0,0,0,0,0
MIR7852,0,0,0,0,0,0
MIR7853,0,0,0,0,0,0
MIR7854,0,0,0,0,0,0
MIR7855,0,0,0,0,0,0
MIR7856,0,0,0,0,2,0
MIR7973-1,0,0,0,0,0,0
MIR7973-2,0,0,0,0,0,0
MIR7974,0,0,0,0,0,0
MIR7975,0,0,0,0,0,2
MIR7976,0,0,0,0,0,0
MIR7977,0,0,0,0,0,0
MIR7978,0,0,0,0,0,0
MIR802,0,0,0,0,0,0
MIR8052,0,0,0,0,0,0
MIR8053,0,0,0,0,0,0
MIR8054,0,0,0,0,0,0
MIR8055,0,0,0,0,0,0
MIR8056,0,0,0,0,0,0
MIR8057,0,0,1,0,0,0
MIR8058,0,0,0,0,0,0
MIR8059,0,0,0,0,0,0
MIR8060,0,0,0,0,0,0
MIR8061,0,0,0,0,0,0
MIR8062,0,0,0,0,0,0
MIR8063,0,0,0,0,0,0
MIR8064,1,0,0,0,0,0
MIR8065,0,0,0,0,0,0
MIR8066,0,0,0,0,0,0
MIR8067,0,0,0,0,0,0
MIR8068,0,0,0,0,0,0
MIR8069,0,0,0,0,0,0
MIR8069-1,0,0,0,0,0,0
MIR8070,0,0,0,0,0,0
MIR8071-1,0,0,0,0,0,0
MIR8071-2,0,0,0,0,0,0
MIR8072,0,0,0,0,0,0
MIR8073,0,0,0,0,0,0
MIR8074,0,0,0,0,0,0
MIR8075,0,0,0,0,1,0
MIR8076,0,0,0,0,0,0
MIR8077,0,0,0,0,0,0
MIR8078,0,0,0,0,1,0
MIR8079,0,0,0,0,0,0
MIR8080,0,0,0,0,0,0
MIR8081,0,0,0,0,0,0
MIR8082,0,0,0,0,0,0
MIR8083,0,0,0,0,0,0
MIR8084,0,0,0,0,0,0
MIR8085,0,0,0,0,0,0
MIR8086,0,0,0,0,0,0
MIR8087,0,0,0,0,0,0
MIR8088,0,0,0,0,0,0
MIR8089,0,0,0,0,1,2
MIR8485,0,0,0,0,0,0
MIR873,0,0,0,0,0,0
MIR874,0,0,0,0,0,0
MIR875,0,0,0,0,0,0
MIR876,0,0,0,0,0,0
MIR877,0,0,0,0,0,0
MIR885,0,0,0,0,0,0
MIR887,0,0,0,0,0,0
MIR888,0,0,0,0,0,0
MIR889,0,0,0,0,0,0
MIR890,0,0,0,0,0,0
MIR891A,0,0,0,0,0,0
MIR891B,0,0,0,0,0,0
MIR892A,0,0,0,0,0,0
MIR892B,0,0,0,0,0,0
MIR892C,0,0,0,0,0,0
MIR9-1,0,0,0,0,0,0
MIR9-1HG,4,0,20,3,4,7
MIR9-2,0,0,0,0,0,0
MIR9-2HG,0,0,0,0,0,0
MIR9-3,0,0,0,0,0,0
MIR9-3HG,83,27,144,66,118,127
MIR920,0,0,0,0,0,0
MIR921,0,0,0,0,1,0
MIR922,0,0,0,0,0,0
MIR924,0,0,0,0,0,0
MIR924HG,43,34,60,159,193,203
MIR92A1,0,0,0,0,0,0
MIR92A2,0,0,0,0,0,0
MIR92B,0,0,0,0,0,0
MIR93,0,0,0,0,3,1
MIR933,0,0,1,0,0,0
MIR934,0,0,0,0,0,0
MIR935,0,0,0,0,0,0
MIR936,0,0,0,0,0,0
MIR937,0,0,0,0,0,0
MIR938,0,0,0,0,0,0
MIR939,0,0,0,0,0,0
MIR940,0,0,0,0,0,0
MIR941-1,0,0,0,0,0,0
MIR941-2,0,0,0,0,0,0
MIR941-3,0,0,0,0,0,0
MIR941-4,0,0,0,0,0,0
MIR941-5,0,0,0,0,0,0
MIR942,0,0,0,1,0,0
MIR943,0,0,0,0,0,0
MIR944,0,0,0,0,0,0
MIR95,0,0,0,0,0,0
MIR9500,0,0,0,0,0,0
MIR96,0,0,0,0,0,0
MIR98,1,0,4,19,13,27
MIR99A,0,0,0,0,0,0
MIR99AHG,162,107,293,6,9,8
MIR99B,0,0,0,0,0,0
MIRLET7A1,0,0,0,0,0,0
MIRLET7A1HG,120,38,153,122,82,98
MIRLET7A2,0,0,0,0,0,0
MIRLET7A3,0,0,0,0,0,0
MIRLET7B,0,0,0,0,0,0
MIRLET7BHG,11,12,63,10,79,91
MIRLET7C,7,0,2,0,0,0
MIRLET7D,0,0,0,0,0,0
MIRLET7E,0,0,0,0,0,0
MIRLET7F1,0,0,0,0,0,0
MIRLET7F2,0,0,0,0,1,0
MIRLET7G,0,0,0,0,1,0
MIRLET7I,0,0,0,0,0,0
MIRLET7IHG,77,1,51,418,294,413
MIS12,1124,494,2117,784,800,995
MIS18A,220,163,576,438,536,512
MIS18BP1,491,214,757,1208,937,1012
MISFA,16,0,67,32,29,55
MISP,20,3,227,112,721,754
MISP3,14,2,97,5,63,63
MITD1,242,157,544,325,456,463
MITF,11,13,46,42,34,39
MIURF,0,0,0,0,0,0
MIX23,560,383,863,719,715,622
MIXL1,1,0,0,0,0,0
MKI67,1188,597,1320,2989,3155,3112
MKKS,305,185,519,295,293,276
MKLN1,1090,555,1538,2345,1805,2234
MKLN1-AS,80,62,163,128,111,159
MKNK1,240,133,579,459,624,765
MKNK1-AS1,0,0,0,1,0,0
MKNK2,281,177,2047,424,2014,2400
MKNK2P1,0,0,0,0,0,0
MKRN1,1211,632,2306,1953,2533,2775
MKRN2,547,427,1326,512,741,738
MKRN2OS,27,24,134,32,104,99
MKRN3,190,89,295,406,395,485
MKRN7P,0,0,0,0,0,0
MKS1,163,74,904,340,802,888
MKX,1048,564,1767,441,459,514
MLANA,0,0,0,0,0,0
MLC1,0,0,2,1,8,19
MLEC,7226,3651,14126,9857,11958,14706
MLECP1,0,0,0,0,0,0
MLF1,697,283,1655,825,1032,1128
MLF1-DT,0,0,1,1,0,0
MLF2,230,141,867,492,1591,1510
MLH1,1179,658,2533,2909,3575,3764
MLH3,382,152,672,845,679,817
MLIP,0,0,0,0,0,0
MLKL,38,11,83,67,109,103
MLLT1,144,47,1053,170,1009,1192
MLLT10,663,348,933,739,656,794
MLLT10P2,0,0,0,0,0,0
MLLT11,35,16,79,447,755,861
MLLT3,235,144,461,408,462,511
MLLT6,1641,681,4118,2070,4381,5503
MLN,0,0,0,0,0,0
MLNR,4,0,6,1,2,1
MLPH,2064,506,4864,366,783,772
MLST8,67,56,801,32,275,294
MLX,519,220,1693,702,2082,2235
MLXIP,271,175,1024,365,1036,1244
MLXIPL,23,3,194,46,241,217
MLYCD,127,80,313,220,347,366
MMAA,288,142,470,370,268,365
MMAB,118,98,662,370,734,832
MMACHC,361,189,685,164,379,375
MMACHCP1,0,0,0,0,0,0
MMADHC,1146,677,2197,1767,1939,1870
MMADHC-DT,2,0,5,3,6,3
MMD,179,85,315,269,295,289
MMD2,0,0,0,0,0,0
MME,0,0,1,2,1,6
MMEL1,4,0,27,3,21,17
MMGT1,489,289,871,916,857,847
MMP1,0,0,0,0,2,0
MMP10,0,0,0,6,9,4
MMP11,6,2,47,20,133,161
MMP12,0,0,0,0,2,0
MMP13,5,0,0,5,4,5
MMP14,0,0,4,0,8,1
MMP15,16,2,238,3,48,55
MMP16,91,17,152,5082,3106,5322
MMP17,14,13,107,8,68,75
MMP19,0,0,0,0,0,0
MMP2,0,0,0,0,1,0
MMP20,0,0,0,5,1,3
MMP21,0,0,0,2,2,0
MMP23A,0,0,1,0,0,0
MMP23B,0,0,0,0,0,0
MMP24,0,0,0,3,10,19
MMP24OS,121,67,460,108,577,627
MMP25,1,1,55,1,4,15
MMP26,0,0,0,0,0,0
MMP27,0,0,0,0,0,0
MMP28,1,0,3,12,25,17
MMP3,0,0,0,0,0,0
MMP7,0,0,0,2,5,6
MMP8,0,0,0,0,0,0
MMP9,0,0,1,0,1,0
MMRN1,0,0,0,258,266,320
MMRN2,4,0,2,111,347,490
MMS19,658,385,1922,928,2167,2261
MMS22L,321,145,441,1079,732,854
MMUT,587,366,1297,918,807,950
MN1,78,42,136,14,11,17
MNAT1,363,195,1053,511,952,994
MND1,0,0,0,1,3,3
MNDA,1,0,1,0,0,0
MNS1,110,109,202,40,53,42
MNT,234,103,957,305,884,1007
MNX1,36,5,81,23,49,55
MNX1-AS1,19,3,50,4,21,22
MNX1-AS2,0,0,2,0,0,0
MOAP1,265,120,715,632,819,846
MOB1A,2459,1364,4399,6072,5255,6032
MOB1AP1,0,0,0,0,0,0
MOB1B,646,280,1105,1742,1257,1640
MOB2,42,21,280,38,146,183
MOB3A,92,33,526,174,707,688
MOB3B,5,0,13,108,124,140
MOB3C,88,16,188,110,190,233
MOB4,384,250,802,622,650,614
MOBP,3,0,3,0,0,0
MOCOS,220,143,519,248,225,296
MOCS1,39,28,130,41,190,251
MOCS2,866,591,1785,2156,2110,1960
MOCS2-DT,53,13,145,105,169,175
MOCS3,144,73,447,183,265,233
MOG,0,0,0,0,0,0
MOGAT1,1,0,3,3,2,5
MOGAT2,0,0,0,0,0,1
MOGAT3,0,0,0,0,0,0
MOGS,315,175,1666,354,1446,1678
MOK,290,88,736,248,622,612
MON1A,19,14,154,14,94,81
MON1B,718,371,1656,907,1358,1773
MON2,2120,845,2680,3863,2537,3331
MON2-AS1,0,0,0,0,0,0
MORC1,0,0,0,1,0,0
MORC1-AS1,0,0,0,0,0,0
MORC2,519,246,1206,924,1426,1645
MORC2-AS1,2,1,0,0,1,0
MORC3,791,395,1212,2356,1836,2258
MORC4,259,174,526,1181,1133,1102
MORF4L1,6238,3684,14527,16933,16840,18130
MORF4L1P4,0,0,0,0,0,0
MORF4L1P5,0,0,0,0,0,0
MORF4L2,3868,2196,7400,8494,9657,10046
MORN1,55,15,221,73,144,156
MORN2,205,73,539,313,468,408
MORN3,22,18,86,56,130,170
MORN4,478,277,1457,342,669,766
MORN5,11,3,28,6,16,16
MOS,0,0,0,0,0,0
MOSMO,340,161,596,647,504,676
MOSPD1,263,94,365,529,464,561
MOSPD2,673,359,1154,512,478,644
MOSPD3,8,8,89,10,78,87
MOV10,196,96,740,310,1217,1291
MOV10L1,41,31,82,1,0,1
MOXD1,0,0,0,0,0,0
MOXD2P,0,0,0,0,0,0
MPC1,192,181,621,189,348,352
MPC1L,0,0,0,0,0,0
MPC2,325,258,646,547,768,702
MPDU1,252,121,857,357,828,919
MPDU1-AS1,29,11,182,11,110,83
MPDZ,727,284,838,1747,1285,1783
MPEG1,0,0,0,0,0,0
MPG,17,0,275,13,151,180
MPHOSPH10,592,342,1394,1031,1093,1015
MPHOSPH10P3,0,0,0,2,0,0
MPHOSPH6,1738,1116,4280,3705,3774,3766
MPHOSPH8,846,448,2017,1238,1661,1780
MPHOSPH9,714,353,1150,1321,948,1127
MPI,397,173,1527,313,1239,1234
MPIG6B,12,23,35,14,2,9
MPL,3,0,4,7,3,0
MPLKIP,218,183,560,260,340,354
MPND,20,1,184,8,110,112
MPO,0,0,0,0,0,0
MPP1,37,7,116,136,188,210
MPP2,87,20,351,49,188,280
MPP3,93,19,296,169,279,391
MPP4,0,0,0,0,0,2
MPP7,5726,3326,10734,2411,2315,2661
MPPE1,141,34,285,234,380,408
MPPED1,0,0,0,411,940,1152
MPPED2,97,24,156,173,186,204
MPPED2-AS1,0,0,0,1,0,0
MPRIP,548,288,1586,603,1543,1931
MPST,68,32,217,149,279,308
MPTX1,0,0,0,0,0,0
MPV17,359,126,787,285,600,637
MPV17L,201,106,336,60,83,102
MPV17L2,14,2,136,12,107,116
MPV17L2P1,0,0,0,0,0,0
MPZ,0,0,0,0,0,0
MPZL1,1497,915,2874,3413,4351,4293
MPZL2,166,92,332,1468,1577,1765
MPZL3,628,303,1301,1373,1526,1934
MR1,731,342,1254,1496,1701,2187
MRAP,0,0,0,0,0,0
MRAP-AS1,1,0,1,3,0,2
MRAP2,4,1,8,41,54,62
MRAS,143,95,316,245,380,398
MRC1,0,3,0,1,0,0
MRC2,0,0,5,12,132,176
MRE11,1345,728,2445,2643,2210,2330
MREG,290,153,566,277,281,320
MREGP1,0,0,0,0,0,0
MRFAP1,2715,1558,9275,5303,9449,9375
MRFAP1L1,985,490,3189,1637,2319,2572
MRFAP1L2,455,254,813,645,938,802
MRGBP,119,54,488,232,607,522
MRGPRD,0,0,0,0,0,0
MRGPRE,0,0,0,0,0,0
MRGPRF,0,0,0,0,0,0
MRGPRF-AS1,0,0,0,0,0,0
MRGPRG,0,0,0,0,0,0
MRGPRG-AS1,0,0,0,0,1,0
MRGPRX1,0,0,0,0,0,0
MRGPRX10P,0,0,0,0,0,0
MRGPRX11P,0,0,0,0,0,0
MRGPRX12P,0,0,0,0,0,0
MRGPRX13P,0,0,0,0,0,0
MRGPRX2,0,0,2,0,0,0
MRGPRX3,0,0,0,0,0,0
MRGPRX4,0,0,0,0,0,0
MRGPRX5P,0,0,0,0,0,0
MRGPRX6P,0,0,0,0,0,0
MRGPRX7P,0,0,0,0,0,0
MRGPRX8P,0,0,0,0,0,0
MRGPRX9P,0,0,0,0,0,0
MRI1,187,45,429,219,499,533
MRLN,0,0,0,0,0,0
MRM1,48,13,245,51,151,155
MRM2,0,0,5,0,1,2
MRM3,43,26,170,37,171,159
MRM3P1,0,0,0,0,0,0
MRM3P2,0,0,0,0,0,0
MRNIP,363,169,1037,398,1051,1132
MRNIP-DT,40,7,104,11,41,27
MRO,0,0,1,24,20,20
MROCKI,0,0,0,0,0,0
MROH1,183,28,725,160,708,908
MROH2A,0,0,0,0,0,0
MROH2B,0,0,0,0,0,0
MROH5,0,0,0,0,0,0
MROH6,14,2,76,8,89,93
MROH7,0,0,0,0,0,0
MROH7-TTC4,0,0,0,0,0,0
MROH8,2,1,8,4,7,10
MROH9,0,0,0,0,0,0
MRPL1,333,225,617,397,472,374
MRPL10,198,156,984,219,804,891
MRPL11,205,144,722,307,670,669
MRPL12,0,0,5,0,4,0
MRPL13,826,534,1764,2197,2263,2112
MRPL14,95,55,667,121,552,560
MRPL15,583,399,1802,500,804,736
MRPL16,245,132,662,312,615,497
MRPL17,70,42,487,115,411,441
MRPL18,164,136,752,321,810,870
MRPL19,652,289,1233,1714,1340,1606
MRPL2,10,0,72,20,73,82
MRPL20,123,84,461,152,489,533
MRPL20-AS1,102,40,517,70,425,427
MRPL21,169,178,605,109,343,333
MRPL22,563,402,1736,987,1417,1355
MRPL22P1,0,0,0,0,0,0
MRPL23,3,0,27,1,8,8
MRPL23-AS1,0,0,0,0,0,0
MRPL24,868,413,2622,651,1636,1547
MRPL27,370,245,1267,457,962,973
MRPL28,56,30,662,103,773,774
MRPL2P1,0,0,0,0,0,0
MRPL3,1333,737,2567,1727,1739,1647
MRPL30,701,529,1374,1266,1274,1306
MRPL32,486,201,1124,650,997,822
MRPL33,240,188,875,833,996,992
MRPL34,103,56,232,91,149,169
MRPL35,538,435,890,623,705,710
MRPL35P1,0,0,0,0,0,0
MRPL35P2,0,0,0,0,0,0
MRPL35P4,0,0,0,0,0,0
MRPL36,39,35,309,78,202,241
MRPL37,373,135,984,593,1095,975
MRPL38,18,5,51,34,66,72
MRPL39,287,185,556,448,604,617
MRPL4,25,17,219,37,216,226
MRPL40,152,101,342,133,385,345
MRPL40P1,0,0,0,0,1,1
MRPL41,14,0,87,4,32,34
MRPL42,1594,999,2759,3392,2939,3209
MRPL42P3,0,0,0,0,0,0
MRPL42P6,0,0,0,0,0,0
MRPL43,265,130,799,224,599,578
MRPL44,220,133,674,439,531,549
MRPL45,1227,804,2249,1977,2109,2287
MRPL46,11,8,80,46,72,71
MRPL47,1989,1296,3349,5201,4935,5039
MRPL48,331,210,1027,284,499,519
MRPL49,758,391,3056,1041,3593,3907
MRPL49P1,0,0,0,0,0,0
MRPL49P2,0,0,0,0,0,0
MRPL50,362,212,738,662,549,609
MRPL50P1,0,0,0,0,0,0
MRPL51,446,320,1351,808,1833,1771
MRPL52,56,44,187,112,180,167
MRPL53,0,0,0,0,0,0
MRPL53P1,0,0,0,0,0,0
MRPL54,39,14,435,29,223,212
MRPL55,63,20,407,75,312,272
MRPL57,62,42,184,113,174,174
MRPL57P1,0,0,0,0,0,0
MRPL57P3,0,0,0,0,0,0
MRPL57P6,0,0,0,0,0,0
MRPL57P7,0,0,0,0,0,0
MRPL57P8,0,0,0,0,0,0
MRPL58,133,146,492,165,428,363
MRPL9,532,300,960,575,825,731
MRPS10,1309,663,2319,2258,2555,2737
MRPS10P1,0,0,0,0,0,0
MRPS10P2,0,0,0,0,0,0
MRPS11,143,77,415,234,458,388
MRPS12,26,33,208,49,275,260
MRPS14,572,249,1343,901,1239,1260
MRPS15,234,111,484,337,504,522
MRPS15P1,0,0,0,0,0,0
MRPS16,1350,985,3521,2600,4071,4041
MRPS16P3,0,0,0,0,0,0
MRPS17,54,76,155,46,126,99
MRPS17P3,0,0,0,0,0,0
MRPS17P5,0,0,0,0,0,0
MRPS18A,92,46,636,74,403,396
MRPS18B,1460,1102,4365,1271,3342,3229
MRPS18C,251,141,469,296,379,340
MRPS18CP7,6,0,0,0,0,1
MRPS2,84,35,627,52,451,458
MRPS21,997,664,2203,305,472,413
MRPS21P5,0,0,0,0,0,0
MRPS21P7,0,0,0,0,0,0
MRPS21P8,0,0,0,0,0,0
MRPS22,309,119,1312,647,842,801
MRPS23,495,331,1629,930,1813,1906
MRPS24,2,2,2,8,12,5
MRPS25,914,389,1757,1072,1539,1729
MRPS26,47,40,205,26,107,103
MRPS27,1677,1193,3576,1651,2483,2406
MRPS28,28,10,168,39,128,149
MRPS30,1068,430,1689,1596,1244,1445
MRPS31,159,108,498,259,430,399
MRPS31P1,0,0,0,0,0,0
MRPS33,306,220,772,773,793,780
MRPS34,77,31,613,106,410,366
MRPS35,685,405,1995,1957,2180,2065
MRPS35P2,0,0,0,0,0,0
MRPS36P3,0,0,0,0,0,0
MRPS36P5,0,0,0,0,0,0
MRPS5,606,356,1242,776,924,1005
MRPS5P4,0,0,0,0,0,0
MRPS6,202,190,367,365,388,449
MRPS6P1,0,0,0,0,0,0
MRPS7,390,237,1884,772,1899,1990
MRPS7P1,0,0,0,0,0,0
MRPS9,337,166,1258,728,1410,1368
MRPS9-AS1,1,0,0,0,0,0
MRPS9-AS2,0,0,0,0,0,3
MRRF,2016,993,2974,1325,1178,1275
MRRFP1,0,0,1,0,0,0
MRS2,626,305,1230,947,916,984
MRS2P1,0,0,0,0,0,0
MRTFA,68,28,298,102,464,508
MRTFA-AS1,0,0,0,0,0,0
MRTFB,1401,529,1783,1703,1500,2201
MRTO4,349,263,1047,502,946,876
MS4A1,0,0,0,1,0,0
MS4A10,0,0,0,0,1,2
MS4A12,0,0,0,0,0,0
MS4A13,0,0,0,0,0,0
MS4A14,2,0,0,2,2,1
MS4A15,0,0,0,0,1,2
MS4A18,4,0,0,0,0,0
MS4A19P,0,0,0,0,0,0
MS4A2,0,0,0,0,4,0
MS4A3,0,0,0,0,0,0
MS4A4A,0,0,0,0,0,0
MS4A4E,0,0,0,0,2,0
MS4A5,0,0,0,0,0,0
MS4A6A,0,0,0,0,0,0
MS4A6E,0,0,0,0,0,0
MS4A7,17,12,24,12,18,25
MS4A8,0,0,1,0,0,0
MSANTD1,0,0,4,6,7,12
MSANTD2,385,119,568,580,501,531
MSANTD2-AS1,146,128,246,193,182,229
MSANTD2P1,0,0,0,0,0,0
MSANTD3,47,32,129,136,176,172
MSANTD3-TMEFF1,0,0,0,0,0,0
MSANTD4,549,254,1013,714,565,669
MSANTD5,0,0,0,0,0,0
MSANTD7,265,202,570,848,871,956
MSC,0,0,0,0,0,0
MSC-AS1,0,0,0,0,0,0
MSGN1,0,0,0,0,0,0
MSH2,912,518,1625,1346,1291,1308
MSH2-OT1,3,1,1,1,1,0
MSH3,614,363,983,569,486,575
MSH4,0,0,0,3,1,2
MSH5,169,35,148,256,288,366
MSH5-SAPCD1,8,11,36,49,39,32
MSH6,1062,497,2331,4124,3676,3694
MSI1,46,38,181,70,236,256
MSI2,2167,1303,3524,3464,3485,4399
MSL1,1809,850,3170,5782,4847,5658
MSL2,804,481,1487,844,806,893
MSL3,610,333,1069,926,923,1096
MSLN,0,0,2,0,0,1
MSLNL,0,0,0,0,0,0
MSMB,1,0,8,3,2,2
MSMO1,422,258,1130,3865,3848,4597
MSMP,0,0,0,0,0,0
MSN,0,0,2,0,0,1
MSR1,23,1,29,17,21,24
MSRA,8,4,56,67,140,135
MSRB1,24,13,282,22,338,373
MSRB2,69,30,134,135,196,227
MSRB3,108,73,239,687,760,884
MSS51,26,24,42,26,45,43
MST1,69,17,458,7,38,29
MST1L,32,10,80,7,21,15
MST1R,108,44,441,77,430,431
MSTN,0,0,0,1,2,6
MSTO1,511,198,1454,217,536,526
MSX1,0,0,1,7,20,30
MSX2,842,497,1701,252,348,325
MT1A,0,0,0,0,0,0
MT1B,0,0,0,0,0,0
MT1E,0,0,0,0,0,0
MT1F,1,0,4,5,8,15
MT1G,0,0,0,0,0,0
MT1H,0,0,0,0,0,0
MT1HL1,0,0,0,0,0,0
MT1M,0,0,1,0,0,0
MT1P3,0,0,0,0,0,0
MT1X,2,1,11,2,8,4
MT2A,3,0,40,7,96,88
MT3,0,0,0,0,0,0
MT4,0,0,0,0,0,0
MTA1,286,159,840,391,731,833
MTA1-DT,12,4,87,15,34,40
MTA2,1432,832,3857,2398,4778,4950
MTA3,1221,871,2348,2591,2545,2810
MTA3P1,0,0,0,0,0,0
MTAP,492,298,1082,1161,1112,1212
MTAPP2,0,0,0,0,0,0
MTARC1,49,31,145,121,160,133
MTARC2,308,122,709,601,614,664
MTATP6P1,29354,15607,27592,38104,42684,30256
MTATP6P10,0,0,0,0,0,0
MTATP6P11,0,0,0,1,0,0
MTATP6P13,0,0,0,0,0,0
MTATP6P14,0,0,0,0,0,0
MTATP6P15,0,0,0,0,0,0
MTATP6P16,0,0,0,0,0,0
MTATP6P17,0,0,0,0,0,0
MTATP6P18,0,0,0,0,0,0
MTATP6P19,0,0,0,0,0,0
MTATP6P2,0,0,0,0,0,0
MTATP6P20,0,0,0,0,0,0
MTATP6P21,0,0,0,0,0,0
MTATP6P22,0,0,0,0,0,0
MTATP6P23,0,0,0,0,0,0
MTATP6P24,0,0,0,0,0,0
MTATP6P25,0,0,0,0,0,0
MTATP6P26,0,0,0,0,0,0
MTATP6P27,0,0,0,0,0,0
MTATP6P29,0,0,0,0,0,0
MTATP6P3,0,0,0,0,0,0
MTATP6P30,0,0,0,0,0,0
MTATP6P4,0,0,0,0,0,0
MTATP6P7,0,0,0,0,0,0
MTATP6P8,0,0,0,0,0,0
MTATP6P9,0,0,0,0,0,0
MTATP8P1,4,2,3,2,3,3
MTATP8P2,0,0,0,2,0,0
MTBP,139,52,321,394,339,376
MTCH1,769,438,2934,1087,5395,5259
MTCH2,1926,1154,4369,3087,3604,3526
MTCH2P1,0,0,0,0,0,0
MTCH2P2,0,0,0,0,0,0
MTCH2P3,0,0,0,0,0,0
MTCH2P4,0,0,0,0,0,0
MTCL1,8,21,18,58,83,82
MTCL2,2783,955,4070,3171,5031,5965
MTCL3,0,0,0,0,0,0
MTCO1P11,0,0,0,0,0,0
MTCO1P12,240,170,243,262,301,277
MTCO1P14,0,0,0,0,0,0
MTCO1P15,0,0,0,0,0,0
MTCO1P17,0,0,0,0,0,0
MTCO1P18,0,0,0,0,0,0
MTCO1P19,0,0,0,0,0,0
MTCO1P20,0,0,0,0,0,0
MTCO1P21,0,0,0,0,0,0
MTCO1P22,0,0,0,0,0,0
MTCO1P23,0,0,0,0,0,0
MTCO1P24,0,0,0,0,0,0
MTCO1P25,0,0,0,0,0,0
MTCO1P27,0,0,0,0,0,1
MTCO1P28,0,0,0,0,1,0
MTCO1P29,0,0,1,2,1,0
MTCO1P3,0,0,0,0,0,0
MTCO1P30,0,0,0,0,0,1
MTCO1P31,2,0,0,0,0,0
MTCO1P35,0,0,0,0,0,0
MTCO1P39,0,0,0,0,0,0
MTCO1P4,0,0,0,0,0,0
MTCO1P40,0,0,2,1,1,2
MTCO1P42,0,0,0,0,0,0
MTCO1P43,0,0,0,0,0,0
MTCO1P44,0,0,0,0,0,0
MTCO1P45,0,0,0,0,0,0
MTCO1P46,0,0,0,0,0,0
MTCO1P47,0,0,0,0,0,0
MTCO1P48,0,0,0,0,0,0
MTCO1P49,0,0,0,0,0,0
MTCO1P5,0,0,0,0,0,0
MTCO1P51,0,0,0,0,0,0
MTCO1P52,0,0,0,0,0,0
MTCO1P53,0,0,0,0,0,0
MTCO1P54,0,0,0,0,0,0
MTCO1P55,0,0,0,0,0,0
MTCO1P56,0,0,0,0,0,0
MTCO1P57,0,0,0,0,0,0
MTCO1P58,0,0,0,0,0,0
MTCO1P6,0,0,0,0,0,0
MTCO1P7,0,0,0,0,0,0
MTCO1P8,0,0,0,0,0,0
MTCO1P9,0,0,0,0,0,0
MTCO2P1,0,0,0,0,0,0
MTCO2P10,0,0,0,0,0,0
MTCO2P11,0,0,0,1,0,0
MTCO2P12,14,9,16,23,27,15
MTCO2P15,0,0,0,0,0,0
MTCO2P16,0,0,0,0,0,0
MTCO2P17,0,0,0,0,0,0
MTCO2P18,0,0,0,0,0,0
MTCO2P19,0,0,0,0,0,0
MTCO2P2,10,10,0,0,4,2
MTCO2P20,0,0,0,0,0,0
MTCO2P21,0,0,0,0,0,0
MTCO2P22,0,0,0,0,0,0
MTCO2P23,0,0,0,0,0,0
MTCO2P24,0,0,0,0,0,0
MTCO2P25,0,0,0,0,0,0
MTCO2P27,0,0,0,0,0,0
MTCO2P29,0,0,0,0,0,0
MTCO2P3,0,0,0,0,0,0
MTCO2P30,1,0,0,0,0,0
MTCO2P31,0,0,0,0,0,0
MTCO2P32,3,0,5,8,3,2
MTCO2P33,0,0,0,0,0,0
MTCO2P34,0,0,0,0,0,0
MTCO2P4,0,0,0,0,0,0
MTCO2P5,0,0,0,0,0,0
MTCO2P6,0,0,0,0,0,0
MTCO2P7,0,0,0,0,0,0
MTCO2P8,0,0,0,0,0,0
MTCO2P9,0,0,0,0,0,0
MTCO3P10,0,0,0,0,0,0
MTCO3P11,0,0,0,0,0,0
MTCO3P12,41,8,30,32,48,44
MTCO3P13,0,0,0,0,0,0
MTCO3P15,0,0,0,0,0,0
MTCO3P16,0,0,0,0,0,0
MTCO3P17,0,0,0,0,0,0
MTCO3P18,0,0,0,0,0,0
MTCO3P2,0,0,0,0,0,0
MTCO3P20,0,0,0,0,0,0
MTCO3P21,0,0,0,0,0,0
MTCO3P22,0,1,0,0,0,0
MTCO3P23,0,0,0,0,0,0
MTCO3P24,0,0,0,0,0,0
MTCO3P27,0,0,0,0,0,0
MTCO3P28,0,0,0,0,0,0
MTCO3P29,0,0,0,0,0,0
MTCO3P30,0,0,0,0,0,0
MTCO3P31,0,0,0,0,0,0
MTCO3P35,0,0,0,0,0,0
MTCO3P38,0,0,0,0,0,0
MTCO3P39,0,0,0,0,0,0
MTCO3P4,0,0,0,0,0,0
MTCO3P40,0,0,0,0,0,0
MTCO3P41,0,0,0,0,0,0
MTCO3P42,0,0,0,0,0,0
MTCO3P43,0,0,0,0,0,0
MTCO3P44,0,0,0,0,0,0
MTCO3P45,0,0,0,0,0,0
MTCO3P46,0,0,0,0,0,0
MTCO3P47,0,0,0,0,0,0
MTCO3P5,0,0,0,0,0,0
MTCO3P7,0,0,0,0,0,0
MTCO3P8,0,0,0,0,0,0
MTCO3P9,0,0,0,0,0,0
MTCP1,5,10,2,11,8,8
MTCYBP1,0,0,0,0,0,0
MTCYBP10,0,0,0,0,0,0
MTCYBP11,0,0,0,0,0,0
MTCYBP12,0,0,0,0,0,0
MTCYBP13,0,0,0,0,0,0
MTCYBP14,0,0,0,0,0,0
MTCYBP15,0,0,0,0,0,0
MTCYBP16,0,0,0,0,0,0
MTCYBP17,0,0,0,0,0,0
MTCYBP18,0,1,0,0,0,0
MTCYBP19,0,0,0,0,0,0
MTCYBP2,0,0,0,0,0,0
MTCYBP20,0,0,0,0,0,0
MTCYBP21,0,0,0,0,0,0
MTCYBP22,0,0,0,0,0,0
MTCYBP23,0,0,0,0,0,0
MTCYBP24,0,0,0,0,0,0
MTCYBP27,0,0,0,0,0,0
MTCYBP28,0,0,0,1,2,1
MTCYBP29,0,0,0,0,0,0
MTCYBP3,0,0,0,0,0,0
MTCYBP31,0,0,0,0,0,0
MTCYBP32,0,0,0,0,0,0
MTCYBP33,0,0,0,0,0,0
MTCYBP34,0,0,0,0,0,0
MTCYBP35,0,0,0,0,0,0
MTCYBP36,0,0,0,0,0,0
MTCYBP37,0,0,0,0,0,0
MTCYBP38,0,0,0,0,0,0
MTCYBP39,0,0,0,0,0,0
MTCYBP4,0,0,0,0,0,0
MTCYBP40,0,0,0,0,0,0
MTCYBP41,0,0,0,0,0,0
MTCYBP42,0,0,0,0,0,0
MTCYBP43,0,0,0,0,0,0
MTCYBP44,0,0,0,0,0,0
MTCYBP45,0,0,0,0,0,0
MTCYBP5,0,0,0,0,0,0
MTCYBP6,0,0,0,0,0,0
MTCYBP7,0,0,0,0,0,0
MTCYBP8,0,0,0,0,0,0
MTCYBP9,0,0,0,0,0,0
MTDH,4113,2293,8043,10244,9561,10229
MTDHP1,0,0,1,0,0,0
MTDHP2,0,0,0,0,0,0
MTDHP3,0,0,0,0,0,0
MTDHP4,0,0,0,0,0,0
MTDHP5,0,0,0,0,0,0
MTERF1,80,91,223,290,262,257
MTERF2,345,124,754,723,724,795
MTERF3,200,122,466,373,340,389
MTERF4,327,129,646,499,611,655
MTF1,468,240,815,664,780,1017
MTF2,348,232,558,684,634,794
MTFMT,79,54,169,152,150,172
MTFP1,1,0,32,1,15,5
MTFR1,1665,1033,3058,1842,1814,2076
MTFR1L,273,112,558,302,520,610
MTFR2,18,0,45,58,84,57
MTG1,15,20,61,54,95,122
MTG2,127,44,702,179,734,750
MTHFD1,1490,969,3097,2745,4678,4510
MTHFD1L,117,94,291,121,228,187
MTHFD1P1,0,8,0,0,0,1
MTHFD2,5222,2975,10654,3477,4018,4293
MTHFD2L,104,16,144,85,95,88
MTHFD2P2,0,0,0,0,0,0
MTHFD2P3,0,0,0,0,0,0
MTHFD2P7,2,0,0,0,2,0
MTHFR,245,66,781,229,754,889
MTHFS,16,11,13,5,10,8
MTHFSD,301,140,742,487,741,800
MTIF2,1437,756,2459,1527,1538,1647
MTIF2P1,0,0,0,0,0,0
MTIF3,425,365,819,770,814,855
MTLN,11,7,73,4,38,28
MTM1,288,151,484,501,436,497
MTMR1,1307,553,2437,1995,2023,2336
MTMR10,254,94,439,378,314,414
MTMR11,81,55,172,448,696,835
MTMR12,1193,647,2013,1558,1582,1870
MTMR14,319,201,800,374,676,682
MTMR2,866,521,1659,1650,1613,1581
MTMR3,684,342,1487,866,1566,1903
MTMR4,2208,872,4257,1837,2018,2400
MTMR6,444,268,814,904,800,929
MTMR7,1,1,1,1,0,1
MTMR8,14,19,27,7,15,17
MTMR9,239,61,423,789,716,820
MTNAP1,653,320,1194,973,956,1194
MTNAP1P1,0,0,0,0,0,0
MTND1P1,0,0,0,0,0,0
MTND1P11,1,0,0,0,0,0
MTND1P12,0,0,0,0,0,0
MTND1P14,0,0,0,0,0,0
MTND1P15,0,0,0,0,0,0
MTND1P16,0,0,0,0,0,0
MTND1P18,0,0,0,0,0,0
MTND1P19,0,0,0,0,0,0
MTND1P2,0,0,0,0,0,0
MTND1P20,0,0,0,0,0,0
MTND1P21,0,0,0,0,0,0
MTND1P22,0,0,0,0,0,0
MTND1P23,4,1,8,1,6,1
MTND1P24,0,0,0,0,0,0
MTND1P25,0,0,0,0,0,0
MTND1P26,0,0,0,0,0,0
MTND1P27,0,0,0,0,0,0
MTND1P28,0,0,0,0,0,0
MTND1P3,0,0,0,0,0,0
MTND1P30,0,0,0,0,0,0
MTND1P31,0,0,0,0,0,0
MTND1P32,2,0,0,0,0,0
MTND1P33,0,0,0,0,0,0
MTND1P34,0,0,0,0,0,0
MTND1P35,0,0,0,0,0,0
MTND1P36,0,0,0,0,0,0
MTND1P37,0,0,0,0,0,0
MTND1P5,0,0,0,0,0,0
MTND1P6,0,0,0,0,0,0
MTND1P7,0,0,0,0,0,0
MTND1P8,0,0,0,0,0,0
MTND1P9,0,0,0,0,0,0
MTND2P11,0,0,0,0,0,0
MTND2P12,0,0,0,0,0,0
MTND2P13,0,0,0,0,0,0
MTND2P14,0,0,0,0,0,0
MTND2P15,0,0,0,0,0,0
MTND2P16,0,0,0,0,0,0
MTND2P17,0,0,0,0,0,0
MTND2P18,0,0,0,0,0,0
MTND2P2,0,0,0,0,0,0
MTND2P20,0,0,0,0,0,0
MTND2P21,0,0,0,0,0,0
MTND2P22,0,0,0,0,0,0
MTND2P23,0,0,0,0,0,0
MTND2P25,0,0,0,0,0,0
MTND2P26,0,0,0,0,0,0
MTND2P27,0,0,0,0,0,0
MTND2P28,9518,6828,8800,12082,11354,9263
MTND2P29,0,0,0,0,0,0
MTND2P3,0,0,0,0,0,0
MTND2P30,0,0,0,0,0,0
MTND2P31,0,0,0,0,0,0
MTND2P32,1,0,0,0,0,0
MTND2P33,0,0,0,0,0,0
MTND2P38,0,0,0,0,0,0
MTND2P39,0,0,0,0,0,0
MTND2P4,0,0,0,0,0,0
MTND2P40,0,0,1,1,0,0
MTND2P41,0,0,0,0,0,0
MTND2P5,0,0,0,0,0,0
MTND2P6,0,0,0,0,0,0
MTND2P7,0,0,0,0,0,0
MTND2P8,0,0,0,0,0,0
MTND2P9,0,0,0,0,0,0
MTND3P1,0,0,0,0,0,0
MTND3P10,0,0,0,0,0,0
MTND3P12,0,0,0,0,0,0
MTND3P13,0,0,0,0,0,0
MTND3P15,0,0,0,0,0,0
MTND3P16,0,0,0,0,0,0
MTND3P17,0,0,0,0,0,0
MTND3P18,0,0,0,0,0,0
MTND3P19,0,0,0,0,0,0
MTND3P2,0,0,0,0,0,0
MTND3P20,0,0,0,0,0,0
MTND3P21,0,0,0,0,0,0
MTND3P22,0,0,0,0,0,0
MTND3P23,0,0,0,0,0,0
MTND3P25,0,0,0,0,0,0
MTND3P4,0,0,0,0,0,0
MTND3P5,0,0,0,0,0,0
MTND3P6,0,0,0,0,0,0
MTND3P7,0,0,0,0,0,0
MTND3P8,0,0,0,0,0,0
MTND3P9,0,0,0,0,0,0
MTND4LP1,0,0,0,0,0,0
MTND4LP10,0,0,0,0,0,0
MTND4LP11,0,0,0,0,0,0
MTND4LP12,0,0,0,0,0,0
MTND4LP13,0,0,0,0,0,0
MTND4LP15,0,0,0,0,0,0
MTND4LP16,0,0,0,0,0,0
MTND4LP17,0,0,0,0,0,0
MTND4LP19,0,0,0,0,0,0
MTND4LP2,0,0,0,0,0,0
MTND4LP20,0,0,0,0,0,0
MTND4LP21,0,0,0,0,0,0
MTND4LP22,0,0,0,0,0,0
MTND4LP23,0,0,0,0,0,0
MTND4LP24,0,0,0,0,0,0
MTND4LP25,0,0,0,0,0,0
MTND4LP26,0,0,0,0,0,0
MTND4LP3,0,0,0,0,0,0
MTND4LP30,8,16,4,11,13,7
MTND4LP31,0,0,0,0,0,0
MTND4LP32,0,0,0,0,0,0
MTND4LP4,0,0,0,0,0,0
MTND4LP5,0,0,0,0,0,0
MTND4LP7,0,0,0,0,0,0
MTND4LP8,0,0,0,0,0,0
MTND4LP9,0,0,0,0,0,0
MTND4P1,0,0,0,0,0,0
MTND4P10,0,0,0,0,0,0
MTND4P12,158,90,74,132,116,94
MTND4P13,0,0,0,0,0,0
MTND4P14,0,0,0,0,0,0
MTND4P15,0,0,0,0,0,0
MTND4P16,0,0,0,0,0,0
MTND4P18,0,0,0,0,0,0
MTND4P2,0,0,0,0,0,0
MTND4P21,0,0,0,0,0,0
MTND4P22,0,0,0,0,0,0
MTND4P23,0,0,0,0,0,0
MTND4P24,0,0,0,0,0,0
MTND4P25,0,0,0,0,0,0
MTND4P26,0,0,0,0,0,0
MTND4P27,0,0,0,0,0,0
MTND4P28,0,0,0,0,0,0
MTND4P29,0,0,0,0,0,0
MTND4P3,0,0,0,0,0,0
MTND4P33,0,0,0,0,0,0
MTND4P35,0,0,0,0,0,1
MTND4P5,0,0,0,0,0,0
MTND4P6,0,0,0,0,0,0
MTND4P8,0,0,0,0,0,0
MTND4P9,0,0,0,0,0,0
MTND5P1,0,0,0,0,0,0
MTND5P10,0,0,0,0,0,0
MTND5P11,10,12,4,12,1,10
MTND5P12,0,0,0,0,0,0
MTND5P14,0,0,0,0,0,0
MTND5P16,0,0,0,0,0,0
MTND5P17,0,0,0,0,0,0
MTND5P18,0,0,0,0,0,0
MTND5P19,0,0,0,0,0,0
MTND5P2,3,0,0,1,0,0
MTND5P20,0,0,0,0,0,0
MTND5P22,0,0,0,0,0,0
MTND5P23,0,0,0,0,0,0
MTND5P24,0,0,0,0,0,0
MTND5P25,0,0,0,0,0,0
MTND5P27,0,0,0,0,0,0
MTND5P28,0,0,0,0,0,0
MTND5P29,0,0,0,0,0,0
MTND5P3,0,0,0,0,0,0
MTND5P30,0,0,0,0,0,0
MTND5P31,0,0,0,0,0,0
MTND5P32,0,0,0,0,0,0
MTND5P33,0,0,0,0,0,0
MTND5P34,0,0,0,0,0,0
MTND5P4,0,0,0,0,0,0
MTND5P41,0,0,0,0,0,0
MTND5P42,0,0,1,2,1,1
MTND5P5,0,0,0,0,0,0
MTND5P6,0,0,0,0,0,0
MTND5P7,0,0,0,0,0,0
MTND5P8,0,0,0,0,0,0
MTND5P9,0,0,0,0,0,0
MTND6P1,0,0,0,0,0,0
MTND6P10,0,0,0,0,0,0
MTND6P11,0,0,2,0,0,0
MTND6P12,0,0,0,0,0,0
MTND6P13,0,0,0,0,0,0
MTND6P14,0,0,0,0,0,0
MTND6P15,0,0,0,0,0,0
MTND6P16,0,0,0,0,0,0
MTND6P17,0,0,0,0,0,0
MTND6P18,0,0,0,0,0,0
MTND6P19,0,0,0,0,0,0
MTND6P2,0,0,0,0,0,0
MTND6P20,0,0,0,0,0,0
MTND6P21,2,0,3,9,2,1
MTND6P22,0,0,0,0,0,0
MTND6P24,0,0,0,0,0,0
MTND6P25,0,0,0,0,0,0
MTND6P3,0,0,0,0,0,0
MTND6P32,0,0,0,0,0,0
MTND6P33,0,0,0,0,0,0
MTND6P35,0,0,0,0,0,0
MTND6P4,8,1,10,40,21,20
MTND6P5,0,0,0,0,0,0
MTND6P6,0,0,0,0,0,0
MTND6P7,0,0,0,0,0,0
MTND6P8,0,0,0,0,0,0
MTND6P9,0,0,0,0,0,0
MTNR1A,0,0,0,0,0,0
MTNR1B,0,0,0,0,0,0
MTO1,424,191,926,803,852,917
MTOR,839,375,1535,1273,2091,2801
MTOR-AS1,0,0,0,0,0,0
MTPAP,295,134,626,462,685,671
MTPN,2552,1328,3685,6344,4725,5879
MTR,1500,534,1948,1752,1682,1899
MTRES1,166,31,438,406,437,425
MTRES1P1,0,0,0,0,0,0
MTRES1P2,0,0,0,0,0,0
MTREX,3112,1572,6144,4429,4768,5760
MTRF1,194,99,293,259,253,308
MTRF1L,187,107,330,420,377,368
MTRF1LP1,0,0,0,0,0,0
MTRFR,137,122,428,121,310,275
MTRR,771,444,1221,975,963,1162
MTSS1,15,0,35,75,96,119
MTSS2,124,49,862,262,1266,1367
MTTP,0,0,0,5,3,0
MTURN,723,473,1506,393,461,468
MTUS1,746,371,1031,2780,2169,2787
MTUS1-DT,8,0,15,59,45,47
MTUS2,3,2,29,8,36,43
MTUS2-AS2,0,0,0,0,0,0
MTX1,210,49,915,303,797,755
MTX1LP,0,0,2,0,0,0
MTX2,261,171,692,360,389,409
MTX3,963,492,1602,1759,1304,1708
MUC1,5118,2102,12140,7693,15401,17030
MUC12,0,0,0,0,0,0
MUC12-AS1,0,0,0,0,0,0
MUC13,0,0,0,0,0,0
MUC15,3,0,5,10,8,10
MUC16,2,0,3,0,0,0
MUC17,0,0,0,0,0,0
MUC19,1,0,0,0,0,0
MUC2,0,0,0,0,0,0
MUC20,20,9,46,16,42,36
MUC21,0,0,0,0,0,0
MUC22,0,0,0,0,0,0
MUC3A,0,0,0,0,2,1
MUC4,0,0,3,0,0,0
MUC5AC,0,0,0,0,0,0
MUC5B,0,0,0,0,1,0
MUC5B-AS1,0,0,0,1,0,0
MUC6,0,0,0,0,0,0
MUC7,0,0,0,0,0,0
MUCL1,0,0,0,3,1,1
MUCL3,5,0,4,0,0,1
MUL1,77,78,445,80,316,305
MUPP,0,0,0,0,0,0
MUS81,66,46,556,52,448,478
MUSK,0,0,0,0,0,0
MUSTN1,0,0,0,0,0,1
MUTYH,16,5,45,49,54,56
MVB12A,29,17,199,68,237,221
MVB12B,40,41,188,98,245,250
MVD,112,33,1335,294,2241,2695
MVK,70,22,201,310,834,945
MVP,8,0,117,46,318,371
MX1,84,31,200,967,1159,666
MX2,25,39,48,20,44,35
MXD1,142,97,228,210,178,178
MXD3,46,0,139,17,161,151
MXD4,148,58,885,303,1275,1515
MXI1,739,437,1362,276,244,298
MXRA5,0,0,0,110,101,125
MXRA5Y,0,0,0,0,0,0
MXRA7,84,36,262,316,777,719
MXRA8,30,14,158,117,636,670
MYADM,813,435,2118,2110,3685,3720
MYADML2,0,0,0,0,0,0
MYB,1180,782,2284,277,295,314
MYBBP1A,120,32,789,119,774,784
MYBL1,1109,589,1539,1103,776,915
MYBL2,91,40,651,295,2389,2195
MYBPC1,1,0,3,0,0,0
MYBPC2,0,0,0,0,1,0
MYBPC3,0,0,0,0,0,0
MYBPH,0,0,0,0,0,0
MYBPHL,0,0,0,0,0,0
MYC,627,289,2218,221,768,705
MYCBP,63,76,171,371,379,318
MYCBP2,835,380,824,1834,1110,1680
MYCBP2-AS1,0,0,0,1,0,0
MYCBP2-AS2,0,0,0,0,0,2
MYCBPAP,13,0,4,11,11,15
MYCL,81,36,200,62,97,133
MYCL-AS1,0,0,0,0,0,0
MYCN,0,0,0,0,2,1
MYCNOS,0,0,0,0,0,0
MYCNUT,0,0,0,0,0,0
MYCT1,0,0,0,0,0,0
MYD88,325,267,800,506,813,823
MYDGF,227,291,1034,148,607,580
MYEF2,1403,665,2138,3021,2278,2774
MYEOV,11,3,34,35,66,82
MYF5,0,0,0,0,0,0
MYF6,0,0,0,0,0,0
MYG1,0,1,3,1,13,22
MYH1,0,0,0,0,0,0
MYH10,492,186,868,1706,2223,2557
MYH11,0,0,0,1,1,2
MYH13,0,0,0,0,0,0
MYH14,83,30,512,334,1767,2044
MYH15,0,0,0,0,2,1
MYH16,0,0,1,0,3,0
MYH2,0,0,0,0,0,0
MYH3,6,16,36,6,19,21
MYH4,0,0,0,0,0,0
MYH6,0,0,0,0,0,0
MYH7,0,0,0,0,0,0
MYH7B,1,0,13,0,6,7
MYH8,0,0,0,0,0,0
MYH9,893,430,4923,3552,16171,18539
MYHAS,0,0,0,0,0,0
MYL1,0,0,0,0,0,0
MYL10,0,0,0,0,0,0
MYL11,0,0,0,0,1,0
MYL12-AS1,0,0,2,1,2,1
MYL12A,990,608,2646,2372,4372,4212
MYL12B,1840,1084,7175,3804,8313,8578
MYL2,0,0,0,0,0,0
MYL3,0,0,0,0,0,0
MYL4,0,0,0,0,0,0
MYL5,23,4,162,51,250,287
MYL6,1392,658,7203,4081,21542,19572
MYL6B,113,50,543,235,994,1072
MYL6B-AS1,2,0,4,12,12,8
MYL7,0,0,0,0,0,0
MYL9,388,185,2927,2016,14376,14087
MYLIP,98,45,189,242,267,366
MYLK,9,7,20,760,1043,1385
MYLK-AS1,12,1,37,27,62,88
MYLK-AS2,0,0,0,0,0,0
MYLK2,2,0,0,0,4,1
MYLK3,24,30,32,50,48,42
MYLK4,4,0,10,12,13,20
MYLKP1,0,0,0,1,5,2
MYMK,0,0,0,0,0,0
MYMX,0,0,0,0,0,0
MYNN,1563,1019,2439,2973,2333,2740
MYO10,336,103,655,645,965,1260
MYO15A,3,2,30,21,21,39
MYO15B,155,14,619,84,387,507
MYO16,0,0,0,24,25,39
MYO16-AS1,0,0,0,0,0,0
MYO18A,109,52,549,386,1733,2108
MYO18B,0,0,0,0,0,0
MYO19,502,258,1493,722,1679,1783
MYO1A,0,0,0,2,4,3
MYO1B,371,208,681,3865,3244,3608
MYO1B-AS1,1,0,2,4,2,6
MYO1C,1085,471,5527,1090,5360,5692
MYO1D,406,232,875,2764,3443,3749
MYO1D-DT,0,0,0,0,1,0
MYO1E,147,73,345,234,334,374
MYO1F,0,0,12,1,5,4
MYO1G,3,0,13,2,5,3
MYO1H,0,0,0,1,0,0
MYO3A,0,0,0,0,0,0
MYO3B,1,0,1,59,51,79
MYO3B-AS1,0,0,0,0,0,0
MYO5A,780,342,1041,1524,1502,1784
MYO5B,609,305,1279,890,1608,1729
MYO5BP2,0,0,1,0,0,0
MYO5BP3,0,0,0,0,0,0
MYO5C,1884,955,3283,2852,2784,3378
MYO6,1148,619,1823,5045,3944,4955
MYO7A,2,0,4,18,40,59
MYO7B,0,0,0,0,1,0
MYO9A,1145,567,1463,1258,802,1206
MYO9B,166,102,792,401,1371,1673
MYOC,0,0,0,0,0,0
MYOCD,0,0,0,0,0,0
MYOCD-AS1,0,0,0,0,0,0
MYOCOS,0,0,0,0,0,0
MYOD1,0,0,0,0,0,0
MYOF,9852,4475,16677,13236,12617,16295
MYOG,0,0,0,0,0,0
MYOM1,0,0,3,0,1,0
MYOM2,0,0,0,0,0,1
MYOM3,0,0,0,0,0,1
MYORG,738,333,1523,2242,3388,3675
MYOSLID,0,0,0,0,0,0
MYOT,0,0,0,0,0,0
MYOZ1,0,0,0,0,5,2
MYOZ2,0,0,0,0,0,0
MYOZ3,1,0,7,1,7,9
MYPN,0,0,0,0,0,0
MYPOP,13,8,43,21,44,51
MYRF,4,0,18,10,43,42
MYRF-AS1,0,0,0,0,0,1
MYRFL,102,31,114,154,103,141
MYRIP,216,169,613,76,90,111
MYSM1,955,341,1130,2160,1134,1579
MYT1,1,0,7,0,3,3
MYT1L,0,0,0,0,0,0
MYT1L-AS1,0,0,0,0,0,0
MYZAP,9,12,20,29,34,39
MZB1,3,0,20,3,21,29
MZF1,923,219,1646,638,1072,1293
MZF1-AS1,46,16,96,83,94,113
MZT1,265,145,749,870,922,862
MZT2A,11,1,64,11,60,72
MZT2B,12,13,47,2,14,22
N4BP1,497,294,1009,949,937,1077
N4BP2,563,297,748,892,552,759
N4BP2L1,21,20,41,90,85,98
N4BP2L2,2942,1352,4292,4762,3448,4044
N4BP2L2-IT2,32,1,25,41,18,36
N4BP3,136,56,526,44,151,179
N6AMT1,121,16,160,220,215,230
NAA10,24,7,182,44,182,192
NAA11,0,0,0,0,0,0
NAA15,1125,593,1668,2168,1962,2127
NAA16,191,45,320,582,439,513
NAA20,735,543,2423,1629,2262,2417
NAA25,846,389,1329,2495,1922,2389
NAA30,958,581,1506,1299,1016,1107
NAA35,608,429,1135,764,604,694
NAA38,19,4,207,28,166,203
NAA40,463,243,1102,614,1360,1481
NAA50,2978,1291,5302,5181,4730,4703
NAA50P2,0,0,0,0,0,0
NAA60,313,249,846,431,788,758
NAA80,22,10,104,1,45,44
NAAA,291,152,636,217,372,401
NAALAD2,0,0,0,1,0,0
NAALADL1,0,0,0,0,0,0
NAALADL2,880,435,1306,406,309,414
NAALADL2-AS3,0,0,0,0,0,0
NAB1,312,114,502,419,366,429
NAB1P1,0,0,0,0,0,0
NAB2,135,55,545,161,568,559
NABP1,24,16,63,759,652,686
NABP2,217,115,925,375,1279,1395
NACA,3034,2007,7322,4308,7646,6915
NACA2,0,0,0,0,0,0
NACA3P,0,1,2,1,1,2
NACA4P,0,2,0,0,2,0
NACAD,0,0,0,1,3,3
NACAP10,0,0,0,0,0,0
NACAP2,0,0,0,0,0,0
NACAP5,0,0,0,0,0,0
NACAP6,0,0,0,0,0,0
NACC1,370,211,1291,1151,3590,3809
NACC2,140,103,435,604,1169,1476
NADK,69,23,555,226,655,805
NADK2,887,415,1705,1315,1143,1316
NADK2-AS1,0,0,0,0,0,0
NADSYN1,401,171,1366,474,1326,1403
NAE1,443,189,790,615,631,624
NAF1,160,76,296,185,138,183
NAGA,305,166,1064,492,1610,1844
NAGK,441,174,1321,817,1681,1468
NAGLU,122,95,611,165,549,616
NAGPA,47,10,154,40,133,150
NAGS,1,1,7,2,17,19
NAIF1,58,24,383,60,158,168
NAIP,8,2,21,9,9,7
NAIPP1,1,6,16,16,13,30
NAIPP3,3,1,2,2,0,4
NALCN,0,0,0,28,27,23
NALCN-AS1,0,0,0,1,1,0
NALF1,93,40,214,341,446,401
NALF2,7,2,21,31,90,94
NAMA,0,0,0,0,0,0
NAMPT,2211,931,4146,2471,2123,2400
NAMPT-AS1,2,1,12,3,3,3
NAMPTP1,54,49,159,89,75,80
NAMPTP2,0,0,0,0,0,0
NAMPTP3,0,0,0,0,0,0
NANOG,0,0,0,0,0,0
NANOGNB,0,0,0,0,0,0
NANOGNBP2,0,0,0,0,0,0
NANOGP3,0,0,0,0,0,0
NANOGP6,0,0,0,0,0,0
NANOGP8,0,0,0,0,0,0
NANOS1,193,220,414,207,162,212
NANOS2,0,0,0,0,0,0
NANOS3,0,0,1,0,0,0
NANP,234,119,451,337,361,432
NANS,470,330,1976,314,894,914
NAP1L1,9249,5290,19817,22225,20330,20367
NAP1L1P1,0,1,1,3,1,2
NAP1L1P3,0,0,0,0,0,1
NAP1L2,2,0,4,166,164,175
NAP1L3,0,0,0,1,1,0
NAP1L4,1268,905,2830,3278,3408,3563
NAP1L4P3,0,1,3,0,3,2
NAP1L5,0,0,0,0,0,0
NAP1L5P1,0,0,0,0,0,0
NAPA,228,63,1686,302,1846,1981
NAPB,331,103,635,348,299,292
NAPEPLD,156,70,236,323,268,344
NAPG,449,221,761,983,873,1019
NAPGP1,0,0,0,0,0,0
NAPRT,8,0,58,6,65,48
NAPSA,3,0,2,7,7,25
NARF,160,73,648,268,702,668
NARF-AS2,7,17,13,6,15,11
NARS1,4301,2255,10561,5591,7686,8751
NARS1P2,0,0,0,0,0,0
NARS2,256,199,782,305,365,407
NASP,563,260,1341,3198,3683,3562
NAT1,356,158,716,590,511,543
NAT10,844,391,2040,958,1920,1908
NAT14,28,10,269,41,343,358
NAT16,0,0,0,0,0,0
NAT2,7,3,17,12,3,5
NAT8,0,0,0,0,0,0
NAT8L,5,7,11,8,27,30
NAT9,217,45,989,301,1172,1199
NATD1,39,25,303,44,288,349
NAV1,1,0,1,15,32,45
NAV2,4,0,2,10,14,11
NAV2-AS2,0,0,0,0,1,0
NAV2-AS3,0,0,1,0,0,0
NAV2-AS4,0,0,0,0,0,0
NAV2-AS5,0,0,0,0,0,0
NAV3,0,0,1,0,3,2
NAXD,173,81,915,318,765,855
NAXD-AS1,4,0,6,10,19,19
NAXE,343,209,969,414,1097,1013
NBAS,897,375,1437,869,791,1038
NBDY,288,189,1160,322,1344,1276
NBEA,211,124,312,798,521,746
NBEAL1,704,357,949,1567,802,1282
NBEAL2,198,42,924,231,1205,1442
NBEAP2,0,0,0,6,9,4
NBEAP4,0,0,0,0,0,0
NBEAP5,0,0,0,0,0,0
NBEAP6,0,0,1,0,0,0
NBL1,95,57,466,293,1165,1218
NBN,2120,1081,4025,2788,2407,2476
NBPF1,764,393,1148,481,590,754
NBPF10,221,94,282,431,389,499
NBPF11,411,168,539,360,442,467
NBPF12,385,193,504,325,362,428
NBPF14,475,160,489,945,890,985
NBPF15,516,177,777,722,822,1013
NBPF17P,0,0,0,0,0,0
NBPF19,18,0,11,19,17,11
NBPF20,79,50,92,88,76,105
NBPF21P,1,0,0,0,0,0
NBPF26,107,30,153,173,160,175
NBPF3,128,111,314,317,428,519
NBPF4,0,0,0,3,0,2
NBPF6,0,0,0,0,0,0
NBPF8,248,59,371,423,460,478
NBPF9,466,158,828,862,946,1146
NBR1,3311,1645,6613,5473,6042,7228
NBR2,930,360,1954,399,566,601
NCALD,12,35,54,94,169,162
NCAM1,0,0,0,1,3,1
NCAM2,8108,4458,13273,21722,18589,21580
NCAN,0,0,0,1,0,0
NCAPD2,294,155,727,720,1253,1307
NCAPD2P1,0,0,0,0,0,0
NCAPD3,1052,561,2201,2270,2911,3260
NCAPG,367,209,582,831,812,752
NCAPG2,416,206,831,1898,1837,1987
NCAPGP2,0,0,0,0,0,0
NCAPH,124,54,267,263,500,434
NCAPH2,32,5,284,53,368,356
NCBP1,557,262,860,810,659,729
NCBP2,3532,1745,10403,9615,13989,15294
NCBP2-AS1,0,0,1,0,3,2
NCBP2AS2,61,42,297,108,257,248
NCBP2L,0,0,0,2,1,4
NCBP3,552,243,1190,1529,1370,1699
NCCRP1,0,0,2,0,3,4
NCDN,101,41,423,125,528,496
NCEH1,375,165,661,970,1088,1186
NCF1,0,0,1,0,0,0
NCF1C,0,0,0,0,0,0
NCF2,9,1,16,114,246,224
NCF4,0,0,0,0,0,0
NCF4-AS1,0,0,1,0,0,0
NCK1,685,384,1327,1056,882,978
NCK2,90,71,228,245,390,416
NCKAP1,3146,1446,4766,5820,4843,5614
NCKAP1L,0,0,0,3,3,1
NCKAP1P1,0,0,0,0,0,0
NCKAP5,221,67,288,50,72,77
NCKAP5-AS1,0,0,0,0,0,0
NCKAP5-AS2,1,0,3,0,2,0
NCKAP5L,133,53,1035,328,1252,1702
NCKIPSD,51,7,254,13,174,217
NCL,7936,4291,19149,14449,20154,19383
NCLN,26,8,271,32,465,485
NCMAP,85,38,199,164,185,244
NCOA1,1069,516,1547,1399,1376,1654
NCOA2,1084,523,1570,1621,1565,2113
NCOA3,2859,1372,4016,3545,2702,3901
NCOA4,3203,1802,5948,6983,7225,8675
NCOA5,416,211,1104,466,969,936
NCOA5LP,0,0,0,0,0,0
NCOA6,1938,932,2965,1179,1632,2062
NCOA7,357,201,542,315,253,330
NCOA7-AS1,0,0,0,0,0,0
NCOR1,2175,1110,3444,2437,2418,3032
NCOR2,175,52,1138,414,1767,2143
NCR1,0,0,0,4,4,6
NCR2,0,0,0,0,0,0
NCR3,0,0,0,0,0,0
NCR3LG1,656,294,819,387,283,367
NCRNA00250,0,0,0,1,0,0
NCS1,106,71,360,208,559,616
NCSTN,2922,1666,6442,3950,6325,6940
NCSTNP1,0,0,0,0,0,0
ND1,72449,34012,80401,125401,180472,145753
ND2,203441,90436,158299,192965,203259,150504
ND3,128920,85996,99523,72728,72455,63521
ND4,416437,189693,390667,581785,586393,480993
ND4L,169347,66264,136465,306239,230071,259790
ND5,193787,86914,176471,257333,224020,210193
ND6,5829,1668,6197,107086,63791,69000
NDC1,915,448,1510,3598,3041,3026
NDC80,222,107,391,610,668,555
NDE1,592,354,1233,1148,2046,2157
NDE1P2,0,0,0,0,0,0
NDEL1,398,289,750,751,740,878
NDFIP1,2177,1117,3985,5024,4571,5073
NDFIP2,384,180,773,1091,958,1118
NDFIP2-AS1,0,0,0,0,0,0
NDN,50,8,131,40,100,91
NDNF,12,0,27,63,72,94
NDOR1,43,27,272,48,295,301
NDP,1,0,6,671,768,912
NDP-AS1,0,0,0,0,0,1
NDRG1,533,321,1777,170,417,367
NDRG2,100,93,289,253,502,505
NDRG3,1988,1203,3618,2410,3173,3184
NDRG4,0,0,5,1,3,4
NDST1,1233,538,4180,3490,8715,10092
NDST1-AS1,2,0,4,1,4,4
NDST2,18,1,23,58,75,77
NDST3,3,0,12,1,7,5
NDST4,16,8,28,453,313,402
NDUFA1,859,612,2556,1978,3204,3216
NDUFA10,1125,638,2124,1319,2094,1988
NDUFA11,4,0,59,11,66,68
NDUFA12,538,326,1286,586,1178,1054
NDUFA12P1,0,0,0,0,0,0
NDUFA13,14,3,142,20,172,196
NDUFA2,65,64,639,68,443,465
NDUFA3,51,12,620,69,578,582
NDUFA3P2,0,0,0,0,0,0
NDUFA3P4,0,0,0,0,1,0
NDUFA3P6,0,0,0,0,1,0
NDUFA4,1908,1507,4398,1290,2671,2445
NDUFA4L2,57,8,122,5,24,31
NDUFA5,1916,1382,3891,3160,2949,3168
NDUFA5P3,0,0,0,0,0,0
NDUFA5P7,0,0,0,0,0,0
NDUFA6,286,189,1255,379,1103,1125
NDUFA6-DT,21,1,35,45,77,85
NDUFA7,10,1,31,35,99,72
NDUFA8,541,321,1689,403,897,833
NDUFA8P1,0,0,0,0,0,0
NDUFA9,36,19,51,67,59,61
NDUFA9P1,0,0,0,0,1,0
NDUFAB1,224,116,404,216,338,332
NDUFAB1P1,2,0,1,0,0,0
NDUFAF1,222,171,418,301,358,353
NDUFAF2,266,166,969,389,797,693
NDUFAF2P1,4,0,0,3,0,3
NDUFAF3,30,38,120,10,56,48
NDUFAF4,91,47,250,271,288,265
NDUFAF5,108,61,240,224,245,260
NDUFAF6,336,223,637,288,326,330
NDUFAF7,196,84,379,435,473,528
NDUFAF8,30,42,94,51,154,151
NDUFB1,721,467,1377,829,1200,1218
NDUFB10,164,77,942,249,676,610
NDUFB10P2,0,0,0,0,0,0
NDUFB11,113,86,482,72,319,327
NDUFB11P1,0,0,0,0,0,0
NDUFB1P2,0,0,0,1,1,3
NDUFB2,102,68,412,200,346,390
NDUFB2-AS1,2,0,23,2,16,10
NDUFB2P1,0,0,0,0,0,0
NDUFB3,503,420,873,1278,1392,1391
NDUFB4,370,216,2433,371,2355,2375
NDUFB4P1,0,0,0,0,0,0
NDUFB4P10,0,0,2,0,0,0
NDUFB4P12,0,0,0,0,0,0
NDUFB4P2,0,0,0,0,0,0
NDUFB4P3,0,0,0,0,0,0
NDUFB4P5,0,0,0,0,0,0
NDUFB4P6,0,0,0,0,0,0
NDUFB4P7,0,0,0,0,0,0
NDUFB4P8,0,0,0,0,0,0
NDUFB4P9,0,0,0,0,0,0
NDUFB5,688,615,1374,1205,1311,1124
NDUFB5P1,0,0,0,0,0,0
NDUFB5P2,0,0,0,0,0,0
NDUFB6,69,41,439,58,184,195
NDUFB7,9,4,170,3,74,76
NDUFB8,85,120,53,97,89,97
NDUFB8P1,0,0,0,0,0,0
NDUFB8P2,0,0,0,0,0,0
NDUFB9,823,449,3447,778,2362,2415
NDUFB9P1,0,0,0,0,0,0
NDUFB9P3,0,0,0,0,0,0
NDUFC1,145,110,634,212,461,434
NDUFC2,311,291,261,267,306,274
NDUFC2-KCTD14,0,0,0,0,0,0
NDUFS1,2919,1593,5098,3914,3843,4230
NDUFS2,1741,946,4065,1964,3474,3576
NDUFS3,249,134,685,375,652,585
NDUFS4,661,525,2275,442,1147,1141
NDUFS5,1167,853,3139,2411,3397,3220
NDUFS5P1,0,0,0,0,0,0
NDUFS5P2,0,0,0,0,0,0
NDUFS5P6,0,0,0,0,0,0
NDUFS6,73,40,551,106,437,398
NDUFS6P1,0,0,0,0,0,0
NDUFS7,16,20,118,45,85,102
NDUFS8,66,50,378,90,354,334
NDUFV1,315,105,2513,388,1727,1737
NDUFV1-DT,2,0,7,1,0,0
NDUFV2,18,0,15,51,42,43
NDUFV2-AS1,3,10,1,3,4,5
NDUFV3,1082,535,2588,2086,3137,3047
NEAT1,45683,13039,69410,56367,51101,65014
NEB,85,20,37,65,38,50
NEBL,2896,1571,4548,1969,1601,1948
NEBL-AS1,8,0,12,0,2,1
NECAB1,1,0,1,7,2,3
NECAB2,4,0,7,5,8,10
NECAB3,228,138,1334,168,653,709
NECAP1,193,141,467,517,521,594
NECAP1P2,0,0,0,0,0,0
NECAP2,151,88,778,222,671,759
NECTIN1,476,314,1316,1017,3936,4540
NECTIN1-AS1,0,0,0,0,0,0
NECTIN1-DT,9,7,26,18,40,41
NECTIN2,333,139,1338,593,2510,2619
NECTIN2P1,0,0,0,0,0,0
NECTIN3,45,40,87,60,52,52
NECTIN4,538,283,1591,931,2293,2633
NEDD1,513,290,1031,1389,1145,1352
NEDD4,692,373,1147,1636,1321,1725
NEDD4L,1191,720,2683,1181,1462,1672
NEDD8,30,41,85,121,147,158
NEDD8-MDP1,0,0,0,0,1,0
NEDD9,47,23,170,85,166,202
NEFH,0,0,0,0,1,0
NEFHP1,0,0,0,0,0,0
NEFHP2,0,0,0,0,0,0
NEFL,0,0,0,0,0,0
NEFM,0,0,0,0,0,0
NEFMP1,0,0,0,0,0,0
NEGR1,0,0,4,0,0,2
NEGR1-IT1,0,0,0,0,0,0
NEIL1,192,96,401,134,324,345
NEIL2,159,49,512,316,476,520
NEIL3,60,52,76,121,135,97
NEK1,355,187,672,700,571,604
NEK10,13,0,11,71,48,61
NEK11,186,134,409,127,127,214
NEK2,569,340,1358,839,884,854
NEK2-DT,8,1,15,6,7,9
NEK3,49,20,76,111,136,189
NEK4,461,229,797,637,636,693
NEK4P1,0,0,0,0,0,0
NEK4P2,0,0,0,0,0,0
NEK5,101,46,148,216,147,219
NEK6,421,162,935,619,1532,1917
NEK7,1367,647,2620,2867,2374,2565
NEK8,53,44,195,109,533,632
NEK9,1393,717,2397,1327,1463,1608
NELFA,44,14,248,48,155,188
NELFB,102,42,712,83,444,542
NELFCD,758,507,1923,1987,3154,3283
NELFE,375,320,1393,312,1221,1032
NELL1,0,0,0,0,2,1
NELL2,2,0,1,9,11,9
NEMF,1152,549,1963,2171,1876,2280
NEMP1,1260,389,1722,2662,2245,2689
NEMP2,12,5,32,75,91,104
NEMP2-DT,0,0,1,3,5,2
NENF,82,17,179,61,207,188
NENFP1,0,0,0,0,0,0
NENFP3,0,0,0,0,0,0
NEO1,503,284,921,1347,1605,1845
NEPRO,525,232,1034,768,648,739
NEPRO-AS1,2,0,7,1,4,4
NES,1,0,6,5,9,8
NET1,941,529,2046,1169,1377,1396
NETO1,0,0,0,0,0,0
NETO1-DT,0,0,0,0,0,0
NETO2,26,23,63,65,67,63
NEU1,615,412,2653,728,2408,2610
NEU2,0,0,0,0,0,0
NEU3,811,322,1478,825,917,1000
NEU4,0,0,1,0,1,1
NEURL1,5,0,3,1,3,5
NEURL1-AS1,0,0,0,0,0,0
NEURL1B,785,340,1368,558,861,893
NEURL2,7,16,66,2,7,11
NEURL3,0,0,0,0,3,7
NEURL4,55,27,412,128,526,604
NEUROD1,0,0,0,0,0,0
NEUROD2,0,0,0,0,0,0
NEUROD4,0,0,0,0,0,0
NEUROD6,0,0,0,0,0,0
NEUROG1,0,0,0,0,0,0
NEUROG2,0,0,0,0,0,0
NEUROG3,0,0,0,0,0,0
NEXMIF,24,6,69,262,170,275
NEXN,2,0,0,2,0,2
NEXN-AS1,0,0,0,0,0,0
NF1,1794,815,1960,6794,4331,6252
NF1P1,0,0,0,0,0,0
NF1P12,0,0,1,0,0,0
NF1P8,0,0,0,0,0,0
NF2,214,104,879,737,1964,2281
NFAM1,0,0,1,3,26,20
NFASC,0,0,2,0,5,12
NFAT5,933,306,829,3681,2070,3162
NFATC1,71,33,189,63,124,166
NFATC2,103,50,190,434,509,556
NFATC2IP,581,284,1097,1234,2074,2118
NFATC2IP-AS1,0,0,0,1,0,0
NFATC3,475,258,744,649,635,719
NFATC4,107,37,470,54,206,237
NFE2,2,0,0,1,10,12
NFE2L1,4769,2487,18939,10227,25025,30290
NFE2L1-DT,6,0,44,14,35,26
NFE2L2,927,577,1503,1430,1271,1377
NFE2L3,18,1,34,61,44,25
NFE4,0,0,0,0,0,0
NFIA,2710,1463,3877,4584,4476,5085
NFIA-AS1,0,0,0,0,0,0
NFIA-AS2,0,0,0,0,0,0
NFIB,1657,775,2073,6405,4920,6552
NFIB-AS1,3,0,13,21,31,31
NFIC,1773,942,4588,1681,4059,4567
NFIL3,186,119,436,152,136,133
NFILZ,0,0,0,0,0,0
NFIX,667,335,1817,361,743,874
NFKB1,197,132,560,416,609,596
NFKB2,222,133,1168,460,1391,1422
NFKBIA,158,85,495,271,579,688
NFKBIB,65,13,260,88,356,326
NFKBID,15,8,38,21,72,59
NFKBIE,10,0,46,22,59,43
NFKBIL1,43,29,501,65,287,299
NFKBIZ,116,49,178,63,80,118
NFRKB,1159,518,2764,1451,2350,2590
NFS1,377,193,856,708,983,1027
NFU1,79,64,157,181,206,211
NFX1,1337,572,2367,853,972,1010
NFXL1,206,126,364,336,287,341
NFYA,547,283,1115,1926,1858,2215
NFYB,605,394,1565,2163,1833,1986
NFYC,267,101,618,215,349,409
NGB,0,0,0,0,1,0
NGDN,187,105,404,259,299,321
NGEF,170,83,562,224,612,625
NGF,0,0,0,3,3,0
NGF-AS1,0,0,0,0,0,0
NGFR,0,0,2,3,20,21
NGFR-AS1,0,0,0,0,0,0
NGLY1,540,318,1021,762,662,737
NGRN,163,108,540,223,456,474
NGRNP4,0,0,0,0,0,0
NHEG1,0,0,0,0,0,0
NHEJ1,167,87,281,179,217,223
NHERF1,1545,993,8238,1352,7202,7160
NHERF2,71,21,541,83,338,298
NHERF4,0,0,0,0,0,0
NHIP,0,0,2,5,6,11
NHLH1,1,0,0,0,0,2
NHLH2,0,0,0,1,0,0
NHLRC1,40,31,94,24,26,24
NHLRC2,655,302,916,1013,710,979
NHLRC3,716,251,1174,1978,1596,2070
NHLRC4,6,0,18,3,21,40
NHP2,94,56,892,112,414,374
NHS,0,0,0,0,4,8
NHS-AS1,0,0,0,0,0,0
NHSL1,67,8,109,246,365,435
NHSL2,1,0,10,861,799,981
NHSL3,739,319,3067,1340,5789,6493
NIBAN1,7153,3527,13775,2088,2368,2681
NIBAN2,256,134,2531,290,2248,2547
NIBAN3,0,0,0,0,2,8
NICN1,0,0,2,0,0,0
NICOL1,0,0,1,0,0,2
NID1,0,0,0,0,2,0
NID2,0,0,0,2,1,0
NIF3L1,659,406,1055,955,920,971
NIFK,485,241,966,545,597,541
NIFK-AS1,46,38,101,66,89,98
NIFKP1,0,0,0,0,0,0
NIFKP2,0,0,0,0,0,0
NIFKP3,0,0,0,0,0,0
NIFKP7,0,0,0,0,0,0
NIFKP8,0,0,0,0,0,0
NIFKP9,0,0,0,0,0,0
NIM1K,0,0,1,5,2,0
NIN,667,243,1103,1378,1336,1619
NINJ1,54,26,531,21,341,364
NINJ2,0,0,0,0,0,1
NINJ2-AS1,122,84,284,39,48,47
NINL,62,46,257,110,225,280
NIP7,369,284,903,851,1042,1109
NIPA1,787,387,1321,1289,1320,1690
NIPA2,635,390,1488,1213,1622,1568
NIPA2P1,0,0,0,0,0,0
NIPAL1,74,16,107,343,344,388
NIPAL2,720,301,919,835,822,907
NIPAL3,1517,976,3006,2729,3395,4140
NIPAL4,0,0,4,39,43,41
NIPBL,2424,1127,3324,3754,2601,3197
NIPBL-DT,145,53,305,410,343,405
NIPSNAP1,616,352,2077,1283,3940,4096
NIPSNAP2,1639,986,2667,2194,2373,2424
NIPSNAP3A,395,213,1336,772,964,936
NIPSNAP3B,32,3,59,308,233,284
NISCH,229,129,988,216,637,776
NIT1,354,209,1200,409,909,893
NIT2,416,208,861,591,743,747
NKAIN1,599,362,965,79,144,109
NKAIN2,0,0,0,0,0,0
NKAIN3,0,0,0,0,0,2
NKAIN4,0,0,0,1,1,1
NKAP,166,82,380,595,522,621
NKAPD1,2104,1430,4258,2250,1909,2264
NKAPL,0,0,0,0,0,0
NKD1,0,11,1,7,12,20
NKD2,0,0,0,2,30,29
NKG7,0,0,0,0,0,0
NKILA,3,5,18,39,94,94
NKIRAS1,231,118,453,283,262,289
NKIRAS2,255,111,1025,251,1045,987
NKPD1,26,10,83,21,96,89
NKRF,142,58,243,388,399,369
NKTR,3613,1250,3577,6075,3357,5036
NKX1-1,0,0,0,0,0,0
NKX1-2,3,0,3,21,21,29
NKX2-1,0,0,0,0,0,0
NKX2-1-AS1,0,0,0,0,0,0
NKX2-2,33,22,94,63,98,128
NKX2-3,1,0,0,0,0,0
NKX2-4,0,0,0,0,0,0
NKX2-5,0,0,0,0,0,0
NKX2-6,0,0,0,0,0,0
NKX2-8,0,0,0,0,3,1
NKX3-1,23,27,67,150,195,268
NKX3-2,2,1,14,2,14,14
NKX6-1,2,0,3,0,0,0
NKX6-2,0,0,0,0,0,0
NKX6-3,0,0,1,0,0,0
NLE1,109,49,375,94,284,257
NLGN1,6,0,10,17,12,21
NLGN1-AS1,0,0,0,0,0,0
NLGN2,264,104,752,696,2154,2295
NLGN3,1,0,3,9,31,26
NLGN4X,735,306,1195,1248,1421,1795
NLGN4Y,0,0,0,0,0,0
NLGN4Y-AS1,0,0,0,0,0,0
NLK,813,448,1289,1186,1144,1206
NLN,1039,649,1958,1606,1573,1755
NLRC3,2,0,3,1,0,1
NLRC4,0,0,0,0,0,0
NLRC5,15,0,49,11,50,44
NLRP1,0,0,1,117,319,376
NLRP10,0,0,0,0,0,0
NLRP11,0,0,0,2,2,1
NLRP12,0,0,0,0,0,0
NLRP13,0,0,0,0,0,0
NLRP14,0,0,0,0,0,0
NLRP2,393,195,1234,7127,14612,15514
NLRP2B,0,0,0,0,0,0
NLRP3,0,4,1,2,1,1
NLRP4,0,0,0,0,1,1
NLRP5,0,0,0,0,0,1
NLRP6,0,0,0,0,0,0
NLRP7,0,0,0,5,8,6
NLRP8,0,0,0,0,0,0
NLRP9,0,0,0,0,0,0
NLRX1,43,23,239,22,107,179
NMB,1,0,3,0,1,2
NMBR,0,0,3,2,0,6
NMD3,1930,1160,4061,2482,2295,2510
NME1,140,93,279,252,351,348
NME1-NME2,0,0,6,0,2,3
NME1P1,0,0,0,0,0,0
NME2,15,6,28,14,37,44
NME2P2,0,0,0,0,0,0
NME3,2,0,100,2,33,50
NME4,136,53,513,278,1001,1103
NME5,22,21,26,65,65,67
NME6,531,323,1436,349,582,698
NME7,623,401,920,1069,897,906
NME8,0,0,0,0,0,0
NME9,0,2,8,7,15,13
NMI,53,44,219,82,100,89
NMNAT1,227,123,555,343,445,412
NMNAT2,48,17,95,27,41,49
NMNAT3,123,40,313,150,200,221
NMRAL1,156,61,1146,142,720,736
NMRK1,423,187,877,492,493,521
NMRK2,0,0,0,0,0,0
NMS,0,0,0,0,0,0
NMT1,1124,509,4034,1790,5010,5498
NMT2,132,53,304,512,736,666
NMTRQ-TTG12-1,0,0,0,0,0,0
NMTRS-TGA3-1,0,0,0,0,0,0
NMU,18,6,31,20,26,14
NMUR1,0,0,0,0,0,0
NMUR2,1,0,1,0,0,1
NNAT,0,0,0,0,0,0
NNMT,0,0,0,0,1,2
NNT,2519,1493,4562,4496,4477,5545
NOA1,300,113,642,267,422,380
NOB1,170,80,962,317,810,901
NOBOX,0,0,0,0,0,0
NOC2L,271,97,1658,364,1535,1603
NOC2LP1,0,0,1,0,0,0
NOC3L,791,392,1420,2224,1682,1903
NOC4L,18,3,112,14,54,59
NOCT,73,23,174,39,87,74
NOD1,49,21,184,48,79,82
NOD2,114,54,302,58,134,158
NODAL,0,0,0,0,0,0
NOG,1,0,0,2,4,8
NOL10,462,263,940,710,842,793
NOL11,1062,469,1854,1712,1882,1961
NOL12,4,3,20,16,52,51
NOL3,654,207,1632,1253,2834,2761
NOL4,11,5,5,42,30,42
NOL4L,150,67,243,359,569,650
NOL4L-DT,0,0,0,0,0,0
NOL6,186,75,904,137,544,509
NOL7,355,187,826,459,518,472
NOL8,722,342,1078,619,526,517
NOL8P1,0,0,0,0,0,0
NOL9,193,46,394,627,867,857
NOLC1,2783,1332,7442,4977,8474,8519
NOLC1P1,0,0,0,0,0,0
NOM1,206,157,451,317,453,449
NOMO1,909,442,2424,1697,3537,3893
NOMO2,665,288,1519,1378,2362,2759
NOMO3,222,70,406,544,688,752
NONO,4430,2479,10278,7206,15945,16163
NOP10,822,630,1752,1115,1661,1660
NOP14,762,406,1898,1167,2031,1972
NOP16,85,55,461,102,262,250
NOP2,5,1,19,32,74,78
NOP53,327,167,1724,279,877,875
NOP53-AS1,0,0,0,0,0,0
NOP56,1119,557,2929,1665,2481,2188
NOP56P2,0,0,0,0,0,0
NOP58,780,390,1706,1589,1757,1467
NOP9,308,90,640,751,1198,1360
NOPCHAP1,175,97,380,472,357,423
NORAD,20498,10656,42473,45314,34608,44442
NOS1,0,0,0,1,1,2
NOS1AP,27,3,88,25,59,70
NOS2,0,0,0,0,3,0
NOS2P4,0,0,0,0,0,0
NOS3,1,1,12,0,4,6
NOSIP,81,22,731,95,760,786
NOSTRIN,13,21,31,18,9,7
NOTCH1,61,10,281,43,141,178
NOTCH2,2254,889,3361,4136,4871,6339
NOTCH2NLA,2,1,12,29,17,28
NOTCH2NLB,0,0,0,5,0,5
NOTCH2NLC,67,14,60,230,96,166
NOTCH2NLR,0,0,0,0,0,0
NOTCH2P1,0,0,0,0,0,0
NOTCH3,269,134,1303,770,3000,3807
NOTCH4,0,0,1,1,6,3
NOTO,0,0,0,0,0,0
NOTUM,0,0,0,0,1,1
NOVA1,4,0,7,64,64,86
NOVA1-DT,50,40,55,34,39,54
NOVA2,0,0,0,40,35,57
NOX1,0,0,0,0,0,0
NOX3,0,0,0,0,0,0
NOX4,0,0,1,0,0,0
NOX4P1,0,0,0,0,0,0
NOX5,7,1,10,10,15,14
NOXA1,9,3,124,6,69,108
NOXO1,1,0,12,0,3,9
NOXRED1,19,4,29,45,43,38
NPAP1,0,0,0,0,0,2
NPAP1P4,0,0,0,0,0,0
NPAP1P6,0,0,0,0,0,0
NPAS1,3,0,43,39,121,114
NPAS2,5,0,21,98,93,126
NPAS3,0,0,0,1,5,3
NPAS4,0,0,0,0,0,0
NPAT,600,292,756,955,702,842
NPB,4,0,16,3,7,6
NPBWR1,0,0,0,0,0,0
NPBWR2,0,0,0,0,0,0
NPC1,423,160,840,686,1017,1229
NPC1L1,0,0,2,0,0,0
NPC2,511,265,2126,217,835,891
NPDC1,102,51,887,52,684,717
NPEPL1,10,0,74,17,92,98
NPEPPS,3568,1909,6023,6923,6591,7042
NPEPPSP1,5,2,3,5,10,7
NPFF,0,0,0,0,5,1
NPFFR1,0,0,0,0,0,0
NPFFR2,0,0,0,0,0,0
NPHP1,130,64,253,171,206,248
NPHP3,193,54,258,252,205,270
NPHP3-ACAD11,1,0,0,0,0,0
NPHP3-AS1,0,0,0,1,0,0
NPHP4,27,28,134,47,182,227
NPHS1,1,0,5,0,1,0
NPHS2,0,0,0,0,0,0
NPIPA1,91,52,220,141,238,227
NPIPA2,1,0,0,0,1,0
NPIPA3,0,0,1,1,1,0
NPIPA5,17,5,29,14,25,18
NPIPA6,31,13,90,67,76,96
NPIPA7,1,1,0,6,14,7
NPIPA8,0,0,0,1,0,0
NPIPA9,7,2,6,4,18,3
NPIPB11,12,1,12,6,37,39
NPIPB12,19,2,18,14,27,27
NPIPB13,2,0,18,6,25,19
NPIPB14P,0,0,0,0,0,0
NPIPB15,49,13,112,36,66,71
NPIPB2,0,1,12,1,8,3
NPIPB3,42,39,49,38,55,60
NPIPB4,42,10,72,57,105,70
NPIPB5,100,47,329,119,338,329
NPIPB6,9,1,21,1,9,6
NPIPB7,2,0,4,0,0,1
NPIPB8,3,0,2,1,1,1
NPIPB9,16,6,16,6,20,15
NPIPP1,20,4,38,17,37,33
NPL,66,65,160,170,142,203
NPLOC4,661,242,1823,2173,4678,5434
NPM1,29329,18004,64900,32413,44527,42431
NPM1P17,0,0,0,0,0,0
NPM1P23,0,0,0,0,0,0
NPM1P25,0,0,0,0,0,0
NPM1P30,0,0,0,0,0,0
NPM1P36,0,0,0,1,3,3
NPM1P38,0,0,0,0,0,0
NPM1P39,2,0,1,1,4,2
NPM1P40,0,0,0,0,0,0
NPM1P48,0,0,0,0,0,0
NPM1P49,0,0,0,0,1,0
NPM1P50,0,0,0,0,0,0
NPM1P52,0,0,0,0,0,0
NPM2,1,0,8,3,10,5
NPM3,248,362,1244,72,691,667
NPNT,4007,1962,7185,5723,6086,6331
NPPA,0,0,0,0,0,0
NPPB,0,0,0,0,0,0
NPPC,2,8,16,10,7,6
NPR1,0,0,1,0,0,5
NPR2,0,0,0,0,0,0
NPR3,89,50,183,187,151,161
NPRL2,137,62,605,49,216,244
NPRL3,86,52,543,92,563,564
NPS,0,0,0,0,0,0
NPSR1,0,0,0,0,0,0
NPSR1-AS1,1,0,0,1,0,0
NPTN,1032,625,1930,2562,3097,3210
NPTN-IT1,44,4,28,94,62,76
NPTX1,0,0,1,1,3,0
NPTX2,0,0,0,0,0,1
NPTXR,83,73,331,565,2252,2337
NPVF,0,0,0,0,0,0
NPW,0,0,2,0,0,1
NPY,0,0,0,0,0,0
NPY1R,281,94,400,37,25,29
NPY2R,0,0,0,0,0,0
NPY4R,0,0,0,0,0,0
NPY4R2,0,0,0,0,2,0
NPY5R,14,0,16,0,0,0
NQO1,784,559,2148,4175,5526,5828
NQO2,63,40,215,103,225,246
NQO2-AS1,4,0,1,0,0,2
NR0B1,0,0,0,0,0,0
NR0B2,0,0,0,0,0,0
NR1D1,52,8,260,17,77,87
NR1D2,1853,1002,3217,1088,851,1078
NR1H2,136,79,595,256,552,503
NR1H3,140,72,397,76,224,240
NR1H4,0,0,0,0,0,0
NR1H5P,0,0,0,0,0,0
NR1I2,1,0,0,0,0,0
NR1I3,0,0,1,1,0,0
NR2C1,261,95,456,890,792,721
NR2C2,855,298,1146,983,922,1278
NR2C2AP,45,46,305,47,240,195
NR2E1,0,0,0,0,0,0
NR2E3,10,15,22,43,56,63
NR2F1,6,0,20,6,5,9
NR2F1-AS1,8,0,27,13,12,9
NR2F2,1691,958,2762,5057,6280,7364
NR2F2-AS1,32,2,76,104,102,153
NR2F6,23,18,198,32,167,181
NR3C1,445,276,717,215,142,177
NR3C1P1,0,0,0,0,0,0
NR3C2,107,105,180,100,62,105
NR4A1,31,7,229,23,183,161
NR4A1AS,0,0,0,0,0,0
NR4A2,42,5,50,12,12,21
NR4A3,1,0,0,4,0,2
NR5A1,0,0,0,0,0,0
NR5A2,52,22,61,7,7,9
NR6A1,126,76,149,210,259,330
NRAD1,0,0,0,0,0,1
NRAL,0,0,0,0,0,0
NRAP,9,3,12,4,7,3
NRARP,258,242,526,131,277,260
NRAS,1478,840,2448,2800,2337,2750
NRAV,2122,814,3878,1641,1855,1799
NRBF2,379,184,738,492,587,603
NRBP1,866,447,2016,1415,2488,2437
NRBP2,500,208,1524,499,1459,1542
NRCAM,24,1,40,25,23,23
NRDC,2312,1538,4427,5312,5476,6007
NRDE2,204,78,409,274,421,448
NREP,254,178,391,4106,4325,4775
NREP-AS1,0,0,0,0,0,0
NRF1,146,58,433,148,240,261
NRG1,0,0,0,0,1,0
NRG1-IT1,0,0,0,0,0,0
NRG1-IT3,0,0,0,0,0,0
NRG2,0,0,0,0,0,0
NRG3,1,0,6,0,0,0
NRG3-AS1,0,0,0,0,0,0
NRG4,6,0,19,113,88,122
NRGN,2,0,4,8,46,29
NRIP1,2189,1191,2967,1384,1029,1242
NRIP2,0,0,0,0,1,0
NRIP3,64,66,146,462,431,427
NRIP3-DT,0,0,0,1,2,1
NRK,0,0,0,13,11,16
NRL,4,4,21,3,10,7
NRM,30,18,153,87,318,249
NRN1,0,0,0,0,0,0
NRN1L,0,0,0,0,0,0
NRP1,0,0,2,25,25,33
NRP2,0,0,2,8,14,8
NRROS,0,4,0,0,0,2
NRSN1,0,0,0,0,0,0
NRSN2,320,164,737,553,1606,1532
NRSN2-AS1,657,261,1204,267,375,434
NRTN,0,0,2,0,11,3
NRXN1,1,0,7,6,1,4
NRXN1-DT,0,0,0,0,0,0
NRXN2,0,0,0,1,0,1
NRXN3,0,0,1,0,0,0
NSA2,1387,742,3661,1984,2921,2933
NSD1,2105,1061,3365,2866,2557,3429
NSD2,1114,575,2489,2241,3479,4086
NSD3,3043,1555,4648,6509,4920,6365
NSDHL,416,227,1273,478,1011,1113
NSF,965,479,1329,1555,1726,1812
NSFL1C,566,333,1787,873,2196,2258
NSG1,3,0,4,5,17,9
NSG2,0,0,0,0,0,0
NSL1,579,330,998,470,530,550
NSMAF,854,347,1389,1313,1287,1427
NSMCE1,183,110,906,240,677,600
NSMCE1-DT,3,0,6,8,12,17
NSMCE2,645,459,1340,690,730,697
NSMCE3,80,49,359,81,277,269
NSMCE4A,238,103,334,314,321,284
NSMF,112,42,311,227,589,586
NSRP1,1074,665,2380,2185,1962,2069
NSRP1P1,0,0,0,0,1,0
NSUN2,993,554,1701,1494,1728,1935
NSUN3,354,185,674,689,575,655
NSUN4,469,272,910,527,623,764
NSUN5,66,40,401,75,199,224
NSUN5P1,650,181,1085,537,838,797
NSUN6,184,70,285,419,424,394
NSUN7,164,46,266,343,418,405
NT5C,16,2,212,22,135,134
NT5C1A,0,0,0,0,4,8
NT5C1B,0,0,0,0,0,0
NT5C1B-RDH14,0,0,0,1,0,0
NT5C2,872,473,1613,1925,1913,1920
NT5C3A,350,204,782,712,672,611
NT5C3B,242,111,484,441,661,645
NT5DC1,654,293,1133,1175,1080,1109
NT5DC1P1,0,0,0,0,0,0
NT5DC1P2,0,0,0,1,0,0
NT5DC2,78,33,557,65,427,402
NT5DC3,232,139,427,182,239,239
NT5DC4,2,0,0,0,0,0
NT5E,0,0,0,0,0,0
NT5M,4,8,32,1,3,4
NTAN1,98,37,151,153,212,192
NTAN1P1,0,0,0,0,0,0
NTAN1P2,5,0,6,14,17,25
NTAN1P3,0,0,0,0,0,0
NTAQ1,146,98,304,154,221,182
NTF3,0,0,0,0,0,0
NTF4,37,15,191,179,325,414
NTHL1,11,7,214,9,136,97
NTM,0,0,0,1,0,1
NTMT1,44,9,446,42,289,288
NTMT2,0,0,0,0,0,0
NTN1,114,42,624,89,389,488
NTN3,0,0,0,0,0,0
NTN4,24,3,25,5300,6465,7356
NTN5,3,0,1,11,11,13
NTNG1,1,0,7,2,11,7
NTNG2,0,0,0,0,1,2
NTPCR,531,293,1621,622,1231,1360
NTRAS,0,0,0,0,0,0
NTRK1,0,1,0,0,0,0
NTRK2,8,0,17,3,0,7
NTRK3,0,0,0,0,0,0
NTRK3-AS1,0,0,0,0,0,0
NTS,3,7,10,4,1,7
NTSR1,0,0,0,0,0,0
NTSR2,1,0,0,0,0,0
NUAK1,50,16,86,380,414,517
NUAK2,24,19,115,39,83,72
NUB1,794,452,1919,1460,1473,1575
NUBP1,103,34,587,88,258,256
NUBP2,48,31,375,68,379,398
NUBPL,357,242,811,498,525,507
NUCB1,523,280,4245,551,2636,2576
NUCB1-AS1,0,0,0,3,1,0
NUCB2,5178,2594,10679,3230,3326,3472
NUCKS1,24410,12882,39970,58420,44116,58794
NUCKS1P1,0,0,0,0,0,0
NUDC,283,180,1258,361,1276,1125
NUDCD1,505,237,1244,852,1046,1094
NUDCD2,211,118,729,420,653,658
NUDCD3,1037,469,3271,904,2844,2991
NUDT1,22,25,375,18,158,149
NUDT10,0,0,0,0,0,0
NUDT11,0,0,0,0,0,0
NUDT12,872,467,1540,2350,1725,2046
NUDT13,70,41,118,108,100,95
NUDT14,34,8,353,9,130,146
NUDT15,241,167,568,413,480,454
NUDT16,1375,651,2362,2225,2362,2513
NUDT16-DT,35,0,44,36,46,66
NUDT16L1,16,37,148,16,109,117
NUDT17,65,47,138,23,60,74
NUDT18,5,2,81,6,32,42
NUDT19,177,104,389,347,530,594
NUDT19P4,0,0,0,0,0,0
NUDT19P5,0,0,0,1,0,1
NUDT19P6,0,0,0,0,0,0
NUDT2,143,164,305,122,172,174
NUDT21,553,290,1542,1544,1526,1676
NUDT22,44,25,276,87,221,214
NUDT3,1109,585,1589,2703,2788,2925
NUDT4,2037,1072,4274,4583,4753,5486
NUDT4B,9,10,18,17,16,18
NUDT5,954,629,1951,3156,3764,3995
NUDT6,82,15,131,77,95,114
NUDT7,55,29,87,278,333,443
NUDT8,2,0,4,2,4,10
NUDT9,403,290,1052,726,957,943
NUF2,212,166,547,424,481,444
NUFIP1,157,110,344,337,320,314
NUFIP2,3402,1543,4726,11680,7544,10904
NUGGC,0,0,1,0,0,0
NUMA1,2998,1144,13942,2367,8984,10556
NUMB,1374,793,2617,1364,1901,2098
NUMBL,135,98,446,91,306,322
NUP107,1061,422,1522,2827,2310,2570
NUP133,1154,581,2247,1906,1777,2028
NUP153,1496,738,2052,2837,2147,2569
NUP153-AS1,0,0,2,2,3,4
NUP155,1386,689,1914,2453,2343,2306
NUP160,1083,610,2026,1849,1632,1899
NUP188,993,440,1652,643,918,995
NUP205,884,394,1246,6014,4478,5879
NUP210,798,299,2768,990,3188,3719
NUP210L,1,0,0,4,0,1
NUP214,1521,686,2592,983,1726,1931
NUP35,206,70,317,319,291,290
NUP37,439,204,936,820,860,865
NUP42,234,112,641,460,428,528
NUP43,1234,697,1846,2591,2777,2970
NUP50,604,375,1011,2574,2290,2638
NUP50-DT,45,26,85,65,71,73
NUP50P4,0,0,0,0,0,1
NUP54,366,165,753,504,582,565
NUP58,751,538,1664,1781,1766,1925
NUP62,197,133,801,367,954,933
NUP62CL,0,0,0,1,0,1
NUP85,329,160,1048,714,1323,1423
NUP88,387,244,738,675,694,667
NUP93,213,122,665,436,1006,967
NUP93-DT,1,0,0,3,5,6
NUP98,1608,803,2585,2647,2855,3121
NUPR1,230,68,2128,143,807,806
NUPR2,0,0,0,0,0,0
NUS1,1720,1044,3235,2384,1928,2202
NUSAP1,0,0,5,5,2,5
NUTF2,443,528,1126,1060,2386,2211
NUTF2P4,0,0,0,0,0,0
NUTF2P5,0,0,0,0,0,0
NUTF2P6,0,0,0,0,0,0
NUTM1,0,0,0,0,0,0
NUTM2A,0,0,2,0,0,2
NUTM2A-AS1,395,133,812,1400,1232,1482
NUTM2B,0,0,0,0,2,1
NUTM2B-AS1,303,102,420,647,562,712
NUTM2D,26,0,51,27,61,62
NUTM2E,0,0,2,8,6,10
NUTM2F,0,0,2,0,0,0
NUTM2G,0,0,0,0,0,0
NVL,646,343,1384,1452,1518,1623
NWD1,1,0,1,12,31,49
NWD2,0,0,2,36,25,26
NXF1,869,395,1992,819,1849,1985
NXF2,0,0,0,0,0,0
NXF2B,0,0,0,0,0,0
NXF3,0,0,0,0,0,0
NXN,34,47,190,120,636,664
NXNL1,0,0,0,1,0,4
NXNL2,29,13,52,2,11,12
NXPE1,0,0,0,0,0,0
NXPE2,0,0,3,0,0,0
NXPE2P1,0,0,0,0,0,0
NXPE3,270,200,481,2681,2455,2900
NXPE4,0,0,0,0,0,0
NXPH1,0,0,1,4,2,0
NXPH2,0,0,0,0,0,0
NXPH3,96,53,660,5,19,27
NXPH4,58,39,466,19,169,165
NXT1,79,78,186,46,115,88
NXT2,148,26,265,390,400,421
NYAP1,0,0,1,2,2,12
NYAP2,0,0,0,0,0,0
NYNRIN,1,0,12,59,202,244
NYX,0,0,0,0,1,0
OAF,18,2,53,3,4,8
OARD1,487,207,1111,984,986,940
OAS1,2,4,12,144,193,126
OAS2,7,10,20,714,967,693
OAS3,75,37,188,1006,1958,1648
OASL,6,0,8,11,22,28
OASL2P,0,0,0,1,0,0
OAT,1255,750,2671,5433,4768,5712
OAZ1,175,189,1200,240,1439,1480
OAZ2,758,467,2088,1896,3188,3306
OAZ3,23,1,50,42,94,87
OBI1,268,133,407,573,515,545
OBI1-AS1,0,0,0,0,0,0
OBP2A,0,0,0,0,0,0
OBP2B,0,0,0,0,0,0
OBSCN,148,25,695,558,2664,3904
OBSCN-AS1,58,14,115,100,149,165
OBSL1,32,12,200,92,457,560
OC90,0,0,0,0,0,0
OCA2,0,0,0,0,0,0
OCEL1,52,30,252,30,194,190
OCIAD1,1450,956,3913,2706,3712,3923
OCIAD1-AS1,0,0,0,0,0,0
OCIAD2,76,65,340,231,404,392
OCLN,598,322,1075,704,711,865
OCM,1,0,0,2,0,0
OCM2,0,0,0,0,0,0
OCRL,1377,630,2255,3014,2363,3063
OCSTAMP,0,0,0,0,0,0
ODAD1,36,29,167,48,136,142
ODAD2,16,7,51,54,56,62
ODAD3,23,6,109,40,151,118
ODAD4,31,31,92,19,50,59
ODAM,4,0,1,63,39,41
ODAPH,0,0,2,4,3,7
ODC1,504,304,929,985,1268,1003
ODF1,0,0,0,0,0,0
ODF2,1211,538,3550,667,1697,1719
ODF2-AS1,0,0,0,0,0,0
ODF2L,275,141,462,577,404,492
ODF4,0,0,0,0,0,1
ODR4,1163,520,2346,2084,2181,2447
OFD1,1114,562,2028,1949,1807,1903
OFD1P11Y,0,0,0,0,0,0
OFD1P13Y,0,0,0,0,0,0
OFD1P17,0,0,0,0,0,0
OFD1P1Y,0,0,0,0,0,0
OFD1P2Y,0,0,0,0,0,0
OFD1P4Y,0,0,0,0,0,0
OFD1P5Y,0,0,0,0,0,0
OFD1P6Y,0,0,0,0,0,0
OFD1P7Y,0,0,0,0,0,0
OFD1P8Y,0,0,0,0,0,0
OFD1P9Y,0,0,0,0,0,0
OGA,5083,2174,7945,7776,6492,6538
OGDH,1050,623,3713,939,2501,2718
OGDHL,32,5,156,35,140,178
OGFOD1,523,278,1124,1304,1555,1458
OGFOD2,15,4,116,19,65,94
OGFOD3,100,75,597,164,642,682
OGFR,59,52,331,155,574,551
OGFRL1,944,434,1505,3130,2255,2833
OGG1,240,82,583,156,418,443
OGN,0,0,0,0,0,0
OGT,3413,1003,3718,3990,3538,4650
OIP5,58,35,180,59,119,98
OIP5-AS1,5809,2394,8773,7734,6326,6773
OIT3,0,0,0,0,0,1
OLA1,1140,798,2559,3619,3757,3754
OLA1P2,0,0,0,0,0,0
OLAH,1,0,8,28,33,31
OLFM1,698,379,2435,90,220,229
OLFM2,0,1,4,48,112,117
OLFM3,0,0,0,0,0,0
OLFM4,0,0,0,2,0,0
OLFML1,0,0,0,0,0,0
OLFML2A,6,10,19,40,163,145
OLFML2B,3,0,1,2,5,1
OLFML3,1501,683,7053,5478,19192,22083
OLIG1,0,0,0,0,4,2
OLIG2,0,0,0,0,0,0
OLIG3,0,0,0,0,0,0
OLMALINC,610,293,1068,1934,2748,3243
OLR1,169,66,282,767,645,706
OMA1,479,373,909,786,699,626
OMD,0,0,0,0,0,0
OMG,0,0,0,0,0,0
OMP,0,0,1,0,0,2
ONECUT1,0,0,4,8,8,6
ONECUT2,51,24,65,186,146,203
ONECUT3,0,0,0,0,0,0
OOEP,0,0,0,0,0,0
OOEP-AS1,0,0,0,0,0,0
OOEPP2,0,0,0,0,0,0
OOSP1,0,0,0,0,0,0
OOSP1P1,0,0,0,0,0,0
OOSP2,0,0,0,0,0,0
OOSP3,0,0,0,0,0,0
OOSP4A,0,0,0,0,0,0
OOSP4B,0,0,0,0,0,0
OPA1,5157,2451,7814,9849,7269,8924
OPA1-AS1,0,0,0,0,1,1
OPA3,420,176,893,212,628,665
OPALIN,0,0,0,0,0,1
OPCML,0,0,0,0,0,0
OPCML-IT1,0,0,0,0,0,0
OPHN1,432,241,902,1475,1299,1772
OPLAH,27,3,380,18,313,464
OPN1LW,0,0,0,0,0,0
OPN1MW,0,0,0,0,0,0
OPN1MW2,0,0,0,0,0,0
OPN1MW3,0,0,0,0,0,0
OPN1SW,0,0,0,1,1,0
OPN3,123,37,138,26,23,29
OPN4,0,0,0,0,0,0
OPN5,0,0,0,0,0,0
OPRD1,0,3,4,17,72,63
OPRK1,1,12,7,2,4,1
OPRL1,0,1,8,1,8,25
OPRM1,0,0,0,0,0,0
OPRPN,0,0,0,0,0,0
OPTC,0,0,0,0,0,0
OPTN,522,190,1326,2289,3330,3592
OR10A2,0,0,0,0,0,0
OR10A3,0,0,0,0,0,0
OR10A4,0,0,0,0,0,0
OR10A5,0,0,0,0,0,0
OR10A6,0,0,0,0,0,0
OR10A7,0,0,0,0,0,0
OR10AA1P,0,0,0,0,0,0
OR10AB1P,0,0,0,1,0,0
OR10AD1,0,0,0,0,0,0
OR10AE3P,0,0,0,0,0,0
OR10AF1P,0,0,0,0,0,0
OR10AG1,0,0,0,0,0,0
OR10AH1P,0,0,0,0,0,0
OR10AK1P,0,0,0,0,0,0
OR10B1P,0,0,0,0,0,0
OR10C1,0,0,0,0,0,0
OR10D1P,0,0,0,0,0,0
OR10D3,0,0,0,0,1,0
OR10D5P,0,0,0,0,0,0
OR10G1P,0,0,0,0,0,0
OR10G2,0,0,0,0,0,0
OR10G3,0,0,0,0,0,0
OR10G4,0,0,0,0,0,0
OR10G6,0,0,0,0,0,0
OR10G7,0,0,0,0,0,0
OR10G8,0,0,0,0,0,0
OR10G9,0,0,0,0,0,0
OR10H1,0,0,0,0,0,1
OR10H2,0,0,0,0,0,0
OR10H3,0,0,0,0,0,0
OR10H4,0,0,0,0,0,0
OR10H5,0,0,0,0,0,0
OR10J1,0,0,0,0,0,0
OR10J2P,0,0,0,0,0,0
OR10J4,0,0,0,0,0,0
OR10J5,0,0,0,0,0,0
OR10J6P,0,0,0,0,0,0
OR10J7P,0,0,0,0,0,0
OR10J8P,0,0,0,0,0,0
OR10J9P,0,0,0,0,0,0
OR10K1,0,0,0,0,0,0
OR10K2,0,0,0,0,0,0
OR10N1P,0,0,0,0,0,0
OR10P1,0,0,0,0,0,0
OR10Q1,0,0,0,0,0,1
OR10Q2P,0,0,0,0,0,0
OR10R1P,0,0,0,0,0,0
OR10R2,0,0,0,0,0,0
OR10R3P,0,0,0,0,0,0
OR10S1,0,2,0,0,0,0
OR10T1P,0,0,0,0,0,0
OR10T2,0,0,0,0,0,0
OR10U1P,0,0,0,0,0,0
OR10V1,0,0,0,0,0,0
OR10V2P,0,0,0,0,0,0
OR10V3P,0,0,0,0,0,0
OR10W1,0,0,0,0,0,0
OR10X1,0,0,0,0,0,0
OR10Y1P,0,0,0,0,0,0
OR10Z1,0,0,0,0,0,0
OR11A1,0,0,0,0,0,0
OR11G1P,0,0,0,0,0,0
OR11G2,0,0,0,0,0,0
OR11H1,0,0,0,0,0,0
OR11H12,0,0,0,0,0,0
OR11H13P,0,0,0,1,0,1
OR11H2,0,0,0,0,0,0
OR11H3P,0,0,0,0,0,0
OR11H4,0,0,0,2,0,1
OR11H5P,0,0,0,0,0,0
OR11H6,0,0,0,0,0,0
OR11H7,0,0,0,0,0,0
OR11J1P,0,0,0,0,0,0
OR11J2P,0,0,0,0,0,0
OR11J5P,0,0,0,0,0,0
OR11J6P,0,0,0,0,0,0
OR11J7P,0,0,0,0,0,0
OR11K1BP,0,0,0,0,0,0
OR11K1P,0,0,0,0,0,0
OR11K2P,0,0,0,0,0,0
OR11L1,0,0,0,0,0,0
OR11M1P,0,0,0,0,0,0
OR11N1P,0,0,0,1,0,0
OR11P1P,0,0,0,0,0,0
OR11Q1P,0,0,0,0,0,0
OR12D1,0,0,0,0,0,0
OR12D2,0,0,0,0,0,0
OR12D3,0,0,0,0,0,0
OR13A1,0,0,0,6,4,5
OR13C1P,0,0,0,0,0,0
OR13C2,0,0,0,0,0,0
OR13C3,0,0,0,0,0,0
OR13C4,0,0,0,0,0,0
OR13C5,0,0,0,0,0,0
OR13C6P,0,0,0,0,0,0
OR13C7,0,0,0,0,0,0
OR13C8,0,0,0,0,0,0
OR13C9,0,0,0,0,0,0
OR13D1,0,0,0,0,0,0
OR13D2P,0,0,0,0,0,0
OR13D3P,0,0,0,0,0,0
OR13E1P,0,0,0,0,0,0
OR13F1,0,0,0,0,0,0
OR13G1,0,0,0,0,0,0
OR13H1,0,0,0,0,0,0
OR13I1P,0,0,0,0,0,0
OR13J1,0,0,0,0,0,0
OR13K1P,0,0,0,0,0,0
OR13Z1P,0,0,0,0,0,0
OR13Z3P,0,0,0,0,0,0
OR14A16,0,0,0,0,0,0
OR14A2,0,0,0,0,0,0
OR14C36,0,0,0,0,0,0
OR14I1,0,0,0,0,0,0
OR14J1,0,0,0,0,0,0
OR14K1,0,0,0,0,0,0
OR14L1,0,0,0,0,0,0
OR1A1,0,0,0,0,0,0
OR1A2,0,0,0,0,0,0
OR1AA1P,0,0,0,0,0,0
OR1AB1P,0,0,0,0,0,0
OR1B1,0,0,0,0,0,0
OR1C1,0,0,0,0,0,0
OR1D2,0,0,0,0,0,0
OR1D4,0,0,0,0,0,0
OR1D5,0,0,0,0,0,0
OR1E1,0,0,0,0,0,0
OR1E2,0,0,0,0,0,0
OR1E3,0,0,0,0,0,0
OR1F1,0,0,0,0,0,1
OR1F12P,0,0,0,0,0,0
OR1F2P,0,0,0,0,0,0
OR1G1,0,0,0,0,0,0
OR1H1P,0,0,0,0,0,0
OR1I1,0,0,0,0,0,0
OR1J1,0,0,0,0,0,0
OR1J2,0,0,0,0,0,0
OR1J4,0,0,0,0,0,0
OR1K1,0,0,0,0,0,0
OR1L1,0,0,0,0,0,0
OR1L3,0,0,0,0,0,0
OR1L4,0,0,0,0,0,0
OR1L6,0,0,0,0,0,0
OR1L8,0,0,1,0,0,0
OR1M1,0,0,0,0,0,0
OR1N1,0,0,0,0,0,0
OR1N2,0,0,0,0,0,0
OR1P1,0,0,0,0,1,0
OR1Q1,0,0,0,0,0,0
OR1R1P,0,0,0,0,0,0
OR1S1,0,0,0,0,0,0
OR1S2,0,0,0,0,0,0
OR1X1P,0,0,0,0,0,0
OR1X5P,0,0,0,0,0,0
OR2A1,0,0,0,0,0,0
OR2A12,0,0,0,0,0,0
OR2A14,0,0,0,0,0,0
OR2A15P,0,0,0,0,0,0
OR2A2,0,0,0,0,0,0
OR2A20P,1,0,4,1,4,1
OR2A25,0,0,0,0,0,0
OR2A4,0,0,0,0,0,0
OR2A42,0,0,0,0,0,1
OR2A5,0,0,0,0,0,0
OR2A7,4,0,4,2,2,0
OR2AD1P,0,0,0,0,0,0
OR2AE1,0,0,0,0,0,3
OR2AF1P,0,0,0,0,0,1
OR2AG1,0,0,0,0,0,0
OR2AG2,0,0,0,0,0,0
OR2AH1P,0,0,0,0,0,0
OR2AI1P,0,0,0,0,0,0
OR2AJ1,0,0,0,0,0,0
OR2AK2,0,0,0,0,0,0
OR2AM1P,4,0,0,0,0,0
OR2AP1,0,0,0,0,0,0
OR2AQ1P,0,0,0,0,0,0
OR2AS2P,0,0,0,0,0,0
OR2AT1P,0,0,0,0,0,0
OR2AT2P,0,0,0,0,0,0
OR2AT4,0,0,1,0,0,0
OR2B11,0,0,0,0,0,0
OR2B2,0,0,0,0,0,0
OR2B3,0,0,0,0,0,0
OR2B4P,0,0,0,0,0,0
OR2B6,0,0,0,0,2,1
OR2B7P,0,0,0,0,0,0
OR2B8P,0,0,0,2,2,2
OR2BH1P,0,0,0,0,0,0
OR2C1,0,0,1,0,0,0
OR2C3,0,0,0,9,5,4
OR2D2,0,0,0,0,0,0
OR2D3,0,0,0,0,0,0
OR2F1,0,0,1,5,7,4
OR2F2,0,0,0,0,0,0
OR2G1P,0,0,0,0,0,0
OR2G2,0,0,0,0,0,0
OR2G3,0,0,0,0,0,0
OR2G6,0,0,0,0,0,0
OR2H1,0,0,0,0,0,0
OR2H2,0,0,0,0,0,0
OR2H4P,0,0,0,0,0,0
OR2I1P,0,0,0,0,0,0
OR2J1,0,0,0,0,0,0
OR2J2,0,0,0,0,0,0
OR2J3,0,0,0,0,0,0
OR2J4P,0,0,0,0,0,0
OR2K2,0,0,0,0,0,0
OR2L13,0,0,0,0,0,0
OR2L1P,0,0,0,1,0,0
OR2L2,0,0,0,0,0,0
OR2L3,0,0,0,0,0,0
OR2L5,0,0,0,0,0,0
OR2L6P,0,0,1,0,0,0
OR2L8,0,0,0,0,0,0
OR2L9P,0,0,0,0,0,0
OR2M1P,0,0,0,0,0,0
OR2M2,0,0,0,0,0,0
OR2M3,0,0,0,0,0,0
OR2M4,0,0,0,0,0,0
OR2M5,0,0,0,0,0,0
OR2M7,0,0,0,0,0,0
OR2N1P,0,0,0,0,0,0
OR2P1P,0,0,0,0,0,0
OR2Q1P,0,0,0,0,0,0
OR2R1P,0,0,0,0,0,0
OR2S1P,0,0,1,1,0,0
OR2S2,0,0,0,0,0,0
OR2T1,0,0,0,0,0,0
OR2T10,0,0,0,0,0,0
OR2T11,0,0,0,0,0,0
OR2T12,0,0,0,0,0,0
OR2T2,0,0,0,0,0,0
OR2T27,0,0,0,0,0,0
OR2T29,0,0,0,0,0,0
OR2T3,0,0,0,0,0,0
OR2T32P,0,0,0,0,0,0
OR2T33,0,0,0,0,0,0
OR2T34,0,0,0,0,0,0
OR2T35,0,0,0,0,0,0
OR2T4,0,0,0,0,0,0
OR2T6,0,0,0,0,0,0
OR2T7,0,0,0,0,0,0
OR2T8,0,0,0,0,0,0
OR2U1P,0,0,0,0,0,0
OR2U2P,0,0,0,0,0,0
OR2V1,0,0,0,0,0,0
OR2V2,0,0,0,0,0,0
OR2W1,0,0,0,0,0,0
OR2W2P,0,0,0,0,0,0
OR2W3,0,0,0,0,0,0
OR2W4P,0,0,0,0,0,0
OR2W6P,0,0,0,1,1,3
OR2Y1,0,0,0,0,0,0
OR2Z1,0,0,0,0,0,0
OR3A1,0,0,0,0,0,0
OR3A2,0,0,0,0,0,0
OR3A3,0,0,0,0,0,0
OR3A5P,0,0,0,0,0,0
OR3B1P,0,0,0,0,0,0
OR3D1P,1,0,0,0,0,0
OR4A11P,0,0,0,0,0,0
OR4A12P,0,0,0,0,0,0
OR4A13P,0,0,0,0,0,0
OR4A15,0,0,0,0,0,0
OR4A16,0,0,0,0,0,0
OR4A17P,0,0,0,0,0,0
OR4A18P,0,0,0,0,0,0
OR4A19P,0,0,0,0,0,0
OR4A1P,3,0,1,0,0,0
OR4A21P,0,0,0,0,0,0
OR4A2P,0,0,0,0,0,0
OR4A3P,0,0,0,0,0,0
OR4A40P,0,0,0,0,0,0
OR4A41P,0,0,0,0,0,0
OR4A42P,0,0,0,0,0,0
OR4A43P,0,0,0,0,0,0
OR4A44P,0,0,0,0,0,0
OR4A45P,0,0,0,0,0,0
OR4A46P,0,0,0,0,0,0
OR4A47,0,0,0,0,0,0
OR4A49P,0,0,0,0,0,0
OR4A4P,0,0,0,0,0,0
OR4A5,0,0,0,0,0,0
OR4A6P,0,0,0,0,0,0
OR4A7P,0,0,0,0,0,0
OR4A8,0,0,0,0,0,0
OR4A9P,0,0,0,0,0,0
OR4B1,0,0,0,0,0,0
OR4B2P,0,0,0,0,0,0
OR4C10P,0,0,0,0,0,0
OR4C11,0,0,0,0,0,0
OR4C12,0,0,0,0,0,0
OR4C13,0,0,0,0,0,0
OR4C14P,0,0,0,0,0,0
OR4C15,0,0,0,0,0,0
OR4C16,0,0,0,0,0,0
OR4C1P,0,0,0,0,0,0
OR4C3,0,0,0,0,0,0
OR4C45,0,0,0,0,0,0
OR4C46,0,0,0,0,0,0
OR4C48P,0,0,0,0,0,0
OR4C49P,0,0,0,0,0,0
OR4C5,0,0,0,0,0,0
OR4C50P,0,0,0,0,0,0
OR4C6,0,0,0,0,0,0
OR4C7P,0,0,0,0,0,0
OR4C9P,0,0,0,0,0,0
OR4D1,0,0,0,0,0,0
OR4D10,0,0,0,0,0,0
OR4D11,0,0,0,0,0,0
OR4D2,0,0,0,0,0,0
OR4D5,0,0,0,0,0,0
OR4D6,0,0,0,0,0,0
OR4D7P,0,0,0,0,0,0
OR4D8P,0,0,0,0,0,0
OR4D9,0,0,0,0,0,0
OR4E1,0,0,0,0,0,0
OR4E2,0,0,0,0,0,0
OR4F14P,0,0,0,0,0,0
OR4F15,0,0,0,0,0,0
OR4F16,0,0,0,0,0,0
OR4F17,0,0,0,0,0,0
OR4F1P,0,0,0,0,0,0
OR4F21,0,0,0,0,0,0
OR4F28P,0,0,0,0,0,0
OR4F29,0,0,0,0,0,0
OR4F2P,0,0,0,0,0,0
OR4F3,0,0,0,0,0,0
OR4F4,0,0,0,0,0,0
OR4F5,0,0,0,0,0,0
OR4F6,0,0,0,0,0,0
OR4F7P,0,0,0,0,0,0
OR4F8P,0,0,0,0,0,0
OR4G11P,0,0,0,0,0,0
OR4G1P,0,0,0,0,0,0
OR4G3P,0,0,0,0,0,0
OR4G4P,0,0,0,0,0,0
OR4G6P,0,0,0,0,0,0
OR4H12P,0,0,0,0,0,0
OR4H6BP,0,0,0,0,0,0
OR4K1,0,0,0,0,0,0
OR4K11P,1,0,0,0,0,0
OR4K12P,5,0,0,6,0,1
OR4K13,0,0,0,0,0,0
OR4K14,0,0,0,0,0,0
OR4K15,0,0,0,0,0,0
OR4K16P,0,0,0,0,0,0
OR4K17,0,0,0,0,0,0
OR4K2,0,0,0,0,0,0
OR4K3,0,0,0,0,0,0
OR4K5,0,0,0,0,0,0
OR4K6P,0,0,0,0,0,0
OR4K7P,0,0,0,0,0,0
OR4K8P,0,0,0,0,0,0
OR4L1,0,0,0,0,0,0
OR4M1,0,0,0,0,0,0
OR4M2,0,0,0,0,0,0
OR4M2B,0,0,0,0,0,0
OR4N1P,0,0,0,0,0,0
OR4N2,0,0,0,0,0,0
OR4N3BP,0,0,0,0,0,0
OR4N3P,0,0,0,0,0,0
OR4N4,0,0,0,0,0,0
OR4N4C,0,0,0,0,0,0
OR4N5,0,0,0,0,0,0
OR4P1P,0,0,0,0,0,0
OR4P4,0,0,0,0,0,0
OR4Q1P,0,0,0,0,0,0
OR4Q3,0,0,0,0,0,0
OR4R3P,0,0,0,0,0,0
OR4S1,0,0,0,0,0,0
OR4S2,0,0,0,0,0,0
OR4T1P,0,0,0,0,0,0
OR4U1P,0,0,0,0,0,0
OR4V1P,0,0,0,0,0,0
OR4W1P,0,0,0,0,0,0
OR4X1,0,0,0,0,0,0
OR4X2,0,0,0,0,0,0
OR4X7P,0,0,0,0,0,0
OR51A10P,0,0,0,0,0,0
OR51A2,0,0,0,0,0,0
OR51A3P,0,0,0,0,0,0
OR51A4,0,0,0,0,0,0
OR51A5P,0,0,0,0,0,0
OR51A6P,0,0,0,0,0,0
OR51A7,0,0,0,0,0,0
OR51A8P,0,0,0,0,0,0
OR51A9P,0,0,0,0,0,0
OR51B2,0,0,0,0,0,0
OR51B3P,0,0,0,0,0,1
OR51B4,0,0,0,2,0,0
OR51B5,0,0,0,0,0,0
OR51B6,0,0,0,0,0,0
OR51B8P,0,0,0,0,0,0
OR51C1P,0,0,0,0,0,0
OR51C4P,0,0,0,0,0,0
OR51D1,0,0,0,0,0,0
OR51E1,0,0,0,0,0,0
OR51E2,0,0,0,0,0,0
OR51F1,0,0,0,0,0,0
OR51F2,0,0,0,0,0,0
OR51F3P,0,0,0,0,0,0
OR51F4P,0,0,0,0,0,0
OR51F5P,0,0,0,0,0,0
OR51G1,0,0,0,0,0,0
OR51G2,0,0,0,0,0,0
OR51H2P,0,0,0,0,0,0
OR51I1,0,0,0,0,0,0
OR51I2,0,0,0,0,0,0
OR51J1,0,0,0,0,0,0
OR51K1P,0,0,0,0,0,0
OR51L1,0,0,0,0,0,0
OR51M1,0,0,0,0,0,0
OR51N1P,0,0,0,0,0,0
OR51P1P,0,0,0,0,0,0
OR51Q1,0,0,0,0,0,0
OR51R1P,0,0,0,0,0,0
OR51S1,0,0,0,0,0,0
OR51T1,0,0,0,0,0,0
OR51V1,0,0,0,0,0,0
OR52A1,0,0,0,0,0,0
OR52A4P,0,0,0,0,0,0
OR52A5,0,0,0,0,0,0
OR52B1P,0,0,0,0,0,0
OR52B2,0,0,0,0,0,0
OR52B3P,0,0,0,0,0,0
OR52B4,0,0,0,0,0,0
OR52B5P,0,0,0,0,0,0
OR52B6,0,0,0,0,0,0
OR52D1,0,0,0,0,0,0
OR52E1,0,0,0,0,0,0
OR52E2,0,0,0,0,0,0
OR52E3P,0,0,0,0,0,0
OR52E4,0,0,0,0,0,0
OR52E5,0,0,0,0,0,0
OR52E6,1,0,2,1,2,1
OR52E7P,0,0,0,0,0,0
OR52E8,0,0,0,0,0,1
OR52H1,0,0,0,0,0,0
OR52H2P,0,0,0,0,0,0
OR52I1,0,0,0,0,0,0
OR52I2,0,0,0,0,0,0
OR52J1P,0,0,0,0,0,0
OR52J2P,0,0,0,0,0,0
OR52J3,0,0,0,0,0,0
OR52K1,0,0,0,0,0,0
OR52K2,0,0,0,0,0,0
OR52K3P,0,0,0,0,0,0
OR52L1,0,0,0,0,0,0
OR52L2P,0,0,0,0,0,0
OR52M1,0,0,0,0,0,0
OR52M2P,0,0,0,0,0,0
OR52N1,2,0,0,2,3,1
OR52N2,0,0,0,0,2,0
OR52N3P,0,0,0,0,0,0
OR52N4,0,0,0,0,0,0
OR52N5,6,0,4,11,8,17
OR52P1,0,0,0,0,0,0
OR52P2P,0,0,0,0,0,0
OR52Q1P,0,0,0,0,0,0
OR52R1,0,0,0,0,0,0
OR52S1P,0,0,0,0,0,0
OR52T1P,0,0,0,0,0,0
OR52U1P,0,0,0,0,0,0
OR52V1P,0,0,0,0,0,4
OR52W1,0,0,0,0,0,0
OR52Z1P,0,0,0,0,0,0
OR55B1P,0,0,0,0,0,0
OR56A1,0,0,0,0,0,0
OR56A3,0,0,0,2,4,0
OR56A4,0,0,0,0,0,0
OR56A5,0,0,0,0,0,0
OR56A7P,0,0,0,0,0,0
OR56B1,0,0,0,0,0,0
OR56B2P,0,0,0,0,0,0
OR56B3P,0,0,0,0,0,0
OR56B4,0,0,0,0,0,0
OR5A1,0,0,0,0,0,0
OR5A2,0,0,0,0,0,0
OR5AC1,0,0,0,0,0,0
OR5AC2,0,0,0,0,0,0
OR5AC4P,0,0,0,0,0,0
OR5AK1P,0,0,0,0,0,0
OR5AK2,0,0,0,0,0,0
OR5AK3P,0,0,0,0,0,0
OR5AK4P,0,0,0,0,0,0
OR5AL1,0,0,0,0,0,0
OR5AL2P,0,0,0,0,0,0
OR5AM1P,0,0,0,0,0,0
OR5AN1,0,0,0,0,0,0
OR5AN2P,0,0,0,0,0,0
OR5AO1P,0,0,0,0,0,0
OR5AP1P,0,0,0,0,0,0
OR5AP2,0,0,0,0,0,0
OR5AQ1P,0,0,0,0,0,0
OR5AR1,0,0,0,0,0,0
OR5AS1,0,0,0,0,0,0
OR5AU1,0,0,0,0,0,0
OR5AW1P,0,0,0,5,0,0
OR5AZ1P,0,0,0,0,0,0
OR5B10P,0,0,0,0,0,0
OR5B12,0,0,0,0,0,0
OR5B15P,0,0,0,0,0,0
OR5B17,0,0,0,0,0,0
OR5B19P,0,0,0,0,0,0
OR5B2,0,0,0,0,0,0
OR5B21,0,0,0,0,0,0
OR5B3,0,0,0,0,0,0
OR5BA1P,0,0,0,0,0,0
OR5BB1P,0,0,0,0,0,0
OR5BC1P,0,0,0,0,0,0
OR5BE1P,0,0,0,0,0,0
OR5BH1P,0,0,0,0,0,0
OR5BJ1P,0,0,0,0,0,0
OR5BL1P,0,0,0,0,0,0
OR5BN1P,0,0,0,0,0,0
OR5BN2P,0,0,0,0,0,0
OR5BQ1P,0,0,0,0,0,0
OR5BR1P,0,0,0,0,0,0
OR5BS1P,0,0,0,0,0,0
OR5BT1P,0,0,0,0,0,0
OR5C1,0,0,0,0,0,0
OR5D13,0,0,0,0,0,0
OR5D14,0,0,0,0,0,0
OR5D15P,0,0,0,0,0,0
OR5D16,0,0,0,0,0,0
OR5D17P,0,0,0,0,0,0
OR5D18,0,0,0,0,0,0
OR5D3P,0,0,0,0,0,0
OR5F1,0,0,0,0,0,0
OR5F2P,0,0,0,0,0,0
OR5G1P,0,0,0,0,0,0
OR5G3,0,0,0,0,0,0
OR5G5P,0,0,0,0,0,0
OR5H1,0,0,0,0,0,0
OR5H14,0,0,0,0,0,0
OR5H15,0,0,0,0,0,0
OR5H2,0,0,0,0,0,0
OR5H3P,0,0,0,0,0,0
OR5H4P,0,0,0,0,0,0
OR5H5P,0,0,0,0,0,0
OR5H6,0,0,0,0,0,0
OR5H7P,0,0,0,0,0,0
OR5I1,0,0,0,0,0,0
OR5J1P,0,0,0,0,0,0
OR5J2,0,0,0,0,0,0
OR5J7P,0,0,0,0,0,0
OR5K1,0,0,0,0,0,0
OR5K2,0,0,0,0,0,0
OR5K3,0,0,0,0,0,0
OR5K4,0,0,0,0,0,0
OR5L1,0,0,0,0,0,0
OR5L2,0,0,0,0,0,0
OR5M1,0,0,0,0,0,0
OR5M10,0,0,0,0,0,0
OR5M11,0,0,1,0,0,0
OR5M12P,0,0,0,0,0,0
OR5M2P,0,0,0,0,0,0
OR5M3,0,0,0,0,0,0
OR5M4P,0,0,0,0,0,0
OR5M5P,0,0,0,0,0,0
OR5M6P,0,0,0,0,0,0
OR5M7P,0,0,0,0,0,0
OR5M8,0,0,0,0,0,0
OR5M9,0,0,0,0,0,0
OR5P1P,0,0,0,0,0,0
OR5P2,0,0,0,0,0,0
OR5P3,0,0,0,0,0,0
OR5P4P,0,0,0,0,0,0
OR5S1P,0,0,0,0,0,0
OR5T1,0,0,0,0,0,0
OR5T2,0,0,0,0,0,0
OR5T3,0,0,0,0,0,0
OR5V1,0,0,0,0,0,0
OR5W1P,0,0,0,0,0,0
OR5W2,0,0,0,0,0,0
OR6A2,0,0,0,0,0,0
OR6B1,0,0,1,1,2,3
OR6B2,0,0,0,0,0,0
OR6B3,0,0,0,0,0,0
OR6C1,0,0,0,0,0,0
OR6C2,1,0,0,0,0,0
OR6C3,0,0,0,0,0,0
OR6C4,0,0,0,0,0,0
OR6C5P,0,0,0,0,0,0
OR6C6,0,0,0,0,0,0
OR6C64P,0,0,0,0,0,0
OR6C65,0,0,0,0,0,0
OR6C66P,0,0,0,0,0,0
OR6C68,0,0,0,0,0,0
OR6C69P,0,0,0,0,0,0
OR6C70,0,0,0,0,0,0
OR6C71P,0,0,0,0,0,0
OR6C72P,0,0,0,0,0,0
OR6C74,0,0,0,0,0,0
OR6C75,0,0,0,0,0,0
OR6C76,0,0,0,0,0,0
OR6C7P,0,0,0,0,0,0
OR6D1P,0,0,0,0,0,0
OR6E1P,0,0,0,0,0,0
OR6F1,0,0,0,0,0,0
OR6J1,0,0,0,0,0,0
OR6K1P,0,0,0,0,0,0
OR6K2,0,0,0,0,0,0
OR6K3,0,0,0,0,0,0
OR6K4P,0,0,0,0,0,0
OR6K6,0,0,0,0,0,0
OR6L1P,0,0,0,0,0,0
OR6L2P,0,0,0,0,0,0
OR6M1,0,0,0,0,0,0
OR6M2P,0,0,0,0,0,0
OR6M3P,0,0,0,0,0,0
OR6N1,0,0,0,0,0,0
OR6N2,0,0,0,0,0,0
OR6P1,0,0,0,0,0,0
OR6Q1,0,0,0,0,0,0
OR6R1P,0,0,0,0,0,0
OR6S1,0,0,0,0,0,0
OR6T1,0,0,0,0,0,0
OR6U2P,0,0,0,0,0,0
OR6V1,0,0,0,0,0,0
OR6X1,0,0,0,0,0,0
OR6Y1,0,0,0,0,0,0
OR7A10,0,0,0,0,0,0
OR7A11P,0,0,0,0,0,0
OR7A17,0,0,0,0,0,0
OR7A19P,0,0,0,0,0,0
OR7A1P,0,0,0,0,0,0
OR7A5,0,0,0,0,0,0
OR7C1,0,0,0,0,0,0
OR7C2,0,0,0,0,0,0
OR7D2,1,0,0,0,0,0
OR7D4,0,0,0,0,0,0
OR7E100P,0,0,0,0,0,0
OR7E101P,0,0,0,0,0,0
OR7E102P,0,0,0,0,0,0
OR7E103P,0,0,0,0,0,0
OR7E105P,0,0,0,0,0,0
OR7E106P,0,0,0,0,0,0
OR7E108P,0,0,2,0,2,1
OR7E109P,0,0,0,0,0,0
OR7E10P,0,0,0,0,0,0
OR7E110P,0,0,0,0,0,0
OR7E111FP,0,0,0,0,0,0
OR7E111P,0,0,0,0,0,0
OR7E116P,0,0,0,0,0,0
OR7E117P,0,0,0,0,0,0
OR7E121P,1,0,0,0,0,0
OR7E122P,0,0,0,0,0,0
OR7E125P,0,0,0,0,0,0
OR7E128P,0,0,0,1,0,0
OR7E129P,0,0,0,0,0,0
OR7E12P,0,0,0,0,0,0
OR7E130P,0,0,0,0,0,0
OR7E136P,0,0,0,6,0,0
OR7E140P,0,0,0,1,0,3
OR7E145P,0,0,0,1,0,0
OR7E148P,0,0,0,0,0,0
OR7E149P,0,0,0,0,0,0
OR7E14P,4,3,41,10,40,36
OR7E154P,0,0,0,0,0,0
OR7E155P,0,0,0,0,0,0
OR7E157P,0,0,0,0,0,0
OR7E158P,0,0,0,0,0,0
OR7E159P,0,0,0,0,0,0
OR7E161P,0,0,1,0,0,0
OR7E162P,0,0,0,0,0,0
OR7E163P,0,0,0,0,0,0
OR7E18P,0,0,0,0,0,0
OR7E19P,0,0,0,0,0,0
OR7E1P,0,0,1,0,0,0
OR7E21P,0,0,0,0,0,0
OR7E22P,0,0,0,3,1,2
OR7E23P,0,0,0,0,0,0
OR7E24,0,0,0,0,0,0
OR7E25P,0,0,0,0,0,0
OR7E28P,0,0,0,0,0,0
OR7E29P,0,0,0,0,0,0
OR7E2P,0,0,0,0,0,0
OR7E35P,0,0,0,0,0,0
OR7E36P,0,0,0,0,0,0
OR7E38P,8,0,7,8,6,2
OR7E46P,0,0,0,0,0,0
OR7E4P,0,0,0,0,0,0
OR7E55P,0,0,0,0,0,0
OR7E59P,0,0,0,0,0,0
OR7E7P,3,0,3,2,1,1
OR7E83P,0,0,0,1,0,0
OR7E85BP,0,0,0,0,0,0
OR7E85P,0,0,0,0,0,0
OR7E86P,0,0,0,0,0,0
OR7E8P,0,0,0,0,0,0
OR7E90P,0,0,0,0,0,0
OR7E94P,0,0,0,0,0,0
OR7E96P,0,0,0,0,0,0
OR7E97P,0,0,0,0,0,0
OR7E99P,0,0,0,1,0,0
OR7G1,0,0,0,0,0,0
OR7G2,0,0,0,0,0,0
OR7G3,0,0,0,0,0,0
OR7H1P,0,0,0,0,0,0
OR7K1P,0,0,0,0,0,0
OR7M1P,0,0,0,3,5,5
OR8A1,96,32,89,55,43,51
OR8A2P,1,0,4,4,2,6
OR8B10P,0,0,0,0,0,0
OR8B12,0,0,0,0,0,0
OR8B2,0,0,0,0,0,0
OR8B3,0,0,0,0,0,0
OR8B4,0,0,0,0,0,0
OR8B5P,0,0,0,0,0,0
OR8B6P,0,0,0,0,0,0
OR8B8,0,0,0,0,0,0
OR8D1,0,0,0,0,0,0
OR8D2,0,0,0,0,0,0
OR8D4,0,0,0,0,0,0
OR8F1P,0,0,0,1,0,1
OR8G1,3,0,7,2,4,4
OR8G2P,1,0,1,0,0,0
OR8G3P,0,5,11,3,3,8
OR8G5,29,30,71,18,30,30
OR8G7P,3,0,4,1,0,2
OR8H1,0,0,0,0,0,0
OR8H2,0,0,0,0,0,0
OR8H3,0,0,0,0,0,0
OR8I1P,0,0,0,0,0,0
OR8I2,0,0,0,0,0,0
OR8I4P,0,0,0,0,0,0
OR8J1,0,0,0,0,0,0
OR8J2,0,0,0,0,0,0
OR8J3,0,0,0,0,0,0
OR8K1,0,0,0,0,0,0
OR8K2P,0,0,1,0,0,0
OR8K3,0,0,0,0,0,0
OR8K4P,0,0,0,0,0,0
OR8K5,0,0,0,0,0,0
OR8L1P,0,0,0,0,0,0
OR8Q1P,8,1,6,1,4,0
OR8S1,0,0,0,0,0,0
OR8S21P,0,0,0,0,0,0
OR8T1P,0,0,0,0,0,0
OR8U1,0,0,0,0,0,0
OR8U3,0,0,0,0,0,0
OR8V1P,0,0,0,0,0,0
OR8X1P,0,0,0,0,0,0
OR9A1P,0,0,0,0,0,0
OR9A2,0,0,0,0,1,0
OR9A3P,0,0,0,0,0,0
OR9A4,0,0,0,0,0,0
OR9G1,0,0,0,0,0,0
OR9G2P,0,0,0,0,0,0
OR9G3P,0,0,0,0,0,0
OR9G4,0,0,0,0,0,0
OR9H1P,0,0,0,0,0,0
OR9I1,0,0,0,0,0,0
OR9I3P,0,0,0,0,0,0
OR9K1P,0,0,0,6,3,8
OR9K2,0,0,0,0,0,0
OR9L1P,0,0,0,0,0,0
OR9M1P,0,0,0,0,0,0
OR9Q1,0,0,0,0,0,0
OR9Q2,0,0,0,0,0,0
OR9R1P,0,0,0,0,0,0
OR9S24P,0,0,0,0,0,0
ORAI1,31,13,161,30,141,160
ORAI2,102,75,575,207,685,788
ORAI3,73,17,196,91,286,257
ORC1,15,13,58,118,206,178
ORC2,437,307,896,1017,812,908
ORC3,591,374,910,1731,1536,1711
ORC4,431,200,882,660,718,704
ORC5,172,78,341,336,376,404
ORC6,67,19,137,296,357,324
ORM1,0,0,0,4,4,4
ORM2,0,0,0,3,1,0
ORMDL1,689,232,1375,1120,948,956
ORMDL1P1,0,0,0,0,0,0
ORMDL2,414,194,831,527,988,904
ORMDL3,770,521,2513,1215,3665,4012
OS9,2907,1427,11145,3111,10728,10688
OSBP,3897,1914,6857,5279,5502,6283
OSBP2,47,15,211,44,185,170
OSBPL10,169,109,389,299,476,523
OSBPL10-AS1,0,0,0,0,0,0
OSBPL11,448,234,686,664,531,674
OSBPL1A,645,457,1159,759,699,742
OSBPL2,749,390,2589,1971,2671,3269
OSBPL3,210,91,350,611,517,593
OSBPL5,21,19,340,42,383,374
OSBPL6,195,153,326,138,134,140
OSBPL7,27,6,62,127,416,446
OSBPL8,578,272,1027,1753,1179,1529
OSBPL9,2136,1205,3825,4033,3450,3959
OSBPL9P1,0,0,0,0,0,0
OSBPL9P3,0,0,0,0,0,0
OSBPL9P5,0,0,0,0,0,0
OSCAR,1,0,11,10,12,18
OSCP1,55,54,292,86,142,171
OSER1,542,339,1127,812,1120,1083
OSER1-DT,70,45,172,80,99,122
OSGEP,194,50,387,609,653,687
OSGEPL1,284,213,501,317,343,358
OSGIN1,51,17,530,39,324,423
OSGIN2,1615,1012,3481,1986,1818,1994
OSM,0,0,0,0,0,0
OSMR,675,299,1052,3260,2775,3092
OSR1,0,0,0,0,0,2
OSR2,21,7,79,9,36,27
OST4,202,155,820,222,975,1007
OSTC,993,530,2454,1656,2343,2440
OSTCP2,0,0,0,0,0,0
OSTCP3,0,0,0,0,0,0
OSTF1,1065,1423,2996,1065,1385,1352
OSTM1,386,252,769,1403,1189,1301
OSTM1-AS1,0,0,0,0,0,0
OSTN,0,0,0,1,0,0
OSTN-AS1,0,0,0,1,0,1
OTC,0,0,0,0,0,0
OTOA,0,0,0,0,0,1
OTOF,0,0,0,1,0,1
OTOG,0,0,0,0,1,0
OTOGL,0,0,0,1,1,2
OTOL1,0,0,0,0,0,0
OTOP1,0,0,0,0,0,0
OTOP2,0,0,0,0,0,0
OTOP3,0,0,0,0,0,0
OTOR,112,45,213,17,32,28
OTOS,0,0,0,0,0,0
OTP,0,0,0,0,0,0
OTUB1,344,157,1338,315,1391,1411
OTUB2,108,46,281,133,194,226
OTUD1,93,52,258,128,165,167
OTUD3,270,95,526,799,681,852
OTUD4,726,279,1036,1250,845,1145
OTUD5,684,303,1708,838,1669,1670
OTUD6A,0,0,0,0,0,0
OTUD6B,724,418,1149,844,738,800
OTUD6B-AS1,1226,933,2624,2197,1857,2011
OTUD7A,4,0,2,4,8,6
OTUD7B,1239,561,2398,1407,1890,2075
OTULIN,493,271,926,839,721,984
OTULIN-DT,3,2,17,15,6,13
OTULINL,5,11,16,113,132,112
OTX1,13,25,36,10,24,27
OTX2,0,0,0,0,0,0
OTX2-AS1,0,0,0,0,0,0
OTX2P2,0,0,0,0,0,0
OVAAL,0,0,0,0,0,0
OVCA2,0,0,0,0,0,0
OVCH1,0,0,0,0,0,0
OVCH1-AS1,32,35,26,29,24,36
OVCH2,0,0,0,1,0,0
OVGP1,43,8,72,41,71,59
OVOL1,16,7,130,13,50,48
OVOL1-AS1,0,0,0,0,0,0
OVOL2,26,6,104,21,42,48
OVOL3,0,0,0,0,1,0
OVOS2,2,0,2,24,19,15
OXA1L,569,265,985,358,731,712
OXCT1,0,0,0,24,29,24
OXCT1-AS1,0,0,0,0,0,0
OXCT2,0,0,3,1,4,2
OXCT2P1,0,0,0,2,1,0
OXER1,0,0,2,0,0,0
OXGR1,0,0,0,22,29,24
OXLD1,38,13,272,37,291,284
OXNAD1,220,107,494,189,243,263
OXR1,1368,711,2251,2771,2096,2482
OXSM,428,255,793,443,448,467
OXSR1,1468,916,2926,2266,2149,2516
OXT,0,0,0,0,0,0
OXTR,20,18,33,19,38,48
P2RX1,0,0,0,0,0,0
P2RX2,15,3,140,31,129,123
P2RX3,0,0,0,0,1,0
P2RX4,185,71,553,364,863,943
P2RX5,5,0,0,0,2,0
P2RX5-TAX1BP3,0,0,0,0,0,0
P2RX6,1,0,1,0,1,2
P2RX7,4,1,3,24,20,32
P2RY1,0,0,0,0,0,0
P2RY10,65,13,90,173,158,194
P2RY10BP,0,0,0,0,0,0
P2RY11,12,3,62,6,25,37
P2RY12,0,0,0,0,0,0
P2RY13,0,0,0,0,0,0
P2RY14,0,0,0,0,1,0
P2RY2,254,123,565,418,755,1089
P2RY4,0,0,0,0,0,0
P2RY6,50,12,123,1145,2094,2542
P2RY8,0,0,0,0,0,0
P3H1,49,13,205,150,361,364
P3H2,10,0,18,0,3,3
P3H2-AS1,0,0,3,0,0,0
P3H3,20,17,138,17,138,181
P3H4,172,24,1102,119,954,1017
P3R3URF,0,0,0,0,0,0
P3R3URF-PIK3R3,0,0,0,0,0,0
P4HA1,1033,583,2394,1111,1282,1453
P4HA2,315,186,985,303,885,949
P4HA2-AS1,0,0,0,0,0,0
P4HA3,0,0,0,1,11,8
P4HA3-AS1,0,0,0,0,0,0
P4HB,4901,2949,17454,7568,20808,20493
P4HTM,125,35,499,76,260,270
PA2G4,1149,718,3402,2267,4966,4702
PAAF1,660,435,1689,816,1421,1376
PABIR1,215,88,402,188,191,195
PABIR2,225,113,390,952,926,1046
PABIR3,41,9,50,72,82,95
PABPC1,36239,22621,55680,40139,45547,44293
PABPC1L,2847,818,4873,1526,2516,2705
PABPC1L2A,0,0,0,0,0,0
PABPC1L2B,0,0,0,0,0,0
PABPC1L2B-AS1,0,0,0,0,0,0
PABPC3,7,6,6,8,2,7
PABPC4,2037,1107,4934,2889,3603,3752
PABPC4L,0,0,0,0,0,0
PABPC5,0,0,0,0,0,0
PABPC5-AS1,0,0,0,0,0,1
PABPN1,96,30,183,284,318,309
PABPN1L,0,0,2,0,0,2
PACC1,195,126,471,146,248,249
PACRG,0,0,1,23,28,47
PACRG-AS1,0,0,0,0,0,0
PACRG-AS2,0,0,0,0,0,0
PACRG-AS3,0,0,0,1,0,0
PACRGL,180,70,306,277,211,242
PACS1,571,372,1755,1060,2701,2808
PACS2,106,46,835,94,413,501
PACSIN1,287,116,1285,492,1963,2100
PACSIN2,492,460,1619,799,2091,2435
PACSIN3,181,95,1349,117,892,1017
PADI1,0,0,1,0,0,0
PADI2,74,44,133,257,662,777
PADI3,94,69,359,325,909,1216
PADI4,0,0,0,0,0,0
PADI6,0,0,0,0,0,0
PAEP,0,0,0,0,0,0
PAEPP1,0,0,0,0,0,0
PAF1,355,301,1451,715,2108,1984
PAFAH1B1,1983,1079,3112,4462,3757,4443
PAFAH1B2,1710,1150,2928,3161,3134,3580
PAFAH1B3,26,16,311,28,213,201
PAFAH2,401,204,991,426,737,899
PAG1,149,54,219,309,296,276
PAGE1,1,1,0,0,1,0
PAGE2,0,0,0,0,0,0
PAGE2B,0,0,0,0,0,0
PAGE3,0,0,0,0,0,0
PAGE4,0,0,2,0,2,0
PAGE5,0,0,0,1,0,0
PAGR1,186,175,576,149,378,407
PAH,3,7,1,74,63,113
PAICS,3179,2024,5186,6443,6050,6323
PAICSP2,0,0,0,0,0,0
PAICSP7,0,0,0,0,0,0
PAIP1,1729,982,3616,2603,2768,2634
PAIP1P1,3,4,0,17,12,16
PAIP2,1619,1053,3820,2835,3344,3506
PAIP2B,603,330,1168,853,1020,1198
PAK1,1014,510,1800,1497,1640,1647
PAK1IP1,226,148,729,378,453,427
PAK2,10297,5600,16326,26636,21790,25618
PAK3,0,0,0,0,0,2
PAK4,87,21,1019,60,509,513
PAK5,0,0,0,0,0,3
PAK6,31,19,129,24,128,160
PAK6-AS1,1,0,4,3,5,1
PALB2,512,241,606,440,393,462
PALD1,0,0,0,0,0,0
PALLD,780,398,1397,4068,4044,4578
PALM,5,6,72,26,251,276
PALM2AKAP2,491,222,701,409,383,490
PALM3,4,0,11,41,67,79
PALMD,35,27,94,113,97,103
PALS1,1117,554,2050,2923,2358,2702
PALS2,291,113,477,496,343,432
PAM,894,457,1728,5219,4686,5398
PAM16,10,17,57,16,54,67
PAMR1,14,7,11,2207,4397,4782
PAN2,1794,618,3182,1030,1681,2036
PAN3,622,238,834,1229,925,1109
PANCR,0,0,0,0,0,0
PANDAR,0,0,0,0,1,0
PANK1,167,145,266,828,870,988
PANK1-AS1,7,0,5,30,13,16
PANK2,355,225,825,1036,1216,1316
PANK3,3568,1685,5551,10902,7961,11624
PANK4,25,14,108,78,278,354
PANO1,0,0,3,1,15,12
PANTR1,0,0,0,0,0,0
PANX1,395,245,740,757,682,804
PANX2,0,0,10,30,75,93
PANX3,6,0,11,11,18,6
PAOX,4,0,0,1,4,3
PAPLN,0,0,2,22,27,41
PAPOLA,3565,1889,5407,8191,6851,7663
PAPOLB,0,0,2,0,0,0
PAPOLG,233,114,376,368,304,405
PAPPA,0,0,0,5,10,10
PAPPA-AS1,8,4,0,1,1,2
PAPPA2,0,0,1,1,7,4
PAPSS1,734,450,1726,1208,1721,1923
PAPSS2,183,97,309,1002,1059,1202
PAQR3,275,173,417,442,397,484
PAQR4,281,187,1785,89,610,520
PAQR5,5,2,11,173,171,240
PAQR5-DT,0,0,0,4,2,6
PAQR6,278,108,651,141,365,405
PAQR7,86,67,511,58,265,256
PAQR8,6,0,10,30,26,38
PAQR9,0,0,0,0,0,0
PAQR9-AS1,0,0,0,0,0,0
PARAIL,215,88,226,503,334,422
PARD3,698,522,1493,1124,1305,1263
PARD3-DT,0,0,1,0,2,1
PARD3B,193,110,358,255,271,361
PARD6A,3,12,50,4,44,22
PARD6B,2625,1408,5115,2125,2315,2081
PARD6G,20,31,51,103,116,159
PARD6G-AS1,1,0,2,1,2,2
PARG,566,244,1188,1523,1597,1726
PARK7,412,240,1060,1538,2986,2985
PARK7P1,0,0,0,0,2,1
PARL,61,68,68,54,68,61
PARLP1,0,0,0,0,0,0
PARLP2,11,0,6,8,9,9
PARM1,0,0,0,40,53,51
PARM1-AS1,0,0,0,0,0,0
PARN,931,475,1952,1680,1606,1659
PARP1,1924,1132,5783,3254,7199,7389
PARP10,22,6,457,9,160,145
PARP11,3,0,3,98,96,105
PARP11-AS1,0,0,0,0,0,0
PARP12,105,57,215,179,265,240
PARP14,348,169,476,1073,868,1018
PARP15,0,0,0,0,1,0
PARP16,222,93,449,189,294,284
PARP1P1,1,0,0,0,0,0
PARP2,322,116,482,641,645,654
PARP3,44,15,263,28,74,114
PARP4,173,94,364,892,1017,1046
PARP4P1,0,0,0,0,0,0
PARP4P2,0,0,0,0,1,0
PARP4P3,0,0,0,0,0,0
PARP6,938,344,1439,1157,1184,1282
PARP8,2,0,0,76,74,69
PARP9,381,211,685,932,798,797
PARPBP,225,106,508,866,797,809
PARS2,56,41,130,29,46,61
PART1,0,0,1,170,153,199
PARTICL,7,11,17,3,18,11
PARVA,828,335,1296,1581,1586,1774
PARVB,11,0,44,35,94,93
PARVG,0,0,0,0,0,0
PASD1,0,0,1,0,0,0
PASK,75,7,214,117,245,311
PATE1,0,0,0,0,0,0
PATE2,1,0,6,2,2,5
PATE3,0,0,0,0,0,0
PATE4,0,0,0,0,0,0
PATJ,3570,1511,5430,4176,3787,4100
PATL1,2891,1490,4116,2215,2440,2664
PATL2,4,0,15,4,5,5
PATZ1,359,210,1115,298,851,823
PAWR,1471,715,2478,2658,2199,2602
PAWRP1,0,0,2,1,1,0
PAWRP2,1,0,0,0,0,2
PAX1,0,0,0,0,0,0
PAX2,4,0,11,83,189,263
PAX3,0,0,0,0,0,0
PAX4,0,0,0,0,0,0
PAX5,0,0,0,0,0,0
PAX6,17,0,60,294,382,457
PAX6-AS1,0,0,0,0,0,0
PAX7,0,0,0,0,4,3
PAX8,0,0,0,0,1,2
PAX8-AS1,0,0,0,2,0,4
PAX9,169,88,380,51,77,51
PAXBP1,942,294,1303,2227,1408,1766
PAXBP1-AS1,25,8,43,62,38,67
PAXBP1P1,0,0,0,0,0,0
PAXIP1,323,122,570,611,611,636
PAXIP1-DT,50,31,166,80,132,149
PAXX,13,6,147,6,85,66
PBDC1,83,64,258,401,561,581
PBK,182,142,578,834,1102,1031
PBLD,532,349,893,1436,1741,1897
PBOV1,0,0,0,0,0,0
PBRM1,1143,497,2052,1247,1019,1289
PBX1,9099,4386,14689,4955,4903,5901
PBX1-AS1,0,0,0,0,0,0
PBX2,1980,944,5463,3980,7545,8688
PBX3,494,335,727,340,401,397
PBX4,6,0,9,4,9,8
PBXIP1,502,227,2882,775,4084,4713
PC,103,41,1124,35,371,492
PCA3,0,0,0,0,0,0
PCARE,0,0,0,0,0,0
PCAT1,41,61,108,148,149,180
PCAT18,12,5,21,2,1,1
PCAT19,0,0,6,0,0,1
PCAT2,0,0,0,0,0,0
PCAT4,0,0,0,0,0,0
PCAT5,0,0,0,0,0,0
PCAT6,19,13,113,5,15,21
PCAT7,17,10,50,20,23,29
PCBD1,154,109,640,230,795,755
PCBD2,377,142,730,518,682,764
PCBP1,741,535,2760,983,2242,2238
PCBP1-AS1,216,76,382,167,242,264
PCBP2,1847,1543,3253,4087,4509,4479
PCBP2-OT1,2,0,6,9,4,10
PCBP2P3,0,0,0,0,0,0
PCBP2P4,0,0,0,0,0,0
PCBP3,0,0,0,0,0,0
PCBP4,33,14,299,52,296,324
PCCA,353,171,809,549,697,715
PCCA-DT,76,50,148,90,153,136
PCCB,473,393,1373,1016,1580,1886
PCDH1,532,253,2689,339,1669,1841
PCDH10,0,0,1,0,0,0
PCDH10-DT,1,6,11,0,0,0
PCDH11X,0,0,3,69,49.5,75.5
PCDH12,0,0,0,2,0,0
PCDH15,0,0,0,0,1,0
PCDH17,4,0,17,15,8,6
PCDH18,6,25,8,113,104,145
PCDH19,3,1,5,5,2,7
PCDH20,0,0,0,1.5,1,1
PCDH7,9,1,19,5,11,10
PCDH8,0,0,0,0,0,0
PCDH9,0,0,0,0,0,0
PCDH9-AS1,0,0,0,0,0,0
PCDH9-AS2,0,0,0,0,0,0
PCDH9-AS3,0,0,0,0,0,0
PCDH9-AS4,0,0,0,0,0,0
PCDHA1,28,7,39,74,72,91
PCDHA10,4,0,7,35,19,30
PCDHA11,58,13,79,449,400,629
PCDHA12,3,0,2,31,20,47
PCDHA13,6,0,5,24,22,18
PCDHA14,0,0,0,0,0,0
PCDHA2,2,0,2,13,5,27
PCDHA3,55,34,83,361,313,363
PCDHA4,39,27,78,433,428,535
PCDHA5,30,14,39,246,212,267
PCDHA6,3,0,5,16,8,19
PCDHA7,0,0,3,6,3,3
PCDHA8,1,0,1,3,4,0
PCDHA9,1,0,0,2,2,4
PCDHAC1,3,0,12,50,51,63
PCDHAC2,0,0,7,45,79,91
PCDHB1,1,0,1,6,8,6
PCDHB10,31,65,77,150,167,161
PCDHB11,45,26,57,38,53,75
PCDHB12,6,0,19,40,43,47
PCDHB13,267,79,340,498,363,567
PCDHB14,111,15,120,149,150,145
PCDHB15,16,4,36,16,43,49
PCDHB16,147,59,162,183,210,214
PCDHB17P,63,12,74,403,411,493
PCDHB2,293,179,686,855,1370,1584
PCDHB3,17,0,25,124,158,177
PCDHB4,14,9,19,14,21,22
PCDHB5,302,172,573,772,825,923
PCDHB6,54,43,62,396,313,399
PCDHB7,25,13,42,56,82,108
PCDHB8,235,78,420,426,443,532
PCDHB9,47,31,67,89,106,96
PCDHGA1,80,49,166,176,201,194
PCDHGA10,222,81,414,411,502,560
PCDHGA11,8,6,30,7,18,11
PCDHGA12,0,2,2,1,1,6
PCDHGA2,11,21,34,8,14,11
PCDHGA3,2,8,1,2,2,1
PCDHGA4,28,1,23,46,39,50
PCDHGA5,17,1,17,24,31,23
PCDHGA6,121,59,298,229,247,231
PCDHGA7,98,59,228,208,208,232
PCDHGA8,0,0,9,9,5,7
PCDHGA9,13,0,26,42,34,48
PCDHGB1,75,38,172,126,196,226
PCDHGB2,32,15,76,52,124,89
PCDHGB3,7,4,21,19,22,28
PCDHGB4,23,13,51,90,126,125
PCDHGB5,128,74,339,453,649,771
PCDHGB6,34,6,41,47,55,57
PCDHGB7,2,1,7,6,7,21
PCDHGB9P,2,0,2,2,1,0
PCDHGC3,123,76,464,584,1549,1942
PCDHGC4,0,0,1,0,1,5
PCDHGC5,3,0,4,0,1,2
PCED1A,177,36,886,79,432,444
PCED1B,48,34,220,47,129,138
PCED1B-AS1,0,0,0,0,0,0
PCED1CP,0,0,0,0,0,0
PCF11,1742,668,3440,2337,2431,2775
PCGEM1,0,0,0,0,0,0
PCGF1,134,86,265,81,162,131
PCGF2,346,146,1077,473,1418,1446
PCGF3,317,133,764,927,1378,1503
PCGF3-AS1,402,114,742,308,353,540
PCGF5,806,431,1355,2859,2098,2603
PCGF6,62,9,128,168,159,152
PCHILR,0,0,0,0,0,0
PCID2,512,259,869,742,767,853
PCIF1,101,40,755,33,332,378
PCK1,0,0,0,0,0,0
PCK2,162,103,1174,72,400,365
PCLAF,73,68,89,250,329,249
PCLO,295,74,329,154,97,125
PCM1,3192,1917,4893,4894,3775,4360
PCMT1,623,347,1362,3360,4286,4405
PCMTD1,1612,769,2746,2661,1923,2597
PCMTD2,1972,1001,3235,2443,1956,2495
PCNA,303,219,1111,1890,2417,1910
PCNAP4,0,0,0,0,0,0
PCNP,2741,1379,5515,4193,4177,4890
PCNPP2,0,0,0,0,0,0
PCNT,499,227,1113,776,1471,1647
PCNX1,626,382,910,1956,1417,1966
PCNX2,377,142,590,358,481,616
PCNX3,104,48,1220,177,1427,1627
PCNX4,1153,534,1787,2183,1756,2143
PCOLCE,4,0,28,13,60,77
PCOLCE-AS1,0,0,4,0,4,6
PCOLCE2,0,0,0,1,4,2
PCOTH,6,0,33,4,13,11
PCP2,21,5,90,4,31,39
PCP4,194,123,255,64,101,99
PCP4L1,34,11,83,757,908,949
PCSEAT,0,0,0,0,0,0
PCSK1,0,0,0,0,0,0
PCSK1N,0,0,0,0,0,0
PCSK2,0,0,0,0,0,0
PCSK4,15,1,59,4,34,49
PCSK5,0,0,0,0,3,6
PCSK6,15,5,50,162,377,428
PCSK6-AS1,0,0,0,0,0,0
PCSK7,409,83,1037,791,1321,1574
PCSK9,0,0,0,0,0,0
PCTP,253,151,589,405,635,631
PCYOX1,2166,1397,3674,5501,5176,6305
PCYOX1L,251,201,682,569,883,868
PCYT1A,2165,1119,4942,5515,7226,8060
PCYT1B,8,0,13,68,61,104
PCYT1B-AS1,0,0,0,0,0,0
PCYT2,114,87,762,126,750,815
PDAP1,655,338,3690,1366,4806,4842
PDC,0,0,0,0,0,0
PDC-AS1,10,9,10,24,9,15
PDCD1,0,0,0,0,0,0
PDCD10,1511,1003,2452,2326,2034,2253
PDCD11,581,307,1528,1019,1863,1900
PDCD1LG2,0,0,0,0,0,0
PDCD2,394,270,630,757,805,736
PDCD2L,16,7,35,4,16,11
PDCD4,7885,4006,15844,12956,12750,14218
PDCD5,198,113,384,223,433,383
PDCD6,127,34,232,317,401,529
PDCD6-AHRR,0,0,0,0,0,0
PDCD6IP,3079,1811,5445,4719,4956,5361
PDCD6IP-DT,460,216,775,639,584,661
PDCD6IPP1,0,0,0,0,0,0
PDCD7,289,239,825,422,569,499
PDCL,504,265,1172,676,905,1012
PDCL2,0,0,0,0,0,0
PDCL2P1,0,0,0,0,0,0
PDCL2P2,0,0,0,0,0,0
PDCL3,285,131,699,645,779,675
PDCL3P6,0,0,0,0,0,0
PDCL3P7,0,0,0,0,0,0
PDE10A,0,0,0,8,6,9
PDE11A,3,0,2,9,19,21
PDE11A-AS1,0,0,0,0,0,0
PDE12,349,231,816,551,623,647
PDE1A,2,0,1,3,2,1
PDE1B,1,0,4,10,28,21
PDE1C,1,0,2,17,21,12
PDE2A,0,0,6,0,1,2
PDE3A,0,0,0,5,0,6
PDE3B,0,0,0,0,0,1
PDE4A,3,2,22,1,25,26
PDE4B,0,2,3,28,25,52
PDE4B-AS1,0,0,0,0,0,0
PDE4C,0,0,3,1.5,3,5
PDE4D,7,0,9,1081,789,1009
PDE4DIP,1531,782,2440,1718,1854,2193
PDE5A,30,11,43,318,212,308
PDE6A,2,2,7,11,15,12
PDE6B,5,3,13,1,1,0
PDE6C,0,0,0,0,0,0
PDE6D,73,46,102,73,67,77
PDE6G,0,0,5,0,1,0
PDE6H,0,0,0,0,0,0
PDE7A,1039,513,1396,1754,1513,1699
PDE7A-DT,3,0,2,0,2,2
PDE7B,1,0,0,33,21,32
PDE7B-AS1,2,0,6,1,0,3
PDE8A,330,171,510,587,640,675
PDE8B,21,11,44.5,10,5,4.5
PDE9A,7,3,26,104,242,231
PDE9A-AS1,0,0,0,0,0,0
PDF,0,0,0,0,0,1
PDGFA,85,14,183,51,91,80
PDGFA-DT,0,5,1,0,1,2
PDGFB,105,25,378,147,415,476
PDGFC,237,165,561,488,616,715
PDGFD,3,0,0,3,6,5
PDGFRA,0,0,0,0,0,1
PDGFRB,0,0,0,0,0,0
PDGFRL,10,4,45,62,164,158
PDGFRL2P,0,0,0,0,0,0
PDHA1,1493,799,4361,1423,2934,3023
PDHA1P1,0,0,0,0,0,0
PDHA2,0,0,0,0,0,0
PDHB,959,516,3501,281,597,646
PDHX,937,461,2137,1132,1598,1694
PDIA2,0,0,0,0,2,10
PDIA3,30635,16895,55999,19982,20369,19848
PDIA4,4287,3000,13346,1782,4798,4920
PDIA5,117,46,293,196,364,461
PDIA6,4528,2865,12751,2885,5352,5375
PDIK1L,289,78,501,344,312,376
PDILT,0,0,0,0,0,0
PDK1,370,191,646,571,412,498
PDK1P1,0,0,0,0,0,0
PDK1P2,0,0,0,0,0,0
PDK2,167,127,805,193,724,733
PDK3,827,365,1045,1137,934,1190
PDK4,35,17,66,116,108,132
PDLIM1,83,27,267,345,858,711
PDLIM1P2,0,0,0,0,0,0
PDLIM1P3,0,0,0,0,0,0
PDLIM1P4,0,0,0,0,0,0
PDLIM2,13,0,63,41,120,149
PDLIM3,79,39,200,3,1,1
PDLIM4,0,0,1,0,0,0
PDLIM5,1007,453,1669,1003,1174,1212
PDLIM7,23,6,232,77,768,857
PDP1,218,90,302,371,333,377
PDP2,741,466,1440,1027,1080,1330
PDPK1,659,290,2147,676,1267,1624
PDPK2P,2,0,11,6,5,22
PDPN,0,0,0,0,0,0
PDPR,2016,856,3330,1340,1678,1993
PDRG1,149,96,796,298,1066,1118
PDS5A,2385,1301,3628,3876,2977,3636
PDS5B,1479,804,2468,3681,2699,3414
PDSS1,48,35,111,88,103,85
PDSS2,246,130,501,618,802,1116
PDX1,0,0,0,0,1,0
PDXDC1,3923,2345,11641,3906,6104,7225
PDXDC2P,6,0,2,2,1,3
PDXDC2P-NPIPB14P,133,37,171,119,156,190
PDXK,711,338,2681,749,2080,2351
PDXP,0,0,0,0,5,7
PDXP-DT,0,0,0,1,2,0
PDYN,0,0,0,0,0,0
PDYN-AS1,0,0,0,0,0,0
PDZD11,472,280,1052,955,1761,1696
PDZD2,282,116,541,694,934,1303
PDZD4,6,1,151,27,278,248
PDZD7,22,10,97,28,107,104
PDZD8,713,419,1031,1059,837,959
PDZD9,2,0,0,0,0,0
PDZK1,1661,672,3344,3190,3724,3927
PDZK1IP1,0,0,0,1,6,4
PDZPH1P,0,0,0,0,0,0
PDZRN3,101,54,217,75,127,114
PDZRN4,0,0,0,0,0,0
PEA15,2346,1448,4156,3430,5329,5678
PEAK1,162,43,225,421,431,487
PEAK3,0,0,0,0,0,0
PEAR1,48,29,148,20,56,49
PEBP1,2225,1423,5718,4009,7028,6952
PEBP4,0,0,0,0,0,1
PECAM1,0,0,0,1,0,0
PECR,207,62,417,159,213,255
PEDS1,176,86,557,394,818,853
PEDS1-UBE2V1,0,0,0,0,0,0
PEF1,137,84,588,123,441,391
PEG10,2894,1569,4602,2861,2726,3084
PEG13,0,0,0,0,1,0
PEG3,0,0,0,0,3,0
PELATON,0,0,0,1,0,0
PELI1,99,27,142,199,133,204
PELI2,0,0,2,193,172,217
PELI3,62,19,226,34,176,218
PELO,191,75,502,257,588,578
PELO-AS1,0,0,1,8,4,6
PELP1,236,90,1115,377,829,868
PELP1-DT,4,2,12,2,3,8
PEMT,26,3,143,10,90,93
PENK,0,0,0,0,0,0
PENK-AS1,0,0,0,0,0,0
PEPD,48,24,251,49,186,167
PER1,53,22,217,22,157,172
PER2,283,72,594,269,504,557
PER3,359,186,602,352,397,501
PERCC1,1,0,12,1,2,7
PERM1,16,0,36,26,51,68
PERP,907,419,1783,2978,3229,3084
PES1,484,244,2144,521,1858,1837
PES1P1,0,0,0,0,0,0
PES1P2,0,0,0,0,0,0
PET100,46,27,63,43,75,69
PET117,10,9,7,1,3,1
PEX1,514,208,782,1023,890,974
PEX10,102,56,351,98,258,237
PEX11A,281,151,703,181,216,284
PEX11B,308,239,858,326,504,451
PEX11G,8,3,66,2,20,26
PEX12,130,50,259,139,176,195
PEX13,585,351,1154,1029,1133,1308
PEX14,63,20,282,61,270,335
PEX16,16,18,196,26,161,139
PEX19,1044,563,1577,888,1041,1078
PEX2,1328,624,2601,2797,2556,2931
PEX26,1350,608,2171,2378,3339,3527
PEX3,135,136,406,422,596,673
PEX5,127,107,436,275,617,671
PEX5L,11,17,16,2,0,0
PEX5L-AS2,0,0,0,0,0,0
PEX6,176,120,1095,459,1611,1787
PEX7,31,13,82,92,97,84
PF4,0,0,0,0,0,0
PF4V1,0,0,0,0,0,0
PFAS,163,67,560,172,611,715
PFDN1,974,959,1927,2191,2479,2396
PFDN1P2,0,0,0,0,0,0
PFDN2,121,50,476,117,273,249
PFDN4,302,321,743,802,811,783
PFDN5,90,8,142,497,501,514
PFDN6,909,617,2705,1477,3673,3329
PFKFB1,8,6,13,5,3,3
PFKFB2,2147,1124,3515,1547,1134,1646
PFKFB3,2893,1305,7917,600,1032,1144
PFKFB3-AS1,0,0,2,0,3,1
PFKFB4,62,28,308,64,277,372
PFKL,113,56,1620,303,2405,2578
PFKM,781,400,2377,1228,2864,3108
PFKP,183,79,1132,200,895,821
PFN1,1050,682,2571,1438,4631,3982
PFN2,219,133,461,3724,4008,4405
PFN3,0,0,0,0,0,0
PFN4,12,0,34,8,12,5
PGA3,0,0,0,0,0,0
PGA4,0,0,0,0,0,0
PGA5,0,0,0,0,0,0
PGAM1,612,420,2273,1992,4451,4366
PGAM1P1,0,0,0,0,0,0
PGAM1P11,0,0,0,1,1,1
PGAM1P13,0,0,0,0,0,0
PGAM1P3,0,0,0,0,0,0
PGAM1P6,1,0,0,1,0,0
PGAM2,0,0,2,0,0,0
PGAM3P,0,0,0,0,0,0
PGAM4,0,1,0,0,2,0
PGAM4P2,0,0,0,0,0,0
PGAM5,207,183,1283,388,1317,1315
PGAP1,306,131,458,1078,714,964
PGAP2,290,95,820,252,618,594
PGAP3,83,54,641,42,312,268
PGAP4,0,0,0,0,0,0
PGAP6,43,30,355,122,978,1151
PGBD1,43,23,77,140,194,160
PGBD2,95,30,223,95,123,142
PGBD3P1,0,0,1,0,0,0
PGBD3P2,0,0,0,0,0,0
PGBD3P4,0,0,0,0,0,0
PGBD4,163,32,250,162,146,194
PGBD4P4,0,0,0,0,0,0
PGBD5,0,0,5,0,14,12
PGC,0,0,0,0,0,0
PGD,997,594,4250,2008,7171,7374
PGDP1,0,0,0,0,0,0
PGF,1,0,3,0,1,3
PGGHG,15,7,265,35,373,372
PGGT1B,1286,587,2324,1827,1669,2018
PGK1,2790,1560,6834,9155,16465,16791
PGK1P2,0,0,0,0,0,2
PGK2,0,0,0,0,0,0
PGLS,29,2,266,46,237,234
PGLS-DT,14,0,22,24,44,50
PGLYRP1,0,0,0,0,0,0
PGLYRP2,63,31,421,546,3676,3766
PGLYRP3,0,0,0,0,0,0
PGLYRP4,0,0,0,0,0,0
PGM1,178,82,511,282,590,611
PGM2,306,165,534,619,665,707
PGM2L1,7,0,17,489,407,528
PGM3,971,536,1684,2287,2029,2313
PGM5,0,0,2,63,86,85
PGM5-AS1,0,0,0,1,0,0
PGM5P3-AS1,0,0,0,0,0,0
PGM5P4-AS1,0,0,0,0,0,0
PGP,68,37,263,196,406,471
PGPEP1,598,365,1288,1424,2506,3029
PGPEP1L,0,0,0,0,0,0
PGR,55764,26098,76018,4148,3303,3928
PGRMC1,479,344,1053,1597,2027,2052
PGRMC2,2006,1194,4206,2177,2574,2483
PGS1,69,41,293,138,283,299
PHACTR1,920,435,2863,403,705,757
PHACTR2,210,161,321,959,845,1071
PHACTR2-AS1,0,0,0,0,0,0
PHACTR2P1,0,0,0,0,0,0
PHACTR3,0,0,1,0,0,0
PHACTR3-AS1,0,0,0,0,0,0
PHACTR4,1329,653,1918,1495,1778,1917
PHAF1,167,80,372,270,472,457
PHAX,875,441,2202,1729,2099,2253
PHB1,984,465,2526,1311,3432,3264
PHB1P14,0,0,0,0,0,0
PHB1P15,0,0,0,0,0,0
PHB1P17,0,0,0,0,0,0
PHB1P4,0,0,0,0,0,0
PHB1P5,0,0,0,0,0,0
PHB1P6,0,0,0,0,0,0
PHB1P9,2,0,1,0,0,0
PHB2,160,153,672,200,749,710
PHC1,29,12,46,139,200,244
PHC2,110,35,518,97,421,438
PHC2-AS1,0,0,0,1,0,0
PHC3,3508,1792,4895,6545,4790,6126
PHETA1,16,8,136,17,111,177
PHETA2,36,32,160,52,122,159
PHEX,146,84,213,247,168,239
PHEX-AS1,0,0,0,0,0,0
PHF1,183,100,742,371,1113,1195
PHF10,718,460,1255,1802,1527,1774
PHF11,143,61,237,279,209,210
PHF12,572,162,1175,855,1427,1510
PHF13,99,60,278,358,741,860
PHF14,1377,849,2734,1122,1046,1097
PHF19,161,77,472,174,497,470
PHF2,276,217,962,236,528,614
PHF20,1581,758,3233,4823,5483,6870
PHF20L1,2025,1054,3002,2976,2136,2658
PHF21A,1081,640,1618,1365,1770,2065
PHF21B,0,0,0,1,2,2
PHF23,323,160,1711,484,1659,1734
PHF24,0,0,0,0,0,1
PHF3,2814,1392,4049,4325,3464,3803
PHF5A,383,270,687,710,827,869
PHF6,861,468,1508,2880,2221,3007
PHF7,127,67,218,40,57,30
PHF8,789,288,1302,713,1018,1319
PHGDH,961,494,5374,553,3891,3533
PHGR1,0,0,0,0,0,0
PHIP,1328,518,1736,3698,2037,2939
PHKA1,182,116,270,644,618,790
PHKA1-AS1,0,0,0,0,0,0
PHKA2,948,359,1866,1553,2125,2231
PHKB,1048,612,1846,3295,3183,3821
PHKBP1,0,0,0,2,0,2
PHKG1,0,0,20,2,15,5
PHKG1P1,0,0,0,0,0,0
PHKG1P3,0,0,0,0,0,0
PHKG2,111,47,278,445,749,862
PHLDA1,432,218,1072,4393,4470,5194
PHLDA1-AS1,1,0,0,0,2,0
PHLDA2,1,7,24,9,119,166
PHLDA3,18,5,109,45,143,166
PHLDB1,212,64,759,978,2236,2592
PHLDB2,56,32,131,146,136,206
PHLDB3,15,1,96,18,36,57
PHLPP1,164,69,317,217,332,361
PHLPP2,256,92,386,1082,965,1234
PHOSPHO1,0,0,2,3,8,5
PHOSPHO2,63,15,134,146,99,147
PHOX2A,0,0,0,0,0,0
PHOX2B,0,0,0,0,0,0
PHPT1,89,30,1132,39,476,477
PHRF1,55,41,336,164,484,477
PHTF1,80,51,209,906,862,911
PHTF2,1375,625,2079,2718,2065,2561
PHYH,459,253,1429,409,615,558
PHYHD1,1,7,2,0,0,0
PHYHIP,0,0,0,0,0,0
PHYHIPL,0,0,0,2,1,1
PHYKPL,371,157,704,360,584,674
PI15,198,67,254,13630,8770,12542
PI16,0,0,0,0,0,0
PI3,0,0,0,0,1,0
PI4K2A,283,164,721,351,684,709
PI4K2B,499,231,1044,1138,1090,1138
PI4KA,912,471,2617,1310,3046,3613
PI4KB,973,466,2941,1262,3123,3333
PIANP,1,0,5,0,3,9
PIAS1,868,408,1323,1580,1251,1539
PIAS2,578,270,847,1096,833,908
PIAS3,755,381,2170,609,1285,1412
PIAS4,98,45,646,113,539,559
PIBF1,346,151,667,684,681,773
PICALM,3917,2383,6706,6147,5822,6771
PICART1,1,0,5,2,4,3
PICK1,143,32,567,148,772,925
PICSAR,0,0,0,0,0,0
PID1,0,0,3,57,64,77
PIDD1,21,2,151,16,196,210
PIERCE1,72,68,220,62,136,102
PIERCE2,125,66,201,102,86,91
PIEZO1,535,171,2356,1486,5067,6008
PIEZO1-AS1,0,0,0,0,0,0
PIEZO1P1,0,0,0,0,0,0
PIEZO2,0,0,0,0,0,1
PIF1,21,2,93,38,127,137
PIGA,804,411,1315,608,446,513
PIGB,181,81,459,312,431,424
PIGBOS1,38,55,126,24,41,33
PIGC,383,215,795,364,536,538
PIGF,115,90,218,205,180,193
PIGFP3,0,0,0,0,0,0
PIGG,389,185,946,889,1374,1594
PIGH,124,93,305,140,208,161
PIGK,441,237,1157,958,1012,1282
PIGL,39,20,150,197,335,376
PIGM,1192,671,2189,1606,1493,1812
PIGN,893,409,1457,2592,2319,2934
PIGO,503,180,1478,167,597,718
PIGO-AS1,2,0,2,0,0,1
PIGP,358,156,687,444,384,455
PIGPP4,0,0,0,0,0,0
PIGQ,91,24,475,102,580,588
PIGQP1,0,0,0,0,0,0
PIGR,0,0,0,0,0,0
PIGS,501,324,1758,760,2700,2821
PIGT,1472,855,4506,679,2650,2491
PIGU,483,197,1034,519,747,693
PIGUP1,0,0,0,0,0,0
PIGV,167,88,464,116,184,213
PIGW,343,234,749,467,488,412
PIGX,1332,744,2782,3392,4258,4147
PIGY,0,0,0,0,0,0
PIGY-DT,1,0,3,2,3,1
PIGZ,54,13,101,67,155,166
PIH1D1,121,29,714,184,756,704
PIH1D2,198,97,319,201,187,159
PIK3AP1,1,0,0,1,3,4
PIK3C2A,1728,697,2196,3266,2274,3213
PIK3C2B,637,302,1566,508,909,1219
PIK3C2G,7,0,7,65,33,61
PIK3C3,758,360,1041,1293,922,1202
PIK3CA,1444,776,2377,4470,3398,4205
PIK3CA-DT,1,2,6,2,3,2
PIK3CB,2136,1371,3652,3306,2691,3243
PIK3CD,1,0,13,20,56,71
PIK3CD-AS1,0,0,0,0,0,0
PIK3CD-AS2,0,0,0,0,0,0
PIK3CDP1,0,0,0,0,0,0
PIK3CG,0,0,0,0,0,0
PIK3IP1,18,10,69,75,189,180
PIK3IP1-DT,1,0,3,1,1,4
PIK3R1,1034,581,1571,14306,11265,13769
PIK3R2,0,0,2,7,12,11
PIK3R3,302,194,548,2857,3223,4069
PIK3R4,658,321,1014,822,720,880
PIK3R5,3,0,14,1,3,2
PIK3R6,0,0,0,0,0,0
PIKFYVE,551,222,749,1049,702,981
PILRA,8,0,14,6,3,6
PILRB,37,10,70,74,194,230
PIM1,20,4,47,30,59,65
PIM2,237,141,472,198,295,320
PIM3,81,104,353,52,140,160
PIMREG,35,6,142,46,153,128
PIN1,36,27,228,66,311,269
PIN1-DT,0,0,1,0,1,0
PIN4,395,213,723,777,1170,1031
PINCR,0,0,0,0,0,0
PINK1,80,28,338,174,739,833
PINK1-AS,99,39,164,104,187,153
PINLYP,0,0,1,2,2,2
PINX1,3,4.5,23,4,24.5,16.5
PIP,16221,9749,28341,357,944,847
PIP4K2A,246,187,481,437,511,596
PIP4K2B,1443,700,3108,3024,4306,5411
PIP4K2C,1183,579,1898,2511,3113,3405
PIP4P1,92,52,161,132,205,204
PIP4P2,0,0,0,0,1,2
PIP5K1A,2659,1388,4478,2422,2862,3387
PIP5K1B,7,3,9,1,4,5
PIP5K1C,45,6,297,75,416,480
PIP5KL1,5,1,33,3,13,18
PIPOX,1,0,9,7,6,8
PIR,22,15,72,427,736,724
PIRAT1,0,0,0,0,0,0
PIRT,0,0,0,0,0,0
PISD,160,82,653,170,925,1018
PISRT1,0,0,0,0,0,0
PITHD1,241,153,721,440,650,651
PITPNA,1528,833,2413,1887,2585,2848
PITPNA-AS1,34,34,143,16,36,40
PITPNB,874,483,1639,3311,2925,3151
PITPNC1,71,37,129,148,157,173
PITPNM1,22,11,347,81,527,695
PITPNM2,7,1,35,18,53,64
PITPNM2-AS1,0,0,0,0,0,0
PITPNM3,48,3,98,59,135,185
PITRM1,1330,664,2767,4540,5920,6763
PITRM1-AS1,1,0,2,1,2,3
PITX1,118,77,763,221,794,794
PITX1-AS1,82,29,95,98,190,231
PITX2,0,0,0,0,0,0
PITX3,0,0,0,0,0,0
PIWIL1,0,0,0,0,2,0
PIWIL2,5,0,0,1,3,0
PIWIL2-DT,0,0,0,0,0,0
PIWIL3,0,0,0,0,1,0
PIWIL4,1,0,1,4,4,4
PIWIL4-AS1,0,0,0,0,0,0
PJA1,96,50,290,248,602,660
PJA2,6028,2998,9855,5723,4424,5394
PJVK,29,29,60,45,60,58
PKD1,62,35,471,73,459,548
PKD1-AS1,0,0,0,0,0,0
PKD1L1,188,109,448,152,269,322
PKD1L1-AS1,0,0,0,0,0,0
PKD1L2,12,0,19,8,13,9
PKD1L3,0,0,0,0,0,0
PKD1P1,0,0,1,1,5,8
PKD1P2,0,0,3,1,4,1
PKD1P3,2,0,24,2,15,24
PKD1P4,2,0,23,0,10,13
PKD1P5,1,0,27,1,9,11
PKD1P6,20,1,72,26,67,79
PKD2,420,208,630,680,578,653
PKD2L1,0,0,0,0,1,1
PKD2L2,0,0,0,0,0,0
PKDCC,0,0,11,5,26,25
PKDREJ,0,0,0,1,0,0
PKHD1,2,0,5,132,107,145
PKHD1L1,4,3,1,14,3,15
PKIA,4,6,17,2,1,1
PKIA-AS1,0,0,0,0,0,0
PKIB,61,27,110,50,60,72
PKIG,38,31,300,13,115,134
PKLR,0,0,0,0,0,0
PKM,4225,2227,13408,10461,33000,33499
PKMP3,0,0,0,0,0,0
PKMYT1,16,22,145,29,105,104
PKN1,143,58,1247,88,878,945
PKN2,1146,616,1849,2072,1409,1857
PKN2-AS1,0,0,0,0,0,0
PKN3,12,13,173,12,96,116
PKNOX1,284,182,501,331,483,508
PKNOX2,0,0,0,8,12,11
PKNOX2-AS1,0,0,0,0,0,0
PKNOX2-DT,0,0,0,0,0,0
PKP1,0,0,0,0,0,0
PKP2,105,93,276,528,641,602
PKP3,25,26,331,39,505,602
PKP4,1935,1053,4253,2074,3122,3149
PKP4-AS1,1,0,0,0,0,2
PLA1A,0,0,0,2,1,3
PLA2G10,0,0,0,0,0,0
PLA2G10EP,0,0,0,0,0,0
PLA2G10FP,0,0,0,0,0,0
PLA2G10GP,0,0,0,0,0,0
PLA2G10HP,0,0,0,0,0,0
PLA2G10IP,0,0,0,0,0,0
PLA2G10JP,0,0,0,0,0,0
PLA2G10KP,0,0,0,0,0,0
PLA2G12A,1176,572,1839,1628,1422,1544
PLA2G12B,0,0,0,0,0,0
PLA2G15,36,25,248,113,504,518
PLA2G1B,0,0,0,0,0,0
PLA2G2A,0,0,0,0,0,0
PLA2G2C,0,0,2,0,0,0
PLA2G2D,0,0,0,0,0,0
PLA2G2E,0,0,0,0,0,0
PLA2G2F,0,0,0,0,0,0
PLA2G3,0,0,6,162,566,691
PLA2G4A,6,8,17,645,491,578
PLA2G4B,6,9,17,5,23,32
PLA2G4C,9,3,20,18,84,75
PLA2G4C-AS1,3,0,15,1,11,2
PLA2G4D,0,0,0,2,3,3
PLA2G4E,0,0,0,0,0,0
PLA2G4E-AS1,0,0,0,0,2,1
PLA2G4F,72,30,483,129,611,764
PLA2G5,0,0,0,0,0,0
PLA2G6,88,19,391,101,403,468
PLA2G7,2,12,5,37,37,25
PLA2R1,255,108,357,847,727,942
PLAA,803,465,1289,1778,1611,1647
PLAAT1,16,6,28,11,16,27
PLAAT2,2,3,25,2,2,9
PLAAT3,840,537,2013,610,840,1220
PLAAT4,54,27,212,53,149,154
PLAAT5,0,0,5,1,1,0
PLAC1,16,17,27,6,7,7
PLAC4,4,6,5,12,9,11
PLAC8,1,0,0,0,1,1
PLAC8L1,4,0,4,3,0,5
PLAC9,0,0,0,0,0,0
PLAG1,48,26,70,73,49,79
PLAGL1,1,0,1,2,2,3
PLAGL2,665,232,1117,835,1334,1542
PLAT,1,0,0,0,1,1
PLAU,0,0,1,19,35,40
PLAUR,2,0,6,25,52,39
PLB1,4,0,0,4,13,5
PLBD1,25,2,23,248,190,222
PLBD1-AS1,7,14,8,92,67,95
PLBD2,508,182,810,1788,2667,2673
PLCB1,927,558,1382,1440,1290,1740
PLCB1-IT1,0,0,0,0,0,0
PLCB2,1,0,7,2,14,9
PLCB3,169,94,818,219,1068,1186
PLCB4,731,409,1120,1234,1091,1242
PLCD1,19,9,179,18,69,97
PLCD3,150,87,770,150,854,945
PLCD4,7,0,25,270,343,471
PLCE1,913,580,1457,1125,1286,1284
PLCE1-AS1,0,0,0,0,0,1
PLCE1-AS2,0,0,0,0,0,0
PLCG1,363,104,1124,874,2684,2838
PLCG1-AS1,6,0,24,17,18,25
PLCG2,65,6,158,65,124,138
PLCH1,52,12,99,356,308,442
PLCH1-AS1,0,0,0,0,0,0
PLCH1-AS2,0,0,0,0,0,0
PLCH2,0,0,1,1,1,2
PLCL1,321,143,531,6,6,4
PLCL2,0,0,0,0,0,0
PLCXD1,285,114,773,306,907,895
PLCXD2,9,13,27,20,15,32
PLCXD3,1,0,0,0,0,0
PLCZ1,0,0,0,0,0,0
PLD1,124,59,191,715,707,698
PLD2,96,38,477,154,703,820
PLD3,373,211,1680,401,1379,1447
PLD4,0,0,0,0,0,0
PLD5,0,0,0,0,0,0
PLD6,73,31,199,20,42,42
PLEC,296,60,2377,365,2797,3685
PLEK,0,0,0,0,0,0
PLEK2,29,10,98,35,99,86
PLEKHA1,312,179,611,718,691,835
PLEKHA2,472,188,857,3026,2911,3631
PLEKHA3,333,123,485,414,417,364
PLEKHA4,101,29,336,304,348,434
PLEKHA5,198,141,281,743,597,649
PLEKHA6,1032,539,3316,858,2331,2565
PLEKHA7,175,64,578,326,755,819
PLEKHA8,608,225,961,726,573,668
PLEKHB1,12,7,27,11,28,33
PLEKHB2,437,267,1227,964,1554,1800
PLEKHB2P1,0,0,0,0,0,0
PLEKHD1,45,14,84,64,166,232
PLEKHF1,10,17,50,6,58,87
PLEKHF2,2498,1282,5138,1826,1834,1817
PLEKHG1,0,0,0,7,9,12
PLEKHG2,270,163,721,528,1441,1552
PLEKHG3,120,29,506,144,587,695
PLEKHG4,36,5,248,5,77,100
PLEKHG4B,221,96,629,520,1067,1175
PLEKHG5,22,14,104,51,210,272
PLEKHG6,15,2,137,24,141,203
PLEKHG7,0,0,1,0,0,0
PLEKHH1,718,278,1309,1069,1434,1629
PLEKHH2,46,45,59,695,630,636
PLEKHH3,68,32,702,355,1295,1659
PLEKHJ1,17,12,118,66,301,261
PLEKHM1,104,17,452,153,516,595
PLEKHM2,110,46,722,100,618,662
PLEKHM3,143,43,202,131,141,158
PLEKHN1,6,12,57,24,91,70
PLEKHO1,10,9,33,40,66,82
PLEKHO2,15,1,50,21,64,64
PLEKHS1,2,0,3,249,251,261
PLET1,0,0,0,1,1,0
PLG,0,0,0,0,0,0
PLGLB1,8,5,4,5,4,13
PLGLB2,2,0,1,2,2,1
PLGRKT,221,107,741,123,303,315
PLIN1,7,0,8,6,9,11
PLIN2,228,170,524,121,340,299
PLIN3,101,55,713,190,868,1067
PLIN4,8,0,81,2,16,21
PLIN5,70,38,175,29,62,82
PLK1,246,139,831,356,950,832
PLK2,3758,2012,6836,19246,17695,18458
PLK3,1,0,8,1,7,2
PLK4,218,108,376,309,243,268
PLK5,0,0,22,13,28,31
PLLP,26,20,32,9,12,15
PLN,2,0,1,0,2,2
PLOD1,278,119,1511,309,2312,2448
PLOD2,1728,755,3095,5321,4473,5005
PLOD3,111,42,733,121,530,551
PLP1,5,3,3,22,20,29
PLP2,795,406,2317,503,1596,1427
PLPBP,545,312,1064,969,1184,1206
PLPP1,94,84,181,257,273,273
PLPP2,144,45,918,136,626,698
PLPP3,47,3,94,101,121,119
PLPP4,4,0,13,82,152,155
PLPP5,1286,560,2754,1442,1980,2153
PLPP6,287,185,522,240,266,280
PLPP7,0,0,1,2,2,6
PLPPR1,0,0,2,1,0,4
PLPPR2,89,42,432,214,863,853
PLPPR3,15,3,145,5,28,42
PLPPR4,0,0,0,79,88,100
PLPPR5,0,0,0,0,1,0
PLPPR5-AS1,0,0,0,0,0,0
PLRG1,684,441,1241,1203,1229,1177
PLS1,1094,589,1819,2477,2329,2781
PLS1P1,0,0,0,0,0,0
PLS3,794,473,1453,7331,6112,7397
PLS3-AS1,4,2,13,8,10,10
PLSCR1,96,68,209,279,389,378
PLSCR2,2,0,2,2,1,2
PLSCR3,0,1,6,3,22,12
PLSCR4,0,0,3,53,43,48
PLSCR4P1,0,0,0,0,0,0
PLSCR5,0,0,0,0,0,0
PLSCR5-AS1,0,0,0,0,0,0
PLTP,8,6,36,0,8,14
PLVAP,0,0,0,2,0,5
PLXDC1,2,0,7,2,12,15
PLXDC2,362,188,509,1911,1842,2127
PLXNA1,51,29,476,282,1572,1869
PLXNA2,13,0,40,55,197,258
PLXNA3,268,96,1361,319,1021,1064
PLXNA4,0,0,0,0,1,2
PLXNB1,350,107,1593,426,1631,2040
PLXNB2,485,168,3523,1040,7311,8114
PLXNB3,8,6,221,21,259,379
PLXNC1,0,0,2,1,0,2
PLXND1,115,51,571,60,186,249
PM20D1,0,0,0,0,0,0
PM20D2,4,0,5,8,5,8
PMAIP1,34,6,119,83,86,78
PMCH,0,0,0,0,0,0
PMCHL2,0,0,0,0,0,0
PMEL,37,12,54,67,87,118
PMEPA1,13,5,30,2665,4964,5820
PMF1,58,35,107,38,70,73
PMF1-BGLAP,0,0,3,0,0,0
PMFBP1,0,0,0,0,0,1
PMIS2,0,0,0,0,0,0
PML,94,29,338,93,301,298
PMM1,32,7,234,45,257,273
PMM2,467,208,1278,729,1000,1045
PMP2,0,0,0,0,0,0
PMP22,0,3,6,58,148,117
PMPCA,534,253,2219,981,2263,2279
PMPCB,875,596,1731,1456,1666,1650
PMS1,413,241,925,541,507,467
PMS2,1270,613,2630,884,1038,1115
PMS2CL,70,49,191,63,88,100
PMS2P12,0,0,3,0,0,1
PMS2P14,0,0,0,0,0,0
PMVK,331,167,1513,175,680,621
PNCK,1,0,10,5,14,22
PNISR,3402,1286,4441,9946,7660,9480
PNKD,62,18,449,61,378,415
PNKP,70,20,320,149,586,632
PNLDC1,0,0,2,0,2,5
PNLIP,0,0,0,0,0,0
PNLIPRP1,0,0,0,0,0,0
PNLIPRP2,0,0,0,0,0,1
PNLIPRP3,0,0,0,0,0,0
PNMA1,622,347,2099,685,1529,1494
PNMA2,0,0,0,20,13,29
PNMA3,0,0,0,0,0,0
PNMA5,0,0,0,0,1,0
PNMA6A,0,0,0,0,0,0
PNMA6E,0,0,0,0,0,0
PNMA6F,0,0,0,0,0,0
PNMA8A,0,0,3,7,16,21
PNMA8B,0,0,0,0,0,0
PNMA8C,0,0,0,2,0,0
PNMT,0,0,0,0,0,0
PNN,2262,816,3844,5195,5621,5880
PNN-AS1,0,0,0,1,0,3
PNO1,193,134,489,345,392,398
PNOC,0,0,0,0,0,0
PNP,102,84,367,192,683,676
PNPLA1,0,1,1,0,4,6
PNPLA2,123,63,720,115,976,1037
PNPLA3,111,18,220,951,1424,1901
PNPLA4,24,9,87,45,74,107
PNPLA5,0,0,0,0,0,0
PNPLA6,15,2,195,44,275,361
PNPLA7,287,84,962,206,597,804
PNPLA8,654,372,1239,842,708,850
PNPO,673,386,1370,787,1660,1850
PNPT1,452,341,940,751,657,636
PNRC1,443,243,1067,729,874,986
PNRC1-DT,0,0,0,0,2,0
PNRC2,1417,670,2968,3122,3231,3686
POC1A,67,26,362,41,179,186
POC1B,538,287,1035,1079,973,1051
POC1B-GALNT4,1,0,2,0,0,0
POC5,146,53,293,285,285,275
PODN,0,0,0,0,0,0
PODNL1,0,0,0,1,1,6
PODXL,148,57,367,214,406,432
PODXL2,72,54,414,117,365,385
POF1B,60,21,112,358,329,337
POFUT1,1059,613,2602,1485,2876,3083
POFUT2,315,162,1220,587,1920,2249
POGK,2267,1041,4244,2081,2550,2856
POGLUT1,432,217,785,745,549,697
POGLUT2,176,124,335,239,287,276
POGLUT3,1202,703,2319,2829,2588,2806
POGZ,2572,890,3972,1957,2331,2603
POLA1,785,421,1426,1395,1195,1381
POLA2,19,24,28,24,53,60
POLB,302,166,1327,342,763,859
POLD1,8,1,147,16,223,221
POLD2,525,303,2999,439,2763,2545
POLD3,466,275,928,838,912,884
POLD4,26,0,172,15,97,115
POLDIP2,947,544,2573,1485,3142,3091
POLDIP3,747,391,2162,673,2240,2444
POLE,385,121,917,868,1826,2140
POLE2,46,51,107,219,226,200
POLE3,1101,498,2933,1354,1728,1717
POLE4,28,16,60,35,33,45
POLE4P1,0,0,0,0,0,0
POLG,222,123,1028,374,1117,1280
POLG2,707,222,1220,658,880,944
POLH,524,298,980,893,1239,1293
POLI,592,245,905,1173,893,1151
POLK,761,421,1041,1678,1034,1374
POLL,336,143,1283,386,1318,1386
POLM,137,69,554,101,422,437
POLN,1,0,6,11,12,13
POLQ,118,46,146,551,451,467
POLR1A,640,287,1222,892,1605,1762
POLR1B,510,213,978,732,689,724
POLR1C,422,196,756,521,723,757
POLR1D,612,478,2124,875,1594,1704
POLR1E,208,82,713,198,348,317
POLR1F,565,298,879,495,421,451
POLR1G,92,45,574,70,431,465
POLR1H,73,57,439,80,400,350
POLR1HASP,251,68,313,395,288,366
POLR2A,1998,870,3751,2559,5321,5615
POLR2B,1719,892,2885,5228,4318,4753
POLR2C,316,280,728,176,422,443
POLR2D,619,331,1409,932,1357,1298
POLR2DP2,0,0,0,0,0,0
POLR2E,173,64,979,216,1059,1055
POLR2F,48,41,485,44,370,366
POLR2G,929,612,2730,808,2299,2126
POLR2H,504,274,1888,1725,3717,3713
POLR2I,59,63,326,90,258,224
POLR2J,272,128,1498,409,1377,1451
POLR2J2,7,0,13,2,11,17
POLR2J3,15,0,16,8,18,28
POLR2J3-UPK3BL2,1,0,11,1,15,28
POLR2K,1045,650,1981,2327,2347,2365
POLR2L,52,33,530,94,775,678
POLR2LP1,0,0,0,0,0,0
POLR2M,671,317,1152,1161,1081,1222
POLR3A,824,314,1735,1446,2307,2614
POLR3B,409,225,684,455,468,477
POLR3C,451,345,865,484,508,558
POLR3D,262,149,586,239,436,481
POLR3DP1,0,0,0,0,2,0
POLR3E,362,155,849,341,789,831
POLR3F,216,130,611,340,350,352
POLR3G,65,39,86,138,133,126
POLR3GL,138,71,343,148,173,188
POLR3H,141,36,700,291,864,905
POLR3K,62,17,222,68,212,225
POLRMT,26,14,318,21,237,245
POLRMTP1,4,1,11,2,3,13
POM121,772,396,1665,541,1087,1358
POM121C,775,332,1600,495,1000,1289
POM121L12,0,0,0,0,0,0
POM121L13P,0,0,0,0,0,0
POM121L2,0,0,0,0,0,0
POM121L3P,0,0,0,0,0,0
POMC,0,0,0,0,0,0
POMGNT1,221,91,1054,314,1365,1460
POMGNT2,66,35,495,49,325,400
POMK,1226,612,1851,3297,3639,4510
POMP,493,383,1141,2373,2469,2166
POMPP1,0,0,0,0,0,0
POMT1,397,136,1464,863,1478,1673
POMT2,262,160,534,380,681,774
POMZP3,51,28,141,57,84,73
PON1,0,0,1,1,1,0
PON2,665,324,1081,1897,1689,1821
PON3,172,122,397,524,620,675
POP1,395,185,718,1015,1138,1273
POP4,141,98,330,342,434,418
POP5,105,73,378,275,436,441
POP7,28,14,114,18,49,69
POPDC1,0,0,0,0,0,0
POPDC2,6,0,3,3,12,20
POPDC3,0,0,0,4,1,1
POR,207,172,1661,439,1520,1570
PORCN,58,14,189,69,207,174
PORCN-DT,8,11,20,4,3,4
POSTN,0,0,0,0,0,0
POT1,538,411,1043,1093,858,901
POT1-AS1,12,0,12,11,11,12
POTEA,0,0,0,0,0,0
POTEB2,0,0,0,0,0,0
POTEB3,0,0,0,0,0,0
POTEC,0,0,0,0,0,0
POTED,0,0,0,0,0,1
POTEE,0,0,0,0,0,0
POTEF,0,0,0,0,0,0
POTEG,0,0,0,0,0,0
POTEH,0,0,0,0,0,0
POTEI,0,0,0,0,0,0
POTEJ,0,0,0,0,0,0
POTEM,0,0,0,0,0,0
POU1F1,0,0,0,0,0,0
POU2AF1,0,0,0,9,1,3
POU2AF2,0,0,0,0,0,0
POU2AF3,2,0,2,13,20,30
POU2F1,575,211,668,944,662,1019
POU2F1-DT,0,0,1,0,1,0
POU2F2,5,6,3,6,8,11
POU2F2-AS2,0,0,0,0,0,0
POU2F3,211,177,566,111,163,190
POU3F1,3,0,0,0,0,0
POU3F2,9,4,13,87,89,86
POU3F3,0,0,0,0,0,0
POU3F4,0,0,0,0,0,0
POU4F1,0,0,0,0,0,0
POU4F2,0,0,0,0,0,0
POU4F3,0,0,1,0,0,0
POU5F1,0,0,0,0,0,1
POU5F1B,2,0,3,26,26,30
POU5F1P3,0,0,0,0,0,0
POU5F1P4,0,0,0,0,0,0
POU5F1P6,0,0,1,1,3,0
POU5F2,2,0,2,0,2,2
POU6F1,11,15,44,38,78,81
POU6F2,358,128,619,345,365,465
POU6F2-AS1,0,0,0,0,0,0
PP12613,0,0,0,0,0,0
PP2D1,0,0,0,0,0,0
PPA1,486,312,1187,1479,1762,1548
PPA2,452,245,1156,765,869,787
PPAN,31,13,142,17,81,117
PPAN-P2RY11,0,0,0,0,0,0
PPARA,335,187,647,640,834,1100
PPARD,82,36,598,236,1102,1104
PPARG,0,0,0,44,47,63
PPARGC1A,289,163,460,61,42,71
PPARGC1B,282,127,403,72,90,131
PPAT,688,336,1401,1121,1074,1248
PPATP1,0,0,1,0,0,0
PPATP2,0,0,0,0,0,0
PPBP,0,0,0,0,0,0
PPCDC,50,37,236,47,197,192
PPCS,372,175,982,642,773,729
PPDPF,94,88,653,59,462,369
PPDPFL,0,0,0,0,0,0
PPEF1,0,0,0,7,4,6
PPEF2,0,0,0,0,0,0
PPFIA1,1194,643,2548,1430,1703,2215
PPFIA1P1,0,0,0,0,0,0
PPFIA2,0,0,2,0,1,1
PPFIA2-AS1,0,0,0,0,0,0
PPFIA3,247,79,998,707,1217,1486
PPFIA4,34,12,140,10,12,23
PPFIBP1,388,184,606,1297,1183,1555
PPFIBP2,74,61,188,335,703,704
PPHLN1,579,435,1256,2259,2273,2528
PPIA,16043,7809,57872,24100,72306,72010
PPIAL4A,0,0,0,0,0,0
PPIAL4E,0,0,0,0,0,0
PPIAL4F,0,0,0,0,0,0
PPIAL4G,0,0,0,0,0,0
PPIAL4H,0,0,0,0,0,0
PPIAP10,0,0,0,0,0,0
PPIAP17,0,0,0,0,0,0
PPIAP20,0,0,0,0,0,0
PPIAP26,0,0,0,0,0,0
PPIAP27,0,0,0,0,0,0
PPIAP28,0,0,0,0,0,0
PPIAP30,0,0,1,0,0,0
PPIAP36,0,0,0,0,0,0
PPIAP37,0,0,0,0,0,0
PPIAP38,0,0,0,0,0,0
PPIAP39,0,0,0,0,0,0
PPIAP41,3,0,0,0,3,3
PPIAP44,0,0,0,0,0,0
PPIAP45,0,0,0,0,0,0
PPIAP46,0,0,0,0,0,0
PPIAP48,0,0,0,0,0,0
PPIAP49,0,0,0,0,0,0
PPIAP50,0,0,0,0,0,0
PPIAP51,0,0,0,0,0,0
PPIAP52,0,0,0,0,0,0
PPIAP57,0,0,0,0,0,0
PPIAP58,0,0,0,0,0,0
PPIAP63,0,0,0,0,0,0
PPIAP64,0,0,0,0,0,0
PPIAP65,0,0,0,0,0,0
PPIAP67,0,0,0,0,0,0
PPIAP68,0,0,0,0,0,0
PPIAP69,0,0,0,0,0,0
PPIAP75,0,0,0,0,0,1
PPIAP76,0,0,0,0,0,0
PPIAP83,0,0,0,0,0,0
PPIAP84,0,0,0,0,0,0
PPIAP86,0,0,0,0,0,0
PPIAP88,0,0,0,0,0,0
PPIAP90,0,0,0,0,0,0
PPIAP91,0,0,0,0,0,0
PPIAP93,0,0,0,0,0,0
PPIB,1881,1389,14869,1819,6081,6395
PPIC,539,380,1114,678,905,930
PPID,460,278,1113,881,1053,1029
PPIE,474,335,1014,610,861,858
PPIF,263,123,958,1037,2535,2473
PPIG,1384,806,2598,3134,2533,2776
PPIGP1,0,0,0,0,0,0
PPIH,485,243,984,726,960,903
PPIL1,694,367,1382,1061,1528,1621
PPIL2,538,220,1906,874,2453,2823
PPIL3,433,243,863,816,721,757
PPIL4,574,351,1428,1390,1297,1487
PPIL6,45,24,109,50,58,48
PPIP5K1,682,283,1672,478,997,1096
PPIP5K2,1353,782,2052,1934,1296,1816
PPL,130,45,556,201,582,637
PPM1A,1610,845,2925,2470,2425,2603
PPM1AP1,0,0,0,0,0,0
PPM1B,248,157,498,365,347,346
PPM1D,180,131,317,436,412,399
PPM1E,10,10,22,58,43,43
PPM1F,56,24,205,164,380,429
PPM1G,763,362,2241,1561,3620,3381
PPM1H,1200,824,2142,4755,4719,6074
PPM1J,116,46,566,22,129,135
PPM1K,1302,615,2472,1205,1105,1283
PPM1K-DT,3,5,5,0,2,0
PPM1L,1020,399,1305,1011,818,1191
PPM1M,71,27,249,25,77,107
PPM1N,13,9,43,24,66,87
PPME1,668,403,1790,844,1531,1453
PPOX,120,48,461,104,338,375
PPP1CA,567,424,3433,711,3018,2886
PPP1CB,2210,1148,4344,3849,3843,4237
PPP1CC,2345,1176,4026,7936,6979,7234
PPP1R10,1402,658,2465,2566,4691,5227
PPP1R10P1,0,0,0,0,0,0
PPP1R11,927,389,2411,1568,2512,2676
PPP1R11P2,0,3,0,2,0,2
PPP1R12A,1198,522,1893,2895,1915,2565
PPP1R12B,546,285,799,534,478,568
PPP1R12BP1,0,0,0,0,0,0
PPP1R12BP2,0,0,0,0,0,0
PPP1R12C,25,12,246,42,317,374
PPP1R13B,412,168,923,591,906,906
PPP1R13B-DT,2,0,3,0,1,3
PPP1R13L,363,111,1024,470,895,932
PPP1R14A,0,0,0,0,0,0
PPP1R14B,128,64,749,60,567,502
PPP1R14B-AS1,2,2,7,1,11,6
PPP1R14C,1,0,0,2,3,8
PPP1R14D,5,7,2,1,1,4
PPP1R15A,381,119,1288,89,286,223
PPP1R15B,3106,1731,5916,2728,2558,3023
PPP1R16A,33,10,449,47,600,585
PPP1R16B,0,0,0,0,0,0
PPP1R17,0,0,0,0,0,0
PPP1R18,147,66,643,477,1557,1769
PPP1R1A,0,0,3,64,197,168
PPP1R1AP1,0,0,0,0,0,0
PPP1R1B,0,0,0,11,52,65
PPP1R1C,0,0,4,12,12,15
PPP1R2,2716,1613,4839,4880,4152,4291
PPP1R21,337,170,491,455,489,531
PPP1R26,113,65,614,155,468,551
PPP1R26-AS1,49,55,150,62,97,116
PPP1R26P1,0,0,0,0,0,0
PPP1R26P2,0,0,0,0,0,0
PPP1R27,0,0,0,0,0,0
PPP1R2B,16,30,13,14,7,6
PPP1R2C,0,0,0,0,0,0
PPP1R35,4,3,62,4,56,61
PPP1R36,1,0,0,1,3,1
PPP1R37,39,19,420,59,367,467
PPP1R3A,0,0,0,0,0,0
PPP1R3B,166,134,540,265,354,453
PPP1R3C,9,0,30,24,21,17
PPP1R3D,472,202,1058,594,785,860
PPP1R3E,170,80,267,181,206,262
PPP1R3F,25,12,56,16,47,57
PPP1R3G,0,0,0,0,0,0
PPP1R42,9,7,16,11,13,24
PPP1R7,503,299,1683,802,1845,1710
PPP1R8,663,446,1738,808,1130,1188
PPP1R8P1,0,0,0,2,1,2
PPP1R9A,165,37,195,451,306,386
PPP1R9A-AS1,0,0,0,0,0,0
PPP1R9B,610,206,2105,631,2289,2425
PPP2CA,1252,740,2304,1795,2057,1957
PPP2CB,422,162,968,878,1346,1399
PPP2R1A,352,165,1682,408,2518,2621
PPP2R1B,593,192,1020,1022,1206,1270
PPP2R2A,571,388,1106,2138,2016,1955
PPP2R2B,0,0,0,0,1,0
PPP2R2B-IT1,0,0,0,0,0,0
PPP2R2C,220,190,672,1414,3234,3526
PPP2R2D,126,99,357,301,384,417
PPP2R3A,647,286,1034,1103,862,1129
PPP2R3B,17,1,86,11,55,67
PPP2R3C,135,95,466,188,305,278
PPP2R5A,1274,804,2124,1068,1076,1108
PPP2R5B,69,34,283,119,344,363
PPP2R5C,1916,1188,3618,3094,3430,3968
PPP2R5CP,1,0,2,1,2,0
PPP2R5D,634,283,1242,1015,2043,1972
PPP2R5E,1609,759,2929,3218,2602,2863
PPP3CA,1392,957,2099,4480,3752,4285
PPP3CB,1277,674,2440,2040,1989,2127
PPP3CB-AS1,216,91,308,148,117,140
PPP3CC,83,18,201,141,157,154
PPP3R1,917,570,1726,1117,1123,1046
PPP3R2,0,0,0,0,0,0
PPP4C,177,148,1121,134,973,897
PPP4R1,359,174,715,1053,1150,1181
PPP4R1-AS1,0,0,0,0,0,1
PPP4R2,1121,661,2079,1746,1318,1686
PPP4R3A,1682,752,3244,2538,2227,2444
PPP4R3B,2223,1335,3732,3234,2594,2978
PPP4R3C,8,0,6,2,3,0
PPP4R4,1964,881,2975,1425,1190,1444
PPP5C,185,120,794,405,1060,1111
PPP6C,2151,1061,3488,2318,2292,2476
PPP6R1,110,47,824,222,1072,1178
PPP6R2,131,40,543,328,948,965
PPP6R3,3277,1702,5296,5185,4821,5670
PPRC1,565,238,1770,392,1401,1383
PPT1,5778,3043,10700,7996,9155,8602
PPT2,73,14,77,76,144,212
PPT2-EGFL8,1,0,3,11,20,27
PPTC7,555,296,996,904,702,793
PPWD1,603,309,1195,1149,1065,1387
PPY,0,0,0,0,0,0
PQBP1,135,67,1413,154,1223,1150
PRAC1,0,0,0,0,0,0
PRAC2,0,0,0,0,0,0
PRADC1,18,7,77,8,64,47
PRADX,0,0,0,1,9,10
PRAF2,31,8,182,11,81,112
PRAG1,248,90,1097,28,136,173
PRAM1,2,0,0,2,1,2
PRAME,111,115,382,1154,2111,2524
PRAMEF1,0,0,0,0,0,0
PRAMEF10,0,0,0,0,0,0
PRAMEF11,0,0,0,0,0,0
PRAMEF12,0,0,0,0,2,0
PRAMEF13,0,0,0,0,0,0
PRAMEF14,0,0,0,0,0,0
PRAMEF15,0,0,0,0,0,0
PRAMEF17,0,0,0,0,0,0
PRAMEF18,0,0,0,0,0,0
PRAMEF19,0,0,0,0,0,0
PRAMEF2,0,0,0,0,0,1
PRAMEF20,0,0,0,0,0,0
PRAMEF25,0,0,0,0,0,0
PRAMEF26,0,0,0,0,0,0
PRAMEF27,0,0,0,0,0,0
PRAMEF28P,0,0,0,0,0,0
PRAMEF31P,0,0,0,0,0,0
PRAMEF33,0,0,0,0,0,0
PRAMEF35P,0,0,0,0,0,0
PRAMEF4,0,0,0,0,0,0
PRAMEF5,0,0,0,0,0,0
PRAMEF6,0,0,0,0,0,0
PRAMEF7,0,0,0,0,0,0
PRAMEF8,0,0,0,0,0,0
PRAMEF9,0,0,0,0,0,0
PRANCR,18,4,43,22,28,47
PRAP1,0,0,0,0,0,0
PRB1,0,0,0,0,0,0
PRB2,0,0,0,0,0,0
PRB3,0,0,0,0,3,5
PRB4,0,0,0,0,0,0
PRC1,12,14,64,19,37,55
PRC1-AS1,29,14,17,18,3,8
PRCC,431,233,1283,488,1365,1338
PRCD,0,0,0,0,1,0
PRCP,5288,2942,11923,2622,3462,3530
PRCPP1,0,0,0,0,0,0
PRDM1,2,13,12,145,159,211
PRDM10,172,104,297,307,317,444
PRDM11,41,31,133,109,239,316
PRDM12,0,0,5,1,2,3
PRDM13,0,0,0,0,0,0
PRDM14,0,0,0,0,0,0
PRDM15,166,46,345,188,429,443
PRDM16,0,0,2,0,0,2
PRDM16-DT,0,0,0,0,0,0
PRDM2,675,324,980,903,1012,1361
PRDM4,581,262,934,765,748,864
PRDM4-AS1,0,0,0,0,3,0
PRDM5,100,57,146,147,145,211
PRDM6,74,61,142,12,11,20
PRDM7,0,0,0,0,0,0
PRDM8,0,0,1,1,0,3
PRDM9,1,3,0,0,0,0
PRDX1,3112,2206,6014,11232,10989,11508
PRDX2,177,100,2270,200,2315,2555
PRDX3,653,463,1952,1783,3294,3805
PRDX3P3,0,0,0,0,0,0
PRDX4,393,262,1142,505,854,762
PRDX5,321,186,3613,253,2367,2508
PRDX5P1,0,0,0,0,0,0
PRDX6,1428,956,5198,2894,5130,5344
PRDX6-AS1,34,16,69,14,16,18
PREB,160,123,905,118,575,585
PRECSIT,1,0,4,10,13,13
PRELID1,248,131,927,311,1154,1006
PRELID1P7,0,0,0,0,0,0
PRELID2,529,246,964,350,352,317
PRELID3A,34,18,94,51,68,59
PRELID3B,4108,2347,7181,5060,5799,6246
PRELID3BP11,0,0,0,0,0,0
PRELID3BP2,0,0,0,0,0,0
PRELID3BP4,0,0,0,0,0,0
PRELID3BP5,0,0,0,0,0,0
PRELID3BP8,0,0,0,0,0,0
PRELP,0,0,0,1,7,11
PREP,275,124,571,822,971,929
PREPL,3127,1626,5113,3684,3270,3940
PREX1,2784,1186,14542,428,1856,1881
PREX2,0,0,0,0,0,0
PRF1,0,0,0,0,0,0
PRG2,0,0,0,0,0,0
PRG3,0,0,0,0,0,0
PRG4,0,0,0,64,81,107
PRH1,3,0,1.5,6,2,7
PRH1-PRR4,0,0,0,0,0,0
PRH2,0,0,0,0,0,0
PRICKLE1,5,25,18,41,33,39
PRICKLE2,65,59,88,475,477,572
PRICKLE2-AS1,0,0,0,1,0,0
PRICKLE2-AS3,1,0,4,0,0,1
PRICKLE2-DT,0,0,0,0,0,0
PRICKLE3,65,44,324,68,241,212
PRICKLE4,2,0,5,7,9,14
PRIM1,273,219,738,749,872,819
PRIM2,345,161,626,689,782,750
PRIM2BP,0,0,0,0,0,0
PRIMA1,0,0,1,8,7,9
PRIMPOL,117,44,497,131,225,241
PRKAA1,1811,1009,2841,3434,2945,3817
PRKAA2,423,239,515,792,533,708
PRKAB1,257,141,547,219,444,460
PRKAB2,686,273,1232,1131,902,1075
PRKACA,678,343,1361,1035,2531,2625
PRKACB,519,233,718,767,560,740
PRKACG,0,0,0,0,0,0
PRKAG1,21,8,35,64,58,64
PRKAG2,119,54,270,301,308,308
PRKAG2-AS2,0,0,0,0,0,0
PRKAG3,0,0,0,0,0,0
PRKAR1A,4342,2116,7166,12130,9981,11790
PRKAR1AP1,0,0,0,0,1,0
PRKAR1B,12,16,111,20,75,65
PRKAR1B-AS1,0,0,0,0,0,0
PRKAR1B-AS2,0,0,0,0,0,0
PRKAR2A,2672,1294,3580,2043,1945,2231
PRKAR2A-AS1,86,52,229,31,65,89
PRKAR2B,28,27,59,310,261,348
PRKCA,6,0,24,175,219,254
PRKCB,0,0,2,0,1,0
PRKCD,105,49,332,176,439,526
PRKCE,468,305,1085,144,213,282
PRKCG,0,1,8,22,74,65
PRKCH,419,250,767,397,456,482
PRKCH-AS1,34,4,31,44,23,36
PRKCI,2856,1550,4918,8892,7356,8303
PRKCQ,0,0,0,0,0,0
PRKCQ-AS1,0,1,0,0,0,0
PRKCSH,1156,499,8354,980,6682,6461
PRKCZ,209,117,952,122,480,498
PRKCZ-AS1,3,5,8,3,9,9
PRKCZ-DT,0,0,2,0,1,0
PRKD1,0,0,0,0,0,0
PRKD2,79,43,497,174,907,910
PRKD3,493,288,738,1231,892,1109
PRKDC,3339,1571,5121,8349,6838,8644
PRKG1,2,0,2,502,325,410
PRKG2,31,5,70,67,47,74
PRKG2-AS1,0,0,0,0,0,0
PRKN,7,0,21,40,59,91
PRKRA,425,269,764,620,644,579
PRKRIP1,65,40,425,141,503,538
PRKX,101,61,152,455,513,516
PRKX-AS1,0,0,0,0,0,0
PRL,0,0,0,1,0,0
PRLH,0,0,0,0,0,0
PRLHR,0,0,0,0,0,0
PRLR,96880,44490,112184,81653,51034,82815
PRM1,0,0,0,0,0,0
PRM2,0,0,0,0,0,0
PRM3,0,0,0,0,0,0
PRMT1,270,85,1606,228,1646,1688
PRMT2,604,324,2293,1142,2507,2976
PRMT3,460,213,828,474,437,437
PRMT5,434,220,1020,755,1029,1111
PRMT5-AS1,0,0,0,0,0,0
PRMT5-DT,5,8,8,11,7,5
PRMT6,246,134,554,476,591,538
PRMT7,135,35,447,266,599,587
PRMT8,0,0,0,0,0,0
PRMT9,127,83,222,271,244,228
PRNCR1,2,0,4,1,0,0
PRND,0,0,0,0,0,1
PRNP,1002,524,2086,2074,2741,2931
PRNT,0,0,0,0,0,0
PRO1804,0,0,0,0,0,1
PROB1,2,0,15,1,7,4
PROC,0,0,0,0,4,5
PROCA1,175,36,553,133,163,219
PROCR,7,0,9,205,854,781
PRODH,4,0,25,0,20,17
PRODH2,0,0,0,0,0,0
PRODHLP,0,0,0,0,2,1
PROK1,0,0,0,0,0,1
PROK2,0,0,0,1,0,2
PROKR1,0,0,0,0,0,0
PROKR2,0,0,0,0,0,0
PROM1,18,2,23,78,73,72
PROM2,213,90,930,1283,4347,5185
PROP1,0,0,0,0,0,0
PRORP,178,88,288,277,303,307
PROS1,3,0,0,154,160,210
PROSER1,1597,843,2047,1684,2002,2164
PROSER2,64,28,183,89,160,166
PROSER2-AS1,3,4,8,3,6,3
PROSER3,178,67,512,187,569,576
PROX1,0,0,0,9,3,8
PROX1-AS1,0,0,0,0,0,0
PROX2,0,0,0,0,0,0
PROZ,0,0,0,0,1,0
PRP4K,1866,936,3170,5826,4355,5797
PRPF18,226,115,632,555,915,977
PRPF19,1223,746,4406,894,3043,2968
PRPF19P1,0,0,0,0,0,0
PRPF3,984,532,1718,1329,1531,1590
PRPF31,278,165,952,766,1986,1981
PRPF38A,891,600,1770,1163,1182,1145
PRPF38AP2,0,0,0,0,0,0
PRPF38B,822,312,1358,1949,1705,1801
PRPF39,664,300,1329,1937,1681,1908
PRPF39-DT,0,0,0,0,2,0
PRPF4,737,330,2048,932,1734,1860
PRPF40A,2154,929,3616,4289,3524,3946
PRPF40B,193,87,873,201,770,795
PRPF6,646,280,2975,963,2862,2854
PRPF8,3675,1805,7861,5024,8611,9614
PRPH,3,0,13,4,6,10
PRPH2,0,0,0,0,0,0
PRPS1,325,211,618,902,1244,1356
PRPS1L1,0,0,0,0,0,0
PRPS1P1,0,0,0,0,0,0
PRPS2,612,377,1081,1256,1419,1375
PRPSAP1,252,177,746,506,717,780
PRPSAP2,760,521,1659,723,705,790
PRR11,1047,704,1706,2121,2438,2210
PRR11P1,0,0,0,0,0,0
PRR12,71,21,454,80,442,513
PRR13,307,224,806,733,1366,1356
PRR14,178,38,962,171,725,809
PRR14L,1097,568,1469,1938,1774,2103
PRR15,70,28,268,32,67,73
PRR15L,348,326,1239,178,590,590
PRR16,0,0,2,9,3,15
PRR18,1,0,3,2,6,0
PRR19,0,0,6,5,11,10
PRR20A,0,0,0,0,0,0
PRR20B,0,0,0,0,0,0
PRR20C,0,0,0,0,0,0
PRR20D,0,0,0,0,0,0
PRR20E,0,0,0,0,0,0
PRR20FP,0,0,0,0,0,0
PRR20G,0,0,0,0,0,0
PRR22,0,0,9,1,5,3
PRR23A,0,0,0,0,0,0
PRR23B,0,0,0,0,0,0
PRR23C,0,0,0,0,0,0
PRR23D1,0,0,0,0,0,0
PRR23E,0,0,0,0,0,0
PRR27,0,0,0,0,0,0
PRR29,0,1,34,3,22,18
PRR29-AS1,0,0,1,0,1,1
PRR3,138,83,328,277,533,493
PRR30,0,0,0,0,0,0
PRR32,0,0,0,0,0,0
PRR33,0,0,0,0,0,0
PRR35,0,0,0,0,0,0
PRR36,149,49,460,199,1187,1034
PRR5,8,0,26,9,86,93
PRR5-ARHGAP8,11,0,10,51,33,74
PRR5L,1,0,13,14,15,17
PRR7,3,0,16,3,15,9
PRR9,0,0,0,0,0,0
PRRC1,3204,1733,4992,3256,3114,3710
PRRC2A,2120,881,10390,4216,21627,25622
PRRC2B,2149,946,8159,2100,6997,9297
PRRC2C,5786,2490,6232,8002,6114,8157
PRRG1,3,0,0,3,1,4
PRRG2,176,106,462,266,600,707
PRRG3,0,2,0,0,0,0
PRRG4,1053,550,2007,1585,1680,1730
PRRT1,5,0,24,13,39,37
PRRT1B,36,6,139,3,45,37
PRRT2,69,28,287,73,369,376
PRRT3,39,15,305,63,529,519
PRRT3-AS1,2,1,0,2,4,2
PRRT4,0,0,0,4,8,4
PRRX1,0,0,0,4,4,5
PRRX2,0,0,1,0,1,2
PRRX2-AS1,0,0,0,0,0,0
PRSS1,0,0,0,0,0,2
PRSS12,0,0,0,0,0,0
PRSS16,148,68,344,324,461,503
PRSS2,0,0,0,0,0,0
PRSS21,0,0,4,0,0,0
PRSS22,56,12,392,141,378,461
PRSS23,38,4,70,549,755,645
PRSS27,25,18,135,0,30,32
PRSS3,0,0,2,0,0,0
PRSS33,0,0,0,0,1,0
PRSS35,0,0,0,4,1,8
PRSS36,0,0,5,0,1,6
PRSS37,0,0,0,0,0,0
PRSS38,0,0,0,0,0,0
PRSS3P1,0,0,0,0,0,0
PRSS3P4,0,0,0,0,0,0
PRSS41,0,0,0,0,0,0
PRSS47P,0,0,0,0,0,0
PRSS48,0,0,0,0,0,0
PRSS50,0,0,0,0,0,0
PRSS51,0,0,1,33,63,89
PRSS52P,0,0,0,0,0,0
PRSS53,16,0,37,23,84,64
PRSS54,0,0,0,0,0,0
PRSS55,0,0,0,0,0,0
PRSS56,0,0,5,0,0,0
PRSS57,0,0,0,0,0,0
PRSS58,0,0,0,0,0,0
PRSS59P,0,0,0,0,0,0
PRSS8,143,73,1341,215,2290,2548
PRTFDC1,10,0,6,9,5,6
PRTG,8,11,14,101,46,63
PRTN3,4,0,2,0,1,1
PRUNE1,1188,616,2348,776,1230,1406
PRUNE2,0,0,0,0,0,1
PRX,28,10,169,40,163,176
PRXL2A,764,444,2542,4207,8007,9038
PRXL2AP1,0,0,0,0,0,0
PRXL2B,26,4,82,42,165,162
PRXL2C,62,40,139,80,63,72
PRY,0,0,0,0,0,0
PRY2,0,0,0,0,0,0
PRYP1,0,0,0,0,0,0
PRYP2,0,0,0,0,0,0
PRYP3,0,0,0,0,0,0
PRYP4,0,0,0,0,0,0
PSAP,2438,1456,10990,3976,12455,13604
PSAPL1,0,0,0,0,0,0
PSAT1,1096,614,2603,1094,1405,1437
PSAT1P3,0,0,0,0,0,0
PSCA,0,0,7,2,5,13
PSD,4,4,32,3,21,43
PSD2,0,0,2,0,1,2
PSD3,5,0,9,22,15,29
PSD4,187,117,753,181,604,726
PSEN1,1829,999,3797,2783,3066,3686
PSEN2,6.5,0,19.5,8,9,17
PSENEN,100,55,259,77,167,197
PSG1,0,1,0,3,4,0
PSG11,0,0,0,0,0,0
PSG2,0,0,0,0,0,0
PSG3,0,0,0,0,0,1
PSG4,0,0,1,0,0,0
PSG5,0,0,0,0,0,0
PSG6,0,0,0,0,3,0
PSG7,0,0,0,0,0,0
PSG8,0,0,0,0,0,0
PSG8-AS1,0,0,0,0,0,0
PSG9,55,12,98,19,31,17
PSIP1,1273,809,2597,2109,1814,1837
PSKH1,83,27,590,68,524,612
PSKH2,0,0,0,0,0,0
PSMA1,77,25,146,461,423,436
PSMA2,28,21,36,194,152,187
PSMA2P3,0,0,0,0,0,0
PSMA3,972,491,2138,2895,3199,3258
PSMA3-AS1,988,423,1611,1382,1126,1329
PSMA4,2244,1596,3248,5973,5728,5170
PSMA5,655,580,1660,1307,2461,2412
PSMA5P1,0,0,0,0,0,0
PSMA6,129,20,540,376,644,792
PSMA6P3,0,0,0,0,0,0
PSMA7,241,250,1080,469,1627,1545
PSMA8,0,0,0,0,0,0
PSMB1,502,433,2212,2232,5657,5846
PSMB10,4,2,53,9,49,47
PSMB11,0,0,0,0,0,0
PSMB2,805,694,1983,1388,2800,2947
PSMB3,260,152,1351,635,1935,1959
PSMB3P1,0,0,0,0,0,0
PSMB3P2,0,0,0,0,0,0
PSMB4,659,381,3215,944,3975,3794
PSMB5,153,70,724,287,1412,1575
PSMB6,190,120,1504,262,1754,1814
PSMB7,2050,1306,4791,2988,4418,4223
PSMB8,80,41,268,122,430,388
PSMB8-AS1,6,0,8,7,6,11
PSMB9,9,0,19,12,26,34
PSMC1,2473,1602,4788,7528,8842,8481
PSMC1P1,9,4,10,14,21,25
PSMC1P10,0,0,2,0,0,0
PSMC1P11,0,0,0,0,0,0
PSMC1P12,0,0,0,0,0,0
PSMC1P2,0,0,0,0,0,0
PSMC1P3,0,0,0,0,0,0
PSMC1P4,0,0,0,0,0,0
PSMC1P5,0,0,0,0,0,0
PSMC1P6,0,0,0,0,0,0
PSMC1P7,0,0,0,1,0,0
PSMC1P8,0,0,0,0,0,0
PSMC1P9,0,0,0,1,0,2
PSMC2,801,503,1997,3180,3674,3839
PSMC2P1,2,0,5,11,10,11
PSMC2P2,0,0,0,0,0,0
PSMC3,1142,790,4005,1319,4721,4105
PSMC3IP,41,11,174,141,267,281
PSMC3P1,0,0,0,0,0,0
PSMC4,350,177,1552,473,1902,1861
PSMC5,1224,660,4286,2341,6354,6347
PSMC6,1966,941,4649,7559,6542,7111
PSMC6P2,0,0,0,0,0,0
PSMD1,929,582,1712,4512,4221,4346
PSMD10,338,245,496,681,709,737
PSMD10P3,0,0,0,0,0,0
PSMD11,1435,862,3138,4708,7393,7610
PSMD12,878,635,1805,4182,4072,3850
PSMD12P1,0,0,0,0,0,0
PSMD13,406,269,1570,1029,2267,2328
PSMD14,410,219,1261,1474,2426,2455
PSMD2,2927,1529,6254,9998,20479,20772
PSMD2P1,3,0,2,0,4,3
PSMD3,430,302,1763,814,2699,2640
PSMD4,1780,1047,4348,1671,4466,4114
PSMD5,1791,899,3153,2396,2446,2529
PSMD6,337,175,749,722,775,703
PSMD6-AS2,33,0,8,30,9,24
PSMD7,412,254,1310,1632,2617,2454
PSMD7-DT,1,0,8,9,3,11
PSMD8,407,255,1412,570,1749,1628
PSMD8P1,0,0,0,1,0,0
PSMD9,21,11,50,41,71,72
PSME1,226,172,1202,755,2173,2134
PSME2,154,74,659,562,1133,1163
PSME2P1,0,0,0,0,0,0
PSME2P2,0,0,0,0,0,0
PSME2P3,0,0,0,0,0,0
PSME2P4,0,0,0,0,0,0
PSME2P5,0,0,0,0,0,0
PSME2P6,0,0,0,0,0,0
PSME3,1657,976,2586,3130,3562,3495
PSME3IP1,1097,565,2248,2829,3499,3454
PSME4,1382,674,2003,6488,5318,5733
PSMF1,968,463,3594,871,2626,2502
PSMG1,340,265,659,463,529,489
PSMG2,187,60,505,235,365,329
PSMG3,42,23,362,42,184,172
PSMG3-AS1,16,8,59,21,61,64
PSMG3P2,0,0,0,0,0,0
PSMG4,52,44,149,78,103,143
PSORS1C1,1,0,2,42,49,82
PSORS1C2,0,0,2,1,1,4
PSPC1,591,411,1128,1656,1702,1927
PSPC1P1,0,5,4,1,0,3
PSPC1P2,0,0,0,0,0,0
PSPH,302,173,889,428,808,779
PSPHP1,0,0,0,0,0,0
PSPN,24,23,106,40,142,159
PSRC1,42,24,149,113,276,222
PSTK,30,6,48,44,48,48
PSTPIP1,0,0,0,0,0,0
PSTPIP2,452,190,781,941,1233,1239
PTAFR,0,0,3,22,66,66
PTAR1,866,362,1042,918,528,906
PTBP1,939,491,3728,1513,4266,4718
PTBP2,192,71,276,397,302,324
PTBP3,6168,3045,11767,7576,6178,7027
PTCD1,25,10,65,17,27,31
PTCD2,476,168,895,481,539,657
PTCD2P1,0,0,0,0,0,0
PTCD2P2,0,0,0,0,0,0
PTCD3,643,357,1107,1527,1377,1459
PTCH1,35,4,46,58,69,114
PTCH2,0,0,3,4,1,4
PTCHD1,9,13,24,72,76,99
PTCHD3,3,0,1,5,1,3
PTCHD4,0,0,1,9,21,15
PTCRA,0,0,0,0,0,0
PTCSC1,0,0,0,0,0,0
PTCSC2,0,0,0,0,1,3
PTCSC3,0,0,0,0,0,0
PTDSS1,891,561,1994,1305,1939,1961
PTDSS2,44,22,222,115,323,334
PTEN,3927,2128,6161,9704,7906,8809
PTENP1-AS,0,0,0,3,1,0
PTER,342,165,592,1081,1104,1361
PTF1A,0,0,0,0,0,0
PTGDR,0,0,0,0,0,0
PTGDR2,0,0,1,1,2,0
PTGDS,0,0,5,0,21,12
PTGER1,0,0,0,0,0,0
PTGER2,1,0,6,4,9,3
PTGER3,2241,1101,4003,2762,2156,2290
PTGER4,143,62,382,88,135,120
PTGER4P2-CDK2AP2P2,0,0,1,0,3,3
PTGES,716,384,2317,1312,2881,2939
PTGES2,72,54,528,95,416,403
PTGES2-AS1,0,0,5,2,0,2
PTGES3,3541,2060,8408,8650,10157,9151
PTGES3L,6,14,12,7,4,3
PTGES3L-AARSD1,0,0,0,0,0,0
PTGES3P4,0,0,0,0,1,1
PTGES3P5,0,0,0,0,0,0
PTGFR,0,0,0,0,0,0
PTGFRN,1477,808,3494,6833,11763,13685
PTGIR,0,0,0,0,0,0
PTGIS,0,0,0,1,9,2
PTGR1,1079,529,2312,1246,1748,1930
PTGR2,673,321,1282,1160,1122,1104
PTGR3,591,294,1121,1108,1071,1185
PTGS1,3,0,2,547,689,1282
PTGS2,1,0,0,96,84,99
PTH,0,0,0,0,0,0
PTH1R,0,0,0,0,0,1
PTH2,0,0,0,0,0,0
PTH2R,0,0,0,2,0,0
PTHLH,4,0,1,35,76,44
PTK2,2075,1147,3985,3544,4070,4600
PTK2B,203,142,670,517,1646,1954
PTK6,153,65,637,187,698,826
PTK7,354,173,1782,1279,5502,6558
PTMA,5135,3277,17961,7088,14224,14507
PTMS,270,165,901,782,1784,1878
PTN,0,0,0,9,24,31
PTOV1,139,68,824,254,1021,1190
PTOV1-AS1,31,25,56,43,59,79
PTOV1P1,0,0,0,0,0,0
PTP4A1,0,0,5,1,0,1
PTP4A1P3,0,0,0,0,0,0
PTP4A1P5,0,0,0,0,0,0
PTP4A2,12024,7380,16872,16941,15420,17215
PTP4A3,37,1,86,69,109,107
PTPA,1087,524,5069,941,3885,4191
PTPDC1,183,48,370,86,122,113
PTPMT1,260,82,504,504,615,658
PTPN1,1400,973,3056,1261,1842,1842
PTPN11,4630,2299,8016,16357,12306,16598
PTPN12,1643,877,2716,2391,1975,2288
PTPN13,972,592,1313,3414,2591,3344
PTPN14,1909,953,2861,1895,1593,1958
PTPN18,364,124,768,214,402,395
PTPN2,411,188,733,530,490,535
PTPN20,8,0,9,15,9,24
PTPN21,716,370,1318,786,903,991
PTPN22,1,0,0,3,2,1
PTPN23,166,90,1159,80,570,654
PTPN23-DT,9,0,20,12,23,26
PTPN3,877,438,1754,777,877,1061
PTPN4,335,192,508,846,672,780
PTPN5,0,0,0,0,0,0
PTPN6,27,16,188,47,263,302
PTPN7,0,0,0,0,0,0
PTPN9,365,249,673,585,746,781
PTPRA,1391,677,2965,1793,2289,2332
PTPRB,2,7,2,3,1,1
PTPRC,0,0,0,1,0,2
PTPRCAP,0,0,0,0,0,0
PTPRD,0,0,1,2,0,0
PTPRD-AS1,0,0,0,0,0,0
PTPRD-DT,0,0,0,0,0,0
PTPRE,21,10,49,67,122,152
PTPRF,1087,533,5620,1365,6284,7813
PTPRG,4,0,6,9,14,15
PTPRG-AS1,51,20,71,37,41,42
PTPRH,3,0,28,7,26,47
PTPRJ,1440,688,2575,2389,2629,2991
PTPRK,931,433,1254,2101,1970,2452
PTPRM,0,0,0,2,0,10
PTPRN,0,0,2,0,0,0
PTPRN2,0,0,0,0,0,0
PTPRO,9,0,6,10,9,17
PTPRQ,30,0,20,64,35,42
PTPRR,1,0,1,0,1,0
PTPRS,114,93,664,539,2002,2579
PTPRT,4,0,6,0,0,1
PTPRT-AS1,0,0,0,0,0,0
PTPRT-DT,0,0,0,0,0,0
PTPRU,56,32,350,195,1444,1571
PTPRZ1,0,0,0,0,1,1
PTRH1,12,5,117,8,43,58
PTRH2,580,263,1106,730,1303,1149
PTRHD1,23,20,65,37,85,81
PTS,169,84,347,309,360,356
PTTG1,1439,771,2480,2065,2557,2355
PTTG1IP,1570,991,5668,3115,6557,7150
PTTG1IP2,0,0,0,0,0,0
PTTG1P2,0,0,0,0,0,0
PTTG2,0,0,0,2,1,0
PTTG3P,0,0,0,0,0,0
PTX3,0,0,0,0,0,0
PTX4,0,0,0,0,0,0
PUDP,130,36,343,262,429,419
PUDPP3,0,0,0,0,0,0
PUF60,154,66,1688,124,1441,1403
PUM1,1434,774,2829,2036,2468,3269
PUM2,2374,1288,3875,2975,2505,3099
PUM3,392,252,878,533,488,527
PURA,1127,402,1337,2285,1523,2210
PURB,3720,2044,5786,6273,4771,6039
PURG,0,0,0,0,1,2
PURPL,66,6,65,1173,659,940
PUS1,53,9,420,62,262,303
PUS10,155,92,235,199,155,197
PUS3,974,734,1986,1460,1237,1332
PUS7,416,201,650,568,476,603
PUS7L,1613,736,2502,3469,2354,3104
PUSL1,5,1,61,6,62,90
PVALB,0,0,0,4,6,5
PVALEF,0,0,0,0,0,0
PVR,314,202,836,555,1306,1109
PVRIG,0,0,0,0,0,0
PVT1,206,107,366,481,530,597
PWAR1,0,0,0,0,0,0
PWAR5,0,0,0,0,0,0
PWP1,719,336,1462,1002,1251,1189
PWP2,0,0,5,1,7,7
PWRN1,0,0,0,9,10,20
PWRN2,0,0,0,0,0,0
PWWP2A,661,485,1183,627,618,683
PWWP2B,5,15,80,7,53,48
PWWP3A,218,74,686,581,928,984
PWWP3B,3,0,4,51,29,30
PWWP4,0,0,0,0,0,0
PXDC1,68,43,146,61,106,122
PXDN,815,369,2636,2782,5918,7027
PXDNL,310,210,512,4,21,21
PXK,1374,910,2572,77,116,95
PXMP2,8,9,15,12,21,14
PXMP4,1941,945,4843,2861,4142,4673
PXN,574,252,1881,2185,5671,6042
PXN-AS1,186,111,421,132,228,258
PXT1,0,0,0,2,2,2
PXYLP1,193,95,340,535,622,768
PYCARD,0,0,10,2,47,50
PYCARD-AS1,0,0,1,7,4,1
PYCR1,678,470,4682,325,1805,1964
PYCR2,145,86,434,154,423,417
PYCR3,18,2,164,18,113,123
PYDC1,0,0,0,0,0,2
PYDC2,0,0,0,0,0,0
PYGB,378,172,2038,504,1839,2050
PYGL,283,167,474,682,863,766
PYGM,14,0,8,10,6,10
PYGO1,62,19,78,319,239,327
PYGO2,664,380,1875,513,1061,1097
PYHIN1,11,32,44,0,3,0
PYM1,96,88,481,166,627,628
PYROXD1,442,244,852,748,615,610
PYROXD2,84,17,341,211,787,879
PYURF,0,0,0,0,0,0
PYY,0,0,3,1,7,8
PZP,0,0,0,0,0,0
QARS1,1967,1102,6175,1031,3580,3478
QDPR,53,13,134,125,179,175
QKI,732,404,1222,2071,1714,2156
QKILA,0,0,2,0,0,0
QNG1,146,72,375,1,0,0
QPCT,1,0,2,8,20,20
QPCTL,33,16,151,29,162,177
QPRT,527,271,1400,2958,7630,7722
QRFP,0,0,0,1,0,0
QRFPR,0,0,0,0,0,0
QRICH1,706,418,1374,533,1162,1124
QRICH2,11,1,42,19,32,29
QRSL1,371,204,759,772,937,992
QRSL1P1,0,0,0,0,0,0
QRSL1P2,0,0,0,0,0,0
QRSL1P3,0,0,0,0,0,0
QSER1,1791,761,2123,3042,2041,2334
QSOX1,543,317,2181,975,3178,3279
QSOX2,198,55,690,165,385,416
QTRT1,60,43,362,116,339,376
QTRT1P1,0,0,0,0,0,0
QTRT2,734,511,1268,856,931,1119
R3HCC1,70,56,347,103,410,397
R3HCC1L,214,86,374,707,743,764
R3HDM1,593,316,934,1128,1202,1230
R3HDM2,731,342,1386,1680,1896,2214
R3HDM2-DT,3,0,3,2,2,1
R3HDM2P1,0,0,0,0,0,0
R3HDM2P2,0,0,0,0,0,0
R3HDM4,90,80,484,100,413,441
R3HDML,0,0,0,0,0,0
R3HDML-AS1,0,0,0,0,0,0
RAB10,1924,984,2682,2520,2357,2482
RAB11A,2823,1516,6344,6676,6752,7555
RAB11AP1,0,0,0,0,0,0
RAB11AP2,0,0,0,0,0,0
RAB11B,123,50,824,88,684,664
RAB11B-AS1,29,4,125,18,50,49
RAB11FIP1,3565,1946,7100,3058,3743,4621
RAB11FIP2,298,137,476,481,378,464
RAB11FIP3,76,28,483,101,571,690
RAB11FIP4,1061,488,3199,1093,2236,2743
RAB11FIP5,137,87,480,168,503,594
RAB12,279,273,595,710,789,781
RAB13,581,500,1053,1089,1558,1395
RAB14,2479,1220,4573,2868,3019,3136
RAB15,270,116,851,1233,2480,2737
RAB17,251,99,1275,211,931,1209
RAB17-DT,39,12,163,36,45,53
RAB18,3531,1907,7545,11079,12060,13879
RAB19,52,80,122,214,410,429
RAB1A,1492,975,3301,3033,3718,3773
RAB1B,2347,1372,13033,3567,17471,18250
RAB20,65,47,502,71,248,326
RAB21,1460,783,3043,3376,3339,3736
RAB22A,1418,669,2673,2052,2045,2113
RAB23,206,89,431,582,525,595
RAB24,7,7,54,5,21,28
RAB25,705,474,3032,622,2506,2575
RAB26,42,36,303,114,539,634
RAB27A,318,130,470,346,389,390
RAB27B,1306,702,2072,2897,2306,2974
RAB28,133,96,374,271,236,262
RAB29,647,364,1836,585,892,1034
RAB2A,2555,1397,4930,4151,4549,4398
RAB2B,300,136,388,347,263,319
RAB30,2230,1169,3669,1857,1326,1756
RAB31,203,86,344,635,507,619
RAB32,52,50,129,255,282,253
RAB33A,1,0,1,0,0,0
RAB33B,198,94,449,208,234,262
RAB34,70,43,264,169,414,415
RAB35,263,226,999,337,1082,1063
RAB35-AS1,50,29,83,39,75,64
RAB36,0,0,7,20,64,68
RAB37,49,13,230,37,138,127
RAB38,11,11,29,3,4,6
RAB39A,0,0,3,0,0,0
RAB39B,63,40,108,28,34,30
RAB3A,13,0,48,0,34,33
RAB3B,4,0,19,123,125,151
RAB3C,0,0,0,0,0,0
RAB3D,1378,811,3075,3779,6993,7632
RAB3GAP1,1588,777,2999,3257,2876,3444
RAB3GAP2,1639,887,2306,2669,2214,2779
RAB3IL1,15,13,110,0,7,4
RAB3IP,454,246,769,814,690,745
RAB40A,0,0,1,1,1,2
RAB40AL,0,0,0,1,0,1
RAB40B,64,31,224,184,396,379
RAB40C,41,10,345,26,175,198
RAB41,0,0,0,0,0,0
RAB42,0,0,0,0,0,0
RAB43,0,0,9,3,5,14
RAB44,0,0,1,0,4,5
RAB4A,552,343,1113,882,1112,1127
RAB4A-AS1,607,218,885,731,827,822
RAB4B,29,23,55,54,56,51
RAB5A,1510,875,2924,2329,2108,2289
RAB5B,5011,2581,8061,8016,10200,11525
RAB5C,308,212,675,437,1457,1538
RAB5IF,13,29,43,14,19,21
RAB6A,4182,2584,7259,5394,4900,5309
RAB6B,217,75,413,666,1022,1199
RAB6C,182,74,295,79,47,81
RAB6D,1,0,2,1,0,0
RAB7A,3354,1877,5602,2291,3688,3784
RAB7B,3,0,7,114,258,282
RAB8A,856,694,2088,1376,2868,2921
RAB8B,416,217,796,859,818,1010
RAB9A,297,106,637,506,557,566
RAB9AP1,0,0,0,0,0,0
RAB9AP2,0,0,0,0,0,0
RAB9AP3,0,0,0,0,0,0
RAB9AP5,0,0,0,0,0,0
RAB9B,13,3,14,162,143,191
RAB9BP1,0,0,0,0,0,0
RABAC1,10,17,42,22,57,43
RABEP1,5787,3002,10120,6743,5631,6554
RABEP2,75,11,500,248,547,639
RABEPK,204,102,649,140,365,414
RABEPKP1,0,0,0,0,0,0
RABGAP1,3584,1930,6013,3033,2585,3220
RABGAP1L,800,466,1249,1105,901,1127
RABGAP1L-AS1,0,0,0,1,0,0
RABGAP1L-DT,2,0,0,2,3,3
RABGEF1,20,12,79,20,44,49
RABGEF1P2,0,0,1,2,1,1
RABGGTA,20,8,179,14,110,130
RABGGTB,920,412,1658,2031,1554,1584
RABIF,221,80,313,335,364,372
RABL2A,159,24,300,234,255,312
RABL2B,262,82,503,323,484,510
RABL3,1060,591,1612,1567,1286,1607
RABL6,330,120,1554,719,2014,2066
RAC1,3900,2513,6836,5783,7046,6690
RAC1P7,0,0,0,0,0,0
RAC1P8,0,0,0,0,0,0
RAC1P9,0,0,0,0,0,0
RAC2,11,1,60,9,81,81
RAC3,27,14,232,14,166,143
RACGAP1,1440,698,2465,4154,4741,4510
RACK1,3963,2131,28392,2629,14504,14892
RACK1P1,0,0,0,0,0,0
RACK1P2,0,0,0,0,0,0
RACK1P3,0,0,0,0,0,0
RAD1,338,213,853,496,661,646
RAD17,973,656,2113,1212,1170,1310
RAD17P1,12,0,10,3,1,3
RAD18,460,230,685,663,644,661
RAD21,4064,2332,7386,9329,8601,9324
RAD21-AS1,78,69,125,41,29,27
RAD21L1,0,0,0,8,5,12
RAD21P1,0,0,0,0,0,0
RAD23A,228,96,1395,217,1221,1235
RAD23B,11606,7612,18940,15530,16303,17649
RAD23BP1,0,0,0,1,1,0
RAD23BP3,0,0,0,0,0,0
RAD50,43,50,121,66,72,142
RAD51,68,46,138,128,312,212
RAD51-AS1,217,55,431,235,324,365
RAD51AP1,76,93,136,560,501,483
RAD51AP2,0,0,0,0,0,0
RAD51B,188,95,285,196,170,203
RAD51C,246,153,588,460,565,486
RAD51D,284,173,501,394,529,450
RAD52,158,121,343,249,390,413
RAD54B,43,61,103,296,242,260
RAD54L,51,2,76,215,501,371
RAD54L2,591,122,940,431,436,596
RAD54L2P1,0,0,0,0,0,0
RAD9A,153,32,822,131,648,568
RAD9B,22,2,38,38,32,41
RADIL,27,17,219,5,24,24
RADX,6,12,9,119,121,128
RAE1,460,176,1089,917,1156,1106
RAET1E,3,0,6,6,8,7
RAET1E-AS1,0,0,0.5,0,0,1
RAET1G,1,0,3,10,34,14
RAET1L,0,0,0,0,1,3
RAET1M,0,0,0,0,0,0
RAF1,1640,819,3423,2295,3471,3624
RAF1P1,0,0,0,0,0,0
RAG1,97,15,86,170,121,174
RAG2,0,0,0,1,3,3
RAI1,119,63,833,97,508,630
RAI1-AS1,0,0,0,0,0,0
RAI14,139,158,240,744,705,908
RAI2,16,13,51,34,83,65
RALA,1582,999,3071,3319,2840,3135
RALB,391,195,1152,549,1029,1137
RALBP1,683,403,1794,1218,1444,1537
RALBP1P1,0,0,0,0,0,0
RALGAPA1,1723,765,2449,1806,1239,1800
RALGAPA1P1,13,6,26,9,11,10
RALGAPA2,572,272,1005,315,456,568
RALGAPB,3707,1752,4301,4228,3041,3921
RALGDS,52,24,128,71,195,218
RALGPS1,499,181,855,612,687,873
RALGPS2,2561,1179,3879,2761,1917,2479
RALY,533,340,2774,586,2139,2104
RALY-AS1,52,45,93,85,131,122
RALYL,0,0,0,0,0,0
RAMAC,533,256,2002,468,1260,1385
RAMACL,7,10,8,0,7,7
RAMP1,0,0,0,0,2,3
RAMP2,2,0,3,2,0,2
RAMP2-AS1,24,8,48,22,22,34
RAMP3,0,0,0,0,0,0
RAN,2168,1354,5800,5632,8841,8586
RANBP1,133,190,415,378,682,682
RANBP10,246,124,573,297,748,735
RANBP17,84,18,102,92,70,63
RANBP2,2282,1014,3140,6929,4386,5593
RANBP3,211,107,799,313,891,979
RANBP3-DT,0,0,6,0,3,8
RANBP3L,161,84,319,231,179,322
RANBP6,464,260,949,800,654,818
RANBP9,1492,645,1745,1844,1809,1808
RANGAP1,170,102,1294,356,1998,2212
RANGRF,7,0,31,5,11,9
RANP9,0,0,0,0,0,0
RAP1A,700,333,1177,1285,1168,1204
RAP1B,1093,698,2165,3245,2895,3071
RAP1GAP,18,9,127,20,90,110
RAP1GAP2,382,187,1178,336,790,1042
RAP1GDS1,395,178,566,620,565,633
RAP2A,857,545,1472,2436,2009,2216
RAP2B,331,264,654,786,781,802
RAP2C,1225,801,2500,13130,10691,12284
RAP2C-AS1,25,13,37,157,133,114
RAPGEF1,454,306,1600,320,840,1129
RAPGEF2,437,162,630,547,407,589
RAPGEF3,183,63,706,388,927,1069
RAPGEF4,0,0,1,20,15,22
RAPGEF4-AS1,0,0,0,0,0,2
RAPGEF5,365,200,494,168,163,182
RAPGEF6,116,59,266,161,138,131
RAPGEFL1,602,227,1507,797,2082,2127
RAPH1,1637,891,2039,760,602,737
RAPSN,0,0,0,1,6,7
RARA,332,199,1786,206,1074,1156
RARA-AS1,0,0,0,0,0,0
RARB,23,4,21,8,9,12
RARG,139,61,552,252,805,972
RARRES1,1,0,1,5,3,4
RARRES2,0,0,1,0,0,0
RARRES2P10,0,0,1,0,0,0
RARRES2P3,0,0,0,0,0,0
RARRES2P5,0,0,0,0,0,0
RARRES2P6,0,0,0,0,0,0
RARS1,1722,883,2938,4060,3848,3873
RARS2,498,281,1022,1070,1287,1218
RASA1,901,538,1538,1552,1134,1443
RASA2,450,167,611,518,382,426
RASA2-IT1,1,0,0,0,0,0
RASA3,176,84,641,221,474,668
RASA4,22,3,37,24,49,63
RASA4B,40,16,81,73,86,112
RASAL1,0,0,7,8,18,33
RASAL2,519,203,682,1468,1078,1481
RASAL2-AS1,10,0,17,13,6,6
RASAL3,0,0,1,0,4,3
RASD1,0,0,0,0,1,0
RASD2,10,15,32,18,88,111
RASEF,978,640,1528,2091,1608,1902
RASGEF1A,144,58,421,450,1086,1213
RASGEF1B,12,8,15,8,8,11
RASGEF1C,0,0,2,0,1,0
RASGRF1,1,0,0,0,0,1
RASGRF2,0,0,0,2,2,0
RASGRF2-AS1,0,0,0,0,0,0
RASGRP1,303,117,459,25,14,20
RASGRP2,0,0,0,2,8,3
RASGRP3,1,0,0,1,0,0
RASGRP4,0,0,0,0,0,0
RASIP1,0,0,4,1,2,0
RASL10A,3,0,26,6,18,16
RASL10B,56,17,143,22,56,66
RASL11A,0,0,1,14,37,43
RASL11B,0,0,4,1,4,4
RASL12,0,0,0,0,0,0
RASSF1,32,13,157,24,70,70
RASSF1-AS1,0,0,0,0,0,0
RASSF10,0,0,0,0,0,1
RASSF2,0,0,5,7,6,4
RASSF3,155,163,331,1013,1016,1152
RASSF3-DT,0,0,0,0,1,0
RASSF4,5,0,30,52,132,138
RASSF5,17,16,57,43,75,88
RASSF6,0,0,0,8,3,9
RASSF7,13,0,172,8,222,264
RASSF8,32,7,57,2697,1883,2647
RASSF9,0,0,2,4,7,6
RAVER1,21,15,279,41,238,272
RAVER2,445,213,748,680,612,744
RAX,0,0,0,0,0,0
RAX2,0,0,0,0,0,0
RB1,1468,728,2209,2757,2182,2502
RB1-DT,1,2,5,6,0,3
RB1CC1,3276,1715,5390,3807,2928,3484
RBAK,801,501,1425,1038,703,949
RBAK-RBAKDN,2,0,0,0,0,4
RBAKDN,0,0,0,0,0,0
RBBP4,2084,1350,4742,4401,4397,4741
RBBP4P2,1,0,0,0,0,0
RBBP4P3,0,0,0,0,0,0
RBBP4P4,0,0,0,0,0,0
RBBP5,881,378,1498,1173,1217,1468
RBBP6,1246,670,1854,2404,1922,2034
RBBP7,1942,1320,4313,4666,5788,5584
RBBP8,2600,1407,5321,17323,17613,21105
RBBP8NL,8,1,61,7,78,65
RBBP8P1,0,0,0,0,0,0
RBBP8P2,0,0,0,0,0,0
RBBP9,693,373,1207,1672,1683,1893
RBCK1,161,119,808,266,903,876
RBFA,79,83,242,138,296,306
RBFADN,6,3,10,9,6,8
RBFOX1,2,0,0,0,0,2
RBFOX2,1418,575,2328,3743,3437,4307
RBFOX3,0,0,0,0,0,1
RBIS,878,653,1314,1607,1536,1455
RBISP4,0,0,1,1,5,3
RBISP5,0,0,0,0,0,0
RBISP6,0,0,0,0,0,0
RBKS,50,22,142,66,88,103
RBL1,252,144,420,545,465,402
RBL2,1358,587,2468,3367,3168,3583
RBM10,186,70,1359,141,882,947
RBM11,64,50,77,360,315,310
RBM11P1,0,0,0,0,0,0
RBM12,2067,992,3241,3249,3534,3959
RBM12B,982,422,1918,2481,1971,2643
RBM12B-AS1,0,2,1,0,0,0
RBM12B-DT,0,0,0,0,0,3
RBM14,491,255,995,707,888,971
RBM14-RBM4,14,4,17,22,32,17
RBM15,207,91,497,365,463,606
RBM15-AS1,0,0,19,2,23,24
RBM15B,551,315,2135,372,889,933
RBM17,1068,478,2737,2151,2845,2797
RBM17P1,0,0,0,0,0,0
RBM17P2,0,0,0,0,0,0
RBM17P3,0,0,0,0,0,0
RBM18,879,504,1893,496,526,604
RBM19,342,144,1277,426,1240,1338
RBM20,579,263,998,490,636,733
RBM22,1234,881,2430,1356,1855,1895
RBM22P1,0,0,0,0,0,0
RBM22P12,0,0,0,0,0,0
RBM22P13,0,0,0,0,0,0
RBM22P3,0,0,0,0,0,0
RBM22P4,0,0,0,0,0,0
RBM22P6,0,0,0,0,0,0
RBM22P7,0,0,0,0,0,0
RBM23,397,144,825,720,1103,1195
RBM24,910,481,1671,365,426,408
RBM25,2468,913,3675,6581,5594,6636
RBM26,1223,671,1974,2620,2142,2698
RBM26-AS1,30,11,54,163,139,139
RBM27,782,569,1437,1321,1100,1136
RBM28,442,241,766,943,1130,1109
RBM3,1637,940,5092,4771,9313,9578
RBM33,399,195,844,703,837,1065
RBM33-DT,24,8,21,35,36,42
RBM34,22,4,52,28,23,32
RBM38,22,25,146,30,205,211
RBM39,5716,2285,9308,6681,5890,6681
RBM39P1,1,1,1,0,0,2
RBM4,671,320,939,1354,1199,1352
RBM41,222,91,365,1141,782,1075
RBM42,20,19,328,34,297,277
RBM43,383,147,636,527,436,501
RBM44,4,0,13,30,21,16
RBM45,114,32,292,216,274,286
RBM46,0,0,0,0,0,0
RBM47,1197,812,2265,1772,2076,2259
RBM48,181,114,396,259,324,299
RBM4B,380,200,807,485,661,794
RBM5,986,373,1572,1434,1371,1586
RBM5-AS1,0,0,0,0,0,0
RBM6,2470,1129,4024,4487,4082,4552
RBM7,326,271,907,742,741,694
RBM8A,1888,939,5950,2378,4658,5196
RBMS1,464,221,658,1299,1131,1255
RBMS2,786,361,1073,4186,3921,4968
RBMS3,1,0,2,1,1,3
RBMS3-AS1,0,0,0,0,0,0
RBMS3-AS2,0,0,0,0,0,0
RBMX,3238,1579,7210,5513,6603,6825
RBMX2,434,243,1118,681,1131,1288
RBMX2P1,0,0,0,1,0,0
RBMXL1,445,308,777,741,694,856
RBMXL2,0,0,0,0,0,0
RBMXL3,0,0,0,0,0,0
RBMY1A1,0,0,0,0,0,0
RBMY1B,0,0,0,0,0,0
RBMY1D,0,0,0,0,0,0
RBMY1E,0,0,0,0,0,0
RBMY1F,0,0,0,0,0,0
RBMY1HP,0,0,0,0,0,0
RBMY1J,0,0,0,0,0,0
RBMY1KP,0,0,0,0,0,0
RBMY2BP,0,0,0,0,0,0
RBMY2GP,0,0,0,0,0,0
RBMY2JP,0,0,0,0,0,0
RBMY2KP,0,0,0,0,0,0
RBMY2MP,0,0,0,0,0,0
RBMY2OP,0,0,0,0,0,0
RBMY2QP,0,0,0,0,0,0
RBMY2SP,0,0,0,0,0,0
RBMY2TP,0,0,0,0,0,0
RBMY2WP,0,0,0,0,0,0
RBMY2XP,0,0,0,0,0,0
RBMY2YP,0,0,0,0,0,0
RBP1,0,0,0,0,0,0
RBP2,0,0,2,5,15,2
RBP3,0,0,0,0,1,0
RBP4,2,0,5,2,0,6
RBP5,5,0,8,26,62,61
RBP7,11,10,113,35,143,92
RBPJ,1268,770,1741,1864,1481,1849
RBPJL,0,0,0,0,0,0
RBPMS,175,103,328,590,843,1027
RBPMS-AS1,7,0,2,5,11,5
RBPMS2,20,3,74,27,53,49
RBSN,1459,771,2796,1832,2270,2619
RBX1,225,166,683,330,874,795
RC3H1,990,436,1183,1352,975,1348
RC3H2,2252,1228,3276,3423,2639,3372
RCAN1,1366,875,3542,2046,3230,3429
RCAN2,1,0,0,1,5,3
RCAN3,758,364,1180,683,676,821
RCAN3AS,1,0,5,0,2,0
RCBTB1,506,276,1026,787,763,889
RCBTB2,14,0,23,53,48,34
RCC1,190,82,614,339,922,954
RCC1L,211,104,1182,248,847,870
RCC2,2557,1319,6958,975,2591,2676
RCC2-AS1,0,0,0,0,0,0
RCC2P1,0,0,0,0,0,0
RCC2P2,0,0,0,0,0,0
RCC2P4,0,0,0,0,0,0
RCC2P5,0,0,0,0,0,0
RCC2P8,0,0,0,0,0,0
RCCD1,138,62,446,99,306,377
RCE1,38,12,148,22,110,119
RCHY1,437,204,727,422,434,457
RCL1,121,83,348,87,126,103
RCN1,993,493,2512,2610,2865,2554
RCN2,965,579,1869,2402,2379,2236
RCN3,0,0,9,1,0,0
RCOR1,1068,652,1585,1699,1505,1852
RCOR2,11,3,41,3,47,64
RCOR3,1351,590,2286,1318,1057,1262
RCSD1,1,0,0,0,1,0
RCVRN,0,0,0,0,0,0
RD3,0,0,0,0,0,0
RD3L,0,0,0,0,0,0
RDH10,268,183,443,404,404,489
RDH10-AS1,0,0,0,0,0,0
RDH11,900,693,1914,5264,5986,7088
RDH12,0,0,2,1,29,18
RDH13,203,93,533,407,987,1096
RDH14,99,69,209,238,193,210
RDH16,7,0,26,174,896,909
RDH5,5,5,12,65,95,105
RDH8,0,0,0,0,0,0
RDM1,58,19,83,89,145,171
RDM1P1,0,0,0,0,0,0
RDM1P2,0,0,0,2,0,0
RDM1P4,0,0,0,0,0,0
RDUR,0,0,0,0,0,0
RDX,2905,2108,5249,7939,5986,6971
RDXP1,0,0,1,0,0,0
RDXP3,0,0,0,0,0,0
REC114,0,0,0,0,0,0
REC8,2,0,6,1,31,22
RECK,0,0,0,0,0,0
RECQL,296,189,733,1987,2094,2375
RECQL4,22,10,149,31,451,382
RECQL5,418,184,1101,957,1458,1567
REDIC1,0,0,0,0,0,0
REELD1,0,0,0,0,0,0
REEP1,16,23,43,56,71,70
REEP2,4,1,27,11,82,85
REEP3,1690,855,3189,7126,6259,7714
REEP4,63,43,364,49,224,219
REEP5,4218,2518,9865,14149,17622,17308
REEP6,73,7,725,38,236,219
REG1A,1,0,0,0,1,0
REG1B,0,0,0,0,0,0
REG3A,0,0,0,0,0,0
REG3G,0,0,0,0,0,0
REG4,0,0,1,0,0,0
REL,255,131,232,598,292,539
REL-DT,0,0,0,0,2,0
RELA,345,130,1595,376,1205,1354
RELB,12,6,32,10,67,51
RELCH,610,223,959,1201,1003,1165
RELL1,205,166,509,536,932,859
RELL2,22,12,201,24,218,212
RELN,1,0,1,0,0,0
RELT,3,2,17,7,56,67
REM1,0,0,0,0,1,2
REM2,2,0,11,3,14,25
REN,3,0,0,0,2,1
RENBP,12,11,151,0,0,3
RENO1,10,0,9,38,61,73
REP15,0,0,2,1,4,6
REPIN1,319,144,1384,493,1285,1493
REPS1,421,205,737,591,817,904
REPS2,727,272,1263,561,544,681
RER1,409,292,1360,791,1581,1652
RERE,500,207,1014,786,1195,1433
RERG,2197,1250,5269,1029,1373,1346
RERG-AS1,51,6,54,41,34,41
RERGL,0,0,0,0,0,0
RESF1,836,388,1089,615,431,514
RESP18,0,0,0,0,0,0
REST,1912,892,3272,3352,2568,3077
RET,2,0,24,120,224,254
RETN,0,0,0,0,0,0
RETNLB,0,0,0,1,3,1
RETREG1,1106,659,1687,959,870,915
RETREG1-AS1,11,12,40,2,7,7
RETREG2,598,384,2122,620,1718,1766
RETREG3,916,464,2149,1628,2901,3102
RETSAT,574,285,1277,803,1725,1803
REV1,539,271,796,1237,843,1010
REV3L,660,364,894,1805,1191,1550
REX1BD,7,0,33,13,54,52
REXO1,29,5,222,69,325,358
REXO1L12P,0,0,0,0,0,0
REXO2,924,487,1675,717,845,778
REXO4,145,69,786,278,775,848
REXO5,192,102,489,291,365,435
RFC1,1535,719,2597,3220,2843,3310
RFC2,137,100,653,162,524,492
RFC3,256,145,672,836,1015,1116
RFC3P1,0,0,0,0,0,0
RFC4,780,529,2108,1492,2334,1952
RFC5,304,128,722,713,961,967
RFESD,54,18,86,37,23,45
RFFL,318,197,526,486,617,704
RFK,180,109,400,217,229,228
RFKP3,0,0,0,0,0,0
RFKP6,0,0,0,0,0,0
RFLNA,1,0,0,0,1,5
RFLNB,3,0,6,16,25,33
RFNG,49,22,431,45,348,351
RFPL1,0,0,0,0,0,0
RFPL2,0,0,0,0,1,1
RFPL3,0,0,0,0,0,0
RFPL3S,0,0,2,13,13,12
RFPL4A,0,0,1,0,0,0
RFPL4AL1,0,0,0,0,0,0
RFPL4AP1,0,0,0,0,0,0
RFPL4AP3,0,0,0,0,0,0
RFPL4AP4,0,0,0,0,0,0
RFPL4AP5,0,0,0,0,0,0
RFPL4B,1,0,0,0,0,0
RFT1,138,85,383,197,243,212
RFTN1,0,0,2,0,0,0
RFTN1P1,0,0,0,0,0,0
RFTN2,0,0,0,0,0,0
RFWD3,486,281,915,1020,1307,1255
RFX1,17,15,150,10,104,102
RFX2,59,7,153,72,105,120
RFX3,290,129,385,204,148,169
RFX3-DT,4,5,2,6,3,2
RFX4,0,0,0,0,0,0
RFX5,820,427,2143,1014,2046,2420
RFX6,0,0,0,0,0,0
RFX7,544,316,639,1114,858,1081
RFX8,0,0,0,0,0,0
RFXANK,168,132,953,95,681,768
RFXAP,86,56,217,139,202,186
RGCC,0,6,0,3,5,0
RGL1,15,7,26,39,34,34
RGL2,1315,485,6899,1672,6861,7610
RGL3,192,87,826,489,1700,1939
RGL4,0,0,0,0,0,0
RGMA,10,1,91,12,81,108
RGMB,463,235,850,380,490,559
RGMB-AS1,8,4,21,7,15,14
RGN,0,0,0,0,0,0
RGP1,993,535,2275,714,1168,1362
RGPD1,0,0,0,0,0,0
RGPD2,0,6,0,1,1,2
RGPD3,5,1,3,33,15,19
RGPD4,4,0,0,6,9,8
RGPD4-AS1,0,0,0,0,0,0
RGPD5,2,1,2,67,43,43
RGPD6,1,0,2,27,16,17
RGPD8,33,27,40,77,59,73
RGR,0,0,0,0,0,1
RGS1,0,0,0,0,0,0
RGS10,66,31,146,44,126,136
RGS11,27,2,121,24,100,79
RGS12,120,77,463,305,475,485
RGS13,0,0,0,0,0,0
RGS14,23,12,155,8,75,97
RGS16,27,25,106,20,26,25
RGS17,0,0,0,0,0,0
RGS18,0,0,0,0,0,0
RGS19,6,3,35,9,42,42
RGS2,16,2,6,12,9,16
RGS20,1,0,2,17,17,16
RGS21,0,0,0,0,0,0
RGS22,0,0,0,0,1,0
RGS3,179,59,1279,149,708,851
RGS4,0,0,0,0,0,0
RGS5,4,0,7,116,96,114
RGS5-AS1,0,0,0,0,0,0
RGS6,2,0,4,117,100,171
RGS7,0,0,0,0,0,0
RGS7BP,1,0,0,2,2,7
RGS8,0,0,1,1,4,3
RGS9,73,84,170,232,286,371
RGS9BP,8,0,25,7,29,26
RGSL1,0,0,0,0,0,0
RHAG,16,0,20,14,14,24
RHBDD1,888,480,1551,779,759,850
RHBDD2,148,43,791,133,370,427
RHBDD3,37,10,165,153,438,423
RHBDF1,166,64,758,194,988,1125
RHBDF1P1,0,0,0,0,0,0
RHBDF2,41,10,292,78,480,599
RHBDL1,2,3,24,5,29,27
RHBDL2,11,13,47,149,218,229
RHBDL3,6,0,11,11,22,34
RHBG,0,0,2,3,14,17
RHCE,0,0,3,2,1,3
RHCG,0,0,0,5,15,4
RHD,0,0,0,0,0,0
RHEB,373,253,902,928,1042,1002
RHEBL1,4,3,5,10,18,5
RHEX,0,0,0,0,0,0
RHNO1,428,148,1242,458,1005,1091
RHO,0,0,0,0,0,0
RHOA,2636,1525,5790,2948,4414,4395
RHOB,1455,826,5750,2374,5168,5375
RHOBTB1,321,132,639,440,466,490
RHOBTB2,43,17,212,97,396,427
RHOBTB3,809,336,1352,1477,1335,1611
RHOC,199,101,954,338,1423,1494
RHOD,44,31,428,57,313,360
RHOF,71,32,295,188,717,824
RHOG,56,34,342,26,280,278
RHOG2P,0,0,2,2,2,1
RHOH,88,49,189,77,109,110
RHOJ,0,0,0,0,0,0
RHOQ,1481,757,2459,2486,2364,2684
RHOQ-AS1,0,0,0,0,0,0
RHOT1,1553,819,2666,1488,1273,1408
RHOT1P1,37,23,50,29,24,36
RHOT2,67,37,805,75,675,729
RHOU,3,0,9,8,14,20
RHOV,189,188,786,285,1073,1087
RHOXF1,0,0,0,0,0,0
RHOXF1-AS1,1,0,2,3,1,0
RHOXF2,0,0,0,0,0,0
RHOXF2B,0,0,0,0,0,0
RHPN1,27,11,622,58,756,849
RHPN1-AS1,24,19,132,16,65,74
RHPN2,121,64,346,275,471,590
RIBC1,81,78,265,143,267,311
RIBC2,14,15,47,36,52,46
RIC1,449,195,722,557,475,594
RIC3,7,0,3,1,0,2
RIC8A,301,158,1460,369,2033,2194
RIC8B,177,109,372,281,230,292
RICTOR,829,313,1128,1428,783,1194
RIDA,262,122,651,892,1411,1580
RIF1,803,319,1302,2182,1356,1756
RIGI,5,0,16,30,27,27
RIIAD1,4,4,1,0,2,1
RILP,11,6,47,1,20,44
RILPL1,68,22,317,132,312,338
RILPL2,171,124,515,169,411,489
RIMBP2,0,0,0,15,19,14
RIMBP3,0,0,3,0,4,3
RIMBP3B,0,0,3,0,0,1
RIMBP3C,0,0,0,0,0,0
RIMKLA,12,0,25,42,35,48
RIMKLB,325,134,448,739,520,615
RIMOC1,3309,1459,4860,3721,3037,3782
RIMS1,93,69,162,1083,867,1154
RIMS2,3,4,14,12,13,12
RIMS3,8,0,14,52,140,120
RIMS4,22,1,72,144,631,629
RIN1,3,0,20,4,29,25
RIN2,157,72,505,47,120,108
RIN3,0,0,0,0,5,5
RING1,495,248,1890,349,1422,1454
RINL,3,7,14,2,5,7
RINT1,299,180,592,737,698,645
RIOK1,244,211,584,322,358,342
RIOK2,631,323,1397,825,822,896
RIOK3,696,396,1341,1037,941,976
RIOK3P1,0,0,0,0,0,0
RIOX1,219,125,745,172,332,302
RIOX2,1484,713,3208,1258,1198,1409
RIPK1,574,225,997,926,1346,1326
RIPK2,377,173,586,504,557,522
RIPK3,0,0,1,0,0,0
RIPK4,76,51,232,117,340,379
RIPOR1,230,120,581,216,727,683
RIPOR2,0,0,0,0,0,0
RIPOR3,352,139,1493,7,43,37
RIPOR3-AS1,0,0,3,0,0,0
RIPPLY1,0,0,0,0,0,0
RIPPLY2,0,0,0,2,0,1
RIPPLY3,35,2,74,67,91,112
RIT1,745,413,1398,2205,2255,2781
RIT2,0,11,1,0,1,0
RITA1,75,28,356,60,237,258
RLBP1,2,0,3,0,0,0
RLF,414,278,842,968,696,795
RLIG1,483,156,802,629,601,690
RLIG1P1,0,0,0,0,0,0
RLIM,869,429,1496,3357,2340,3254
RLIMP1,0,0,0,0,0,0
RLIMP2,0,0,0,0,0,0
RLIMP3,0,0,0,0,0,0
RLN1,9,23,39,31,17,30
RLN2,52,34,116,46,52,57
RLN3,0,0,0,0,0,0
RMC1,126,84,246,164,206,190
RMDN1,1027,604,2242,2010,2189,2398
RMDN2,28,5,48,46,34,45
RMDN3,381,221,1058,521,892,1100
RMI1,355,160,701,335,298,320
RMI2,103,54,195,178,317,209
RMND1,1269,712,2133,901,1047,1008
RMND5A,1802,1057,2784,2052,1803,2138
RMND5B,437,237,1259,336,723,729
RMRP,0,0,0,0,0,0
RMRPP5,0,0,0,0,0,0
RMST,41,5,77,1,1,0
RN7SK,0,0,0,0,0,0
RN7SKP1,0,0,0,0,0,0
RN7SKP10,0,0,0,0,0,0
RN7SKP100,0,0,0,0,0,0
RN7SKP101,0,0,0,0,0,0
RN7SKP103,0,0,0,0,0,0
RN7SKP104,0,0,0,0,0,0
RN7SKP105,0,0,0,0,0,0
RN7SKP106,5,0,2,4,2,3
RN7SKP107,0,0,0,0,0,0
RN7SKP109,0,0,0,0,0,0
RN7SKP11,0,0,0,0,0,0
RN7SKP110,0,0,0,0,0,0
RN7SKP111,0,0,0,0,0,0
RN7SKP112,0,0,0,0,0,0
RN7SKP113,0,0,0,0,0,0
RN7SKP114,0,0,0,0,0,0
RN7SKP115,0,0,0,0,0,0
RN7SKP116,0,0,0,0,0,0
RN7SKP117,0,0,0,0,0,0
RN7SKP118,0,0,0,0,0,0
RN7SKP119,0,0,0,0,0,0
RN7SKP12,0,0,0,0,0,0
RN7SKP121,0,0,0,0,0,0
RN7SKP122,0,0,0,0,0,0
RN7SKP123,0,0,0,0,0,0
RN7SKP125,0,0,0,0,0,0
RN7SKP126,0,0,0,0,0,0
RN7SKP127,0,0,0,0,0,0
RN7SKP128,0,0,0,0,0,0
RN7SKP129,0,0,0,0,0,0
RN7SKP13,0,0,0,0,0,0
RN7SKP130,0,0,0,0,0,0
RN7SKP132,0,0,0,0,0,0
RN7SKP134,0,0,0,0,0,0
RN7SKP135,0,0,0,0,0,0
RN7SKP136,0,0,0,0,0,0
RN7SKP14,0,0,0,1,0,0
RN7SKP140,0,0,0,0,0,0
RN7SKP141,0,0,0,0,0,0
RN7SKP142,0,0,0,0,0,0
RN7SKP143,0,0,0,0,0,0
RN7SKP144,0,0,0,0,0,0
RN7SKP145,0,0,0,0,0,0
RN7SKP147,0,0,0,0,0,0
RN7SKP148,0,0,0,0,0,0
RN7SKP15,0,0,0,0,0,0
RN7SKP151,0,0,0,1,0,0
RN7SKP152,0,0,0,0,0,0
RN7SKP153,0,0,0,0,0,0
RN7SKP154,0,0,0,0,0,0
RN7SKP155,0,0,0,0,0,0
RN7SKP156,0,0,0,0,0,0
RN7SKP157,0,0,0,0,0,0
RN7SKP158,0,0,0,0,0,0
RN7SKP16,0,0,0,1,3,0
RN7SKP160,0,0,0,0,0,0
RN7SKP161,0,0,0,0,0,0
RN7SKP164,0,0,0,0,0,0
RN7SKP167,0,0,0,0,0,0
RN7SKP168,0,0,0,0,0,0
RN7SKP169,0,0,0,0,0,0
RN7SKP17,0,0,0,0,0,0
RN7SKP171,0,0,0,0,0,0
RN7SKP172,0,0,0,0,0,0
RN7SKP174,0,0,0,0,0,0
RN7SKP175,0,0,0,0,0,0
RN7SKP177,0,0,0,0,0,0
RN7SKP178,0,0,0,0,0,0
RN7SKP179,0,0,0,0,0,0
RN7SKP18,0,0,0,0,0,0
RN7SKP181,0,0,0,0,0,0
RN7SKP182,0,0,0,0,0,0
RN7SKP183,0,0,0,0,0,0
RN7SKP185,0,0,0,0,0,0
RN7SKP186,0,0,0,0,0,0
RN7SKP187,0,0,0,0,0,0
RN7SKP188,0,0,0,0,0,0
RN7SKP19,0,0,0,0,0,0
RN7SKP190,0,0,0,0,0,0
RN7SKP192,0,0,0,0,0,0
RN7SKP193,0,0,0,0,0,0
RN7SKP194,0,0,0,0,0,0
RN7SKP195,0,0,0,0,0,0
RN7SKP196,0,0,0,0,0,0
RN7SKP197,0,0,0,0,0,0
RN7SKP199,0,0,0,0,0,0
RN7SKP2,0,0,0,0,0,0
RN7SKP202,0,0,0,0,0,0
RN7SKP204,0,0,0,0,0,0
RN7SKP205,0,0,0,0,0,0
RN7SKP206,0,0,0,0,0,0
RN7SKP207,0,0,0,0,0,0
RN7SKP209,0,0,0,0,0,0
RN7SKP21,0,0,0,0,0,0
RN7SKP210,0,0,0,0,0,0
RN7SKP212,0,0,0,0,0,0
RN7SKP213,0,0,0,0,0,0
RN7SKP216,0,0,0,0,0,0
RN7SKP218,0,0,0,0,0,0
RN7SKP219,0,0,0,0,0,0
RN7SKP22,0,0,0,0,2,1
RN7SKP220,0,0,0,0,0,0
RN7SKP222,0,0,0,0,0,0
RN7SKP223,0,0,0,0,0,0
RN7SKP225,0,0,0,0,0,0
RN7SKP226,0,0,0,0,0,0
RN7SKP227,0,0,0,0,0,0
RN7SKP23,0,2,0,0,0,0
RN7SKP231,0,0,0,0,0,0
RN7SKP232,0,0,0,0,0,0
RN7SKP233,0,0,0,0,0,0
RN7SKP234,0,0,0,0,0,0
RN7SKP235,0,0,0,0,0,0
RN7SKP236,0,0,0,0,0,0
RN7SKP238,0,0,0,0,0,0
RN7SKP239,1,0,1,1,0,0
RN7SKP24,0,0,0,0,0,0
RN7SKP241,0,0,0,0,0,0
RN7SKP242,0,0,0,0,0,0
RN7SKP244,0,0,0,0,0,0
RN7SKP247,0,0,0,0,0,0
RN7SKP248,0,0,0,0,0,0
RN7SKP250,0,0,0,0,0,0
RN7SKP252,0,0,0,0,0,0
RN7SKP253,0,0,0,0,0,0
RN7SKP254,0,0,0,0,0,0
RN7SKP256,0,0,0,0,0,0
RN7SKP258,0,0,0,0,0,0
RN7SKP259,0,0,0,0,0,0
RN7SKP26,0,0,0,3,4,3
RN7SKP260,0,0,0,0,0,0
RN7SKP261,0,0,0,0,0,0
RN7SKP262,0,0,0,0,0,0
RN7SKP263,0,0,0,0,0,0
RN7SKP265,0,0,0,0,0,0
RN7SKP266,0,0,0,0,0,0
RN7SKP267,0,0,0,0,0,0
RN7SKP27,0,0,0,0,0,0
RN7SKP270,0,0,0,0,0,0
RN7SKP272,0,0,0,0,0,0
RN7SKP273,0,0,0,0,0,0
RN7SKP275,0,0,0,0,0,0
RN7SKP276,0,0,0,0,0,0
RN7SKP277,0,0,0,0,0,0
RN7SKP278,0,0,0,0,0,0
RN7SKP279,0,0,0,0,0,0
RN7SKP281,0,0,0,0,0,0
RN7SKP282,0,0,0,0,0,0
RN7SKP283,0,0,0,0,0,0
RN7SKP284,0,0,0,0,0,0
RN7SKP285,0,0,0,0,0,0
RN7SKP286,0,0,0,0,0,0
RN7SKP287,0,0,0,0,0,0
RN7SKP288,0,0,0,0,0,0
RN7SKP289,0,0,0,0,0,0
RN7SKP29,0,0,0,0,0,0
RN7SKP290,0,0,0,0,0,0
RN7SKP292,0,0,1,0,0,0
RN7SKP293,0,0,0,0,0,0
RN7SKP295,0,0,0,0,0,0
RN7SKP297,0,0,0,0,0,0
RN7SKP298,0,0,0,0,0,0
RN7SKP299,0,0,0,0,0,0
RN7SKP3,0,0,0,0,0,0
RN7SKP30,0,0,0,0,0,0
RN7SKP31,0,0,0,0,0,0
RN7SKP32,0,0,0,0,0,0
RN7SKP33,0,0,0,0,0,0
RN7SKP34,0,0,0,0,0,0
RN7SKP35,1,0,0,0,0,0
RN7SKP37,0,0,0,0,0,0
RN7SKP38,0,0,0,0,0,0
RN7SKP39,0,0,0,0,0,0
RN7SKP4,0,0,0,0,0,0
RN7SKP40,0,0,0,0,0,0
RN7SKP42,0,0,0,0,0,0
RN7SKP43,0,0,0,0,0,0
RN7SKP44,0,0,0,0,0,0
RN7SKP46,0,0,0,0,0,0
RN7SKP48,0,0,0,0,0,0
RN7SKP49,0,0,0,0,0,0
RN7SKP5,0,0,0,0,0,0
RN7SKP50,0,0,0,0,0,0
RN7SKP51,0,0,0,0,0,0
RN7SKP52,0,0,0,0,0,0
RN7SKP53,0,0,0,0,0,0
RN7SKP54,0,0,0,0,0,0
RN7SKP55,0,0,0,0,0,0
RN7SKP56,0,0,0,0,0,0
RN7SKP57,0,0,0,1,0,0
RN7SKP58,0,0,0,0,0,0
RN7SKP59,0,0,0,0,0,0
RN7SKP6,0,0,0,0,0,0
RN7SKP60,0,0,0,0,0,0
RN7SKP61,0,0,0,0,0,0
RN7SKP62,0,0,0,0,0,0
RN7SKP64,0,0,0,0,0,0
RN7SKP66,0,0,0,0,0,0
RN7SKP67,0,0,0,0,0,0
RN7SKP68,0,0,0,0,0,0
RN7SKP7,0,0,0,0,0,0
RN7SKP70,3,0,2,14,6,8
RN7SKP72,0,0,0,0,0,0
RN7SKP73,0,0,0,0,0,0
RN7SKP75,0,0,0,0,0,0
RN7SKP76,0,0,0,0,0,0
RN7SKP8,0,0,0,0,0,0
RN7SKP80,2,2,10,2,6,12
RN7SKP81,0,0,0,0,0,0
RN7SKP82,0,0,0,0,0,0
RN7SKP83,0,0,0,0,0,0
RN7SKP85,0,0,0,0,0,0
RN7SKP88,0,0,0,0,0,0
RN7SKP89,0,0,0,0,0,0
RN7SKP9,0,0,0,0,0,0
RN7SKP91,0,0,0,0,0,0
RN7SKP92,0,0,0,0,0,0
RN7SKP94,0,0,0,0,0,0
RN7SKP96,0,0,0,0,0,0
RN7SKP97,2,0,0,1,0,0
RN7SKP98,0,0,0,0,0,0
RN7SKP99,0,0,0,0,0,0
RN7SL1,1421,739,30172,643,10520,15297
RN7SL100P,0,0,0,0,0,0
RN7SL101P,0,0,0,0,0,0
RN7SL104P,0,0,0,0,0,0
RN7SL105P,0,0,0,0,0,0
RN7SL106P,0,0,0,0,0,0
RN7SL107P,0,0,0,0,0,0
RN7SL108P,0,0,0,0,0,0
RN7SL110P,0,0,0,0,0,0
RN7SL111P,0,0,0,0,0,0
RN7SL113P,1,0,7,6,7,15
RN7SL116P,0,0,0,0,0,0
RN7SL117P,0,0,0,0,0,0
RN7SL118P,2,0,0,0,1,0
RN7SL11P,0,0,0,0,0,0
RN7SL120P,0,0,0,0,0,0
RN7SL121P,0,0,0,0,0,0
RN7SL122P,0,0,0,0,0,0
RN7SL123P,0,0,0,0,0,0
RN7SL124P,0,0,0,0,0,0
RN7SL125P,0,0,0,0,0,0
RN7SL126P,0,0,0,0,0,0
RN7SL127P,0,0,0,1,0,0
RN7SL12P,0,0,0,0,1,1
RN7SL130P,0,0,5,0,1,1
RN7SL131P,0,0,0,0,0,0
RN7SL132P,0,0,0,0,0,0
RN7SL134P,0,0,0,0,0,0
RN7SL135P,0,0,0,0,0,0
RN7SL138P,0,0,0,4,5,8
RN7SL140P,0,0,0,0,0,0
RN7SL141P,0,0,0,0,0,1
RN7SL143P,0,0,0,0,0,0
RN7SL144P,0,0,0,0,0,0
RN7SL145P,0,0,0,0,1,3
RN7SL146P,0,0,1,1,4,5
RN7SL147P,0,0,0,0,0,0
RN7SL148P,0,0,0,0,0,0
RN7SL149P,0,0,0,0,0,0
RN7SL14P,0,0,0,0,0,0
RN7SL150P,0,0,0,0,0,0
RN7SL152P,0,0,0,0,0,0
RN7SL153P,0,0,0,0,2,1
RN7SL154P,0,0,0,0,0,0
RN7SL155P,0,0,0,0,0,0
RN7SL156P,0,0,0,0,0,0
RN7SL159P,0,0,0,0,0,0
RN7SL15P,0,0,0,0,0,0
RN7SL160P,0,0,1,0,0,0
RN7SL162P,0,0,0,0,0,0
RN7SL163P,0,0,0,0,0,0
RN7SL164P,0,0,0,0,0,0
RN7SL165P,0,0,0,0,0,0
RN7SL166P,0,0,0,2,0,0
RN7SL167P,0,0,0,0,0,0
RN7SL168P,0,0,0,0,0,0
RN7SL169P,0,0,0,0,0,0
RN7SL16P,0,0,0,1,0,1
RN7SL170P,0,0,0,0,0,0
RN7SL172P,0,0,0,1,0,0
RN7SL173P,0,0,0,0,0,0
RN7SL174P,0,0,0,0,0,0
RN7SL176P,0,0,0,0,0,0
RN7SL177P,0,0,0,0,0,0
RN7SL178P,0,0,0,0,0,0
RN7SL180P,0,0,0,0,0,0
RN7SL181P,2,0,10,6,7,2
RN7SL182P,0,0,0,0,0,0
RN7SL183P,0,0,0,0,0,0
RN7SL184P,0,0,0,0,0,0
RN7SL185P,0,0,0,0,0,0
RN7SL186P,0,0,0,0,0,0
RN7SL187P,0,0,0,0,0,0
RN7SL188P,0,0,0,0,0,0
RN7SL189P,0,0,0,0,0,0
RN7SL18P,0,0,0,0,0,0
RN7SL190P,0,0,0,0,0,0
RN7SL191P,0,0,0,0,0,0
RN7SL192P,4,0,6,4,9,5
RN7SL193P,0,0,0,0,0,0
RN7SL196P,0,0,0,0,0,0
RN7SL197P,0,0,0,0,0,0
RN7SL198P,0,0,0,0,0,0
RN7SL199P,0,0,0,0,0,0
RN7SL19P,0,0,0,0,0,0
RN7SL2,0,0,0,0,0,0
RN7SL200P,0,3,0,0,0,0
RN7SL201P,0,0,0,0,0,0
RN7SL202P,0,0,0,0,0,0
RN7SL203P,0,0,0,0,0,0
RN7SL204P,0,0,0,0,0,0
RN7SL205P,0,0,0,0,0,0
RN7SL208P,0,0,0,0,0,0
RN7SL209P,0,0,0,0,0,0
RN7SL20P,0,0,0,0,0,0
RN7SL210P,0,0,0,0,0,0
RN7SL211P,0,0,0,0,0,0
RN7SL213P,0,0,0,0,0,0
RN7SL214P,0,0,0,0,0,0
RN7SL215P,0,0,0,0,0,0
RN7SL216P,0,0,0,0,0,0
RN7SL217P,0,0,0,0,0,0
RN7SL218P,0,0,0,0,0,0
RN7SL219P,8,2,4,2,7,0
RN7SL220P,0,0,0,0,0,0
RN7SL221P,0,0,0,0,0,0
RN7SL222P,0,0,0,0,0,0
RN7SL223P,0,0,0,0,0,0
RN7SL225P,0,0,0,0,0,0
RN7SL228P,0,0,0,0,0,0
RN7SL229P,0,0,0,0,0,0
RN7SL22P,0,0,0,0,0,0
RN7SL230P,0,0,0,0,1,0
RN7SL231P,0,0,0,0,0,0
RN7SL233P,0,0,0,0,0,0
RN7SL234P,0,0,0,0,0,0
RN7SL236P,0,0,0,0,0,0
RN7SL237P,0,0,0,0,0,0
RN7SL238P,0,0,0,0,0,0
RN7SL239P,3,0,0,0,0,3
RN7SL23P,0,0,2,4,4,6
RN7SL240P,0,0,0,0,0,0
RN7SL241P,0,0,0,0,0,0
RN7SL242P,0,0,0,0,0,0
RN7SL244P,0,0,0,0,0,0
RN7SL246P,0,0,0,0,0,0
RN7SL248P,0,0,0,0,0,0
RN7SL250P,0,0,0,0,0,0
RN7SL251P,0,0,0,0,0,0
RN7SL252P,0,0,0,0,0,0
RN7SL253P,0,0,0,0,0,0
RN7SL254P,0,0,0,0,0,0
RN7SL255P,0,0,0,0,0,0
RN7SL258P,0,0,0,0,0,1
RN7SL259P,0,0,0,0,0,0
RN7SL25P,0,0,0,0,0,0
RN7SL260P,0,0,0,0,0,0
RN7SL261P,0,0,0,0,0,0
RN7SL262P,0,0,0,0,0,0
RN7SL263P,0,0,0,0,0,0
RN7SL265P,0,0,0,0,0,0
RN7SL266P,0,0,0,0,0,0
RN7SL267P,0,0,0,0,0,0
RN7SL268P,0,0,0,0,0,0
RN7SL269P,0,0,0,0,0,0
RN7SL26P,0,0,0,0,0,0
RN7SL271P,0,0,0,0,0,0
RN7SL272P,0,0,0,0,0,0
RN7SL273P,0,0,0,0,0,0
RN7SL274P,0,0,0,0,0,0
RN7SL275P,0,0,0,0,0,0
RN7SL278P,0,0,0,0,0,0
RN7SL279P,0,0,0,0,0,0
RN7SL280P,0,0,0,0,0,0
RN7SL282P,0,0,0,0,0,0
RN7SL283P,0,0,0,0,0,0
RN7SL284P,0,0,0,0,0,0
RN7SL285P,0,0,0,0,0,0
RN7SL286P,0,0,0,0,0,0
RN7SL288P,0,0,0,0,0,0
RN7SL28P,0,0,0,0,0,0
RN7SL290P,0,0,0,0,0,0
RN7SL291P,0,0,0,0,0,0
RN7SL292P,0,0,0,0,0,0
RN7SL293P,0,0,0,0,0,0
RN7SL294P,0,0,0,0,0,0
RN7SL296P,0,0,0,0,0,0
RN7SL297P,0,0,0,0,0,0
RN7SL299P,0,0,0,0,0,0
RN7SL3,21,18,341,60,453,493
RN7SL300P,0,0,0,0,0,0
RN7SL301P,0,0,0,0,0,0
RN7SL302P,0,0,0,0,0,0
RN7SL303P,0,0,0,0,0,0
RN7SL304P,0,0,0,0,0,0
RN7SL305P,0,0,0,0,0,0
RN7SL306P,0,0,0,0,0,0
RN7SL307P,0,0,0,0,0,0
RN7SL308P,0,0,0,0,0,0
RN7SL309P,0,0,0,0,0,0
RN7SL30P,0,0,0,0,1,0
RN7SL310P,0,0,0,0,0,0
RN7SL311P,0,0,0,0,0,0
RN7SL313P,1,0,0,0,0,2
RN7SL314P,0,0,0,0,0,0
RN7SL316P,0,0,0,0,1,0
RN7SL317P,0,0,0,0,0,0
RN7SL318P,0,0,0,0,0,0
RN7SL319P,0,0,0,0,0,0
RN7SL320P,0,0,0,0,0,0
RN7SL321P,0,0,0,0,0,0
RN7SL322P,0,0,0,0,0,0
RN7SL323P,0,0,0,1,0,0
RN7SL325P,0,0,0,0,0,0
RN7SL326P,0,0,0,0,0,0
RN7SL327P,0,0,0,0,0,0
RN7SL328P,0,0,0,0,0,0
RN7SL329P,0,0,0,0,0,0
RN7SL32P,0,0,0,0,0,0
RN7SL330P,0,0,0,0,0,0
RN7SL331P,0,0,0,0,0,0
RN7SL332P,0,0,0,0,0,0
RN7SL333P,5,0,5,3,1,3
RN7SL334P,0,0,0,0,0,0
RN7SL335P,0,0,0,0,0,0
RN7SL336P,0,0,0,1,2,0
RN7SL337P,0,0,0,0,0,0
RN7SL338P,0,0,0,0,0,0
RN7SL339P,0,0,0,0,0,0
RN7SL33P,0,0,0,0,0,0
RN7SL340P,0,0,0,0,0,0
RN7SL341P,0,0,0,0,0,0
RN7SL342P,0,0,0,0,0,0
RN7SL343P,0,0,0,0,0,0
RN7SL344P,0,0,1,0,0,0
RN7SL346P,0,0,0,0,0,0
RN7SL34P,0,0,0,0,0,0
RN7SL350P,0,0,0,0,0,0
RN7SL351P,0,0,0,0,2,0
RN7SL352P,0,0,0,0,0,0
RN7SL353P,0,0,0,0,0,0
RN7SL356P,0,0,0,0,0,0
RN7SL357P,0,0,0,0,0,0
RN7SL359P,0,0,0,1,1,2
RN7SL35P,0,0,0,0,0,0
RN7SL361P,0,0,0,0,0,0
RN7SL362P,0,0,0,0,0,0
RN7SL363P,0,0,0,0,0,0
RN7SL364P,0,0,0,1,3,1
RN7SL366P,0,0,0,0,0,0
RN7SL368P,0,0,0,0,0,0
RN7SL369P,0,0,0,0,0,0
RN7SL36P,0,0,0,0,0,0
RN7SL370P,0,0,0,0,0,0
RN7SL371P,0,0,0,0,0,0
RN7SL372P,0,0,0,0,0,0
RN7SL375P,0,0,0,0,0,0
RN7SL376P,0,0,0,0,0,0
RN7SL377P,0,0,0,0,0,0
RN7SL378P,0,0,0,0,0,1
RN7SL379P,0,0,0,0,0,0
RN7SL37P,1,0,0,0,0,0
RN7SL380P,0,0,0,0,0,0
RN7SL381P,11,2,14,21,43,71
RN7SL382P,0,0,0,0,0,0
RN7SL383P,0,0,0,0,0,0
RN7SL384P,0,0,0,2,0,0
RN7SL385P,1,0,0,0,0,1
RN7SL386P,0,0,0,0,0,0
RN7SL387P,0,0,0,0,0,0
RN7SL388P,0,0,0,1,0,0
RN7SL38P,0,0,0,0,0,0
RN7SL390P,0,0,2,0,0,0
RN7SL391P,0,0,0,0,0,0
RN7SL392P,0,0,0,0,0,0
RN7SL393P,0,0,0,0,0,0
RN7SL394P,0,0,0,0,0,0
RN7SL395P,0,0,0,0,0,0
RN7SL397P,0,0,0,0,0,0
RN7SL398P,0,0,0,0,0,0
RN7SL399P,4,0,6,2,4,3
RN7SL39P,0,0,0,0,0,0
RN7SL400P,0,0,0,0,0,0
RN7SL401P,0,0,0,0,0,0
RN7SL402P,0,0,0,0,0,0
RN7SL403P,5,8,3,7,12,14
RN7SL404P,0,0,0,0,0,0
RN7SL405P,0,0,0,0,0,0
RN7SL408P,0,0,0,0,0,0
RN7SL40P,0,0,0,0,1,0
RN7SL411P,0,0,0,0,0,0
RN7SL413P,0,0,0,0,0,0
RN7SL414P,0,0,0,0,0,0
RN7SL415P,0,0,0,0,0,0
RN7SL416P,0,0,0,0,0,0
RN7SL417P,0,0,0,0,0,0
RN7SL418P,0,0,0,0,0,0
RN7SL419P,0,0,0,0,0,0
RN7SL41P,0,0,0,0,0,0
RN7SL420P,0,0,0,0,0,0
RN7SL422P,0,0,0,0,0,0
RN7SL423P,0,0,0,0,0,0
RN7SL424P,0,0,0,0,0,0
RN7SL426P,0,0,0,0,0,0
RN7SL428P,0,0,0,0,0,0
RN7SL429P,0,0,0,0,0,0
RN7SL42P,0,0,0,0,0,0
RN7SL430P,0,0,0,0,0,0
RN7SL431P,0,0,0,0,0,0
RN7SL432P,0,0,0,0,0,0
RN7SL434P,0,0,0,2,0,0
RN7SL435P,0,0,0,0,0,0
RN7SL43P,0,0,0,0,0,0
RN7SL440P,0,0,0,0,0,0
RN7SL441P,0,0,0,0,0,0
RN7SL442P,0,0,0,0,0,0
RN7SL443P,0,0,0,0,0,0
RN7SL444P,0,0,0,0,0,0
RN7SL445P,0,0,0,0,0,0
RN7SL446P,0,0,0,0,0,0
RN7SL447P,0,0,0,0,0,0
RN7SL448P,0,0,0,0,0,0
RN7SL449P,0,0,0,1,3,3
RN7SL44P,0,0,0,0,0,0
RN7SL451P,0,0,0,0,0,0
RN7SL452P,0,0,0,0,0,0
RN7SL453P,0,0,0,0,0,0
RN7SL454P,0,0,0,0,0,0
RN7SL455P,0,0,0,0,0,0
RN7SL456P,0,0,0,0,0,0
RN7SL457P,0,0,0,0,0,0
RN7SL459P,0,0,0,0,0,0
RN7SL45P,0,0,0,0,0,2
RN7SL460P,0,0,0,0,0,0
RN7SL461P,0,0,0,0,0,0
RN7SL462P,0,0,0,0,0,0
RN7SL464P,0,0,0,0,0,0
RN7SL465P,0,0,0,0,0,0
RN7SL466P,0,0,0,0,0,0
RN7SL468P,0,0,0,0,0,0
RN7SL469P,0,0,0,0,0,0
RN7SL470P,0,0,0,0,0,0
RN7SL471P,0,0,0,0,0,0
RN7SL472P,0,0,0,0,0,0
RN7SL473P,1,0,0,0,1,2
RN7SL474P,0,0,0,0,0,0
RN7SL475P,0,0,0,0,0,0
RN7SL477P,0,0,0,0,0,0
RN7SL478P,0,0,0,0,0,0
RN7SL479P,0,0,0,0,0,0
RN7SL47P,0,0,0,1,0,0
RN7SL480P,0,0,0,0,0,0
RN7SL481P,1,0,5,5,6,3
RN7SL482P,0,0,0,0,1,1
RN7SL483P,0,0,0,0,0,0
RN7SL484P,0,0,0,0,0,0
RN7SL487P,0,0,0,0,0,0
RN7SL488P,0,0,0,0,0,0
RN7SL489P,0,0,0,0,0,0
RN7SL48P,0,0,0,0,0,0
RN7SL491P,0,0,0,0,0,0
RN7SL492P,0,0,0,0,0,0
RN7SL493P,0,0,0,0,0,0
RN7SL494P,0,0,0,0,0,0
RN7SL495P,0,0,0,0,0,0
RN7SL496P,0,0,0,0,0,0
RN7SL497P,0,0,0,0,0,0
RN7SL498P,0,0,0,0,0,0
RN7SL499P,0,0,0,0,0,0
RN7SL49P,2,2,4,7,2,3
RN7SL4P,114,144,1345,300,433,579
RN7SL502P,0,0,0,0,0,0
RN7SL503P,0,0,0,0,0,0
RN7SL504P,0,0,0,0,0,0
RN7SL505P,3,0,0,0,0,0
RN7SL507P,0,0,0,0,0,0
RN7SL508P,0,0,0,0,0,0
RN7SL509P,0,0,0,0,0,0
RN7SL50P,0,0,0,0,0,0
RN7SL510P,1,0,0,0,0,0
RN7SL513P,0,0,2,0,1,0
RN7SL515P,0,0,0,0,0,0
RN7SL516P,0,0,0,0,0,0
RN7SL517P,0,0,0,0,0,0
RN7SL518P,0,0,0,0,0,0
RN7SL519P,0,0,0,0,0,0
RN7SL51P,0,0,0,0,0,0
RN7SL520P,0,0,0,0,0,0
RN7SL521P,0,0,0,0,0,0
RN7SL523P,0,0,0,0,0,0
RN7SL524P,0,0,0,0,0,0
RN7SL525P,0,0,0,0,0,0
RN7SL526P,10,0,6,0,4,8
RN7SL52P,0,0,0,0,0,0
RN7SL530P,0,0,0,0,0,0
RN7SL531P,0,0,0,0,0,0
RN7SL535P,3,0,0,4,4,1
RN7SL536P,0,0,0,0,0,0
RN7SL538P,0,0,0,0,0,0
RN7SL539P,0,0,0,0,0,0
RN7SL541P,1,0,0,0,0,0
RN7SL542P,0,0,0,0,0,0
RN7SL543P,0,0,0,0,0,0
RN7SL544P,0,0,0,0,0,0
RN7SL545P,0,0,0,0,0,0
RN7SL546P,0,0,0,0,0,0
RN7SL547P,0,0,0,0,0,0
RN7SL549P,0,0,0,0,0,0
RN7SL551P,0,0,0,0,0,0
RN7SL552P,0,2,0,0,1,0
RN7SL553P,0,0,0,0,0,0
RN7SL554P,0,0,0,0,0,0
RN7SL555P,0,0,0,0,0,0
RN7SL556P,0,0,0,0,0,0
RN7SL557P,0,0,0,0,0,0
RN7SL558P,0,0,1,4,0,2
RN7SL559P,0,0,0,1,0,0
RN7SL55P,0,0,0,0,0,0
RN7SL560P,0,0,0,0,0,0
RN7SL561P,0,0,0,0,0,0
RN7SL563P,0,0,0,0,0,0
RN7SL564P,0,0,0,0,0,0
RN7SL565P,0,0,0,0,0,0
RN7SL566P,0,0,0,0,0,2
RN7SL567P,0,0,0,0,0,0
RN7SL568P,0,0,0,0,0,0
RN7SL569P,0,0,1,1,2,0
RN7SL570P,0,0,0,0,0,0
RN7SL571P,0,0,0,0,0,0
RN7SL574P,1,0,4,0,4,1
RN7SL575P,0,0,0,0,0,0
RN7SL577P,2,0,0,0,0,0
RN7SL578P,0,0,0,0,0,0
RN7SL57P,0,0,0,0,0,0
RN7SL580P,0,0,0,0,0,0
RN7SL581P,0,0,0,0,0,0
RN7SL582P,0,0,0,0,0,0
RN7SL583P,0,0,0,0,0,0
RN7SL584P,0,0,0,0,0,0
RN7SL585P,0,0,0,0,0,0
RN7SL586P,0,0,0,0,0,0
RN7SL587P,1,0,2,0,0,1
RN7SL589P,2,0,9,9,11,7
RN7SL58P,0,0,0,0,0,0
RN7SL591P,0,0,0,0,0,0
RN7SL592P,0,0,0,0,0,0
RN7SL594P,0,0,0,0,0,0
RN7SL596P,0,0,0,0,0,0
RN7SL597P,0,0,0,0,0,0
RN7SL598P,0,0,0,0,0,0
RN7SL600P,2,0,0,2,1,2
RN7SL601P,0,0,0,0,0,0
RN7SL602P,0,0,0,0,0,0
RN7SL604P,0,0,0,0,0,0
RN7SL605P,0,0,1,1,0,0
RN7SL606P,0,0,0,0,0,0
RN7SL607P,0,0,0,0,0,0
RN7SL608P,0,0,1,5,7,9
RN7SL60P,0,0,0,0,0,0
RN7SL610P,0,0,0,0,0,0
RN7SL612P,0,0,0,0,0,0
RN7SL614P,0,0,0,0,0,1
RN7SL615P,0,0,0,0,0,0
RN7SL616P,0,0,0,0,0,0
RN7SL618P,0,0,0,0,0,0
RN7SL619P,0,0,0,0,0,0
RN7SL620P,0,0,0,0,0,0
RN7SL621P,0,0,0,0,0,0
RN7SL622P,0,0,0,0,0,0
RN7SL623P,0,0,0,0,0,0
RN7SL624P,0,0,0,0,0,0
RN7SL625P,0,0,0,0,0,0
RN7SL627P,0,0,0,0,0,0
RN7SL628P,0,0,0,0,0,0
RN7SL629P,0,0,0,0,0,2
RN7SL62P,0,0,0,0,0,0
RN7SL630P,0,0,0,0,0,0
RN7SL632P,0,0,0,0,0,0
RN7SL633P,0,0,0,0,0,0
RN7SL634P,0,0,0,0,0,0
RN7SL635P,0,0,0,0,0,0
RN7SL636P,0,0,0,0,0,0
RN7SL638P,0,0,0,0,0,0
RN7SL63P,0,0,0,0,0,0
RN7SL640P,0,0,0,0,0,0
RN7SL643P,0,0,0,0,0,0
RN7SL644P,0,0,0,0,0,0
RN7SL645P,0,0,0,0,0,0
RN7SL646P,0,0,0,0,0,0
RN7SL647P,0,0,0,0,0,0
RN7SL648P,0,0,1,0,0,0
RN7SL649P,0,0,0,0,0,0
RN7SL650P,0,0,0,0,0,0
RN7SL652P,2,0,0,2,2,1
RN7SL653P,0,0,0,0,0,0
RN7SL654P,0,0,0,0,0,0
RN7SL655P,1,0,0,0,0,0
RN7SL656P,0,0,0,0,0,0
RN7SL657P,0,0,0,0,0,0
RN7SL658P,0,0,0,0,0,0
RN7SL659P,0,0,0,0,0,0
RN7SL65P,0,0,0,0,0,0
RN7SL660P,0,0,0,0,0,0
RN7SL663P,1,0,0,1,7,6
RN7SL664P,0,0,0,0,0,0
RN7SL665P,0,0,0,0,0,0
RN7SL666P,0,0,0,0,0,0
RN7SL668P,0,0,0,0,0,0
RN7SL66P,0,0,0,0,0,0
RN7SL670P,0,0,0,0,0,0
RN7SL672P,0,0,0,0,0,0
RN7SL673P,0,0,0,0,0,0
RN7SL675P,0,0,0,0,0,0
RN7SL677P,0,0,0,0,0,0
RN7SL678P,1,0,0,0,0,0
RN7SL679P,0,0,0,0,0,0
RN7SL67P,0,0,0,0,0,0
RN7SL680P,0,0,0,0,0,0
RN7SL681P,0,0,0,0,0,0
RN7SL683P,0,0,0,0,0,0
RN7SL684P,0,0,0,0,0,0
RN7SL685P,0,0,0,0,0,0
RN7SL687P,0,0,0,0,0,0
RN7SL688P,5,0,6,5,5,5
RN7SL689P,51,13,85,51,36,49
RN7SL68P,0,0,0,3,0,0
RN7SL690P,0,0,0,0,0,0
RN7SL691P,0,0,0,0,0,0
RN7SL692P,0,0,0,0,0,0
RN7SL693P,0,0,0,0,1,0
RN7SL697P,0,0,0,0,0,0
RN7SL698P,0,0,0,0,0,0
RN7SL69P,0,0,0,0,0,0
RN7SL700P,0,0,0,0,0,0
RN7SL702P,0,0,0,0,0,0
RN7SL703P,0,0,0,0,0,0
RN7SL704P,0,0,0,0,0,0
RN7SL705P,0,0,0,0,0,0
RN7SL706P,0,0,0,1,0,1
RN7SL708P,0,0,0,0,0,0
RN7SL709P,0,0,0,0,0,0
RN7SL70P,0,0,0,0,0,0
RN7SL711P,0,0,0,0,0,0
RN7SL712P,0,0,0,0,0,0
RN7SL713P,0,0,0,0,0,0
RN7SL714P,0,0,0,0,0,0
RN7SL715P,0,0,0,0,0,0
RN7SL716P,0,0,0,0,0,0
RN7SL717P,0,0,0,0,0,0
RN7SL718P,0,0,0,0,0,0
RN7SL719P,0,0,0,0,0,0
RN7SL720P,0,0,0,0,0,0
RN7SL722P,0,0,0,0,0,0
RN7SL724P,0,0,0,0,0,0
RN7SL725P,0,0,0,0,0,0
RN7SL726P,0,0,0,0,0,0
RN7SL727P,0,0,0,0,0,0
RN7SL728P,0,0,0,0,0,0
RN7SL72P,0,0,0,0,0,0
RN7SL731P,0,0,0,0,0,0
RN7SL732P,0,0,0,0,0,0
RN7SL733P,0,0,0,0,0,0
RN7SL734P,0,0,0,1,0,0
RN7SL735P,0,0,0,0,0,0
RN7SL736P,0,0,0,0,0,1
RN7SL737P,0,0,0,0,0,0
RN7SL738P,0,0,0,0,0,0
RN7SL73P,0,0,0,0,0,0
RN7SL740P,0,0,0,1,0,0
RN7SL741P,0,0,0,0,0,0
RN7SL743P,0,0,0,1,0,0
RN7SL744P,0,0,0,0,0,0
RN7SL745P,4,0,0,6,10,4
RN7SL748P,0,0,0,0,0,0
RN7SL749P,0,0,0,0,0,0
RN7SL74P,0,0,0,0,0,0
RN7SL750P,1,0,0,1,2,1
RN7SL751P,0,5,0,2,0,0
RN7SL752P,0,0,0,0,0,0
RN7SL753P,1,8,0,0,0,0
RN7SL754P,0,0,0,1,0,0
RN7SL756P,0,0,0,0,0,0
RN7SL757P,0,0,0,0,0,0
RN7SL759P,0,0,0,0,0,0
RN7SL75P,1,0,0,0,0,2
RN7SL760P,0,0,0,0,0,0
RN7SL761P,0,0,0,0,0,0
RN7SL762P,0,0,0,0,0,0
RN7SL763P,0,0,0,0,0,0
RN7SL764P,0,0,0,0,0,0
RN7SL766P,0,0,0,0,0,0
RN7SL769P,0,0,0,0,0,0
RN7SL76P,0,0,0,0,0,0
RN7SL771P,0,0,0,0,0,0
RN7SL774P,0,0,0,0,0,0
RN7SL775P,1,0,0,0,1,2
RN7SL776P,0,0,0,0,0,0
RN7SL778P,0,0,0,0,0,0
RN7SL77P,0,0,0,0,0,0
RN7SL782P,0,0,0,0,0,0
RN7SL783P,0,0,0,0,0,0
RN7SL784P,0,0,0,0,0,1
RN7SL785P,0,0,0,0,0,0
RN7SL786P,0,0,0,0,0,0
RN7SL787P,0,0,0,0,0,0
RN7SL788P,0,0,0,0,0,0
RN7SL789P,0,0,0,0,0,0
RN7SL78P,0,0,0,0,0,0
RN7SL790P,0,0,0,0,0,0
RN7SL791P,0,0,0,0,0,0
RN7SL792P,0,0,0,0,0,0
RN7SL793P,0,0,0,0,0,0
RN7SL794P,0,0,0,0,0,0
RN7SL795P,0,0,0,0,0,0
RN7SL796P,0,0,0,0,0,0
RN7SL797P,0,0,0,0,0,0
RN7SL798P,0,0,0,0,0,0
RN7SL799P,1,0,0,0,0,0
RN7SL79P,0,0,0,0,0,0
RN7SL800P,0,0,0,0,0,0
RN7SL801P,0,0,0,0,0,0
RN7SL802P,0,0,0,0,0,0
RN7SL803P,0,0,0,0,0,0
RN7SL804P,0,0,0,0,0,0
RN7SL806P,0,0,0,0,0,0
RN7SL807P,0,0,0,0,0,0
RN7SL808P,0,0,0,0,0,0
RN7SL809P,4,0,13,21,14,15
RN7SL810P,0,0,0,0,0,0
RN7SL811P,0,0,0,0,0,0
RN7SL812P,0,0,2,0,2,1
RN7SL813P,0,0,0,0,0,0
RN7SL814P,0,0,0,0,0,0
RN7SL815P,0,0,0,0,0,0
RN7SL817P,0,0,0,0,0,0
RN7SL818P,0,0,0,0,0,0
RN7SL819P,0,0,0,0,0,0
RN7SL81P,4,9,7,13,15,15
RN7SL820P,0,0,0,0,0,0
RN7SL822P,0,0,0,0,0,0
RN7SL823P,2,0,0,7,5,8
RN7SL824P,0,0,0,0,0,0
RN7SL825P,0,0,0,0,0,0
RN7SL826P,0,0,0,0,0,0
RN7SL827P,0,0,0,0,0,0
RN7SL828P,0,0,0,0,0,0
RN7SL82P,0,0,0,0,0,0
RN7SL831P,0,0,0,0,0,0
RN7SL832P,0,0,7,6,5,7
RN7SL833P,0,0,0,0,0,0
RN7SL834P,1,0,2,0,3,0
RN7SL835P,0,0,0,0,0,0
RN7SL836P,0,0,0,0,0,0
RN7SL837P,0,0,0,0,0,0
RN7SL838P,0,0,0,0,2,0
RN7SL83P,0,0,0,0,0,0
RN7SL840P,0,0,0,0,0,0
RN7SL841P,0,0,0,0,0,0
RN7SL842P,0,0,0,0,0,0
RN7SL843P,0,0,0,0,0,0
RN7SL845P,0,0,0,0,0,0
RN7SL846P,0,0,0,0,0,0
RN7SL847P,0,0,0,0,0,0
RN7SL849P,0,0,0,0,0,0
RN7SL850P,0,0,0,0,0,0
RN7SL851P,1,0,0,1,0,0
RN7SL853P,0,0,0,0,0,0
RN7SL854P,0,0,0,0,0,0
RN7SL856P,2,0,0,0,0,1
RN7SL860P,0,0,0,0,0,0
RN7SL861P,0,0,0,0,0,0
RN7SL862P,0,0,0,0,0,0
RN7SL863P,0,0,0,0,0,0
RN7SL864P,0,0,0,0,1,0
RN7SL865P,0,0,0,0,0,0
RN7SL868P,0,0,0,0,0,0
RN7SL869P,0,0,0,0,0,0
RN7SL870P,0,0,0,0,0,0
RN7SL87P,0,0,0,0,0,0
RN7SL88P,0,0,0,0,0,0
RN7SL89P,0,0,0,0,0,0
RN7SL91P,0,0,0,0,0,0
RN7SL93P,0,0,0,0,0,0
RN7SL96P,0,0,0,0,0,0
RN7SL97P,0,0,0,0,0,0
RN7SL98P,0,0,0,0,0,0
RNA5-8SN1,0,0,10,0,3,4
RNA5-8SN2,0,0,0,0,0,0
RNA5-8SN3,1,2,111,2,31,20
RNA5-8SN4,0,0,0,0,0,0
RNA5-8SN5,0,0,0,0,0,0
RNA5-8SP,0,0,0,0,0,0
RNA5-8SP10,0,0,0,0,0,0
RNA5-8SP2,0,0,0,0,0,0
RNA5-8SP4,0,0,0,0,0,0
RNA5-8SP5,0,0,0,0,0,0
RNA5-8SP6,0,0,0,1,0,0
RNA5-8SP7,0,0,0,0,0,0
RNA5S1,0,0,0,0,0,0
RNA5S10,0,0,0,0,0,0
RNA5S11,0,0,0,0,0,0
RNA5S12,0,0,0,0,0,0
RNA5S13,0,0,0,0,0,0
RNA5S14,0,0,0,0,0,0
RNA5S15,0,0,0,0,0,0
RNA5S16,0,0,0,0,0,0
RNA5S17,0,0,0,0,0,0
RNA5S2,0,0,0,0,0,0
RNA5S3,0,0,0,0,0,0
RNA5S4,0,0,0,0,0,0
RNA5S5,0,0,0,0,0,0
RNA5S6,0,0,0,0,0,0
RNA5S7,0,0,0,0,0,0
RNA5S8,0,0,0,0,0,0
RNA5S9,0,0,4,0,0,5
RNA5SP100,0,0,0,0,0,0
RNA5SP101,0,0,0,0,0,0
RNA5SP102,0,0,0,0,0,0
RNA5SP103,0,0,0,0,0,0
RNA5SP104,0,0,0,0,0,0
RNA5SP105,0,0,0,0,0,0
RNA5SP106,0,0,0,0,0,0
RNA5SP107,0,0,0,0,0,0
RNA5SP108,0,0,0,3,2,1
RNA5SP109,0,0,0,1,0,0
RNA5SP110,0,0,0,1,0,0
RNA5SP111,0,0,0,0,0,0
RNA5SP112,0,0,0,0,0,0
RNA5SP113,0,0,0,0,0,0
RNA5SP114,0,0,0,0,0,0
RNA5SP115,0,0,0,0,0,0
RNA5SP116,0,0,0,0,0,0
RNA5SP117,0,0,0,0,0,0
RNA5SP118,0,0,0,0,0,0
RNA5SP119,0,0,0,0,0,0
RNA5SP120,0,0,0,0,0,0
RNA5SP121,0,0,0,0,0,0
RNA5SP122,1,0,1,0,0,0
RNA5SP123,0,0,0,0,0,0
RNA5SP124,0,0,0,0,0,0
RNA5SP125,0,0,0,0,0,0
RNA5SP126,0,0,0,0,0,0
RNA5SP127,0,0,0,0,0,0
RNA5SP128,0,0,0,0,0,0
RNA5SP129,3,0,0,1,0,0
RNA5SP130,0,0,0,0,0,0
RNA5SP131,0,0,0,0,0,0
RNA5SP132,0,0,0,0,0,0
RNA5SP133,0,0,0,0,0,0
RNA5SP134,0,0,0,0,0,0
RNA5SP135,0,0,0,0,0,0
RNA5SP136,0,0,0,0,0,0
RNA5SP137,0,0,0,0,0,0
RNA5SP138,0,0,0,0,0,0
RNA5SP139,0,0,0,0,0,0
RNA5SP140,0,0,0,0,0,0
RNA5SP141,0,0,1,0,1,0
RNA5SP142,0,0,0,0,0,0
RNA5SP143,0,0,0,0,0,0
RNA5SP144,0,0,0,0,0,0
RNA5SP145,0,0,0,0,0,0
RNA5SP146,0,0,0,0,0,0
RNA5SP147,0,0,0,0,0,0
RNA5SP148,0,0,0,0,0,0
RNA5SP149,0,0,0,0,0,0
RNA5SP150,0,0,0,0,0,0
RNA5SP151,0,0,0,0,0,0
RNA5SP152,0,0,0,0,0,0
RNA5SP153,0,0,0,0,0,0
RNA5SP154,0,0,0,0,0,0
RNA5SP155,0,0,0,0,0,0
RNA5SP156,0,0,0,0,0,0
RNA5SP157,0,0,0,0,0,0
RNA5SP158,0,0,0,0,0,0
RNA5SP159,0,0,0,0,0,0
RNA5SP160,0,0,0,0,0,0
RNA5SP163,0,0,0,0,0,0
RNA5SP164,0,0,0,0,0,0
RNA5SP165,0,0,0,0,0,0
RNA5SP166,0,0,0,0,0,0
RNA5SP167,0,0,0,0,0,0
RNA5SP168,0,0,0,0,0,0
RNA5SP169,0,0,0,0,0,0
RNA5SP170,0,0,0,0,0,0
RNA5SP171,0,0,0,0,0,0
RNA5SP173,0,0,0,0,0,0
RNA5SP174,0,0,0,0,0,0
RNA5SP175,0,0,0,0,0,0
RNA5SP176,0,0,0,0,0,0
RNA5SP177,0,0,0,0,0,0
RNA5SP178,0,0,0,0,0,0
RNA5SP179,0,0,0,0,0,0
RNA5SP18,0,0,0,0,0,0
RNA5SP180,0,0,0,0,0,0
RNA5SP181,0,0,0,0,0,0
RNA5SP182,0,0,0,0,0,0
RNA5SP183,0,0,0,0,0,0
RNA5SP184,0,0,0,0,0,0
RNA5SP185,0,0,0,0,0,0
RNA5SP186,0,0,0,0,0,0
RNA5SP187,0,0,0,0,0,0
RNA5SP189,0,0,0,0,0,0
RNA5SP19,0,0,0,0,0,0
RNA5SP190,0,0,0,0,0,0
RNA5SP191,0,0,0,0,0,0
RNA5SP192,0,0,0,0,0,0
RNA5SP193,0,0,0,0,0,0
RNA5SP194,0,0,0,0,0,0
RNA5SP195,2,0,4,3,0,1
RNA5SP196,0,0,0,0,0,0
RNA5SP197,0,0,0,0,0,0
RNA5SP198,0,0,0,0,0,0
RNA5SP199,0,0,0,0,0,0
RNA5SP20,0,0,0,0,0,0
RNA5SP200,0,0,0,0,0,0
RNA5SP201,0,0,0,0,0,0
RNA5SP202,0,0,0,0,0,0
RNA5SP203,0,0,0,0,0,0
RNA5SP204,0,0,0,0,0,0
RNA5SP205,0,0,0,0,0,0
RNA5SP206,0,0,0,0,0,0
RNA5SP207,0,0,0,0,0,0
RNA5SP208,0,0,0,0,0,0
RNA5SP209,0,0,0,0,0,0
RNA5SP21,0,0,0,0,0,0
RNA5SP210,0,0,0,0,0,0
RNA5SP211,0,0,0,0,0,0
RNA5SP212,0,0,0,0,0,0
RNA5SP213,0,0,0,0,0,0
RNA5SP214,0,0,0,0,0,0
RNA5SP215,0,0,0,0,0,0
RNA5SP216,0,0,0,0,0,0
RNA5SP217,0,0,0,0,0,0
RNA5SP218,0,0,0,0,0,0
RNA5SP219,0,0,0,0,0,0
RNA5SP22,0,0,0,0,0,0
RNA5SP220,0,0,0,0,0,0
RNA5SP221,0,0,0,1,1,1
RNA5SP222,0,0,0,0,0,0
RNA5SP223,0,0,0,0,0,0
RNA5SP224,0,0,0,0,0,0
RNA5SP225,0,0,0,0,0,0
RNA5SP227,0,0,0,0,0,0
RNA5SP228,0,0,0,0,0,0
RNA5SP229,0,0,0,0,0,0
RNA5SP23,0,0,0,0,0,0
RNA5SP230,0,0,0,0,0,0
RNA5SP231,0,0,0,0,0,0
RNA5SP232,0,0,0,0,0,0
RNA5SP233,0,0,0,0,0,0
RNA5SP234,0,0,0,0,0,0
RNA5SP235,0,0,0,0,0,0
RNA5SP236,0,0,0,0,0,0
RNA5SP237,0,0,0,0,0,0
RNA5SP238,0,0,0,0,0,0
RNA5SP239,0,0,0,0,0,0
RNA5SP24,0,0,0,0,0,0
RNA5SP240,0,0,0,0,0,0
RNA5SP241,0,0,0,0,0,0
RNA5SP242,0,0,0,0,0,0
RNA5SP243,0,0,0,0,0,0
RNA5SP244,0,0,0,0,0,0
RNA5SP245,0,0,0,0,0,0
RNA5SP246,0,0,2,0,2,0
RNA5SP247,0,0,0,0,0,0
RNA5SP248,0,0,0,1,0,0
RNA5SP249,0,0,0,0,0,0
RNA5SP25,0,0,0,0,0,0
RNA5SP250,0,0,0,0,0,0
RNA5SP251,0,0,0,0,0,0
RNA5SP252,0,0,0,0,0,0
RNA5SP253,0,0,0,0,0,0
RNA5SP254,0,0,0,0,0,0
RNA5SP255,0,0,0,0,0,0
RNA5SP256,0,0,0,0,0,0
RNA5SP257,0,0,0,0,0,0
RNA5SP258,0,0,0,0,0,0
RNA5SP259,0,0,0,0,0,0
RNA5SP26,0,0,0,0,0,0
RNA5SP260,0,0,0,0,0,0
RNA5SP261,0,0,0,0,0,0
RNA5SP262,0,0,0,0,0,0
RNA5SP263,0,0,0,0,0,0
RNA5SP264,0,0,0,0,0,0
RNA5SP265,0,0,0,0,0,0
RNA5SP266,0,0,0,0,0,0
RNA5SP267,0,0,0,0,0,0
RNA5SP268,0,0,0,0,0,0
RNA5SP269,0,0,0,0,0,0
RNA5SP27,0,0,0,0,0,0
RNA5SP270,0,0,0,0,0,0
RNA5SP271,0,0,0,0,0,0
RNA5SP272,0,0,0,0,0,0
RNA5SP273,0,0,0,0,0,0
RNA5SP274,0,0,0,0,0,0
RNA5SP275,0,0,0,0,0,0
RNA5SP276,0,0,0,0,0,0
RNA5SP277,0,0,0,0,0,0
RNA5SP278,0,0,0,0,0,0
RNA5SP279,0,0,0,0,0,0
RNA5SP28,0,0,0,0,0,0
RNA5SP280,0,0,0,0,0,0
RNA5SP281,0,0,0,0,0,0
RNA5SP282,0,0,0,0,0,0
RNA5SP283,1,0,0,0,0,0
RNA5SP284,0,9,0,1,0,0
RNA5SP285,0,0,0,0,0,0
RNA5SP286,0,0,0,1,0,0
RNA5SP287,0,0,0,0,0,0
RNA5SP288,0,0,0,0,0,0
RNA5SP289,0,0,1,0,0,0
RNA5SP29,0,0,0,0,1,0
RNA5SP290,0,0,0,0,0,0
RNA5SP291,0,0,0,0,0,0
RNA5SP292,0,0,0,0,0,0
RNA5SP293,0,0,0,0,0,0
RNA5SP294,2,0,0,1,0,0
RNA5SP295,0,0,0,0,0,0
RNA5SP296,0,0,0,0,0,0
RNA5SP297,0,0,0,0,0,0
RNA5SP298,1,0,1,1,1,2
RNA5SP299,3,0,9,22,12,11
RNA5SP30,0,0,0,0,0,0
RNA5SP300,0,0,0,0,0,0
RNA5SP301,0,0,0,2,0,2
RNA5SP302,0,0,0,0,0,0
RNA5SP303,0,0,0,0,0,0
RNA5SP304,0,0,0,0,1,0
RNA5SP305,0,0,0,0,0,0
RNA5SP306,0,0,0,0,0,0
RNA5SP307,0,0,0,0,0,0
RNA5SP308,0,0,0,0,0,0
RNA5SP309,0,0,0,0,0,0
RNA5SP31,0,0,0,0,0,0
RNA5SP310,0,0,0,0,0,0
RNA5SP311,0,0,0,0,0,0
RNA5SP312,0,0,0,0,0,0
RNA5SP315,0,0,0,0,0,0
RNA5SP317,0,0,0,0,0,0
RNA5SP318,0,0,0,0,1,1
RNA5SP319,0,3,0,0,0,0
RNA5SP320,0,0,0,0,0,0
RNA5SP321,0,0,0,0,0,0
RNA5SP322,0,0,0,0,0,0
RNA5SP323,0,0,0,0,0,0
RNA5SP324,0,0,0,0,0,0
RNA5SP325,0,0,0,0,0,0
RNA5SP326,0,0,0,0,0,0
RNA5SP327,0,0,0,0,0,0
RNA5SP328,0,0,0,0,0,0
RNA5SP329,0,0,0,0,0,0
RNA5SP33,1,0,0,1,0,1
RNA5SP330,0,0,0,0,0,0
RNA5SP331,0,0,0,0,0,0
RNA5SP332,0,0,0,0,0,0
RNA5SP333,0,0,0,0,0,0
RNA5SP334,0,0,0,0,0,0
RNA5SP335,0,0,0,0,0,0
RNA5SP336,0,0,0,0,0,0
RNA5SP337,0,0,0,0,0,0
RNA5SP338,0,0,0,0,0,0
RNA5SP339,0,0,0,0,0,0
RNA5SP34,0,0,0,0,0,0
RNA5SP340,0,0,0,0,0,0
RNA5SP341,0,0,0,0,0,0
RNA5SP342,0,0,0,0,0,0
RNA5SP343,0,0,0,0,2,0
RNA5SP344,0,0,0,0,0,1
RNA5SP345,0,0,0,0,1,1
RNA5SP346,0,0,0,0,0,0
RNA5SP347,0,0,0,0,0,0
RNA5SP349,0,0,0,0,0,0
RNA5SP35,0,0,0,0,0,0
RNA5SP350,0,0,0,0,0,0
RNA5SP351,0,0,1,0,0,0
RNA5SP352,0,0,0,2,1,2
RNA5SP353,0,0,0,0,0,0
RNA5SP354,0,0,0,0,0,1
RNA5SP356,0,0,0,0,0,0
RNA5SP357,0,0,0,0,0,0
RNA5SP358,0,0,0,0,0,0
RNA5SP359,0,0,0,0,0,0
RNA5SP36,0,0,0,0,0,0
RNA5SP360,0,0,0,0,0,0
RNA5SP361,0,0,0,0,0,0
RNA5SP362,0,0,0,0,0,0
RNA5SP363,0,0,0,0,0,0
RNA5SP364,0,0,0,0,0,0
RNA5SP365,0,0,0,0,0,0
RNA5SP366,0,0,0,0,0,0
RNA5SP367,0,0,0,0,0,0
RNA5SP368,0,0,0,0,0,0
RNA5SP369,0,0,0,0,0,0
RNA5SP37,0,0,0,0,0,0
RNA5SP371,0,0,0,0,0,0
RNA5SP372,2,1,1,1,0,2
RNA5SP373,0,0,0,0,0,0
RNA5SP374,0,0,0,0,0,0
RNA5SP375,0,0,0,0,0,0
RNA5SP376,0,0,0,0,0,0
RNA5SP377,0,0,0,0,0,0
RNA5SP378,0,0,0,0,0,0
RNA5SP379,0,0,0,0,0,0
RNA5SP38,0,0,0,0,0,0
RNA5SP380,0,0,0,0,0,0
RNA5SP382,0,0,0,0,0,0
RNA5SP383,0,12,0,2,6,3
RNA5SP384,0,0,0,0,0,0
RNA5SP385,0,0,0,0,0,0
RNA5SP386,0,0,0,0,0,0
RNA5SP387,0,0,0,0,0,0
RNA5SP388,0,0,0,0,0,0
RNA5SP39,0,0,0,0,0,0
RNA5SP390,0,0,0,0,0,0
RNA5SP391,0,0,0,0,0,0
RNA5SP392,0,0,0,0,0,0
RNA5SP393,0,0,0,0,0,0
RNA5SP394,0,0,0,0,0,0
RNA5SP395,0,0,2,2,2,0
RNA5SP396,0,0,0,0,0,0
RNA5SP397,0,0,0,0,0,0
RNA5SP399,0,0,1,3,0,0
RNA5SP40,0,0,0,0,0,0
RNA5SP400,0,0,0,0,0,0
RNA5SP401,0,0,0,0,0,0
RNA5SP402,0,0,0,0,0,0
RNA5SP403,0,0,0,0,0,0
RNA5SP404,0,0,0,0,0,0
RNA5SP405,0,0,0,0,0,0
RNA5SP406,0,0,0,0,0,0
RNA5SP407,0,0,0,0,0,0
RNA5SP408,0,0,0,0,0,0
RNA5SP409,0,0,0,0,0,0
RNA5SP41,0,0,0,0,0,0
RNA5SP410,0,0,0,0,0,0
RNA5SP411,0,0,0,0,0,0
RNA5SP412,0,0,0,0,0,0
RNA5SP413,0,0,0,0,0,0
RNA5SP414,0,0,0,0,0,0
RNA5SP415,0,0,0,0,0,0
RNA5SP416,0,0,0,0,0,0
RNA5SP417,0,0,0,0,0,0
RNA5SP418,0,0,0,0,0,0
RNA5SP419,0,0,0,0,0,0
RNA5SP42,0,0,0,0,0,0
RNA5SP420,0,0,0,0,0,0
RNA5SP421,0,0,0,0,0,0
RNA5SP422,0,0,0,0,0,0
RNA5SP423,0,0,0,0,0,0
RNA5SP424,0,0,0,0,0,0
RNA5SP425,0,0,0,1,0,0
RNA5SP426,0,0,0,0,0,0
RNA5SP427,0,0,0,0,0,0
RNA5SP428,0,0,0,0,0,0
RNA5SP429,0,0,0,0,0,0
RNA5SP43,0,0,0,0,0,0
RNA5SP430,0,0,0,0,0,0
RNA5SP431,0,0,0,0,0,0
RNA5SP432,0,0,0,0,0,0
RNA5SP433,0,0,0,0,0,0
RNA5SP434,0,0,0,0,2,0
RNA5SP435,1,0,0,0,0,1
RNA5SP436,0,0,0,0,0,0
RNA5SP437,0,0,0,0,0,0
RNA5SP438,0,0,0,0,0,0
RNA5SP439,0,0,0,0,0,0
RNA5SP44,0,0,0,0,0,0
RNA5SP440,0,0,0,0,0,0
RNA5SP441,0,0,0,0,0,1
RNA5SP442,0,0,0,0,0,0
RNA5SP443,0,0,0,0,0,0
RNA5SP444,0,0,0,0,0,0
RNA5SP445,0,0,0,0,0,0
RNA5SP446,0,0,0,0,0,0
RNA5SP447,0,0,0,0,0,0
RNA5SP448,0,0,0,0,0,0
RNA5SP449,0,0,0,0,0,0
RNA5SP45,0,0,0,0,0,0
RNA5SP450,0,0,3,1,1,0
RNA5SP451,0,0,0,0,0,0
RNA5SP452,0,0,0,0,0,0
RNA5SP453,0,0,0,0,0,0
RNA5SP454,0,0,0,0,0,0
RNA5SP455,0,0,0,0,0,0
RNA5SP456,0,0,0,0,0,0
RNA5SP457,0,0,0,0,0,0
RNA5SP458,0,0,0,0,0,0
RNA5SP459,0,0,0,0,0,0
RNA5SP46,1,0,0,0,0,0
RNA5SP460,0,0,0,0,0,0
RNA5SP461,0,0,0,0,0,0
RNA5SP462,0,0,0,0,0,0
RNA5SP463,0,0,0,0,0,0
RNA5SP464,0,0,0,0,0,0
RNA5SP465,1,0,0,4,1,1
RNA5SP466,2,0,0,0,0,0
RNA5SP467,0,0,0,0,0,0
RNA5SP468,0,0,0,0,0,0
RNA5SP469,0,0,0,0,0,0
RNA5SP47,0,0,0,0,0,0
RNA5SP470,0,0,0,0,0,0
RNA5SP471,0,0,0,0,0,0
RNA5SP472,0,0,0,0,0,0
RNA5SP474,0,0,2,0,2,0
RNA5SP475,0,0,0,0,0,0
RNA5SP476,0,0,0,0,0,0
RNA5SP477,0,0,0,0,0,0
RNA5SP478,0,0,0,0,0,0
RNA5SP479,0,0,0,0,0,1
RNA5SP48,0,0,0,0,0,0
RNA5SP480,0,0,0,0,0,0
RNA5SP481,0,0,0,0,0,0
RNA5SP482,0,0,0,0,0,0
RNA5SP483,0,0,0,0,0,0
RNA5SP484,0,0,0,0,0,0
RNA5SP485,0,0,0,0,0,0
RNA5SP486,0,0,0,0,0,0
RNA5SP487,0,0,0,0,0,0
RNA5SP488,0,0,0,0,0,0
RNA5SP489,0,0,0,0,0,0
RNA5SP49,0,0,0,0,0,0
RNA5SP490,0,0,0,0,0,0
RNA5SP491,0,0,0,0,0,0
RNA5SP492,0,0,0,0,0,0
RNA5SP493,0,0,0,0,0,0
RNA5SP494,0,0,0,0,0,0
RNA5SP495,0,0,0,0,0,0
RNA5SP496,0,0,0,0,0,0
RNA5SP497,0,0,0,0,0,0
RNA5SP498,0,0,0,0,0,0
RNA5SP499,0,0,0,0,0,0
RNA5SP50,0,0,0,0,0,0
RNA5SP500,0,0,0,0,0,0
RNA5SP501,0,0,0,0,0,0
RNA5SP502,0,0,0,0,0,0
RNA5SP503,0,0,0,0,0,0
RNA5SP504,0,0,0,0,0,0
RNA5SP505,0,0,0,0,0,0
RNA5SP506,0,0,0,0,0,0
RNA5SP507,0,0,0,0,0,0
RNA5SP508,0,0,0,0,0,0
RNA5SP509,0,0,0,0,0,0
RNA5SP51,0,0,0,0,0,0
RNA5SP510,0,0,0,0,0,0
RNA5SP511,0,0,0,0,0,0
RNA5SP512,0,0,0,0,0,0
RNA5SP513,0,9,0,0,0,0
RNA5SP514,0,0,0,0,0,0
RNA5SP515,0,0,0,0,0,0
RNA5SP516,0,0,0,0,0,0
RNA5SP517,0,0,0,0,0,0
RNA5SP518,0,0,0,0,0,0
RNA5SP519,0,0,0,0,0,0
RNA5SP52,0,0,0,0,0,0
RNA5SP520,0,0,0,0,0,0
RNA5SP521,0,0,0,0,0,0
RNA5SP524,0,0,0,0,0,0
RNA5SP525,0,0,0,0,0,0
RNA5SP526,0,0,0,0,0,0
RNA5SP527,0,0,0,0,0,0
RNA5SP528,0,0,0,0,0,0
RNA5SP529,0,0,0,0,0,0
RNA5SP53,1,0,0,0,0,0
RNA5SP530,0,0,1,0,0,0
RNA5SP531,0,0,0,0,0,0
RNA5SP532,0,0,0,0,0,0
RNA5SP533,0,0,0,0,0,0
RNA5SP535,0,0,2,1,0,0
RNA5SP536,0,0,0,0,0,0
RNA5SP54,0,0,0,0,0,0
RNA5SP55,0,0,0,0,0,0
RNA5SP56,0,0,0,0,0,0
RNA5SP57,0,0,0,0,0,0
RNA5SP59,0,0,0,0,0,0
RNA5SP60,0,0,0,0,0,0
RNA5SP61,1,0,0,1,1,4
RNA5SP62,0,0,0,0,0,0
RNA5SP63,0,0,0,0,0,0
RNA5SP64,0,0,0,0,0,0
RNA5SP65,0,0,0,0,0,0
RNA5SP66,0,0,0,0,0,0
RNA5SP67,0,0,0,0,0,0
RNA5SP68,0,0,0,0,0,0
RNA5SP69,0,0,0,0,0,0
RNA5SP70,0,0,0,0,0,0
RNA5SP71,0,0,0,0,0,0
RNA5SP72,0,0,0,0,0,0
RNA5SP73,0,0,0,0,0,0
RNA5SP74,0,0,0,0,0,0
RNA5SP75,0,0,0,0,0,0
RNA5SP76,0,0,0,0,0,0
RNA5SP77,0,0,0,0,0,0
RNA5SP78,0,0,0,0,0,0
RNA5SP79,0,0,0,0,0,0
RNA5SP80,0,0,0,0,0,0
RNA5SP82,8,0,4,23,11,14
RNA5SP84,1,0,0,0,0,0
RNA5SP85,0,0,0,0,0,0
RNA5SP86,0,0,0,0,0,0
RNA5SP87,0,0,0,0,0,0
RNA5SP88,0,0,0,0,0,0
RNA5SP89,0,0,0,0,0,0
RNA5SP90,0,0,0,0,0,0
RNA5SP91,0,0,0,0,0,0
RNA5SP92,0,0,0,2,0,1
RNA5SP93,0,0,0,0,0,0
RNA5SP94,0,0,0,0,0,0
RNA5SP95,0,0,0,0,0,0
RNA5SP96,0,0,0,0,0,0
RNA5SP97,0,0,0,0,0,0
RNA5SP98,0,0,0,0,0,0
RNASE1,0,0,0,0,4,3
RNASE10,0,0,0,0,0,0
RNASE11,0,0,0,0,0,0
RNASE11-AS1,0,0,0,0,0,0
RNASE12,0,0,0,0,0,0
RNASE13,0,0,0,0,0,0
RNASE2,0,0,0,2,0,5
RNASE3,0,0,0,0,0,0
RNASE4,0,0,0,0,0,6
RNASE6,0,0,0,0,0,0
RNASE7,0,0,0,3,3,6
RNASE8,0,0,0,0,0,0
RNASE9,0,0,0,0,0,0
RNASEH1,372,263,644,400,539,509
RNASEH1-DT,50,29,88,43,65,59
RNASEH1P1,0,0,0,0,0,0
RNASEH1P2,0,0,0,0,0,0
RNASEH2A,0,0,3,6,8,4
RNASEH2B,82,52,138,293,272,297
RNASEH2C,66,45,277,106,298,319
RNASEK,11,8,48,16,70,36
RNASEK-C17orf49,0,0,0,0,0,0
RNASEL,199,117,343,522,592,660
RNASET2,26,0,41,72,106,145
RND1,17,12,100,68,376,364
RND2,16,4,51,54,105,104
RND3,1176,712,1923,768,735,701
RNF10,1751,841,3830,2672,3913,3973
RNF103,754,346,1215,1606,1347,1495
RNF103-CHMP3,0,0,0,1,0,0
RNF11,1167,608,2137,2090,1980,2265
RNF111,439,218,649,761,656,939
RNF112,2,0,10,4,21,26
RNF113A,51,8,263,26,100,108
RNF113B,0,0,0,0,0,0
RNF114,1423,923,3453,2726,3673,4117
RNF115,1216,529,2052,1881,1930,1903
RNF121,244,195,704,465,1008,983
RNF122,5,16,10,6,18,16
RNF123,154,49,707,78,434,472
RNF125,92,39,155,228,221,195
RNF126,12,4,94,12,99,85
RNF128,8,0,12,116,99,87
RNF13,2977,1840,5189,2244,2280,2658
RNF130,457,309,1080,553,787,700
RNF133,0,0,0,0,0,0
RNF135,189,85,576,176,376,339
RNF138,261,88,551,531,471,536
RNF138P2,0,0,0,0,0,0
RNF139,1128,777,2145,2202,1930,1992
RNF139-DT,84,22,92,101,129,106
RNF14,1835,866,3273,2569,2451,2794
RNF141,857,412,1642,2188,1807,2239
RNF144A,13,13,26,111,162,154
RNF144B,2194,1020,3325,1612,1380,1617
RNF145,580,326,939,1653,1572,1787
RNF146,405,209,629,759,679,736
RNF148,6,0,2,2,1,1
RNF149,315,132,593,438,452,426
RNF14P2,0,0,0,0,0,0
RNF14P3,0,0,0,0,0,0
RNF14P4,0,0,0,0,0,0
RNF150,39,3,59,741,500,668
RNF151,0,0,0,0,0,3
RNF152,1404,681,2002,3180,2389,3053
RNF157,8,7,26,17,41,46
RNF157-AS1,3,4,3,1,8,3
RNF166,29,4,139,28,140,143
RNF167,991,451,2476,885,1821,1873
RNF168,1022,524,1755,2402,2808,2934
RNF169,1573,847,2169,1622,1258,1673
RNF17,0,0,1,0,0,0
RNF170,976,451,1845,1304,1059,1297
RNF175,0,0,0,16,17,14
RNF180,38,27,50,98,81,131
RNF181,202,170,815,95,617,612
RNF182,0,0,0,0,3,5
RNF183,2,0,1,0,2,1
RNF185,827,553,2206,635,1216,1325
RNF186,0,0,0,0,0,0
RNF186-AS1,0,0,0,0,0,0
RNF187,1122,658,5715,730,2346,2573
RNF19A,761,353,1410,1583,1416,1678
RNF19B,133,93,311,154,204,198
RNF2,475,302,884,609,562,587
RNF20,967,665,1718,1210,1077,1298
RNF207,52,22,118,98,330,362
RNF207-AS1,1,0,1,0,1,2
RNF208,6,3,93,5,45,40
RNF212,0,0,0,0,0,0
RNF212B,0,0,0,4,3,0
RNF213,864,345,1482,1509,2066,2969
RNF213-AS1,30,18,63,19,36,49
RNF214,790,426,1405,881,814,1010
RNF215,26,10,167,50,212,218
RNF216,679,291,1651,450,771,953
RNF216-IT1,0,0,0,0,0,0
RNF216P1,81,33,202,40,107,111
RNF217,391,191,469,2576,1955,2309
RNF217-AS1,37,15,53,216,190,221
RNF220,247,159,925,141,402,461
RNF222,2,0,12,5,27,18
RNF223,14,1,105,2,18,17
RNF224,0,0,10,1,3,3
RNF225,1,1,8,3,23,31
RNF227,166,109,405,115,172,199
RNF228,0,0,0,0,0,0
RNF24,313,115,532,619,787,924
RNF25,78,45,249,67,219,193
RNF26,536,242,2704,531,1777,1928
RNF31,7,3,19,24,27,29
RNF32,12,8,47,32,26,32
RNF32-DT,79,35,163,116,121,172
RNF34,234,172,734,460,678,703
RNF38,542,276,633,614,514,620
RNF39,28,14,68,47,65,75
RNF4,843,380,2497,1139,2714,3036
RNF40,505,225,2760,573,3127,3318
RNF41,1183,630,2486,1348,2042,2380
RNF43,17,2,39,94,120,153
RNF44,241,103,1124,240,867,1058
RNF5,396,262,1188,329,954,939
RNF6,1351,659,2418,2958,2307,2883
RNF7,391,303,1071,340,499,546
RNF8,173,66,316,602,677,688
RNFT1,342,188,625,485,417,393
RNFT1-DT,0,0,1,0,3,0
RNFT2,167,88,347,332,715,719
RNGTT,320,174,579,976,796,935
RNGTTP1,0,0,0,0,0,1
RNH1,107,79,1415,141,783,891
RNLS,8,6,7,1,0,1
RNMT,1070,565,1620,1702,1314,1582
RNPC3,258,130,510,570,380,626
RNPC3-DT,0,0,2,0,0,1
RNPC3P1,0,0,0,1,0,0
RNPEP,361,187,1185,528,1535,1437
RNPEPL1,32,10,293,18,197,189
RNPS1,657,360,2389,1295,2224,2470
RNU1-1,1,0,0,2,0,0
RNU1-100P,0,0,0,0,0,0
RNU1-101P,0,0,0,0,0,0
RNU1-103P,0,0,2,1,5,2
RNU1-104P,0,0,0,0,0,0
RNU1-105P,0,0,0,0,0,0
RNU1-107P,0,0,0,0,0,0
RNU1-108P,0,0,1,0,0,0
RNU1-109P,0,0,0,0,0,0
RNU1-112P,0,0,0,0,0,0
RNU1-114P,0,0,0,0,0,0
RNU1-115P,0,0,0,0,0,0
RNU1-119P,0,0,0,0,0,0
RNU1-123P,0,0,0,0,0,0
RNU1-124P,0,0,0,1,2,0
RNU1-125P,0,0,0,0,0,0
RNU1-128P,0,0,0,0,0,0
RNU1-129P,0,0,0,0,0,0
RNU1-130P,0,0,0,0,0,0
RNU1-131P,0,0,0,0,0,0
RNU1-132P,0,0,0,0,0,0
RNU1-133P,0,0,0,0,0,0
RNU1-134P,2,0,0,0,0,0
RNU1-136P,0,0,0,0,0,0
RNU1-138P,0,0,0,0,0,0
RNU1-139P,0,0,0,0,0,0
RNU1-140P,0,0,0,0,0,0
RNU1-141P,0,0,0,0,0,0
RNU1-142P,0,0,0,0,0,0
RNU1-143P,0,0,0,0,0,0
RNU1-146P,0,0,0,0,0,0
RNU1-148P,0,0,0,0,0,0
RNU1-149P,0,0,0,0,0,0
RNU1-14P,0,0,0,0,0,0
RNU1-150P,0,0,0,0,0,0
RNU1-151P,0,0,0,0,0,0
RNU1-153P,0,0,0,0,0,0
RNU1-154P,0,0,0,0,0,0
RNU1-155P,0,0,0,0,0,0
RNU1-15P,0,0,0,0,0,0
RNU1-16P,1,0,1,3,2,0
RNU1-17P,0,0,0,0,0,0
RNU1-18P,0,0,0,0,0,0
RNU1-19P,0,0,0,0,0,0
RNU1-2,0,0,0,1,0,1
RNU1-20P,0,0,0,0,0,0
RNU1-21P,0,0,0,0,0,0
RNU1-22P,0,0,0,0,0,0
RNU1-23P,0,0,0,0,0,0
RNU1-24P,0,0,0,0,0,0
RNU1-27P,0,0,0,0,0,2
RNU1-28P,0,0,0,0,0,1
RNU1-29P,0,0,0,0,0,0
RNU1-3,0,0,2,0,3,1
RNU1-30P,0,0,0,0,0,0
RNU1-31P,0,0,0,0,0,0
RNU1-32P,0,0,0,0,0,0
RNU1-33P,0,0,0,0,0,0
RNU1-34P,0,0,0,0,0,0
RNU1-35P,0,0,0,0,0,0
RNU1-36P,0,0,0,0,0,0
RNU1-38P,0,0,0,0,0,0
RNU1-39P,0,0,0,0,0,0
RNU1-4,0,7,0,0,0,0
RNU1-40P,0,0,0,0,0,0
RNU1-41P,0,0,0,0,0,0
RNU1-42P,0,0,0,0,0,0
RNU1-43P,0,0,0,0,0,1
RNU1-44P,0,0,0,0,0,0
RNU1-45P,0,0,0,0,0,0
RNU1-46P,0,0,0,0,0,0
RNU1-47P,0,0,0,0,0,0
RNU1-49P,0,0,0,0,0,0
RNU1-51P,0,0,0,0,0,0
RNU1-52P,0,0,0,0,0,0
RNU1-54P,0,0,0,0,0,0
RNU1-55P,0,0,0,0,0,0
RNU1-56P,0,0,0,0,0,0
RNU1-57P,0,0,0,0,0,0
RNU1-58P,0,0,2,1,0,0
RNU1-5P,0,0,0,0,0,0
RNU1-61P,0,0,0,0,0,0
RNU1-62P,0,0,0,0,0,0
RNU1-63P,0,0,0,0,0,0
RNU1-64P,0,0,0,0,0,0
RNU1-65P,0,0,0,0,0,0
RNU1-67P,0,0,0,0,0,0
RNU1-68P,0,0,0,0,0,0
RNU1-6P,0,0,0,0,0,0
RNU1-70P,0,0,0,0,0,0
RNU1-72P,1,0,0,2,1,0
RNU1-73P,0,0,0,2,0,2
RNU1-74P,0,0,0,0,0,0
RNU1-75P,0,0,0,0,0,0
RNU1-76P,0,0,0,0,0,0
RNU1-77P,0,0,0,0,0,0
RNU1-78P,0,0,0,0,0,0
RNU1-7P,0,0,0,0,0,0
RNU1-80P,0,0,0,0,0,0
RNU1-82P,0,0,0,0,0,0
RNU1-83P,0,0,0,0,0,0
RNU1-84P,0,0,0,0,0,0
RNU1-86P,0,0,0,0,0,0
RNU1-88P,0,0,0,0,0,0
RNU1-89P,0,0,0,0,0,0
RNU1-8P,0,0,0,0,0,0
RNU1-91P,0,0,1,0,1,3
RNU1-93P,0,0,0,1,0,0
RNU1-94P,0,0,2,2,0,0
RNU1-95P,0,0,0,0,0,0
RNU1-96P,0,0,0,0,0,0
RNU1-97P,0,0,0,0,0,0
RNU1-98P,0,0,0,0,0,0
RNU105B,0,0,0,0,0,0
RNU105C,0,0,0,0,0,0
RNU11,0,0,0,0,0,0
RNU11-2P,0,0,0,0,0,0
RNU11-3P,0,0,0,1,1,1
RNU11-4P,1,0,0,0,0,0
RNU11-5P,0,0,0,0,0,0
RNU11-6P,0,0,0,0,0,0
RNU12,0,0,0,0,0,0
RNU12-2P,2,0,2,4,5,8
RNU2-1,0,0,0,0,0,0
RNU2-10P,0,0,0,0,0,0
RNU2-11P,9,0,4,22,15,22
RNU2-12P,0,0,0,0,0,0
RNU2-13P,3,0,0,0,0,0
RNU2-14P,0,0,0,0,0,0
RNU2-15P,0,0,0,0,0,1
RNU2-16P,0,0,0,0,0,0
RNU2-17P,0,0,1,0,0,0
RNU2-18P,0,0,0,0,0,0
RNU2-19P,0,0,0,0,0,0
RNU2-20P,0,0,0,0,0,0
RNU2-21P,0,0,0,0,0,0
RNU2-22P,12,13,7,7,8,4
RNU2-23P,0,0,0,0,0,0
RNU2-24P,0,0,0,0,0,0
RNU2-25P,0,0,0,0,0,0
RNU2-26P,0,0,0,0,0,0
RNU2-27P,0,0,0,0,0,0
RNU2-28P,0,0,0,0,0,0
RNU2-29P,0,0,0,0,0,0
RNU2-30P,0,0,0,0,0,0
RNU2-31P,0,0,0,0,0,0
RNU2-32P,0,0,0,0,0,0
RNU2-33P,0,0,0,0,1,1
RNU2-34P,0,0,0,0,0,0
RNU2-35P,0,0,0,0,0,2
RNU2-36P,0,0,0,0,0,0
RNU2-37P,0,0,0,0,0,1
RNU2-39P,0,0,0,0,0,0
RNU2-3P,0,0,0,0,0,0
RNU2-40P,0,0,0,0,0,0
RNU2-41P,0,0,0,0,0,0
RNU2-42P,0,0,0,0,0,0
RNU2-43P,0,0,0,0,0,0
RNU2-44P,0,0,0,0,0,0
RNU2-45P,0,0,0,0,0,0
RNU2-46P,0,0,0,0,0,0
RNU2-47P,0,0,0,0,0,0
RNU2-48P,0,0,0,0,0,0
RNU2-49P,0,0,0,0,0,0
RNU2-4P,0,0,0,0,0,0
RNU2-50P,0,0,0,0,0,0
RNU2-51P,0,0,0,0,0,0
RNU2-52P,0,0,0,0,0,0
RNU2-53P,0,0,0,0,0,0
RNU2-54P,0,0,0,0,0,0
RNU2-55P,0,0,0,0,0,0
RNU2-56P,0,0,0,0,0,0
RNU2-57P,0,0,0,0,0,0
RNU2-58P,0,0,0,1,0,4
RNU2-59P,0,0,0,0,0,0
RNU2-5P,0,0,0,1,0,0
RNU2-60P,0,0,0,0,0,0
RNU2-61P,0,0,0,0,0,0
RNU2-62P,0,0,0,0,0,0
RNU2-63P,0,0,0,1,0,0
RNU2-64P,0,0,0,0,0,0
RNU2-65P,0,0,0,0,0,0
RNU2-66P,0,0,0,0,0,0
RNU2-68P,0,0,0,0,0,0
RNU2-69P,0,0,0,0,0,0
RNU2-6P,0,0,0,0,0,0
RNU2-70P,0,0,0,0,0,0
RNU2-71P,0,0,0,0,0,0
RNU2-72P,0,0,0,0,0,0
RNU2-7P,5,3,7,14,10,10
RNU2-8P,0,0,0,0,0,0
RNU2-9P,0,0,0,0,0,0
RNU4-1,15,1,29,13,16,13
RNU4-10P,0,0,0,0,0,0
RNU4-11P,0,0,0,0,0,0
RNU4-12P,0,0,0,0,0,0
RNU4-13P,0,0,0,0,0,0
RNU4-14P,0,0,0,0,0,3
RNU4-15P,0,0,0,0,0,0
RNU4-16P,0,0,0,0,0,0
RNU4-17P,0,0,0,0,0,0
RNU4-18P,0,0,0,0,0,0
RNU4-2,9,12,40,9,21,16
RNU4-20P,0,0,0,0,0,0
RNU4-21P,1,0,0,0,0,0
RNU4-22P,0,0,0,1,0,0
RNU4-23P,1,4,4,4,1,3
RNU4-24P,0,0,0,0,1,2
RNU4-25P,0,0,0,0,0,0
RNU4-26P,0,0,0,0,0,0
RNU4-27P,0,0,0,0,0,0
RNU4-28P,0,0,0,0,0,0
RNU4-29P,0,0,1,1,4,4
RNU4-30P,0,0,0,0,0,0
RNU4-31P,0,0,0,0,0,0
RNU4-32P,0,0,0,0,0,0
RNU4-33P,0,0,0,0,0,0
RNU4-34P,0,0,0,0,0,0
RNU4-35P,0,0,0,0,0,0
RNU4-36P,1,0,0,3,1,1
RNU4-37P,0,0,0,0,0,0
RNU4-38P,0,0,0,0,1,0
RNU4-39P,0,0,1,5,2,0
RNU4-40P,1,0,0,0,0,0
RNU4-41P,0,0,0,0,0,0
RNU4-42P,0,0,0,0,0,0
RNU4-43P,0,0,0,0,0,0
RNU4-44P,0,0,0,0,0,0
RNU4-45P,0,0,0,0,0,0
RNU4-46P,0,0,0,0,0,0
RNU4-47P,0,0,0,0,0,0
RNU4-48P,0,0,0,0,0,0
RNU4-49P,0,0,0,0,0,0
RNU4-50P,0,0,0,0,0,0
RNU4-51P,0,0,0,0,0,0
RNU4-52P,0,0,0,0,1,0
RNU4-53P,0,0,1,0,0,1
RNU4-54P,0,0,0,0,0,0
RNU4-55P,0,0,0,0,0,0
RNU4-56P,0,0,0,0,0,0
RNU4-57P,0,0,0,0,0,0
RNU4-58P,0,0,0,0,0,0
RNU4-59P,0,0,0,0,0,0
RNU4-60P,0,0,0,0,0,0
RNU4-61P,0,0,0,0,0,0
RNU4-62P,0,0,0,0,0,0
RNU4-63P,0,0,0,0,0,0
RNU4-64P,0,0,0,0,0,0
RNU4-65P,0,0,0,0,0,0
RNU4-66P,0,0,0,0,0,0
RNU4-67P,0,0,0,0,0,0
RNU4-68P,0,0,0,0,0,0
RNU4-69P,0,0,0,0,0,0
RNU4-70P,0,0,0,0,0,0
RNU4-71P,0,0,0,0,0,0
RNU4-72P,0,0,0,0,0,0
RNU4-73P,0,0,0,0,0,0
RNU4-74P,0,0,0,0,0,0
RNU4-75P,0,0,0,0,0,0
RNU4-76P,0,0,0,0,0,0
RNU4-77P,0,0,0,0,0,0
RNU4-78P,0,0,0,2,3,0
RNU4-79P,0,0,0,0,0,0
RNU4-80P,0,0,0,0,0,0
RNU4-81P,0,0,0,0,0,0
RNU4-82P,0,0,0,5,0,3
RNU4-83P,0,0,0,0,0,0
RNU4-84P,0,0,0,0,0,0
RNU4-85P,0,0,0,0,0,0
RNU4-86P,0,0,0,0,0,0
RNU4-87P,0,0,0,0,0,0
RNU4-88P,0,0,0,0,0,0
RNU4-89P,0,0,0,0,0,0
RNU4-90P,0,0,0,0,0,0
RNU4-91P,0,0,0,0,0,0
RNU4-92P,0,0,0,0,0,0
RNU4-9P,0,0,0,0,0,0
RNU4ATAC,1,0,8,3,1,2
RNU4ATAC10P,0,0,0,0,0,0
RNU4ATAC11P,0,0,0,0,0,0
RNU4ATAC12P,0,0,0,0,0,0
RNU4ATAC13P,0,0,0,0,0,0
RNU4ATAC14P,0,0,0,0,0,0
RNU4ATAC15P,0,0,0,0,0,0
RNU4ATAC16P,0,0,0,0,0,0
RNU4ATAC17P,0,0,0,0,0,0
RNU4ATAC18P,4,0,4,6,5,9
RNU4ATAC2P,0,0,0,0,0,0
RNU4ATAC3P,0,0,0,0,0,0
RNU4ATAC4P,0,0,0,0,0,0
RNU4ATAC5P,0,0,0,0,0,0
RNU4ATAC6P,0,0,0,0,0,0
RNU4ATAC7P,0,0,0,0,0,0
RNU4ATAC8P,0,0,0,0,0,0
RNU4ATAC9P,0,0,0,0,0,0
RNU5A-1,0,0,8,4,3,3
RNU5A-2P,0,0,0,0,0,0
RNU5A-3P,0,0,0,0,0,0
RNU5A-4P,0,0,0,0,0,0
RNU5A-5P,0,0,0,0,0,0
RNU5A-6P,0,0,0,0,0,0
RNU5A-7P,0,0,0,0,0,0
RNU5A-8P,1,4,0,5,16,5
RNU5B-1,2,0,9,1,1,4
RNU5B-4P,1,0,2,3,0,3
RNU5D-1,6,0,9,24,19,20
RNU5D-2P,0,0,0,0,0,0
RNU5E-1,0,0,0,0,0,0
RNU5E-10P,0,0,0,1,0,0
RNU5E-3P,0,0,0,0,0,0
RNU5E-4P,1,0,2,2,1,1
RNU5E-6P,0,0,0,0,0,0
RNU5E-7P,0,0,0,0,0,0
RNU5E-8P,0,0,0,0,0,0
RNU5E-9P,0,0,0,0,0,0
RNU5F-1,1,0,1,2,4,7
RNU5F-2P,0,0,0,0,0,0
RNU5F-3P,0,0,0,0,0,0
RNU5F-4P,0,0,0,0,0,0
RNU5F-6P,0,0,0,0,0,0
RNU5F-7P,0,0,0,0,0,0
RNU5F-8P,0,0,0,0,0,0
RNU6-1,4,4,7,10,12,11
RNU6-1000P,0,0,0,0,0,0
RNU6-1001P,0,0,0,0,0,0
RNU6-1003P,0,0,0,0,0,0
RNU6-1004P,0,0,0,0,0,0
RNU6-1005P,0,0,0,0,0,0
RNU6-1006P,0,0,0,0,0,0
RNU6-1007P,0,0,0,0,0,0
RNU6-1008P,0,0,0,0,0,0
RNU6-1009P,0,0,0,0,0,0
RNU6-100P,0,0,1,0,0,1
RNU6-1010P,0,0,0,0,0,0
RNU6-1011P,0,0,0,0,0,0
RNU6-1012P,0,0,0,0,0,0
RNU6-1013P,0,0,0,0,0,0
RNU6-1014P,0,0,0,0,0,0
RNU6-1015P,0,0,0,0,0,0
RNU6-1016P,22,0,4,59,27,27
RNU6-1017P,0,0,0,0,0,0
RNU6-1018P,0,0,0,0,0,0
RNU6-1019P,0,0,0,0,0,0
RNU6-101P,0,0,0,0,0,0
RNU6-1020P,0,0,0,0,0,0
RNU6-1021P,0,0,0,0,0,0
RNU6-1022P,0,0,0,0,0,0
RNU6-1023P,0,0,0,0,0,0
RNU6-1024P,0,0,0,0,0,0
RNU6-1025P,0,0,0,1,0,0
RNU6-1026P,0,0,0,0,0,0
RNU6-1027P,0,0,0,0,0,0
RNU6-1028P,0,0,0,0,0,0
RNU6-1029P,0,0,0,1,0,0
RNU6-102P,0,0,0,0,0,0
RNU6-1031P,0,0,0,0,0,0
RNU6-1032P,0,0,0,0,0,0
RNU6-1034P,0,0,0,0,0,0
RNU6-1035P,0,0,0,0,0,0
RNU6-1036P,0,0,0,0,0,0
RNU6-1037P,0,0,0,0,0,0
RNU6-1038P,0,0,0,0,0,0
RNU6-1039P,0,0,0,0,0,0
RNU6-103P,0,0,0,0,0,0
RNU6-1040P,0,0,0,0,0,0
RNU6-1041P,0,0,0,0,0,0
RNU6-1042P,0,0,0,0,0,0
RNU6-1043P,0,0,0,0,0,0
RNU6-1044P,0,0,0,0,0,0
RNU6-1045P,0,0,0,2,0,1
RNU6-1046P,0,0,0,0,0,0
RNU6-1047P,0,0,0,0,0,0
RNU6-1048P,0,0,0,0,0,0
RNU6-1049P,0,0,0,0,0,0
RNU6-104P,0,0,0,0,0,0
RNU6-1050P,0,0,0,0,0,0
RNU6-1051P,0,0,0,1,0,1
RNU6-1052P,0,0,0,0,0,0
RNU6-1053P,7,2,7,11,4,13
RNU6-1054P,0,0,1,1,0,0
RNU6-1055P,0,0,0,0,1,0
RNU6-1056P,0,0,0,0,0,1
RNU6-1057P,0,0,0,0,0,0
RNU6-1059P,0,0,0,0,0,0
RNU6-105P,0,0,0,0,0,0
RNU6-1060P,0,0,0,0,0,0
RNU6-1061P,0,0,0,2,0,0
RNU6-1062P,0,0,0,0,0,0
RNU6-1064P,0,0,0,0,0,0
RNU6-1065P,0,0,0,0,0,0
RNU6-1066P,0,0,0,0,0,0
RNU6-1067P,0,0,0,0,0,0
RNU6-1068P,0,0,2,0,0,0
RNU6-1069P,0,0,0,0,0,0
RNU6-106P,0,0,0,0,0,0
RNU6-1071P,0,0,0,0,0,0
RNU6-1072P,0,0,0,0,0,0
RNU6-1073P,0,0,0,0,0,0
RNU6-1074P,0,0,0,0,0,0
RNU6-1075P,0,0,0,0,0,0
RNU6-1076P,0,0,0,0,0,0
RNU6-1078P,0,0,0,0,0,0
RNU6-1079P,0,4,0,3,0,1
RNU6-107P,0,0,0,0,0,0
RNU6-1080P,0,0,0,0,0,0
RNU6-1081P,0,0,0,0,0,0
RNU6-1082P,0,0,0,0,0,0
RNU6-1083P,0,0,0,0,0,0
RNU6-1084P,0,0,0,0,0,0
RNU6-1085P,0,0,0,0,0,0
RNU6-1086P,0,0,0,0,0,0
RNU6-1087P,0,0,0,0,0,0
RNU6-1088P,1,0,1,0,1,0
RNU6-1089P,0,0,0,0,0,0
RNU6-108P,0,0,0,0,0,0
RNU6-1090P,0,0,0,0,0,0
RNU6-1091P,0,0,0,0,0,0
RNU6-1092P,0,0,0,0,0,0
RNU6-1093P,0,0,0,0,0,0
RNU6-1094P,0,0,0,0,0,0
RNU6-1095P,0,0,0,0,0,0
RNU6-1096P,0,0,0,0,0,0
RNU6-1097P,0,0,0,0,0,0
RNU6-1098P,0,0,0,0,0,0
RNU6-1099P,1,0,2,6,7,9
RNU6-109P,0,0,0,0,0,0
RNU6-10P,0,0,0,0,0,0
RNU6-1100P,0,0,0,0,2,2
RNU6-1101P,2,0,0,0,0,0
RNU6-1102P,0,0,0,0,0,0
RNU6-1103P,0,0,0,0,0,0
RNU6-1104P,0,0,0,0,0,0
RNU6-1105P,0,0,0,3,0,0
RNU6-1106P,0,0,0,0,0,0
RNU6-1107P,0,0,0,0,0,0
RNU6-1108P,0,0,0,0,0,0
RNU6-1109P,0,0,0,0,0,0
RNU6-110P,0,0,0,0,0,0
RNU6-1110P,0,0,0,0,0,0
RNU6-1111P,0,0,0,0,0,1
RNU6-1112P,0,0,0,0,0,0
RNU6-1113P,0,0,0,0,0,0
RNU6-1114P,0,0,0,0,0,0
RNU6-1115P,0,0,0,0,0,0
RNU6-1116P,0,0,0,0,0,0
RNU6-1117P,0,0,0,0,0,0
RNU6-1118P,0,0,2,0,0,0
RNU6-1119P,0,0,0,0,0,0
RNU6-111P,0,0,0,0,0,0
RNU6-1120P,0,0,0,0,0,0
RNU6-1121P,0,0,0,0,0,0
RNU6-1122P,0,0,0,0,0,0
RNU6-1123P,0,0,0,0,0,0
RNU6-1124P,0,0,0,0,0,0
RNU6-1125P,0,0,0,0,0,0
RNU6-1126P,0,0,0,0,0,0
RNU6-1127P,0,0,0,0,0,0
RNU6-1128P,0,0,0,0,0,0
RNU6-1129P,0,0,0,0,0,0
RNU6-112P,0,0,0,0,0,0
RNU6-1130P,0,0,0,0,0,0
RNU6-1131P,0,0,0,0,0,0
RNU6-1132P,0,0,0,0,0,0
RNU6-1134P,0,0,0,0,0,0
RNU6-1135P,0,0,0,0,0,0
RNU6-1136P,0,0,0,0,0,0
RNU6-1137P,0,0,0,0,0,0
RNU6-1138P,0,0,0,0,0,0
RNU6-113P,0,0,0,0,0,0
RNU6-1141P,0,0,0,0,0,0
RNU6-1143P,0,0,0,0,0,0
RNU6-1144P,0,0,0,0,0,0
RNU6-1145P,0,0,0,0,0,0
RNU6-1146P,0,0,0,0,0,0
RNU6-1147P,0,0,0,0,0,0
RNU6-1148P,0,0,0,0,0,0
RNU6-1149P,0,0,0,0,0,0
RNU6-114P,0,0,0,0,0,0
RNU6-1150P,0,0,0,0,0,0
RNU6-1151P,0,0,0,0,0,0
RNU6-1152P,0,0,0,1,0,0
RNU6-1154P,0,0,0,0,0,0
RNU6-1155P,0,0,0,0,0,0
RNU6-1156P,2,0,0,3,0,0
RNU6-1157P,1,0,4,3,2,1
RNU6-1158P,0,0,0,0,0,0
RNU6-1159P,0,0,0,0,0,0
RNU6-115P,0,0,0,0,0,0
RNU6-1160P,0,0,0,0,0,0
RNU6-1161P,0,0,0,0,0,0
RNU6-1162P,0,0,0,0,0,0
RNU6-1163P,0,0,0,0,0,0
RNU6-1164P,0,0,0,0,0,0
RNU6-1165P,1,0,0,3,1,0
RNU6-1167P,0,0,0,0,0,0
RNU6-1168P,0,0,0,0,0,0
RNU6-1169P,0,0,0,0,0,0
RNU6-116P,0,0,0,0,0,0
RNU6-1170P,0,0,0,0,0,0
RNU6-1171P,0,0,0,0,0,0
RNU6-1172P,0,0,0,0,0,0
RNU6-1174P,0,0,0,0,0,0
RNU6-1175P,0,0,0,0,0,0
RNU6-1176P,6,0,0,0,0,0
RNU6-1177P,0,0,1,1,1,0
RNU6-1178P,0,0,0,0,0,0
RNU6-1179P,0,0,0,0,0,0
RNU6-117P,0,0,0,0,0,0
RNU6-1180P,0,0,0,0,0,0
RNU6-1181P,0,0,0,0,0,0
RNU6-1183P,0,0,0,0,0,0
RNU6-1184P,0,0,0,0,0,0
RNU6-1186P,0,0,0,0,0,0
RNU6-1187P,0,0,0,0,0,2
RNU6-1188P,0,0,0,0,0,0
RNU6-1189P,0,0,0,0,0,0
RNU6-118P,25,0,40,13,18,18
RNU6-1190P,0,0,0,0,0,0
RNU6-1191P,0,0,0,0,0,0
RNU6-1192P,0,0,0,0,0,0
RNU6-1193P,0,0,0,0,0,0
RNU6-1194P,0,0,0,0,0,0
RNU6-1195P,0,0,0,0,0,0
RNU6-1196P,0,0,0,0,0,0
RNU6-1197P,0,0,0,0,0,0
RNU6-1198P,0,0,0,0,0,0
RNU6-1199P,0,0,0,0,0,0
RNU6-119P,0,0,0,0,0,0
RNU6-11P,0,0,0,0,0,0
RNU6-1200P,0,0,0,0,0,0
RNU6-1201P,1,0,1,2,0,1
RNU6-1203P,0,0,0,0,0,0
RNU6-1204P,0,0,0,0,0,0
RNU6-1205P,0,0,0,0,0,0
RNU6-1206P,0,0,0,0,0,0
RNU6-1207P,0,0,0,0,0,0
RNU6-1208P,0,0,0,0,0,0
RNU6-1209P,0,0,0,3,2,0
RNU6-120P,0,0,0,0,0,0
RNU6-1210P,0,0,0,0,0,0
RNU6-1211P,0,0,0,0,0,0
RNU6-1212P,0,0,0,0,0,0
RNU6-1213P,0,0,0,0,0,0
RNU6-1214P,0,0,0,0,0,0
RNU6-1215P,0,0,0,0,0,0
RNU6-1216P,0,0,0,1,0,0
RNU6-1217P,0,0,0,0,0,0
RNU6-1218P,0,0,0,0,0,0
RNU6-1219P,0,0,0,0,0,0
RNU6-121P,0,0,0,0,0,0
RNU6-1220P,0,0,0,0,0,0
RNU6-1222P,0,0,0,0,0,0
RNU6-1223P,1,0,0,0,3,5
RNU6-1224P,0,0,0,0,0,0
RNU6-1225P,0,0,0,0,0,0
RNU6-1226P,0,0,0,0,0,0
RNU6-1227P,0,0,0,0,0,0
RNU6-1228P,0,0,0,0,0,0
RNU6-1229P,0,0,0,0,0,0
RNU6-122P,5,0,0,0,0,1
RNU6-1230P,0,0,0,0,0,0
RNU6-1231P,0,0,0,1,3,2
RNU6-1232P,0,0,0,0,0,0
RNU6-1233P,0,0,0,0,0,0
RNU6-1234P,0,0,0,0,0,0
RNU6-1235P,0,0,0,0,0,0
RNU6-1236P,0,0,0,0,0,0
RNU6-1237P,0,0,0,0,1,0
RNU6-1238P,0,0,0,0,0,0
RNU6-1239P,0,0,0,0,0,0
RNU6-123P,0,0,2,1,0,1
RNU6-1240P,0,0,0,0,0,0
RNU6-1241P,0,0,0,0,0,0
RNU6-1242P,0,0,0,1,0,0
RNU6-1243P,0,0,0,0,0,0
RNU6-1244P,0,0,0,0,0,0
RNU6-1245P,0,0,0,0,0,0
RNU6-1246P,0,0,0,0,0,0
RNU6-1247P,0,0,0,0,0,0
RNU6-1248P,0,0,0,0,0,0
RNU6-1249P,0,0,0,0,0,0
RNU6-1250P,0,0,0,0,0,0
RNU6-1251P,0,0,0,0,0,0
RNU6-1252P,0,0,0,0,0,0
RNU6-1254P,0,0,0,0,0,0
RNU6-1256P,0,0,1,0,0,0
RNU6-1257P,0,0,0,0,0,0
RNU6-1258P,0,0,0,0,0,0
RNU6-125P,0,0,0,2,0,3
RNU6-1260P,0,0,0,0,0,0
RNU6-1261P,0,0,0,0,0,0
RNU6-1262P,0,0,0,0,0,2
RNU6-1263P,0,0,2,0,0,0
RNU6-1264P,0,0,0,0,0,0
RNU6-1265P,0,0,0,0,0,0
RNU6-1266P,2,0,5,5,4,3
RNU6-1267P,0,0,0,0,0,0
RNU6-1268P,0,0,0,0,0,0
RNU6-1269P,0,0,0,0,0,0
RNU6-126P,5,0,3,14,12,8
RNU6-1270P,0,0,0,0,0,0
RNU6-1271P,0,0,0,0,0,0
RNU6-1272P,0,0,0,0,0,0
RNU6-1273P,0,0,0,0,0,0
RNU6-1274P,0,0,0,0,0,0
RNU6-1275P,0,0,0,0,0,0
RNU6-1276P,0,0,0,0,0,0
RNU6-1277P,0,0,0,0,0,0
RNU6-1278P,0,0,0,0,0,0
RNU6-1279P,1,0,0,3,2,1
RNU6-127P,0,0,0,0,0,0
RNU6-1280P,0,0,0,0,0,0
RNU6-1281P,0,0,0,0,0,0
RNU6-1282P,0,0,0,0,0,0
RNU6-1283P,0,0,0,0,0,0
RNU6-1284P,0,0,0,0,0,0
RNU6-1285P,1,0,0,0,0,1
RNU6-1286P,0,0,0,0,0,0
RNU6-1287P,0,0,0,0,0,0
RNU6-1288P,0,0,0,0,0,0
RNU6-1289P,0,0,0,0,0,0
RNU6-128P,0,0,0,0,0,0
RNU6-1290P,0,0,0,0,0,0
RNU6-1291P,0,0,0,0,0,0
RNU6-1292P,0,0,0,0,0,0
RNU6-1293P,0,0,0,0,0,0
RNU6-1294P,0,0,0,0,0,0
RNU6-1296P,0,0,0,0,0,0
RNU6-1297P,0,0,0,0,0,0
RNU6-1298P,0,0,0,0,0,0
RNU6-1299P,0,0,0,0,0,0
RNU6-129P,0,0,0,0,0,0
RNU6-12P,0,0,0,0,0,0
RNU6-1300P,0,0,0,0,0,0
RNU6-1301P,0,0,0,0,0,0
RNU6-1303P,0,0,0,0,0,0
RNU6-1304P,0,0,0,0,0,0
RNU6-1305P,0,0,0,0,0,0
RNU6-1306P,0,0,0,0,0,0
RNU6-1307P,0,0,0,0,0,0
RNU6-1308P,0,0,0,0,0,0
RNU6-1309P,0,0,0,0,0,0
RNU6-130P,10,0,4,4,2,9
RNU6-1310P,0,0,0,0,0,0
RNU6-1311P,0,0,0,0,0,0
RNU6-1312P,0,0,0,0,0,0
RNU6-1313P,0,0,0,0,0,0
RNU6-1314P,0,0,0,0,0,0
RNU6-1315P,0,0,0,0,1,0
RNU6-1316P,0,0,0,0,0,0
RNU6-1317P,0,0,0,0,0,0
RNU6-1318P,0,0,0,0,0,0
RNU6-1319P,0,0,0,1,0,0
RNU6-131P,0,0,0,0,0,0
RNU6-1320P,0,0,0,0,0,0
RNU6-1321P,0,0,0,0,0,0
RNU6-1322P,0,0,0,0,0,0
RNU6-1323P,0,0,0,0,0,0
RNU6-1324P,2,0,2,1,2,0
RNU6-1325P,0,0,0,0,0,0
RNU6-1326P,0,0,0,0,0,0
RNU6-1327P,0,0,0,0,0,0
RNU6-1328P,0,0,0,0,0,0
RNU6-1329P,0,0,0,0,0,0
RNU6-132P,0,0,0,0,0,0
RNU6-1330P,0,0,0,0,0,0
RNU6-1331P,0,0,0,0,0,0
RNU6-1332P,0,0,0,0,0,0
RNU6-1333P,0,0,0,0,0,0
RNU6-1334P,0,0,0,0,0,0
RNU6-1335P,0,0,0,0,0,0
RNU6-1336P,0,0,0,0,0,0
RNU6-1337P,0,0,1,1,0,0
RNU6-1338P,0,0,0,0,0,0
RNU6-1339P,0,0,0,0,0,0
RNU6-133P,0,0,0,0,0,0
RNU6-1340P,0,0,0,0,0,0
RNU6-135P,0,0,0,0,0,0
RNU6-136P,0,0,0,0,0,0
RNU6-137P,5,0,4,2,2,4
RNU6-138P,0,0,0,0,0,0
RNU6-139P,0,0,0,0,0,0
RNU6-13P,0,0,0,0,0,0
RNU6-140P,0,0,0,0,0,0
RNU6-141P,0,0,0,0,0,0
RNU6-142P,0,0,0,0,0,0
RNU6-143P,0,0,0,0,0,0
RNU6-144P,0,0,0,0,0,0
RNU6-145P,0,0,0,0,0,0
RNU6-146P,0,0,0,0,0,0
RNU6-147P,0,0,0,0,0,0
RNU6-148P,0,0,0,0,0,0
RNU6-14P,0,0,0,0,0,0
RNU6-150P,0,0,0,0,0,0
RNU6-151P,0,0,0,0,0,0
RNU6-152P,0,0,0,0,0,0
RNU6-153P,0,0,0,0,0,0
RNU6-154P,0,0,0,0,0,0
RNU6-155P,0,0,0,0,0,0
RNU6-156P,0,0,0,0,0,0
RNU6-157P,0,0,0,0,0,0
RNU6-158P,0,0,0,0,0,0
RNU6-159P,0,0,0,0,0,0
RNU6-15P,0,0,0,0,0,0
RNU6-160P,0,0,0,0,0,0
RNU6-161P,0,0,0,0,0,0
RNU6-162P,0,0,0,0,0,0
RNU6-163P,0,0,0,0,0,0
RNU6-165P,0,0,0,0,0,0
RNU6-166P,0,0,0,0,0,0
RNU6-167P,0,0,0,0,0,0
RNU6-168P,0,0,0,0,0,0
RNU6-169P,0,0,0,0,0,0
RNU6-16P,1,0,0,0,0,0
RNU6-170P,0,0,0,0,0,0
RNU6-171P,2,0,0,0,0,0
RNU6-172P,0,0,0,0,0,0
RNU6-173P,0,0,0,0,0,0
RNU6-174P,0,0,0,0,0,0
RNU6-175P,0,0,0,0,0,0
RNU6-176P,0,0,0,0,0,0
RNU6-177P,0,0,0,0,0,0
RNU6-178P,0,0,0,0,0,0
RNU6-179P,0,0,0,0,0,0
RNU6-17P,0,0,0,0,0,0
RNU6-180P,0,0,0,0,0,0
RNU6-181P,0,0,0,1,0,2
RNU6-182P,1,0,0,1,1,0
RNU6-183P,0,0,0,0,0,0
RNU6-184P,0,0,0,0,0,0
RNU6-185P,0,0,0,0,0,0
RNU6-187P,0,0,0,0,0,0
RNU6-188P,0,0,0,0,0,1
RNU6-189P,0,0,0,0,0,0
RNU6-18P,0,0,0,0,0,0
RNU6-190P,0,0,0,0,0,0
RNU6-191P,0,0,0,0,0,0
RNU6-193P,0,0,0,0,0,0
RNU6-194P,0,0,0,0,0,0
RNU6-195P,0,0,0,0,0,0
RNU6-196P,1,0,0,0,0,0
RNU6-197P,0,0,0,0,0,0
RNU6-198P,0,0,0,0,0,0
RNU6-199P,0,0,0,0,0,0
RNU6-19P,0,0,0,0,0,0
RNU6-2,17,9,53,41,73,45
RNU6-200P,0,0,0,0,0,0
RNU6-201P,0,0,0,0,0,0
RNU6-202P,0,0,0,0,0,0
RNU6-203P,0,0,0,0,0,0
RNU6-204P,0,0,0,0,0,0
RNU6-205P,0,0,0,0,0,0
RNU6-206P,0,0,0,0,0,0
RNU6-207P,0,0,0,0,0,0
RNU6-208P,0,0,0,0,0,0
RNU6-209P,0,0,0,0,0,0
RNU6-20P,0,0,0,0,0,0
RNU6-210P,0,0,0,0,0,0
RNU6-211P,0,0,0,0,0,0
RNU6-212P,0,0,0,0,0,0
RNU6-213P,1,0,0,5,2,1
RNU6-214P,0,0,0,0,0,0
RNU6-215P,0,0,0,0,0,0
RNU6-216P,0,0,0,0,0,0
RNU6-217P,0,0,0,0,0,0
RNU6-218P,0,0,0,0,0,0
RNU6-219P,0,0,0,0,0,0
RNU6-21P,0,0,0,0,0,0
RNU6-220P,0,0,0,0,0,0
RNU6-221P,0,0,0,0,0,0
RNU6-222P,0,0,0,0,1,0
RNU6-223P,0,0,0,0,0,0
RNU6-224P,0,0,0,0,0,0
RNU6-225P,0,0,0,0,0,0
RNU6-226P,0,0,0,0,0,0
RNU6-227P,0,0,0,0,0,0
RNU6-228P,0,0,0,1,0,0
RNU6-229P,0,0,0,0,0,0
RNU6-22P,0,0,0,0,0,0
RNU6-230P,0,0,0,0,1,0
RNU6-231P,0,0,0,0,0,0
RNU6-232P,0,0,0,0,0,0
RNU6-233P,0,0,0,0,0,0
RNU6-235P,0,0,0,0,0,0
RNU6-236P,0,0,0,0,0,0
RNU6-237P,0,0,0,0,0,0
RNU6-238P,0,0,0,0,0,0
RNU6-239P,0,0,0,0,0,0
RNU6-23P,0,0,0,0,0,0
RNU6-240P,0,0,0,0,0,0
RNU6-241P,0,0,0,0,0,0
RNU6-242P,0,0,0,0,0,0
RNU6-243P,0,0,0,0,0,0
RNU6-244P,0,0,0,0,0,0
RNU6-245P,0,0,0,0,0,0
RNU6-246P,0,0,0,0,0,0
RNU6-247P,0,0,0,0,0,1
RNU6-248P,0,0,0,0,0,0
RNU6-249P,0,0,0,0,0,1
RNU6-24P,0,0,0,0,0,0
RNU6-250P,0,0,0,0,0,0
RNU6-251P,0,0,0,0,0,0
RNU6-252P,0,0,0,0,0,0
RNU6-253P,0,0,0,0,0,0
RNU6-254P,0,0,0,0,0,0
RNU6-255P,0,0,0,0,0,0
RNU6-256P,0,0,0,0,0,0
RNU6-257P,0,0,0,0,0,0
RNU6-258P,0,0,0,0,0,0
RNU6-259P,0,0,0,0,0,0
RNU6-25P,0,0,0,0,0,0
RNU6-260P,0,0,0,0,0,0
RNU6-261P,0,0,0,0,0,0
RNU6-262P,0,0,0,0,0,0
RNU6-263P,0,0,0,0,0,0
RNU6-264P,0,0,0,0,0,0
RNU6-266P,0,0,0,0,0,0
RNU6-267P,0,0,0,0,0,0
RNU6-268P,0,0,0,0,0,0
RNU6-269P,0,0,0,0,0,0
RNU6-26P,0,0,1,1,1,5
RNU6-270P,0,0,0,0,0,0
RNU6-271P,0,0,0,0,0,0
RNU6-272P,2,0,0,0,0,0
RNU6-273P,0,0,0,0,0,0
RNU6-274P,0,0,0,0,0,0
RNU6-275P,0,0,0,0,0,0
RNU6-276P,0,0,0,0,0,0
RNU6-277P,0,0,0,0,0,0
RNU6-278P,0,0,0,0,0,0
RNU6-279P,0,0,0,0,0,0
RNU6-27P,0,0,0,0,0,0
RNU6-280P,0,0,0,0,0,0
RNU6-281P,0,0,0,0,0,0
RNU6-282P,0,0,0,0,0,0
RNU6-283P,0,0,0,0,0,0
RNU6-284P,0,0,0,0,0,0
RNU6-285P,0,0,0,0,0,0
RNU6-286P,0,0,0,0,0,0
RNU6-287P,0,0,0,0,0,0
RNU6-288P,0,0,0,0,0,0
RNU6-289P,0,0,0,0,0,0
RNU6-28P,0,0,0,0,0,0
RNU6-291P,0,0,0,0,0,0
RNU6-293P,0,0,0,0,0,0
RNU6-294P,0,0,0,0,0,0
RNU6-295P,0,0,0,0,0,0
RNU6-296P,0,0,0,0,0,0
RNU6-297P,0,0,0,0,0,0
RNU6-298P,2,0,0,0,2,0
RNU6-299P,0,0,0,0,0,0
RNU6-29P,0,0,0,0,0,0
RNU6-300P,0,0,0,0,0,0
RNU6-301P,1,0,0,0,0,0
RNU6-302P,0,0,0,0,0,0
RNU6-303P,0,0,0,0,0,0
RNU6-304P,0,0,0,0,0,0
RNU6-306P,0,0,0,0,0,0
RNU6-307P,0,0,0,0,0,0
RNU6-308P,0,0,0,0,0,0
RNU6-309P,0,0,0,0,0,0
RNU6-30P,0,0,0,0,0,0
RNU6-310P,2,0,0,1,0,0
RNU6-311P,0,0,0,0,0,0
RNU6-312P,2,0,2,2,9,1
RNU6-313P,0,0,0,0,0,0
RNU6-314P,0,0,0,0,0,0
RNU6-315P,0,0,0,0,0,0
RNU6-316P,0,0,0,0,0,2
RNU6-317P,0,0,0,0,0,0
RNU6-318P,0,0,0,0,0,0
RNU6-319P,0,0,0,0,0,0
RNU6-31P,0,0,0,0,0,0
RNU6-320P,0,0,0,0,0,0
RNU6-321P,0,0,0,0,0,0
RNU6-322P,1,0,0,1,0,0
RNU6-323P,2,0,2,5,12,6
RNU6-324P,0,0,0,0,0,0
RNU6-325P,0,0,0,0,0,0
RNU6-326P,0,0,0,0,0,0
RNU6-327P,0,0,0,0,0,0
RNU6-328P,0,0,0,0,0,0
RNU6-329P,0,0,0,0,0,0
RNU6-32P,0,0,0,0,1,0
RNU6-330P,0,0,0,0,0,0
RNU6-331P,0,0,0,0,0,0
RNU6-332P,0,0,0,0,0,0
RNU6-333P,0,0,0,0,0,0
RNU6-334P,0,0,0,0,0,0
RNU6-335P,0,0,0,0,0,0
RNU6-336P,0,0,0,0,0,0
RNU6-337P,0,0,0,0,0,0
RNU6-338P,0,0,0,0,0,0
RNU6-339P,0,0,0,0,0,0
RNU6-33P,8,15,20,24,22,28
RNU6-340P,0,0,0,0,0,0
RNU6-341P,0,0,0,2,1,1
RNU6-342P,0,0,0,0,0,0
RNU6-343P,0,5,1,2,6,9
RNU6-344P,0,0,0,0,0,0
RNU6-345P,0,0,0,0,0,0
RNU6-346P,0,0,0,0,0,0
RNU6-347P,0,0,0,0,0,0
RNU6-348P,0,0,0,0,0,0
RNU6-349P,0,0,0,0,0,0
RNU6-34P,0,0,0,0,0,0
RNU6-351P,0,0,0,0,0,0
RNU6-352P,0,0,0,0,0,0
RNU6-353P,2,0,0,3,5,3
RNU6-354P,2,0,0,0,0,0
RNU6-355P,0,0,0,0,0,0
RNU6-356P,0,0,0,0,0,0
RNU6-358P,0,0,0,0,0,0
RNU6-359P,0,0,0,0,0,0
RNU6-35P,0,0,0,5,0,1
RNU6-360P,0,0,0,0,0,0
RNU6-361P,0,0,0,0,0,0
RNU6-362P,0,0,0,0,1,0
RNU6-363P,0,0,0,0,0,0
RNU6-364P,0,0,0,0,0,0
RNU6-365P,0,0,0,0,0,0
RNU6-366P,0,0,0,0,0,0
RNU6-367P,0,0,0,0,0,0
RNU6-368P,0,0,0,0,0,0
RNU6-369P,0,0,0,0,0,0
RNU6-36P,3,0,2,6,0,5
RNU6-370P,0,0,0,0,0,0
RNU6-371P,0,0,0,0,0,0
RNU6-373P,0,0,0,0,0,0
RNU6-374P,0,0,0,0,0,0
RNU6-375P,0,0,0,0,1,0
RNU6-376P,0,0,0,0,0,0
RNU6-377P,1,0,1,0,0,2
RNU6-378P,0,0,0,0,0,0
RNU6-379P,0,0,1,0,2,0
RNU6-37P,7,7,0,1,0,3
RNU6-380P,0,0,0,0,0,0
RNU6-381P,0,0,0,0,0,0
RNU6-382P,0,0,0,0,0,0
RNU6-384P,0,0,0,0,0,0
RNU6-386P,0,0,0,0,0,0
RNU6-387P,0,0,0,0,0,0
RNU6-388P,0,0,0,0,0,0
RNU6-389P,0,0,0,0,0,0
RNU6-38P,0,0,0,0,0,0
RNU6-390P,0,0,0,0,0,0
RNU6-391P,0,0,0,0,0,0
RNU6-392P,0,0,0,0,0,0
RNU6-393P,0,0,0,0,0,0
RNU6-394P,0,0,0,0,0,0
RNU6-395P,0,0,0,0,0,0
RNU6-396P,0,0,0,0,0,0
RNU6-397P,0,0,0,0,0,0
RNU6-398P,0,0,0,0,0,0
RNU6-399P,0,0,0,0,0,0
RNU6-39P,0,0,0,0,0,0
RNU6-3P,0,6,2,11,9,4
RNU6-400P,0,0,0,0,0,0
RNU6-401P,0,0,0,0,0,0
RNU6-402P,0,0,0,0,0,0
RNU6-403P,0,0,0,0,0,0
RNU6-405P,0,0,0,0,0,0
RNU6-406P,0,0,1,0,0,1
RNU6-407P,0,0,1,0,2,0
RNU6-408P,0,0,0,0,0,0
RNU6-409P,0,0,0,0,0,0
RNU6-40P,0,0,0,0,0,0
RNU6-410P,0,0,0,0,0,0
RNU6-411P,0,0,0,0,0,0
RNU6-412P,0,0,0,0,0,0
RNU6-413P,0,0,0,0,0,0
RNU6-414P,1,0,0,0,0,0
RNU6-415P,0,0,0,0,0,0
RNU6-416P,0,0,0,0,0,0
RNU6-417P,0,0,0,0,0,0
RNU6-418P,1,0,1,0,0,0
RNU6-41P,0,0,0,0,0,0
RNU6-420P,0,0,0,0,0,0
RNU6-421P,0,0,0,0,0,0
RNU6-422P,0,0,0,0,0,0
RNU6-424P,0,0,0,0,0,0
RNU6-425P,0,0,0,0,0,0
RNU6-426P,0,0,0,0,0,0
RNU6-428P,0,0,0,0,0,0
RNU6-429P,0,0,0,0,0,0
RNU6-42P,0,0,0,3,1,0
RNU6-430P,0,0,0,0,0,0
RNU6-431P,0,0,4,4,2,5
RNU6-432P,0,0,0,0,0,0
RNU6-433P,0,0,0,0,0,0
RNU6-434P,0,0,0,0,0,0
RNU6-435P,0,0,0,0,0,0
RNU6-436P,0,0,0,0,0,0
RNU6-437P,0,0,0,0,0,0
RNU6-438P,0,0,0,0,0,0
RNU6-439P,0,0,0,0,0,0
RNU6-43P,0,0,0,0,0,0
RNU6-440P,0,0,0,0,0,0
RNU6-441P,0,0,0,0,0,0
RNU6-442P,0,0,0,0,0,0
RNU6-444P,0,0,0,1,0,0
RNU6-445P,0,0,0,0,0,0
RNU6-446P,0,0,0,0,0,0
RNU6-447P,0,0,0,0,0,0
RNU6-448P,0,0,0,0,0,0
RNU6-449P,0,0,0,0,0,0
RNU6-44P,0,0,0,0,0,0
RNU6-450P,0,0,0,0,0,0
RNU6-451P,0,0,0,0,0,0
RNU6-452P,0,0,0,0,0,0
RNU6-453P,0,0,0,0,0,0
RNU6-454P,0,0,0,0,0,0
RNU6-455P,0,0,0,0,0,0
RNU6-456P,1,0,0,0,0,0
RNU6-457P,0,0,0,0,0,0
RNU6-458P,0,0,0,0,0,0
RNU6-45P,2,5,1,3,2,3
RNU6-460P,0,0,0,0,0,0
RNU6-461P,0,0,0,0,0,0
RNU6-462P,0,0,0,0,0,0
RNU6-463P,0,0,0,0,0,0
RNU6-464P,0,0,0,0,0,0
RNU6-465P,0,0,0,0,0,0
RNU6-466P,0,0,0,0,0,0
RNU6-467P,0,0,0,0,0,0
RNU6-468P,0,0,0,0,0,0
RNU6-469P,0,0,0,0,0,1
RNU6-46P,0,0,0,0,0,0
RNU6-470P,0,0,0,0,0,0
RNU6-471P,0,0,0,0,0,0
RNU6-472P,0,0,0,0,0,0
RNU6-473P,0,0,0,0,0,0
RNU6-474P,0,0,0,0,0,0
RNU6-475P,0,0,0,0,0,0
RNU6-476P,0,0,0,0,0,0
RNU6-477P,0,0,0,0,0,0
RNU6-478P,0,0,0,0,0,0
RNU6-479P,0,0,0,0,2,0
RNU6-47P,0,0,0,0,0,0
RNU6-480P,0,0,0,0,0,0
RNU6-481P,0,0,0,0,0,0
RNU6-482P,0,4,0,0,0,0
RNU6-483P,0,0,0,0,0,0
RNU6-484P,0,0,0,0,0,0
RNU6-485P,0,0,0,0,0,0
RNU6-486P,0,0,0,0,0,0
RNU6-487P,0,0,0,0,0,0
RNU6-488P,0,0,0,0,0,0
RNU6-489P,0,0,0,0,0,0
RNU6-48P,2,0,0,0,1,1
RNU6-490P,0,0,0,0,0,0
RNU6-491P,0,0,0,0,0,0
RNU6-492P,0,0,0,0,0,0
RNU6-493P,0,0,0,0,0,0
RNU6-494P,0,0,0,0,0,0
RNU6-495P,0,0,0,1,0,0
RNU6-497P,0,0,0,0,0,0
RNU6-498P,0,0,0,0,0,0
RNU6-499P,0,0,0,0,0,0
RNU6-49P,0,0,0,0,0,0
RNU6-4P,16,12,15,21,20,19
RNU6-500P,0,0,0,0,0,0
RNU6-501P,0,0,0,0,0,0
RNU6-502P,0,0,0,0,0,0
RNU6-503P,0,0,0,0,0,0
RNU6-504P,0,0,0,0,0,0
RNU6-505P,0,0,0,0,0,0
RNU6-506P,0,0,0,0,0,0
RNU6-507P,0,0,0,0,0,0
RNU6-508P,0,0,0,0,0,0
RNU6-509P,0,0,0,0,0,0
RNU6-511P,0,0,0,0,0,0
RNU6-513P,0,0,0,0,0,0
RNU6-514P,0,0,0,0,0,0
RNU6-517P,0,0,0,0,0,0
RNU6-518P,0,0,0,0,0,0
RNU6-519P,0,0,0,0,0,0
RNU6-520P,0,0,0,0,0,0
RNU6-521P,0,0,0,0,0,0
RNU6-522P,0,0,0,0,0,0
RNU6-523P,0,0,0,0,0,0
RNU6-524P,0,0,0,0,0,0
RNU6-525P,0,0,0,0,0,0
RNU6-526P,0,0,0,0,0,0
RNU6-527P,0,0,0,0,0,0
RNU6-528P,0,0,0,0,0,0
RNU6-529P,0,0,1,0,1,1
RNU6-530P,0,0,0,0,0,0
RNU6-531P,0,0,0,2,0,0
RNU6-532P,0,0,0,0,0,0
RNU6-533P,0,0,0,0,0,0
RNU6-534P,0,0,1,0,0,0
RNU6-535P,0,0,0,0,0,0
RNU6-536P,0,0,0,0,0,0
RNU6-538P,0,0,0,0,0,0
RNU6-539P,0,0,0,0,0,0
RNU6-53P,0,0,1,1,0,1
RNU6-540P,0,0,0,0,1,0
RNU6-541P,0,0,0,0,0,0
RNU6-542P,0,0,0,0,0,0
RNU6-543P,0,0,0,0,0,0
RNU6-544P,0,0,0,0,0,0
RNU6-545P,0,0,0,0,0,0
RNU6-546P,0,0,0,0,0,0
RNU6-547P,0,0,0,0,0,0
RNU6-548P,3,0,1,4,0,1
RNU6-549P,1,0,1,0,0,2
RNU6-550P,0,0,0,0,0,0
RNU6-551P,0,0,0,0,0,0
RNU6-552P,0,0,0,0,0,0
RNU6-553P,0,0,0,0,0,0
RNU6-554P,0,0,0,0,1,1
RNU6-555P,0,0,0,0,0,0
RNU6-556P,0,0,0,0,0,0
RNU6-557P,0,0,0,0,0,0
RNU6-558P,0,0,0,0,0,0
RNU6-559P,0,0,0,0,0,0
RNU6-55P,0,0,0,0,0,0
RNU6-560P,0,0,0,0,0,0
RNU6-561P,0,0,0,0,0,0
RNU6-562P,0,0,0,0,0,0
RNU6-563P,0,0,0,0,0,0
RNU6-564P,3,0,2,0,0,1
RNU6-565P,0,0,0,0,0,0
RNU6-566P,0,0,0,0,0,0
RNU6-567P,0,0,0,0,0,0
RNU6-56P,0,0,0,0,0,0
RNU6-570P,0,0,0,0,0,0
RNU6-571P,0,0,0,0,0,0
RNU6-572P,0,0,0,0,0,0
RNU6-573P,0,0,0,0,0,0
RNU6-574P,0,0,0,1,0,0
RNU6-575P,0,0,0,0,0,0
RNU6-576P,0,0,0,0,0,0
RNU6-577P,0,0,0,1,0,0
RNU6-578P,0,0,0,0,0,0
RNU6-579P,0,0,0,0,0,0
RNU6-57P,0,0,0,0,0,0
RNU6-580P,0,0,0,0,0,0
RNU6-581P,0,0,0,0,0,0
RNU6-582P,0,0,0,0,0,0
RNU6-583P,1,0,1,0,0,0
RNU6-584P,0,0,0,0,0,0
RNU6-586P,0,0,0,0,0,0
RNU6-587P,0,0,0,0,0,0
RNU6-588P,0,0,0,0,0,0
RNU6-589P,0,0,0,0,0,0
RNU6-590P,0,0,0,0,0,0
RNU6-591P,0,0,0,0,0,0
RNU6-592P,0,0,0,0,0,0
RNU6-593P,0,0,1,1,0,0
RNU6-596P,0,0,0,0,0,0
RNU6-597P,0,0,0,0,0,0
RNU6-598P,0,0,0,0,0,0
RNU6-599P,0,0,0,0,0,0
RNU6-59P,0,0,0,0,0,0
RNU6-5P,3,0,0,3,3,5
RNU6-600P,0,0,0,0,0,0
RNU6-601P,0,0,0,0,0,0
RNU6-602P,0,0,0,0,0,0
RNU6-603P,0,0,0,0,0,0
RNU6-604P,0,0,0,0,0,0
RNU6-605P,0,0,0,0,0,0
RNU6-606P,0,0,0,0,0,0
RNU6-607P,0,0,0,0,0,0
RNU6-608P,0,0,0,0,0,0
RNU6-609P,1,0,0,0,0,0
RNU6-60P,0,0,0,0,0,0
RNU6-610P,10,0,9,10,3,9
RNU6-611P,0,0,4,13,8,15
RNU6-612P,0,0,0,0,0,0
RNU6-613P,0,0,0,0,0,0
RNU6-614P,0,0,0,0,0,0
RNU6-615P,0,0,0,0,0,0
RNU6-616P,0,0,0,0,0,0
RNU6-617P,0,0,0,0,0,0
RNU6-618P,0,0,0,0,0,0
RNU6-619P,0,0,0,0,0,0
RNU6-61P,0,0,0,0,0,0
RNU6-620P,0,0,0,0,0,0
RNU6-621P,0,0,0,0,0,0
RNU6-622P,0,0,0,0,0,0
RNU6-623P,0,0,0,0,0,0
RNU6-624P,0,0,0,0,0,0
RNU6-625P,0,0,0,0,0,0
RNU6-626P,0,0,0,0,0,0
RNU6-627P,0,0,0,0,0,0
RNU6-628P,0,0,0,0,0,0
RNU6-629P,0,0,0,0,0,0
RNU6-62P,0,0,0,0,0,0
RNU6-630P,0,0,0,0,0,0
RNU6-631P,0,0,0,0,0,0
RNU6-632P,0,0,0,0,0,0
RNU6-633P,0,0,0,0,0,0
RNU6-634P,0,0,0,0,0,0
RNU6-635P,0,0,0,0,0,0
RNU6-636P,0,0,0,0,0,0
RNU6-637P,0,0,0,0,0,0
RNU6-638P,0,0,0,6,2,1
RNU6-639P,0,0,0,0,0,0
RNU6-63P,0,0,0,0,0,0
RNU6-640P,0,0,1,0,0,0
RNU6-641P,0,0,0,0,0,0
RNU6-642P,0,0,0,0,0,0
RNU6-643P,0,0,0,0,0,0
RNU6-644P,0,0,0,0,0,0
RNU6-645P,0,0,0,0,0,0
RNU6-646P,0,0,0,1,2,4
RNU6-647P,0,0,0,0,0,0
RNU6-648P,0,0,0,0,0,0
RNU6-649P,0,0,0,0,0,0
RNU6-64P,0,0,0,0,0,0
RNU6-650P,0,0,0,0,0,1
RNU6-651P,0,0,0,0,0,0
RNU6-652P,5,0,4,11,6,10
RNU6-653P,0,0,0,0,0,0
RNU6-654P,0,0,0,0,0,0
RNU6-655P,0,0,0,0,0,0
RNU6-656P,0,0,0,0,0,0
RNU6-657P,0,0,0,0,0,0
RNU6-658P,1,0,0,0,2,3
RNU6-659P,0,0,0,0,0,0
RNU6-65P,0,0,0,0,0,0
RNU6-660P,0,0,0,0,0,0
RNU6-661P,0,0,0,0,0,0
RNU6-662P,1,0,0,0,0,0
RNU6-663P,0,0,0,0,0,0
RNU6-664P,0,0,0,0,0,0
RNU6-665P,0,0,0,0,0,0
RNU6-666P,0,0,0,0,0,0
RNU6-667P,1,0,0,0,0,0
RNU6-668P,0,0,0,0,0,0
RNU6-669P,0,0,0,0,0,0
RNU6-66P,0,0,0,0,0,0
RNU6-670P,0,0,0,0,0,0
RNU6-672P,0,0,0,0,0,0
RNU6-673P,0,0,0,0,0,0
RNU6-674P,0,0,0,0,0,0
RNU6-675P,0,0,0,0,0,0
RNU6-677P,0,0,0,0,0,0
RNU6-678P,1,0,1,0,5,4
RNU6-679P,0,0,0,1,0,0
RNU6-67P,0,0,0,0,0,0
RNU6-680P,0,0,0,1,1,1
RNU6-681P,0,0,0,0,0,1
RNU6-682P,0,0,0,0,0,0
RNU6-684P,0,0,0,0,0,0
RNU6-685P,0,0,0,0,0,0
RNU6-686P,0,0,0,0,0,0
RNU6-687P,0,0,0,0,0,0
RNU6-689P,0,0,0,0,0,0
RNU6-68P,0,0,0,0,0,0
RNU6-690P,0,0,0,0,0,0
RNU6-692P,0,0,0,0,0,0
RNU6-693P,0,0,0,0,0,0
RNU6-694P,0,0,0,0,0,0
RNU6-695P,0,0,0,0,0,0
RNU6-696P,2,0,0,0,0,0
RNU6-697P,0,0,0,0,0,0
RNU6-698P,0,0,0,0,0,0
RNU6-699P,0,0,0,0,0,0
RNU6-6P,7,6,13,24,14,12
RNU6-7,0,0,0,0,0,0
RNU6-700P,0,0,0,0,0,0
RNU6-701P,1,0,0,0,0,0
RNU6-702P,0,0,0,0,0,0
RNU6-703P,0,0,0,2,6,2
RNU6-704P,0,0,0,0,0,0
RNU6-705P,1,0,0,0,0,0
RNU6-706P,0,0,0,0,0,0
RNU6-707P,0,0,0,0,0,0
RNU6-708P,0,0,0,0,0,0
RNU6-709P,0,0,0,0,0,0
RNU6-70P,0,0,0,0,0,0
RNU6-710P,0,0,0,0,0,0
RNU6-711P,0,0,0,0,0,0
RNU6-712P,0,0,0,0,0,0
RNU6-713P,0,0,0,0,0,0
RNU6-714P,0,0,0,0,0,0
RNU6-715P,0,0,0,0,0,0
RNU6-716P,0,0,0,0,0,0
RNU6-717P,0,0,0,0,0,0
RNU6-718P,0,0,0,0,0,0
RNU6-719P,0,0,0,0,0,0
RNU6-71P,0,0,0,0,0,0
RNU6-720P,0,0,0,0,0,0
RNU6-721P,0,0,0,0,0,0
RNU6-722P,0,0,0,0,0,0
RNU6-723P,0,0,0,0,0,0
RNU6-724P,0,0,0,0,0,0
RNU6-725P,0,0,0,0,0,0
RNU6-726P,0,0,0,0,0,0
RNU6-727P,0,0,0,0,0,0
RNU6-728P,0,0,0,0,0,0
RNU6-729P,0,0,0,0,0,0
RNU6-730P,0,0,0,0,0,0
RNU6-731P,0,0,0,0,0,0
RNU6-732P,0,0,0,0,0,0
RNU6-733P,0,0,0,0,0,0
RNU6-735P,0,0,0,0,0,0
RNU6-737P,0,0,0,0,0,0
RNU6-738P,0,0,0,0,0,0
RNU6-739P,0,0,0,0,0,0
RNU6-73P,0,0,0,0,0,0
RNU6-740P,0,0,0,0,0,0
RNU6-741P,0,0,0,0,0,0
RNU6-742P,0,0,0,0,0,0
RNU6-743P,0,0,0,0,0,0
RNU6-744P,0,0,0,0,0,0
RNU6-745P,0,0,0,0,0,0
RNU6-746P,0,0,0,0,0,0
RNU6-747P,0,0,0,0,0,0
RNU6-748P,0,0,0,1,0,0
RNU6-749P,0,0,0,0,0,0
RNU6-74P,0,0,0,0,0,0
RNU6-750P,0,0,0,1,0,2
RNU6-751P,0,0,0,0,0,0
RNU6-752P,0,0,0,0,0,0
RNU6-753P,0,0,0,0,0,0
RNU6-754P,0,0,0,0,0,0
RNU6-755P,0,0,0,0,0,0
RNU6-756P,0,0,0,0,0,0
RNU6-757P,7,1,1,4,1,2
RNU6-758P,0,0,0,0,0,0
RNU6-759P,0,0,0,1,0,0
RNU6-75P,0,0,0,0,0,0
RNU6-760P,0,0,0,0,0,0
RNU6-761P,0,0,0,0,0,0
RNU6-762P,2,0,0,2,0,2
RNU6-763P,0,0,0,0,0,0
RNU6-764P,0,0,0,0,0,0
RNU6-765P,0,0,0,0,0,0
RNU6-766P,0,0,0,0,0,0
RNU6-767P,0,0,0,1,0,1
RNU6-768P,0,0,0,0,0,0
RNU6-769P,0,0,0,0,0,0
RNU6-76P,0,0,0,0,0,0
RNU6-770P,0,0,0,0,0,0
RNU6-771P,0,0,0,0,0,0
RNU6-772P,0,0,0,0,0,0
RNU6-774P,0,0,0,0,0,0
RNU6-775P,0,0,0,0,0,0
RNU6-776P,0,0,0,0,0,0
RNU6-777P,0,0,0,0,0,0
RNU6-778P,0,0,0,0,0,0
RNU6-77P,0,0,0,0,0,0
RNU6-780P,0,0,0,0,0,0
RNU6-781P,0,0,0,0,0,0
RNU6-782P,0,0,0,0,0,0
RNU6-783P,0,0,0,0,0,0
RNU6-784P,0,0,0,1,0,0
RNU6-785P,0,0,0,0,0,0
RNU6-786P,0,0,0,0,0,0
RNU6-787P,0,0,0,0,0,0
RNU6-788P,0,0,0,0,0,0
RNU6-789P,0,0,0,0,0,0
RNU6-78P,0,0,0,0,0,0
RNU6-790P,0,0,0,2,1,0
RNU6-791P,0,0,0,0,0,0
RNU6-792P,0,0,0,0,0,0
RNU6-793P,0,0,0,0,0,0
RNU6-794P,0,0,0,0,0,0
RNU6-795P,0,0,0,0,0,0
RNU6-796P,0,0,0,0,0,0
RNU6-797P,0,0,0,0,0,0
RNU6-798P,0,0,0,0,0,0
RNU6-799P,0,0,0,0,0,0
RNU6-79P,0,0,0,0,0,0
RNU6-8,22,34,44,32,42,30
RNU6-800P,0,0,0,0,0,0
RNU6-801P,0,0,0,0,0,0
RNU6-803P,0,0,0,0,0,0
RNU6-804P,0,0,0,0,0,0
RNU6-805P,0,0,0,0,0,0
RNU6-806P,0,0,0,0,0,0
RNU6-807P,1,0,1,1,5,9
RNU6-808P,0,0,0,1,0,3
RNU6-809P,0,0,0,0,0,0
RNU6-80P,0,0,1,2,0,0
RNU6-810P,0,0,0,0,0,0
RNU6-811P,0,0,0,0,0,0
RNU6-812P,0,0,0,0,0,0
RNU6-813P,90,78,93,35,17,15
RNU6-815P,0,0,0,0,0,0
RNU6-816P,0,0,0,0,0,0
RNU6-817P,0,0,0,0,0,0
RNU6-818P,0,0,0,0,0,0
RNU6-819P,0,0,0,0,0,0
RNU6-81P,0,0,0,0,0,0
RNU6-820P,0,0,0,0,0,0
RNU6-821P,0,0,0,0,0,0
RNU6-822P,0,0,0,0,0,0
RNU6-823P,0,0,0,0,0,0
RNU6-824P,0,0,0,0,0,0
RNU6-826P,0,0,0,0,0,0
RNU6-827P,0,0,0,0,0,0
RNU6-828P,0,0,1,1,0,2
RNU6-82P,0,0,0,0,0,0
RNU6-830P,0,0,0,0,0,0
RNU6-831P,0,0,0,0,0,0
RNU6-832P,0,0,0,0,0,0
RNU6-833P,3,0,2,2,2,3
RNU6-834P,0,0,0,1,0,0
RNU6-835P,0,0,0,0,0,0
RNU6-836P,0,0,0,0,0,0
RNU6-837P,0,0,0,0,0,0
RNU6-838P,0,0,0,0,0,0
RNU6-839P,0,0,0,0,0,0
RNU6-83P,0,0,0,0,0,0
RNU6-840P,0,0,0,0,0,0
RNU6-841P,0,0,0,0,0,0
RNU6-842P,0,0,0,0,0,0
RNU6-843P,0,0,0,0,0,0
RNU6-844P,0,0,0,0,0,0
RNU6-845P,0,0,0,0,0,0
RNU6-847P,0,0,0,0,0,0
RNU6-848P,0,0,0,0,0,0
RNU6-849P,0,0,0,0,0,0
RNU6-84P,0,0,0,0,0,0
RNU6-850P,0,0,0,0,0,0
RNU6-851P,0,0,0,0,0,0
RNU6-853P,0,0,0,2,0,0
RNU6-854P,0,0,0,0,0,0
RNU6-855P,0,0,0,0,0,0
RNU6-856P,2,0,0,1,0,0
RNU6-857P,0,0,0,0,0,0
RNU6-858P,0,0,0,0,0,0
RNU6-859P,0,0,0,0,0,0
RNU6-85P,0,0,0,0,0,0
RNU6-860P,0,0,0,0,0,0
RNU6-861P,0,0,0,0,0,0
RNU6-862P,0,0,0,0,0,0
RNU6-863P,0,0,0,0,0,0
RNU6-864P,0,0,0,0,0,0
RNU6-865P,0,0,0,0,0,0
RNU6-866P,0,0,0,0,0,0
RNU6-867P,0,0,0,0,0,0
RNU6-869P,0,0,0,0,0,0
RNU6-86P,0,0,0,0,0,0
RNU6-871P,0,0,0,0,0,0
RNU6-873P,0,0,0,0,0,0
RNU6-874P,0,0,0,0,0,0
RNU6-875P,0,0,0,0,0,0
RNU6-876P,0,0,0,2,0,2
RNU6-877P,2,0,0,0,0,0
RNU6-878P,0,0,0,0,0,0
RNU6-879P,0,0,0,0,0,0
RNU6-87P,0,0,0,1,1,1
RNU6-880P,0,0,0,0,2,0
RNU6-881P,1,0,0,1,0,0
RNU6-882P,0,0,0,0,0,0
RNU6-883P,0,0,0,1,1,1
RNU6-884P,0,0,0,0,0,0
RNU6-885P,0,0,0,0,0,0
RNU6-886P,0,0,0,0,0,0
RNU6-887P,0,0,0,0,0,0
RNU6-889P,0,0,0,0,0,0
RNU6-88P,0,0,0,0,0,0
RNU6-890P,0,0,0,0,2,1
RNU6-891P,0,0,0,0,0,0
RNU6-892P,0,0,0,1,0,1
RNU6-893P,0,0,0,0,0,0
RNU6-894P,0,0,0,0,0,0
RNU6-895P,0,0,0,0,0,0
RNU6-896P,0,0,0,0,0,0
RNU6-897P,0,0,0,0,0,0
RNU6-898P,0,0,0,0,0,0
RNU6-899P,0,0,0,0,0,0
RNU6-89P,0,0,0,0,0,0
RNU6-9,3,12,4,16,4,10
RNU6-900P,0,0,0,0,0,0
RNU6-901P,0,0,0,0,0,0
RNU6-902P,0,0,0,0,0,0
RNU6-904P,0,0,0,0,0,0
RNU6-905P,0,0,0,0,0,0
RNU6-907P,1,0,0,0,0,0
RNU6-908P,0,0,0,0,0,0
RNU6-909P,0,0,0,0,0,0
RNU6-90P,0,0,0,0,0,2
RNU6-910P,0,0,0,0,0,0
RNU6-911P,0,0,0,0,0,0
RNU6-912P,0,0,0,0,0,0
RNU6-913P,0,0,0,0,0,0
RNU6-914P,0,0,0,0,0,0
RNU6-915P,0,0,0,0,0,0
RNU6-916P,0,0,0,0,0,0
RNU6-917P,0,0,0,0,0,0
RNU6-918P,0,0,0,0,0,0
RNU6-919P,0,0,0,0,0,0
RNU6-91P,0,0,0,0,0,0
RNU6-920P,0,0,0,2,0,0
RNU6-921P,0,0,0,0,0,0
RNU6-922P,0,0,0,0,0,0
RNU6-923P,0,0,0,0,0,0
RNU6-924P,0,0,0,0,0,0
RNU6-925P,12,0,4,5,2,7
RNU6-926P,0,0,0,0,0,0
RNU6-927P,0,0,0,0,0,0
RNU6-928P,0,0,0,0,0,0
RNU6-929P,0,0,0,0,0,0
RNU6-92P,0,0,0,0,0,0
RNU6-930P,0,0,0,0,0,0
RNU6-931P,0,0,0,0,0,0
RNU6-932P,0,0,0,0,0,0
RNU6-933P,0,0,0,0,0,0
RNU6-934P,0,0,0,0,0,0
RNU6-935P,0,0,0,0,0,0
RNU6-936P,0,0,0,0,0,0
RNU6-937P,0,0,0,0,0,0
RNU6-938P,0,0,0,0,0,0
RNU6-939P,0,0,0,0,0,0
RNU6-940P,0,0,0,0,0,0
RNU6-941P,0,0,0,0,0,0
RNU6-942P,0,0,0,0,0,0
RNU6-943P,0,0,0,0,1,0
RNU6-944P,1,0,0,0,0,0
RNU6-945P,9,0,3,6,7,11
RNU6-946P,0,0,0,0,0,0
RNU6-947P,0,0,0,0,0,0
RNU6-948P,0,0,0,0,0,0
RNU6-949P,0,0,0,0,0,0
RNU6-94P,1,0,0,0,0,0
RNU6-950P,0,0,0,0,0,0
RNU6-951P,0,0,0,0,0,0
RNU6-952P,0,0,0,0,0,0
RNU6-953P,0,0,0,0,0,0
RNU6-954P,0,0,1,0,0,0
RNU6-955P,0,0,0,0,0,0
RNU6-956P,0,0,0,0,0,0
RNU6-957P,0,0,0,0,0,0
RNU6-959P,0,0,0,0,0,0
RNU6-95P,0,0,0,0,0,0
RNU6-960P,0,0,0,0,0,0
RNU6-961P,0,0,0,0,0,0
RNU6-964P,0,0,0,0,0,0
RNU6-965P,0,0,0,0,0,0
RNU6-966P,0,0,0,0,0,0
RNU6-967P,0,0,0,0,0,0
RNU6-968P,0,0,0,0,0,0
RNU6-969P,0,0,0,0,0,0
RNU6-970P,0,0,0,0,0,0
RNU6-971P,0,0,0,0,0,0
RNU6-972P,0,0,0,0,0,0
RNU6-973P,0,0,0,0,0,0
RNU6-974P,0,0,0,0,0,0
RNU6-975P,0,0,2,0,0,0
RNU6-976P,0,0,0,0,0,0
RNU6-977P,0,0,0,0,0,0
RNU6-978P,0,0,0,0,0,0
RNU6-979P,0,0,0,0,0,0
RNU6-97P,0,0,0,0,1,0
RNU6-980P,0,0,0,0,0,0
RNU6-982P,0,0,0,0,0,0
RNU6-983P,0,0,0,0,0,0
RNU6-984P,0,0,0,0,0,0
RNU6-985P,0,0,0,0,0,0
RNU6-986P,0,0,0,0,0,0
RNU6-987P,0,0,0,0,0,0
RNU6-988P,0,0,0,0,0,0
RNU6-989P,0,0,0,0,0,0
RNU6-98P,0,0,0,0,0,0
RNU6-990P,0,0,0,0,0,0
RNU6-991P,0,0,0,0,0,0
RNU6-992P,2,0,0,0,0,0
RNU6-993P,0,0,0,0,0,0
RNU6-995P,0,0,0,0,0,0
RNU6-996P,0,0,0,0,0,0
RNU6-997P,0,0,0,0,0,0
RNU6-998P,0,0,0,1,0,0
RNU6-999P,0,0,0,0,0,0
RNU6-99P,0,0,0,0,0,0
RNU6ATAC,0,10,3,7,6,6
RNU6ATAC11P,0,0,0,0,0,0
RNU6ATAC12P,0,0,0,0,0,0
RNU6ATAC13P,0,0,0,0,0,0
RNU6ATAC14P,0,0,0,0,0,0
RNU6ATAC15P,0,0,0,0,0,0
RNU6ATAC16P,0,0,0,0,0,0
RNU6ATAC17P,0,0,0,0,0,0
RNU6ATAC18P,0,0,0,0,1,0
RNU6ATAC19P,0,0,0,0,0,0
RNU6ATAC20P,0,0,0,0,0,0
RNU6ATAC21P,0,0,0,0,0,0
RNU6ATAC22P,0,0,0,0,0,0
RNU6ATAC23P,0,0,0,0,0,0
RNU6ATAC24P,3,0,1,5,4,4
RNU6ATAC26P,0,0,0,0,1,0
RNU6ATAC27P,0,0,0,1,2,0
RNU6ATAC28P,0,0,0,0,0,0
RNU6ATAC29P,0,0,0,0,0,0
RNU6ATAC2P,0,0,0,0,0,0
RNU6ATAC30P,0,0,0,0,0,0
RNU6ATAC31P,0,0,0,0,0,0
RNU6ATAC32P,0,0,0,0,0,0
RNU6ATAC33P,0,0,0,0,0,0
RNU6ATAC34P,0,0,0,0,0,0
RNU6ATAC36P,0,0,0,0,0,0
RNU6ATAC37P,0,0,0,0,0,0
RNU6ATAC38P,0,0,0,0,0,0
RNU6ATAC39P,0,0,0,0,0,0
RNU6ATAC3P,0,0,0,0,0,0
RNU6ATAC40P,0,0,0,0,0,0
RNU6ATAC41P,0,0,0,0,0,0
RNU6ATAC42P,0,0,0,0,0,0
RNU6ATAC4P,0,0,2,0,0,2
RNU6ATAC5P,0,0,0,0,0,0
RNU6ATAC6P,0,0,0,0,0,0
RNU6ATAC7P,0,0,0,0,0,0
RNU6ATAC8P,0,0,0,0,0,0
RNU6ATAC9P,0,0,0,0,0,0
RNU7-1,0,0,0,0,0,0
RNU7-102P,0,0,0,0,0,0
RNU7-103P,0,0,0,0,0,0
RNU7-104P,0,0,0,0,0,0
RNU7-105P,0,0,0,0,0,0
RNU7-107P,0,0,0,0,0,0
RNU7-10P,0,0,0,0,0,0
RNU7-110P,0,0,0,0,0,0
RNU7-111P,0,0,0,0,0,0
RNU7-113P,0,0,0,0,1,0
RNU7-115P,0,0,0,0,0,0
RNU7-116P,0,0,0,0,0,0
RNU7-119P,0,0,0,0,0,0
RNU7-11P,3,0,0,0,0,0
RNU7-120P,0,0,0,0,0,0
RNU7-121P,0,0,0,0,0,0
RNU7-123P,0,0,0,0,0,0
RNU7-124P,0,0,0,0,3,0
RNU7-125P,0,0,0,0,0,0
RNU7-126P,0,0,0,0,0,0
RNU7-127P,0,0,0,0,0,0
RNU7-128P,0,0,0,0,0,0
RNU7-129P,0,0,0,0,0,0
RNU7-12P,0,0,0,0,0,0
RNU7-130P,0,0,0,0,0,0
RNU7-133P,0,0,0,0,0,0
RNU7-134P,0,0,0,0,0,0
RNU7-136P,0,0,0,0,0,0
RNU7-137P,0,0,0,0,0,0
RNU7-138P,0,0,0,0,0,0
RNU7-13P,1,0,0,0,0,2
RNU7-140P,0,0,0,0,0,0
RNU7-141P,0,0,2,3,3,0
RNU7-143P,0,0,0,0,0,0
RNU7-144P,0,0,0,0,0,0
RNU7-147P,0,0,0,0,0,0
RNU7-148P,0,0,0,0,0,0
RNU7-149P,0,0,0,0,0,0
RNU7-14P,0,0,0,0,0,0
RNU7-151P,0,0,0,0,0,0
RNU7-152P,0,0,0,0,0,0
RNU7-153P,0,0,0,0,0,0
RNU7-154P,0,0,0,0,0,0
RNU7-155P,0,0,0,0,0,0
RNU7-156P,0,0,0,0,0,0
RNU7-157P,0,0,0,0,0,0
RNU7-159P,0,0,0,0,0,0
RNU7-160P,0,0,0,0,0,0
RNU7-161P,0,0,0,0,0,0
RNU7-164P,0,0,0,0,0,0
RNU7-165P,0,0,0,0,0,0
RNU7-167P,0,0,0,0,0,0
RNU7-169P,0,0,0,0,0,0
RNU7-170P,0,0,5,2,2,2
RNU7-171P,1,0,0,0,0,0
RNU7-172P,0,0,0,0,0,0
RNU7-173P,0,0,0,0,0,0
RNU7-174P,0,0,0,0,0,0
RNU7-175P,0,0,0,0,0,0
RNU7-176P,0,0,0,0,0,0
RNU7-179P,0,0,0,0,0,0
RNU7-180P,0,0,0,0,0,0
RNU7-181P,2,0,3,0,0,0
RNU7-182P,0,0,0,0,0,0
RNU7-183P,0,0,0,0,0,0
RNU7-185P,0,0,0,0,0,0
RNU7-186P,0,0,0,0,0,0
RNU7-187P,0,0,0,0,0,0
RNU7-188P,0,0,0,0,0,0
RNU7-18P,0,0,0,0,0,0
RNU7-190P,0,0,0,0,0,0
RNU7-192P,0,0,0,0,0,0
RNU7-193P,0,0,0,0,0,1
RNU7-194P,0,0,0,0,0,0
RNU7-195P,0,0,0,0,0,0
RNU7-196P,0,0,0,0,0,0
RNU7-197P,0,0,0,0,0,0
RNU7-19P,0,0,0,0,0,0
RNU7-200P,0,0,0,0,0,0
RNU7-20P,0,0,0,0,0,0
RNU7-21P,0,0,0,0,0,0
RNU7-22P,0,0,0,0,0,0
RNU7-23P,0,0,0,0,0,0
RNU7-24P,0,0,0,0,0,0
RNU7-25P,0,0,0,0,0,0
RNU7-26P,0,0,0,0,0,0
RNU7-27P,0,0,0,0,0,0
RNU7-28P,0,0,0,0,0,0
RNU7-2P,0,0,0,0,0,0
RNU7-30P,0,0,0,0,0,0
RNU7-34P,0,0,0,0,0,0
RNU7-35P,0,0,0,0,0,0
RNU7-38P,0,0,0,0,0,0
RNU7-3P,0,0,0,0,0,0
RNU7-40P,4,0,4,1,1,3
RNU7-41P,0,0,0,0,0,0
RNU7-42P,0,0,0,0,0,0
RNU7-43P,0,0,0,0,0,0
RNU7-45P,1,0,1,1,5,1
RNU7-46P,0,0,0,0,0,0
RNU7-47P,0,0,0,1,0,0
RNU7-48P,0,0,0,0,1,0
RNU7-49P,0,0,0,0,0,0
RNU7-4P,0,0,0,0,0,0
RNU7-50P,0,0,0,0,0,0
RNU7-51P,0,0,0,0,0,0
RNU7-52P,0,0,0,0,0,0
RNU7-53P,0,0,0,0,0,0
RNU7-54P,0,0,0,0,0,0
RNU7-55P,0,0,0,0,0,0
RNU7-56P,0,0,0,0,0,0
RNU7-57P,4,0,3,7,6,9
RNU7-59P,0,0,0,0,0,2
RNU7-60P,0,0,0,0,0,0
RNU7-61P,0,0,0,0,0,0
RNU7-63P,0,0,0,0,0,0
RNU7-65P,0,0,0,0,0,0
RNU7-66P,0,0,0,0,0,0
RNU7-67P,0,0,0,0,0,0
RNU7-68P,0,0,0,0,0,0
RNU7-69P,0,0,0,0,0,0
RNU7-6P,0,0,0,0,0,0
RNU7-70P,0,0,0,0,0,0
RNU7-71P,0,0,0,0,0,0
RNU7-73P,0,0,0,0,0,0
RNU7-74P,0,0,0,0,0,0
RNU7-75P,0,0,0,0,0,0
RNU7-77P,0,0,0,0,0,0
RNU7-79P,0,0,0,0,0,0
RNU7-7P,0,0,0,0,0,0
RNU7-80P,0,0,0,0,0,1
RNU7-81P,0,0,0,0,0,0
RNU7-82P,0,0,0,0,0,0
RNU7-84P,0,0,0,0,0,0
RNU7-87P,0,0,0,0,0,0
RNU7-88P,0,0,0,0,0,0
RNU7-8P,0,0,0,0,0,0
RNU7-90P,0,0,0,0,0,0
RNU7-92P,0,0,0,0,0,0
RNU7-93P,0,0,0,0,0,0
RNU7-94P,0,0,0,0,0,0
RNU7-95P,0,0,0,0,0,0
RNU7-96P,0,0,0,0,0,1
RNU7-97P,0,0,0,0,0,0
RNU7-99P,0,0,0,0,0,0
RNVU1-1,1,0,0,0,1,0
RNVU1-14,0,0,0,0,0,0
RNVU1-15,3,21,8,2,0,5
RNVU1-17,0,0,0,0,0,0
RNVU1-18,0,0,0,0,1,1
RNVU1-19,0,0,0,0,0,0
RNVU1-2,0,0,0,0,0,0
RNVU1-21,0,0,0,1,0,0
RNVU1-22,5,0,14,5,3,5
RNVU1-23,0,0,0,0,0,0
RNVU1-24,0,0,0,0,0,0
RNVU1-26,0,10,3,1,3,1
RNVU1-27,3,0,5,7,9,8
RNVU1-28,1,0,1,1,1,0
RNVU1-2A,0,0,1,0,0,0
RNVU1-3,0,0,0,0,0,0
RNVU1-30,0,0,0,0,0,1
RNVU1-31,0,2,11,43,38,57
RNVU1-32,0,0,0,0,0,0
RNVU1-33,0,0,0,0,0,0
RNVU1-34,1,0,3,1,0,0
RNVU1-4,1,0,2,0,0,0
RNVU1-6,0,0,0,0,0,0
RNVU1-7,1,0,3,1,1,1
RNVU1-8,9,5,14,5,4,3
RNY1,19,7,32,20,28,28
RNY1P1,0,0,0,0,0,0
RNY1P10,0,0,0,0,0,0
RNY1P11,0,0,0,1,2,1
RNY1P12,2,0,1,5,0,5
RNY1P13,0,0,0,0,0,0
RNY1P14,0,0,0,0,0,0
RNY1P15,0,0,0,0,0,0
RNY1P16,4,1,0,4,2,1
RNY1P2,0,0,0,0,0,0
RNY1P3,0,0,0,0,0,0
RNY1P4,0,0,0,0,0,0
RNY1P5,0,0,0,0,0,0
RNY1P6,0,0,0,0,0,0
RNY1P7,0,0,0,0,0,0
RNY1P8,0,0,0,0,0,0
RNY1P9,6,0,2,0,2,4
RNY3,0,0,3,0,1,0
RNY3P1,0,0,0,0,0,0
RNY3P10,0,0,0,0,0,0
RNY3P11,0,0,0,0,0,0
RNY3P12,0,0,0,0,0,0
RNY3P13,0,0,0,0,0,0
RNY3P14,0,0,0,0,0,0
RNY3P15,0,0,0,0,0,0
RNY3P16,0,1,0,1,0,4
RNY3P2,0,0,0,0,0,0
RNY3P3,0,0,0,0,0,0
RNY3P4,0,0,0,0,0,0
RNY3P7,0,0,0,0,0,0
RNY3P9,0,0,0,0,0,0
RNY4,0,0,0,0,0,0
RNY4P10,0,0,0,0,0,0
RNY4P13,0,0,0,0,0,0
RNY4P14,0,0,0,0,0,0
RNY4P16,0,0,0,0,0,0
RNY4P17,0,0,0,0,0,0
RNY4P18,0,0,0,0,0,0
RNY4P19,4,0,1,4,1,4
RNY4P20,0,0,0,0,0,0
RNY4P23,0,0,0,0,0,0
RNY4P24,0,0,0,0,0,0
RNY4P25,0,0,0,0,0,0
RNY4P27,0,0,0,0,0,0
RNY4P28,0,0,0,0,0,0
RNY4P29,0,0,0,0,0,0
RNY4P3,0,0,0,0,0,1
RNY4P30,0,0,0,0,0,0
RNY4P34,1,0,0,0,0,0
RNY4P36,0,0,0,0,0,0
RNY4P37,2,0,3,1,1,0
RNY4P6,0,0,0,0,0,0
RNY4P7,0,0,0,0,0,0
RNY4P9,0,0,0,0,0,0
RO60,1614,693,2838,2357,2029,2344
ROBO1,1271,687,2149,5047,4991,6465
ROBO2,1873,1260,3027,2086,2019,2767
ROBO2P1,0,0,0,0,0,0
ROBO3,6,1,29,33,178,174
ROBO4,0,0,1,0,0,0
ROCK1,1390,649,2225,1990,1553,1752
ROCK2,867,398,1084,2114,1367,1828
ROGDI,47,18,187,28,170,175
ROM1,17,10,66,44,205,230
ROMO1,39,27,399,26,272,287
ROPN1,0,0,0,0,0,0
ROPN1B,2,0,11,2,8,9
ROPN1L,10,0,12,2,2,3
ROR1,3,0,1,3,1,3
ROR1-AS1,0,0,0,0,0,0
ROR2,108,26,433,152,496,589
RORA,15,0,17,109,60,119
RORA-AS1,12,2,12,11,10,14
RORA-AS2,0,0,0,0,0,0
RORB,4,0,0,32,18,27
RORC,611,276,2183,43,129,147
ROS1,0,0,0,0,0,0
RP1,0,0,1,3,4,4
RP1L1,0,0,1,6,7,9
RP2,371,243,705,1006,822,1078
RP9,157,83,313,158,231,210
RPA1,1154,770,2972,2116,2881,2784
RPA2,180,188,653,402,646,661
RPA3,287,89,552,179,365,315
RPA4,0,0,1,4,3,0
RPAIN,430,172,1156,936,1398,1522
RPAP1,146,37,841,152,708,752
RPAP2,535,269,681,578,475,509
RPAP3,939,595,1700,2064,2001,2057
RPE,880,398,2039,1741,2047,2384
RPE65,0,0,0,0,0,0
RPEL1,0,0,0,0,0,1
RPEP1,0,0,0,0,0,0
RPEP2,0,0,0,0,0,0
RPEP5,0,0,0,0,0,0
RPEP6,0,0,0,0,0,0
RPF1,442,232,1531,327,680,629
RPF2,775,540,1338,948,1014,1076
RPF2P1,0,0,1,0,1,0
RPF2P2,2,0,0,3,0,0
RPGR,114,79,203,99,76,68
RPGRIP1,1,0,1,8,2,7
RPGRIP1L,357,251,667,1117,1024,1202
RPH3A,0,0,0,2,6,7
RPH3AL,8,1,43,12,45,58
RPH3AL-AS1,0,0,0,0,0,0
RPIA,105,61,218,197,232,245
RPL10,8541,4059,32156,4005,14031,13119
RPL10A,3095,2378,16834,2988,9781,9880
RPL10AP1,0,0,0,0,0,0
RPL10AP11,0,0,0,0,0,0
RPL10AP12,0,0,0,0,0,0
RPL10AP13,0,0,0,0,0,0
RPL10AP2,0,0,0,0,0,0
RPL10AP3,0,0,0,0,0,0
RPL10AP4,0,0,0,0,0,0
RPL10AP5,0,0,0,0,0,0
RPL10AP6,68,100,8,0,3,3
RPL10AP7,0,0,0,0,0,0
RPL10AP9,0,0,0,0,0,0
RPL10L,0,0,0,3,14,9
RPL10P1,0,0,0,0,0,0
RPL10P11,0,0,0,0,0,0
RPL10P12,0,0,0,0,0,0
RPL10P13,0,3,0,7,12,16
RPL10P15,2,1,0,0,0,0
RPL10P16,120,123,365,16,113,151
RPL10P17,0,0,0,0,0,0
RPL10P18,0,0,0,0,0,0
RPL10P2,0,0,0,0,0,0
RPL10P3,1,1,0,0,0,0
RPL10P4,0,0,0,0,0,0
RPL10P5,0,0,0,0,0,0
RPL10P6,42,33,112,15,39,57
RPL10P7,0,0,0,2,1,1
RPL10P8,0,0,0,0,0,0
RPL10P9,302,211,685,50,286,187
RPL11,6349,3671,22990,8737,21064,19243
RPL11P1,0,0,0,0,0,2
RPL11P2,0,0,0,0,0,0
RPL11P3,2,0,0,14,2,5
RPL11P4,0,0,0,0,0,0
RPL11P5,0,0,0,0,0,0
RPL12,5778,3848,45496,3814,21341,21640
RPL12P10,0,0,0,0,0,0
RPL12P12,0,0,0,0,0,0
RPL12P20,0,0,0,0,0,0
RPL12P22,0,0,0,0,0,0
RPL12P23,0,0,0,0,0,0
RPL12P24,0,0,0,0,0,0
RPL12P26,0,0,0,0,0,0
RPL12P3,0,0,0,0,0,0
RPL12P34,0,0,0,0,0,0
RPL12P36,0,0,0,0,0,0
RPL12P37,0,0,0,0,0,0
RPL12P39,0,0,0,0,0,0
RPL12P40,0,0,0,0,0,0
RPL12P43,0,0,0,0,0,0
RPL12P45,0,0,0,0,0,0
RPL12P46,0,0,0,0,0,0
RPL12P49,0,0,0,0,0,0
RPL12P5,0,0,0,0,0,0
RPL12P6,0,1,1,0,0,0
RPL12P7,0,0,0,0,0,3
RPL12P8,0,0,0,0,0,0
RPL13,1339,1151,9598,791,4135,3984
RPL13A,2437,1438,21359,2326,12351,13341
RPL13AP,0,0,0,0,0,0
RPL13AP11,0,0,0,0,0,0
RPL13AP12,2,0,0,0,0,3
RPL13AP13,0,0,0,0,0,0
RPL13AP14,0,0,0,0,0,0
RPL13AP16,0,0,0,0,0,0
RPL13AP18,0,0,0,0,0,0
RPL13AP19,0,0,0,0,0,0
RPL13AP2,0,0,0,0,2,0
RPL13AP20,1,14,1,0,0,0
RPL13AP21,0,0,0,0,0,0
RPL13AP22,0,0,1,0,0,0
RPL13AP25,100,206,17,6,14,20
RPL13AP26,3,6,14,7,8,8
RPL13AP27,0,0,0,0,0,0
RPL13AP5,54,78,40,4,13,21
RPL13AP6,0,1,0,0,0,0
RPL13P,0,0,0,0,0,0
RPL13P10,0,0,0,0,0,0
RPL13P11,0,0,0,0,0,0
RPL13P12,142,213,23,11,22,26
RPL13P14,0,0,0,0,0,0
RPL13P2,0,0,0,0,0,0
RPL13P4,0,0,0,0,0,0
RPL13P5,5,0,15,6,33,35
RPL13P6,0,0,0,0,0,0
RPL13P7,0,0,0,0,0,0
RPL13P8,6,0,5,5,6,2
RPL14,9012,6190,18659,7762,13303,12586
RPL14P1,5,5,31,9,24,18
RPL14P2,0,0,0,0,0,0
RPL14P3,0,0,2,1,2,2
RPL14P4,0,0,0,0,0,0
RPL14P6,0,0,0,0,0,0
RPL15,7844,4326,25035,8766,14499,14928
RPL15P1,0,0,0,0,0,0
RPL15P11,0,0,0,0,1,6
RPL15P13,0,0,0,0,0,0
RPL15P16,0,0,0,0,0,0
RPL15P17,1,0,6,1,0,4
RPL15P18,1,0,3,0,1,2
RPL15P20,0,0,0,0,0,0
RPL15P3,51,73,27,1,5,13
RPL15P4,0,0,0,0,0,0
RPL15P9,0,0,0,0,0,0
RPL17,192,92,541,380,719,666
RPL17-C18orf32,0,0,4,6,10,2
RPL17P1,4,0,4,0,1,0
RPL17P11,0,0,0,0,0,0
RPL17P12,0,0,0,0,0,0
RPL17P13,0,0,0,0,0,0
RPL17P14,0,0,0,0,0,0
RPL17P15,0,0,0,0,0,0
RPL17P16,0,0,0,0,0,0
RPL17P17,0,0,0,0,0,0
RPL17P18,5,7,0,0,0,1
RPL17P19,0,0,0,0,0,0
RPL17P2,0,0,0,0,0,0
RPL17P20,0,0,0,0,0,0
RPL17P21,0,0,0,0,0,0
RPL17P22,0,0,0,0,0,0
RPL17P23,0,0,0,0,0,0
RPL17P24,0,0,0,0,0,0
RPL17P25,0,0,0,0,0,0
RPL17P26,0,0,0,0,0,0
RPL17P27,0,0,0,0,0,0
RPL17P28,2,0,0,3,1,4
RPL17P29,0,0,0,0,0,0
RPL17P3,0,0,0,0,0,0
RPL17P30,0,0,0,0,0,0
RPL17P31,0,0,0,0,0,0
RPL17P32,0,0,0,0,0,0
RPL17P33,0,0,0,0,0,0
RPL17P34,0,0,0,0,0,0
RPL17P35,0,0,0,0,0,0
RPL17P36,0,0,0,0,0,0
RPL17P37,0,0,0,0,0,0
RPL17P38,0,0,0,1,1,0
RPL17P39,87,117,10,3,7,6
RPL17P4,0,0,0,0,0,0
RPL17P41,0,0,0,0,0,0
RPL17P43,0,0,0,0,0,0
RPL17P44,0,0,0,0,0,0
RPL17P45,0,0,0,0,0,0
RPL17P46,0,0,0,0,0,0
RPL17P47,12,12,31,23,30,22
RPL17P48,0,0,2,0,1,0
RPL17P5,0,0,0,0,1,0
RPL17P50,5,0,5,2,6,3
RPL17P6,75,58,24,10,24,13
RPL17P7,59,100,25,18,25,30
RPL17P8,0,0,0,0,0,0
RPL17P9,0,1,1,0,0,0
RPL18,1047,561,5808,872,3561,3546
RPL18A,366,232,5600,248,2803,2709
RPL18AP1,0,0,0,0,0,0
RPL18AP10,0,0,0,0,0,0
RPL18AP11,0,0,0,0,0,0
RPL18AP12,0,0,0,0,0,0
RPL18AP13,0,0,1,0,5,3
RPL18AP14,0,0,0,0,0,0
RPL18AP15,0,0,0,0,0,0
RPL18AP16,0,0,0,0,0,0
RPL18AP2,1,0,0,0,0,1
RPL18AP3,4,15,6,0,0,2
RPL18AP4,0,0,0,0,0,0
RPL18AP5,0,0,0,0,0,0
RPL18AP6,2,1,6,1,2,1
RPL18AP7,0,0,0,0,0,0
RPL18AP8,0,0,0,0,0,0
RPL18AP9,0,0,0,0,0,0
RPL18P1,0,0,0,0,0,0
RPL18P10,0,0,0,1,0,1
RPL18P11,0,0,0,0,0,0
RPL18P12,0,0,0,0,0,0
RPL18P13,2,2,6,0,2,4
RPL18P2,0,0,0,0,0,0
RPL18P3,0,0,0,0,0,0
RPL18P4,0,0,0,0,0,0
RPL18P5,0,0,0,0,0,0
RPL18P8,0,0,0,0,0,0
RPL19,3980,2433,26826,3874,18584,18370
RPL19P1,0,0,0,0,0,0
RPL19P11,0,0,0,0,0,0
RPL19P13,0,0,0,0,0,0
RPL19P14,0,0,0,0,0,0
RPL19P15,0,0,0,0,0,0
RPL19P17,0,0,0,0,0,0
RPL19P18,0,0,0,0,0,0
RPL19P19,0,0,0,1,1,0
RPL19P2,0,0,0,0,0,0
RPL19P20,0,0,0,0,0,0
RPL19P21,0,0,0,0,0,0
RPL19P3,0,0,0,0,0,0
RPL19P4,0,0,0,0,0,0
RPL19P5,0,0,1,0,0,0
RPL19P6,0,0,0,1,2,2
RPL19P7,0,0,0,0,0,0
RPL19P8,0,0,0,0,0,0
RPL19P9,0,0,0,0,0,0
RPL21,5956,6334,14569,13377,13956,12496
RPL21P1,0,0,0,0,0,0
RPL21P10,5,8,7,8,4,6
RPL21P100,0,0,0,0,0,0
RPL21P101,0,0,0,0,0,0
RPL21P102,0,0,0,0,0,0
RPL21P103,0,0,0,0,0,0
RPL21P104,0,0,0,0,0,0
RPL21P105,0,0,0,0,0,0
RPL21P106,0,0,0,0,0,0
RPL21P107,0,0,0,0,0,0
RPL21P109,0,0,0,0,0,0
RPL21P11,1,0,2,1,3,1
RPL21P110,0,0,0,0,0,0
RPL21P111,0,0,0,0,0,0
RPL21P112,0,0,0,0,0,0
RPL21P114,0,0,0,0,0,0
RPL21P116,0,0,0,0,0,0
RPL21P117,0,0,0,0,0,0
RPL21P119,12,5,1,2,1,1
RPL21P12,0,0,0,0,0,0
RPL21P120,0,0,0,0,1,0
RPL21P122,0,0,0,0,1,0
RPL21P123,0,0,0,0,0,0
RPL21P124,0,0,0,1,0,0
RPL21P125,0,0,0,0,0,0
RPL21P126,0,0,0,0,0,0
RPL21P127,0,0,0,0,0,0
RPL21P128,0,0,0,0,0,0
RPL21P129,0,0,0,0,0,0
RPL21P13,0,0,0,0,0,0
RPL21P130,0,0,0,0,0,0
RPL21P131,0,0,0,0,0,0
RPL21P133,0,0,0,2,0,0
RPL21P134,0,0,0,1,1,0
RPL21P135,0,0,0,0,0,0
RPL21P137,0,0,0,0,0,0
RPL21P14,0,0,0,0,0,0
RPL21P16,766,448,256,248,248,211
RPL21P17,0,0,0,0,0,0
RPL21P18,0,0,0,0,0,0
RPL21P19,1,0,0,0,0,0
RPL21P2,0,0,0,0,0,0
RPL21P20,0,0,0,0,0,0
RPL21P21,0,0,0,0,0,0
RPL21P23,0,0,0,0,0,0
RPL21P24,0,0,0,0,0,0
RPL21P25,0,0,0,0,0,0
RPL21P26,0,0,0,0,0,0
RPL21P27,0,0,0,0,0,0
RPL21P28,28,29,5,2,3,5
RPL21P29,0,0,0,0,0,0
RPL21P3,0,9,0,1,0,1
RPL21P31,0,0,0,0,0,0
RPL21P32,0,0,0,0,0,1
RPL21P33,0,0,0,0,0,0
RPL21P34,0,0,0,0,0,0
RPL21P35,0,0,0,0,0,0
RPL21P36,0,0,0,0,0,0
RPL21P37,0,0,0,0,0,0
RPL21P39,3,1,2,1,1,1
RPL21P4,0,0,0,0,0,0
RPL21P40,0,0,0,0,0,0
RPL21P42,0,0,0,0,0,0
RPL21P43,0,0,0,0,0,0
RPL21P45,0,0,0,0,0,0
RPL21P46,0,0,0,0,0,1
RPL21P47,0,0,0,0,0,0
RPL21P48,0,0,0,0,0,0
RPL21P49,0,0,0,0,0,0
RPL21P5,0,0,1,1,0,1
RPL21P50,0,0,0,0,0,0
RPL21P51,0,0,0,0,0,0
RPL21P52,0,0,0,0,0,0
RPL21P53,1,0,2,5,3,2
RPL21P54,0,0,0,3,4,1
RPL21P55,0,0,0,0,0,0
RPL21P56,0,0,0,0,0,0
RPL21P57,2,0,1,0,0,0
RPL21P58,0,0,0,0,0,0
RPL21P59,0,0,0,1,0,0
RPL21P6,0,0,0,0,0,0
RPL21P60,0,0,0,0,0,0
RPL21P61,0,0,0,0,0,0
RPL21P62,0,0,0,0,0,0
RPL21P63,0,0,0,0,0,0
RPL21P64,0,0,0,0,0,0
RPL21P65,0,0,2,1,0,2
RPL21P66,0,0,0,0,0,0
RPL21P67,0,0,0,0,0,0
RPL21P68,0,0,0,0,0,0
RPL21P69,0,0,0,1,0,0
RPL21P7,1,0,0,0,0,0
RPL21P71,0,0,0,0,0,0
RPL21P72,0,0,0,0,0,0
RPL21P74,0,0,0,0,0,0
RPL21P75,14,8,21,16,9,12
RPL21P76,0,0,0,0,0,0
RPL21P78,0,0,0,0,0,0
RPL21P8,0,0,0,0,0,0
RPL21P80,0,0,0,1,1,0
RPL21P81,0,0,0,0,0,0
RPL21P82,0,0,0,0,0,0
RPL21P83,0,0,0,0,0,0
RPL21P84,0,0,0,0,0,0
RPL21P85,0,0,0,0,0,0
RPL21P86,0,0,0,0,0,0
RPL21P87,0,0,0,1,0,0
RPL21P88,3,0,0,0,0,0
RPL21P89,0,0,0,0,0,0
RPL21P9,0,0,0,0,0,0
RPL21P90,0,0,0,0,0,0
RPL21P91,0,0,0,0,0,0
RPL21P92,0,0,0,0,0,0
RPL21P93,1,1,1,0,2,0
RPL21P94,0,0,0,0,0,0
RPL21P95,1,0,3,0,2,1
RPL21P96,0,0,0,0,0,0
RPL21P97,3,0,5,2,1,4
RPL21P98,2,1,1,0,0,0
RPL21P99,0,0,0,0,0,0
RPL22,2153,1347,3021,5310,5229,5588
RPL22L1,2312,1449,7018,2540,2725,2703
RPL22P13,0,0,0,0,0,0
RPL22P16,0,0,0,0,0,0
RPL22P18,0,0,0,0,0,0
RPL22P2,2,0,0,2,0,0
RPL22P20,0,0,0,0,0,0
RPL22P23,0,0,0,0,0,0
RPL22P3,0,0,0,0,0,0
RPL22P4,0,0,0,0,0,0
RPL22P5,0,0,0,0,0,0
RPL22P6,0,0,0,0,0,0
RPL22P7,0,0,0,0,0,0
RPL23,19340,15714,29013,14809,23225,21908
RPL23A,10598,8237,33577,11630,31362,28761
RPL23AP1,0,0,0,0,0,0
RPL23AP10,0,0,0,0,0,0
RPL23AP11,0,0,0,0,0,0
RPL23AP12,0,0,0,0,0,0
RPL23AP14,0,0,0,0,0,0
RPL23AP15,0,0,0,0,0,0
RPL23AP16,0,0,0,0,0,0
RPL23AP18,0,0,0,0,0,0
RPL23AP20,0,0,0,0,1,0
RPL23AP21,15,3,26,34,45,50
RPL23AP22,0,0,0,0,0,0
RPL23AP23,0,0,0,0,0,0
RPL23AP24,1,0,1,0,0,0
RPL23AP25,0,7,1,1,1,1
RPL23AP26,0,0,0,0,0,0
RPL23AP27,0,0,0,0,0,0
RPL23AP28,0,0,0,0,0,0
RPL23AP29,0,0,0,0,0,0
RPL23AP3,0,0,0,2,0,0
RPL23AP31,0,0,0,0,0,0
RPL23AP33,0,0,0,0,0,0
RPL23AP34,0,0,1,1,0,0
RPL23AP36,0,0,0,0,0,0
RPL23AP37,0,0,0,0,0,0
RPL23AP39,0,0,0,0,0,0
RPL23AP4,3,0,4,1,1,2
RPL23AP40,0,0,0,0,0,0
RPL23AP41,0,0,0,0,0,0
RPL23AP42,424,373,317,86,281,232
RPL23AP43,0,0,0,0,0,0
RPL23AP45,0,0,0,0,0,0
RPL23AP47,0,0,0,0,0,0
RPL23AP48,0,0,0,0,0,0
RPL23AP49,0,0,0,0,0,0
RPL23AP5,14,7,70,7,35,51
RPL23AP50,0,0,0,0,0,0
RPL23AP51,0,0,0,0,0,0
RPL23AP52,0,0,0,0,0,0
RPL23AP54,0,0,0,0,0,0
RPL23AP55,0,0,0,0,0,0
RPL23AP56,0,0,0,0,0,0
RPL23AP57,0,0,0,0,0,0
RPL23AP6,0,0,0,0,0,0
RPL23AP60,0,0,0,0,0,0
RPL23AP61,0,0,0,0,0,0
RPL23AP62,0,0,0,0,0,0
RPL23AP65,0,0,2,1,0,1
RPL23AP66,0,0,0,0,0,0
RPL23AP67,1,0,0,0,0,0
RPL23AP69,0,0,0,0,1,0
RPL23AP70,0,0,0,0,0,0
RPL23AP71,0,0,0,0,0,0
RPL23AP72,0,0,0,0,1,0
RPL23AP74,1,3,4,0,2,3
RPL23AP75,0,0,0,0,0,0
RPL23AP76,0,0,0,0,0,0
RPL23AP77,0,0,0,0,0,0
RPL23AP78,0,0,0,0,0,0
RPL23AP79,68,48,274,55,228,231
RPL23AP8,0,0,1,0,0,0
RPL23AP80,0,0,0,0,0,0
RPL23AP81,0,0,3,0,0,0
RPL23AP83,0,0,0,0,0,0
RPL23AP84,1,0,0,0,0,1
RPL23AP85,0,0,0,0,0,0
RPL23AP88,0,0,0,0,0,0
RPL23AP89,0,0,0,0,0,0
RPL23AP90,0,0,0,0,0,0
RPL23AP91,0,0,0,0,0,0
RPL23AP92,0,0,0,0,0,0
RPL23AP94,0,0,0,0,0,0
RPL23P10,0,0,0,0,0,0
RPL23P11,0,0,0,0,0,0
RPL23P2,0,0,0,0,4,4
RPL23P3,0,0,0,0,0,0
RPL23P4,0,0,0,0,0,0
RPL23P5,0,0,0,1,0,0
RPL23P6,0,0,0,0,0,0
RPL23P7,0,0,0,0,0,0
RPL23P8,1,2,0,0,0,0
RPL24,9853,6784,23617,5984,14434,13140
RPL24P2,0,0,0,0,0,0
RPL24P3,0,0,0,0,0,0
RPL24P4,2,0,7,2,4,3
RPL24P5,0,0,0,0,0,0
RPL24P6,0,0,0,0,0,0
RPL24P7,0,0,0,0,0,0
RPL24P8,0,3,3,0,1,1
RPL24P9,0,0,0,0,0,0
RPL26,1150,1165,488,362,524,477
RPL26L1,180,125,584,117,512,538
RPL26L1-AS1,11,10,16,6,3,12
RPL26P10,0,0,0,0,0,0
RPL26P11,0,0,0,0,0,0
RPL26P12,0,0,0,0,0,0
RPL26P13,0,0,0,0,0,0
RPL26P16,0,0,0,0,0,0
RPL26P18,0,0,0,0,0,0
RPL26P19,2,0,1,2,4,2
RPL26P2,0,0,0,0,0,0
RPL26P20,0,0,0,0,0,0
RPL26P22,0,0,0,0,0,0
RPL26P23,0,0,0,0,0,0
RPL26P24,0,0,0,0,0,0
RPL26P25,0,0,0,0,0,0
RPL26P26,0,0,0,0,0,0
RPL26P27,0,0,0,0,0,0
RPL26P28,0,0,0,0,0,0
RPL26P29,0,0,0,0,0,0
RPL26P3,0,0,0,0,0,2
RPL26P30,3,10,0,0,0,4
RPL26P31,0,0,0,0,0,0
RPL26P32,2,2,0,0,1,0
RPL26P33,0,0,0,0,0,0
RPL26P34,0,0,0,0,0,0
RPL26P35,0,0,0,0,0,0
RPL26P36,0,0,0,0,0,0
RPL26P37,0,0,0,0,0,0
RPL26P4,5,5,0,0,3,2
RPL26P5,0,0,0,0,0,0
RPL26P6,5,0,6,3,7,4
RPL26P8,2,0,0,0,1,0
RPL26P9,0,0,0,0,0,0
RPL27,3449,2155,9998,1699,8579,8410
RPL27A,1053,691,5775,1715,4677,3894
RPL27AP2,0,0,0,0,0,0
RPL27AP3,0,0,0,0,0,0
RPL27AP4,0,0,0,0,0,0
RPL27AP5,0,0,0,0,0,0
RPL27AP6,7,2,44,3,11,19
RPL27AP7,0,0,0,0,0,0
RPL27AP8,0,0,0,0,0,0
RPL27P1,0,0,0,0,0,0
RPL27P10,0,0,0,0,0,0
RPL27P11,0,0,0,0,0,0
RPL27P12,0,0,0,0,0,0
RPL27P2,0,0,0,0,0,0
RPL27P3,0,0,0,0,0,0
RPL27P4,0,0,0,0,0,0
RPL27P5,0,0,0,0,0,0
RPL27P6,0,0,0,0,0,0
RPL27P7,0,0,0,0,0,0
RPL27P8,0,0,0,0,0,0
RPL27P9,0,0,2,0,0,0
RPL28,2588,1134,10900,1779,7123,6623
RPL28P2,0,0,0,0,0,0
RPL28P5,0,0,0,0,0,0
RPL29,4918,2833,14516,3449,7386,6970
RPL29P1,0,0,0,0,0,0
RPL29P21,0,0,0,0,0,0
RPL29P29,0,0,0,0,0,0
RPL29P34,0,0,0,0,0,0
RPL29P35,0,0,0,0,0,0
RPL3,4360,1983,35167,3231,22747,24534
RPL30,10884,8266,37598,12264,25808,25839
RPL30P1,0,0,0,0,0,0
RPL30P10,0,0,0,0,0,0
RPL30P12,0,0,0,0,0,0
RPL30P13,0,0,0,0,0,0
RPL30P16,0,0,0,0,0,0
RPL30P3,0,0,0,0,0,0
RPL30P5,0,0,0,0,0,0
RPL30P6,0,0,0,0,0,0
RPL30P9,0,0,0,0,0,0
RPL31,3868,2901,7523,3621,5493,5253
RPL31P1,0,0,0,0,0,0
RPL31P10,0,0,0,0,0,0
RPL31P12,0,0,0,0,0,0
RPL31P13,0,0,0,0,0,0
RPL31P14,0,0,0,0,0,0
RPL31P15,0,0,0,0,0,0
RPL31P16,0,0,0,0,0,0
RPL31P17,0,0,0,0,0,0
RPL31P18,0,0,0,0,0,0
RPL31P19,0,0,0,0,0,0
RPL31P2,0,0,0,0,0,0
RPL31P20,0,0,0,0,0,0
RPL31P21,0,0,0,0,0,0
RPL31P22,0,0,0,0,0,0
RPL31P23,0,0,0,0,0,0
RPL31P24,0,0,0,0,0,0
RPL31P25,0,0,0,0,0,0
RPL31P26,0,0,0,0,0,0
RPL31P27,0,0,0,0,0,0
RPL31P28,0,0,0,0,0,0
RPL31P29,0,0,0,0,0,0
RPL31P30,1,0,0,2,1,1
RPL31P31,0,0,0,0,0,0
RPL31P32,0,0,0,0,0,0
RPL31P33,0,0,0,0,0,0
RPL31P34,5,6,4,4,4,2
RPL31P35,0,0,0,0,0,0
RPL31P36,0,0,0,0,0,1
RPL31P37,0,0,0,0,0,0
RPL31P38,0,0,0,0,0,0
RPL31P39,0,0,0,0,0,0
RPL31P4,0,0,0,0,0,0
RPL31P41,0,0,0,0,0,0
RPL31P42,0,0,0,0,0,0
RPL31P43,0,0,0,0,0,0
RPL31P44,0,0,0,1,0,0
RPL31P46,9,0,19,18,20,22
RPL31P48,0,0,0,0,0,0
RPL31P49,0,0,0,0,0,0
RPL31P5,0,0,0,0,0,0
RPL31P50,0,0,0,0,0,0
RPL31P51,0,0,0,0,0,0
RPL31P52,0,0,0,0,0,2
RPL31P53,0,0,0,0,0,0
RPL31P54,0,0,0,0,0,0
RPL31P55,0,0,0,0,0,0
RPL31P56,0,0,0,0,0,0
RPL31P57,0,0,0,0,0,0
RPL31P58,0,0,0,0,0,0
RPL31P59,0,0,0,0,0,0
RPL31P6,0,0,0,0,0,0
RPL31P60,0,0,0,0,0,0
RPL31P61,5,0,0,1,0,0
RPL31P62,0,0,0,0,0,0
RPL31P63,0,0,0,0,0,0
RPL31P64,0,0,0,0,0,0
RPL31P7,0,0,0,0,0,0
RPL31P8,0,0,0,0,0,0
RPL31P9,0,0,0,0,0,0
RPL32,10324,8722,30631,10519,23600,22360
RPL32P1,0,0,0,0,0,0
RPL32P13,0,0,0,0,0,0
RPL32P14,0,0,0,0,0,0
RPL32P18,22,22,10,6,6,6
RPL32P19,0,0,0,0,0,0
RPL32P20,0,0,0,0,0,1
RPL32P22,0,0,0,0,0,0
RPL32P23,0,0,0,0,0,0
RPL32P24,0,0,0,0,0,0
RPL32P25,0,0,0,0,0,0
RPL32P26,0,0,0,0,0,0
RPL32P27,0,0,1,0,0,0
RPL32P29,0,0,0,0,0,0
RPL32P30,0,0,0,0,0,0
RPL32P32,1,0,0,0,0,1
RPL32P35,0,0,0,0,0,0
RPL32P4,0,0,0,0,0,0
RPL32P6,2,0,0,3,1,2
RPL32P7,0,0,0,0,0,0
RPL34,2629,2437,2639,2105,2185,2208
RPL34-DT,13,0,42,22,8,19
RPL34P1,0,0,0,0,0,0
RPL34P10,1,1,1,10,10,7
RPL34P11,0,0,0,0,0,1
RPL34P12,0,0,0,0,0,0
RPL34P13,0,0,0,0,0,0
RPL34P16,0,0,0,0,0,0
RPL34P17,0,0,0,0,0,0
RPL34P18,0,0,0,0,0,0
RPL34P20,1,0,2,0,0,1
RPL34P21,0,0,0,0,0,0
RPL34P22,0,0,0,0,1,0
RPL34P23,0,0,0,0,0,0
RPL34P24,1,0,0,1,1,1
RPL34P26,0,0,0,0,0,0
RPL34P27,0,0,0,0,0,0
RPL34P28,0,0,0,0,0,0
RPL34P29,0,0,0,0,0,0
RPL34P3,0,0,0,0,0,0
RPL34P30,0,0,0,0,0,0
RPL34P31,0,0,0,0,0,0
RPL34P32,0,0,0,0,0,0
RPL34P35,0,0,0,0,0,0
RPL34P4,0,0,0,0,0,0
RPL34P5,0,0,0,1,0,0
RPL34P6,0,0,0,0,0,1
RPL34P7,0,0,0,0,0,0
RPL34P8,0,0,0,0,0,0
RPL34P9,0,0,0,0,0,1
RPL35,605,262,7925,313,3458,3535
RPL35A,17512,14734,31156,25966,29048,27811
RPL35AP,0,0,0,0,0,0
RPL35AP10,0,0,0,1,0,0
RPL35AP12,0,0,0,0,0,0
RPL35AP14,0,0,0,0,0,0
RPL35AP15,0,0,0,0,0,0
RPL35AP17,0,0,0,0,0,0
RPL35AP18,0,0,0,0,0,0
RPL35AP22,0,0,0,0,0,0
RPL35AP26,0,0,0,0,0,0
RPL35AP29,0,0,0,0,0,0
RPL35AP3,0,0,0,0,0,0
RPL35AP30,0,0,0,0,0,0
RPL35AP37,0,0,0,0,0,0
RPL35AP4,0,0,1,0,0,0
RPL35AP6,0,0,0,0,0,0
RPL35P1,0,0,0,0,0,0
RPL35P3,0,0,0,0,0,0
RPL35P5,0,0,0,0,0,0
RPL35P6,0,0,0,0,0,0
RPL35P9,0,0,0,0,0,0
RPL36,174,78,4651,202,2774,2811
RPL36A,79,4,153,247,250,212
RPL36A-HNRNPH2,0,0,0,0,2,2
RPL36AL,1985,1188,4135,2837,4036,3688
RPL36AP1,0,0,0,0,0,0
RPL36AP11,0,0,0,0,0,0
RPL36AP14,0,0,0,0,0,0
RPL36AP17,0,0,0,0,0,0
RPL36AP18,0,0,0,0,0,0
RPL36AP20,0,0,0,0,0,0
RPL36AP21,0,0,0,0,0,0
RPL36AP23,0,0,0,0,0,0
RPL36AP26,0,0,0,0,0,0
RPL36AP27,0,0,0,0,0,0
RPL36AP29,0,0,0,0,0,0
RPL36AP32,0,0,0,0,0,0
RPL36AP34,0,0,0,0,0,0
RPL36AP35,0,0,0,0,0,0
RPL36AP37,340,341,99,93,120,94
RPL36AP38,0,0,0,0,0,0
RPL36AP41,0,0,0,0,0,0
RPL36AP45,0,0,0,0,0,1
RPL36AP46,0,0,0,0,0,0
RPL36AP47,0,0,0,0,0,0
RPL36AP48,0,0,0,0,0,0
RPL36AP49,0,0,0,0,0,0
RPL36AP51,0,0,1,0,0,0
RPL36AP52,0,0,0,0,0,0
RPL36AP54,3,0,3,2,3,6
RPL36P1,0,0,0,0,0,0
RPL36P10,0,0,0,0,0,0
RPL36P11,0,0,0,0,0,0
RPL36P12,0,0,0,0,0,0
RPL36P15,0,0,0,0,0,0
RPL36P17,0,0,0,0,0,0
RPL36P19,0,0,0,0,0,0
RPL36P20,0,0,0,0,0,0
RPL36P6,0,0,0,0,0,0
RPL36P7,0,0,0,0,0,0
RPL36P8,0,0,0,0,0,0
RPL37,7784,4669,27472,5648,18847,18994
RPL37A,6227,3780,18094,5792,14482,13445
RPL37AP2,0,0,0,0,0,0
RPL37AP3,0,0,0,0,0,0
RPL37AP4,0,0,0,0,0,0
RPL37AP6,0,0,0,0,0,0
RPL37AP9,0,0,0,0,0,0
RPL37P1,0,0,0,0,0,0
RPL37P10,0,0,0,0,0,0
RPL37P11,0,0,0,0,0,0
RPL37P12,0,0,0,0,0,0
RPL37P13,0,0,0,0,0,0
RPL37P14,0,0,0,0,0,0
RPL37P15,0,0,0,0,0,0
RPL37P17,0,0,0,0,0,0
RPL37P18,0,0,0,0,0,0
RPL37P19,2,0,2,7,0,6
RPL37P20,0,0,0,0,0,0
RPL37P21,0,0,0,0,0,0
RPL37P24,0,0,0,0,0,0
RPL37P25,0,0,0,0,0,0
RPL37P5,0,0,0,0,0,0
RPL37P7,0,0,0,0,0,0
RPL37P9,0,0,0,0,0,0
RPL38,2816,1834,7833,2070,6719,6278
RPL39,6902,5593,8209,8854,9923,8903
RPL39L,116,62,242,92,180,165
RPL39P16,2,0,11,7,6,3
RPL39P28,0,0,0,0,0,0
RPL3L,0,0,0,0,0,0
RPL3P1,0,0,0,0,0,0
RPL3P11,0,0,0,0,0,0
RPL3P13,0,0,0,0,0,1
RPL3P2,5,3,8,2,9,4
RPL3P4,261,384,41,11,18,15
RPL3P6,0,0,0,0,0,0
RPL3P7,0,0,0,0,0,0
RPL3P8,0,0,0,0,0,0
RPL3P9,0,0,0,0,0,0
RPL4,22017,12968,68885,14197,37612,38149
RPL41,13372,9494,50365,21363,52937,48642
RPL41P2,5,3,9,3,10,4
RPL4P1,0,0,0,0,0,0
RPL4P2,0,0,0,0,0,0
RPL4P3,0,0,0,0,0,0
RPL4P4,4,5,3,5,3,3
RPL4P5,2,0,0,3,1,0
RPL4P6,0,0,0,1,3,2
RPL5,7540,5222,16974,9098,12761,12407
RPL5P1,2,1,0,1,2,2
RPL5P10,0,0,0,0,0,0
RPL5P11,0,0,0,0,0,0
RPL5P12,0,0,0,0,0,0
RPL5P13,0,0,0,0,0,1
RPL5P14,0,0,0,0,2,0
RPL5P16,0,0,0,1,1,2
RPL5P17,0,0,0,0,0,0
RPL5P18,0,0,0,0,0,0
RPL5P19,0,0,0,0,0,0
RPL5P2,0,0,0,0,0,0
RPL5P20,0,0,0,0,0,0
RPL5P21,0,0,0,0,0,0
RPL5P22,0,0,0,0,0,0
RPL5P23,2,1,1,0,0,0
RPL5P24,0,0,0,0,0,0
RPL5P25,0,0,0,0,0,0
RPL5P26,0,0,0,0,0,0
RPL5P28,0,0,0,0,0,0
RPL5P29,0,0,0,0,0,0
RPL5P3,0,0,0,0,0,0
RPL5P30,3,0,6,3,8,5
RPL5P31,0,0,0,0,0,0
RPL5P32,0,0,0,0,0,0
RPL5P33,0,0,0,0,0,0
RPL5P34,31,22,39,25,46,33
RPL5P4,6,8,16,15,17,9
RPL5P5,0,0,0,0,0,0
RPL5P6,0,0,0,0,0,0
RPL5P7,0,0,0,0,0,0
RPL5P8,0,0,0,0,0,0
RPL5P9,0,0,0,0,0,0
RPL6,12710,10039,33017,19732,27757,26164
RPL6P1,0,0,0,0,0,0
RPL6P10,35,88,41,41,45,24
RPL6P11,0,0,0,0,0,0
RPL6P12,0,0,0,0,0,0
RPL6P13,0,0,0,0,0,0
RPL6P14,0,0,0,0,0,0
RPL6P15,0,0,0,0,0,0
RPL6P16,0,0,0,0,0,0
RPL6P17,0,0,0,0,1,0
RPL6P18,0,0,0,0,0,0
RPL6P19,7,18,12,4,7,8
RPL6P2,0,0,0,0,0,0
RPL6P20,0,0,0,0,0,0
RPL6P21,0,0,0,0,0,0
RPL6P22,0,0,0,0,0,0
RPL6P23,0,0,0,0,0,0
RPL6P24,0,0,0,0,0,0
RPL6P25,0,0,0,0,0,0
RPL6P26,0,0,0,0,0,0
RPL6P27,262,366,51,24,26,20
RPL6P29,0,0,0,0,0,0
RPL6P3,0,0,0,0,0,0
RPL6P30,0,0,0,0,0,0
RPL6P31,0,0,0,0,0,0
RPL6P32,0,0,0,0,0,0
RPL6P4,0,0,0,0,0,0
RPL6P5,0,0,0,0,0,0
RPL6P6,0,0,0,0,0,0
RPL6P7,0,0,0,0,0,0
RPL7,34239,20820,67995,55785,54758,50332
RPL7A,20519,10992,51155,12985,34728,31228
RPL7AP10,0,0,0,0,0,0
RPL7AP11,2,0,1,0,1,1
RPL7AP12,0,0,0,0,0,0
RPL7AP14,0,0,0,0,1,0
RPL7AP15,0,0,0,0,0,0
RPL7AP16,1,0,6,10,7,17
RPL7AP17,0,0,0,0,0,0
RPL7AP19,0,0,0,0,0,0
RPL7AP20,0,0,0,0,0,0
RPL7AP21,0,0,0,0,0,0
RPL7AP22,0,0,0,0,1,1
RPL7AP24,0,0,0,0,0,0
RPL7AP25,0,0,0,0,0,0
RPL7AP26,0,0,0,0,0,0
RPL7AP27,0,0,0,0,0,0
RPL7AP28,0,0,0,0,0,0
RPL7AP29,0,0,0,0,0,0
RPL7AP3,0,0,0,0,0,0
RPL7AP30,3,1,8,4,4,3
RPL7AP31,0,0,0,2,0,0
RPL7AP32,0,0,0,0,0,0
RPL7AP33,0,0,0,0,0,0
RPL7AP34,0,0,0,0,0,0
RPL7AP35,0,0,0,0,0,0
RPL7AP36,0,0,0,0,0,0
RPL7AP37,0,0,0,0,0,0
RPL7AP38,0,0,0,0,0,0
RPL7AP39,0,0,2,3,6,2
RPL7AP4,0,0,0,0,0,0
RPL7AP40,0,0,0,0,0,0
RPL7AP41,0,0,0,0,0,0
RPL7AP42,0,0,0,0,0,0
RPL7AP43,3,0,17,0,8,1
RPL7AP44,0,0,0,0,0,0
RPL7AP45,18,8,46,0,1,0
RPL7AP46,0,0,0,0,0,0
RPL7AP47,0,0,0,0,0,0
RPL7AP48,0,0,0,0,0,0
RPL7AP49,0,0,0,0,0,0
RPL7AP5,0,0,0,0,0,0
RPL7AP50,54,80,10,3,9,3
RPL7AP51,0,0,0,0,0,0
RPL7AP52,0,0,0,0,0,0
RPL7AP53,0,0,0,0,0,0
RPL7AP54,0,0,0,0,0,0
RPL7AP55,0,0,0,0,0,0
RPL7AP56,0,0,0,0,0,0
RPL7AP57,0,0,0,0,0,0
RPL7AP58,0,0,0,0,0,0
RPL7AP6,235,152,277,78,217,157
RPL7AP60,1,0,1,3,0,2
RPL7AP61,0,0,0,0,0,0
RPL7AP62,4,1,1,0,2,2
RPL7AP63,0,0,0,0,0,0
RPL7AP64,0,0,0,0,0,0
RPL7AP65,0,0,0,0,0,0
RPL7AP66,3,1,7,1,3,4
RPL7AP67,0,0,0,0,0,0
RPL7AP69,0,0,0,0,0,0
RPL7AP7,0,0,0,0,0,0
RPL7AP70,2,3,0,0,0,1
RPL7AP71,0,0,0,0,0,0
RPL7AP72,0,0,0,0,0,0
RPL7AP73,0,0,0,0,0,0
RPL7AP74,0,0,0,0,0,0
RPL7AP75,0,0,0,0,0,0
RPL7AP76,0,0,1,0,0,0
RPL7AP77,0,0,0,0,0,0
RPL7AP78,0,0,0,0,0,0
RPL7AP79,0,0,0,0,0,0
RPL7AP8,0,0,0,0,0,1
RPL7AP80,0,0,0,0,0,0
RPL7AP81,0,0,0,0,0,0
RPL7AP82,0,0,0,0,0,0
RPL7AP83,0,0,0,0,0,0
RPL7AP9,0,0,0,0,0,0
RPL7L1,4407,2331,7523,11303,13157,14118
RPL7L1P1,0,0,0,0,0,0
RPL7L1P10,0,0,0,0,0,0
RPL7L1P12,0,0,0,0,0,0
RPL7L1P16,0,0,1,0,0,0
RPL7L1P2,0,0,0,0,0,0
RPL7L1P21,0,0,0,0,0,0
RPL7L1P22,0,0,0,0,0,0
RPL7L1P8,2,0,0,0,0,3
RPL7L1P9,1,0,0,0,0,0
RPL7P1,221,161,145,117,113,88
RPL7P10,0,0,0,0,0,0
RPL7P11,0,0,0,0,0,0
RPL7P12,0,0,0,0,0,0
RPL7P13,0,0,0,0,0,0
RPL7P16,0,0,0,1,0,0
RPL7P17,0,0,0,0,0,0
RPL7P18,0,0,0,0,0,0
RPL7P19,0,4,4,2,1,1
RPL7P20,0,0,0,0,0,0
RPL7P22,1,0,1,0,0,0
RPL7P23,32,21,31,20,23,16
RPL7P24,2,5,3,0,3,2
RPL7P25,0,0,0,0,0,0
RPL7P27,0,0,0,0,0,0
RPL7P28,0,0,0,0,0,0
RPL7P29,0,0,0,0,0,0
RPL7P3,0,0,0,0,0,0
RPL7P30,0,0,0,0,0,0
RPL7P32,0,1,1,0,0,1
RPL7P33,0,0,0,0,0,0
RPL7P35,0,0,0,0,0,0
RPL7P36,0,0,0,0,0,0
RPL7P37,0,0,0,0,0,0
RPL7P38,0,0,0,0,0,0
RPL7P39,0,0,0,0,0,0
RPL7P4,0,0,0,0,0,0
RPL7P40,0,0,0,0,0,0
RPL7P43,0,0,0,0,0,0
RPL7P44,0,0,0,0,0,0
RPL7P45,0,0,0,0,0,0
RPL7P47,0,1,1,1,2,0
RPL7P48,0,1,0,0,0,0
RPL7P49,1,0,0,1,0,0
RPL7P5,0,0,0,0,0,0
RPL7P50,0,0,0,0,0,0
RPL7P51,0,0,0,0,0,0
RPL7P52,0,0,0,0,0,0
RPL7P53,0,0,0,0,0,0
RPL7P54,0,0,0,0,0,0
RPL7P55,0,0,0,0,0,0
RPL7P56,0,0,0,0,0,0
RPL7P57,0,0,1,0,0,0
RPL7P6,2,4,0,0,0,1
RPL7P60,0,0,0,0,0,0
RPL7P61,0,0,0,0,0,0
RPL7P7,0,0,0,0,0,0
RPL7P9,645,613,165,129,110,99
RPL8,2090,1147,17864,1552,12947,12099
RPL8P2,0,0,0,0,0,0
RPL8P3,0,0,0,0,0,0
RPL8P4,0,0,0,0,0,0
RPL8P5,0,0,0,0,0,0
RPL9,9937,7116,23895,13829,16179,15173
RPL9P10,0,0,0,0,0,0
RPL9P11,0,0,3,13,8,4
RPL9P12,0,0,0,0,0,0
RPL9P13,0,0,0,0,0,0
RPL9P14,0,0,0,0,0,0
RPL9P15,0,0,0,0,0,0
RPL9P16,0,0,0,0,0,0
RPL9P17,0,0,0,0,0,0
RPL9P18,0,0,0,0,0,0
RPL9P19,0,0,0,0,0,0
RPL9P2,0,0,0,0,0,0
RPL9P20,0,0,0,0,0,0
RPL9P22,0,0,0,0,0,0
RPL9P24,0,0,0,0,0,0
RPL9P25,0,0,0,0,0,0
RPL9P26,0,0,0,0,0,0
RPL9P27,0,0,0,0,0,0
RPL9P28,0,0,0,0,0,1
RPL9P3,0,0,0,0,0,0
RPL9P30,0,0,0,0,0,0
RPL9P32,0,0,0,0,0,0
RPL9P33,0,0,0,0,0,0
RPL9P6,0,0,0,0,0,0
RPL9P7,10,3,8,13,14,14
RPLP0,8659,4906,65135,10120,59123,60027
RPLP0P10,0,0,0,0,0,0
RPLP0P11,0,0,0,0,0,0
RPLP0P12,0,0,0,0,0,0
RPLP0P3,2,0,0,0,0,0
RPLP0P4,0,0,0,0,0,0
RPLP0P5,0,0,0,0,0,0
RPLP0P6,29,25,58,15,60,37
RPLP0P7,0,0,0,0,0,0
RPLP0P8,0,0,0,0,0,0
RPLP1,844,421,10819,386,4546,4209
RPLP1P10,0,0,0,0,0,0
RPLP1P13,0,0,0,0,0,0
RPLP1P3,0,0,0,0,0,0
RPLP1P9,0,0,0,0,0,0
RPLP2,199,136,1854,147,993,918
RPLP2P1,0,0,2,0,0,0
RPLP2P4,0,0,0,0,0,0
RPN1,5888,3597,11999,3282,5113,4987
RPN2,5055,2990,14031,3981,10039,10156
RPP14,119,91,167,78,72,75
RPP21,46,8,67,133,107,111
RPP25,3,6,4,8,13,8
RPP25L,35,25,282,11,86,61
RPP30,716,531,1663,1301,1705,1841
RPP38,153,80,388,252,434,403
RPP38-DT,10,5,12,1,9,9
RPP40,83,56,267,111,177,140
RPP40P1,0,0,0,0,0,0
RPPH1,0,0,0,0,0,0
RPPH1-2P,0,0,0,0,0,0
RPPH1-3P,0,0,0,0,0,0
RPRD1A,818,402,1554,1624,1585,1829
RPRD1B,1091,599,1931,904,1015,1128
RPRD2,2386,1108,3492,1697,1884,2250
RPRM,0,0,0,0,0,0
RPRML,0,0,0,0,0,0
RPS10,32,23,27,91,101,80
RPS10-NUDT3,0,0,1,0,1,5
RPS10P1,4,6,21,3,9,13
RPS10P10,0,0,0,0,0,0
RPS10P11,2,0,0,0,0,1
RPS10P12,1,0,0,0,0,0
RPS10P13,1,5,1,0,4,4
RPS10P14,0,0,0,0,0,0
RPS10P15,0,0,0,0,0,0
RPS10P2,0,0,0,0,0,0
RPS10P20,0,0,0,0,0,0
RPS10P21,0,0,0,0,0,0
RPS10P22,0,0,0,0,0,0
RPS10P23,0,0,0,0,0,0
RPS10P24,0,0,0,0,0,0
RPS10P26,0,2,1,2,3,2
RPS10P27,0,0,0,0,0,0
RPS10P3,91,133,14,19,14,20
RPS10P30,0,0,0,0,0,0
RPS10P31,0,0,0,0,0,0
RPS10P4,0,0,0,0,0,0
RPS10P5,3,0,8,2,7,6
RPS10P6,2,0,1,1,2,1
RPS10P8,0,0,0,0,0,0
RPS10P9,0,0,0,0,0,0
RPS11,12381,6779,29951,12119,23794,21998
RPS11P1,0,0,0,0,0,0
RPS11P2,0,0,0,0,0,0
RPS11P4,0,0,0,0,0,0
RPS11P5,0,0,1,1,0,3
RPS11P7,0,0,0,0,0,0
RPS12,1960,1474,8515,1825,8943,8616
RPS12P10,0,0,0,0,0,0
RPS12P12,0,0,0,0,0,0
RPS12P13,0,0,0,0,0,0
RPS12P15,0,0,0,0,0,0
RPS12P17,0,0,0,0,0,0
RPS12P18,0,0,0,0,0,0
RPS12P2,0,0,0,0,0,0
RPS12P20,0,0,0,0,0,0
RPS12P24,0,0,0,0,0,0
RPS12P25,0,0,0,0,0,0
RPS12P28,0,0,0,0,0,0
RPS12P29,0,0,0,0,0,0
RPS12P31,0,0,0,0,0,0
RPS12P5,0,0,0,0,0,0
RPS12P6,0,0,0,0,0,0
RPS12P7,0,0,0,0,0,0
RPS12P9,0,0,0,0,0,0
RPS13,1435,946,3944,1286,2662,2697
RPS13P1,0,0,0,0,0,0
RPS13P2,0,1,1,0,0,1
RPS13P3,0,0,0,0,0,0
RPS13P4,0,0,0,0,0,0
RPS13P6,0,0,0,0,0,0
RPS13P7,0,0,0,0,0,0
RPS13P8,0,0,0,0,0,0
RPS14,4350,1977,12212,4473,9558,9179
RPS14P1,1,0,8,5,7,5
RPS14P10,0,0,0,0,0,0
RPS14P6,0,0,0,0,0,1
RPS14P7,0,0,0,0,0,0
RPS15,151,72,1056,111,856,796
RPS15A,1829,1718,6316,3263,3789,3616
RPS15AP1,21,13,0,0,0,0
RPS15AP11,0,0,0,0,0,0
RPS15AP12,0,0,0,0,0,0
RPS15AP13,0,0,0,0,0,0
RPS15AP14,5,0,0,1,2,0
RPS15AP15,0,0,0,0,0,0
RPS15AP16,0,0,0,0,0,0
RPS15AP17,2,10,0,0,0,0
RPS15AP18,0,0,0,0,0,0
RPS15AP19,41,64,3,2,0,2
RPS15AP20,0,0,0,0,0,0
RPS15AP21,0,0,0,0,0,0
RPS15AP22,0,0,0,0,0,0
RPS15AP23,0,0,0,0,0,0
RPS15AP24,2,1,1,0,0,0
RPS15AP25,0,0,0,0,0,0
RPS15AP26,5,0,0,0,1,3
RPS15AP27,0,0,0,0,0,0
RPS15AP28,0,0,0,0,0,0
RPS15AP29,0,0,0,0,0,0
RPS15AP3,0,0,0,0,0,0
RPS15AP30,0,0,0,0,0,0
RPS15AP31,0,0,0,0,0,0
RPS15AP32,0,0,0,0,0,0
RPS15AP34,0,0,0,0,0,0
RPS15AP35,0,0,0,0,0,0
RPS15AP36,5,9,3,5,5,5
RPS15AP37,3,0,0,3,2,6
RPS15AP39,0,0,0,0,0,0
RPS15AP4,0,0,0,0,0,0
RPS15AP40,0,0,0,0,0,0
RPS15AP5,0,0,0,0,0,0
RPS15AP6,0,0,0,0,0,0
RPS15AP7,0,0,0,0,0,0
RPS15AP8,0,0,0,0,0,0
RPS15P1,0,0,0,0,0,0
RPS15P2,0,0,1,0,0,0
RPS15P4,25,43,7,2,12,5
RPS15P5,0,0,0,0,0,0
RPS15P6,0,0,0,0,0,0
RPS15P7,0,0,0,0,0,0
RPS15P8,0,0,0,0,0,0
RPS15P9,0,0,0,0,0,0
RPS16,573,317,2804,405,1651,1608
RPS16P1,0,0,0,1,0,0
RPS16P2,0,0,0,0,0,0
RPS16P3,0,0,0,0,0,0
RPS16P4,0,0,0,0,0,0
RPS16P6,0,0,0,0,0,0
RPS16P7,0,0,1,0,0,0
RPS16P8,0,0,0,0,0,0
RPS17,56,10,123,83,141,119
RPS17P1,0,0,0,0,0,0
RPS17P10,0,0,0,0,0,0
RPS17P11,0,0,0,0,0,0
RPS17P12,0,0,0,0,0,0
RPS17P13,0,0,0,0,0,0
RPS17P15,0,0,0,0,0,0
RPS17P16,4,1,0,0,1,1
RPS17P17,0,0,0,0,0,0
RPS17P2,0,0,0,0,0,0
RPS17P3,0,0,0,0,0,0
RPS17P5,0,0,0,0,0,0
RPS17P6,0,0,0,0,0,0
RPS17P7,0,0,0,0,0,0
RPS18,11873,8113,44673,28786,48570,46972
RPS18P1,0,0,0,0,0,0
RPS18P10,0,0,0,0,0,0
RPS18P11,0,0,0,0,0,0
RPS18P12,4,1,14,6,11,14
RPS18P13,0,0,1,0,0,0
RPS18P14,0,8,2,1,0,0
RPS18P2,3,4,0,0,0,0
RPS18P3,0,0,0,0,0,0
RPS18P4,0,0,0,0,0,0
RPS18P5,17,8,10,8,2,9
RPS18P6,0,0,0,0,0,0
RPS18P7,0,0,0,0,0,0
RPS18P8,0,0,0,0,0,0
RPS19,778,629,3855,905,3230,3165
RPS19BP1,26,6,222,96,316,319
RPS19P1,0,0,0,0,0,0
RPS19P2,0,0,0,0,0,0
RPS19P5,0,0,0,0,0,0
RPS19P6,0,0,0,0,0,0
RPS19P7,0,0,0,0,0,0
RPS2,1576,1363,10085,1038,5769,5444
RPS20,3392,2448,17554,4600,11869,12463
RPS20P15,0,0,0,0,0,0
RPS20P17,0,0,0,0,0,0
RPS20P20,0,0,0,0,0,0
RPS20P23,0,0,0,0,0,0
RPS20P25,0,0,0,0,0,0
RPS20P28,0,0,0,0,0,0
RPS20P29,0,0,0,0,0,0
RPS20P30,0,0,0,0,0,0
RPS20P31,0,0,0,0,0,0
RPS20P33,2,0,9,3,9,18
RPS20P6,0,0,0,0,0,0
RPS20P9,0,0,0,0,0,0
RPS21,586,752,3110,307,1617,1598
RPS21-DT,1,1,5,2,10,10
RPS21P1,0,0,0,0,0,0
RPS21P5,0,0,0,0,0,0
RPS21P6,0,0,0,0,0,0
RPS21P7,0,0,0,0,0,0
RPS23,11248,7134,32177,14390,23450,22899
RPS23P1,0,0,0,0,0,0
RPS23P10,0,0,0,0,0,0
RPS23P2,0,0,0,0,0,0
RPS23P3,0,0,0,0,0,0
RPS23P5,0,0,0,0,0,0
RPS23P8,136,162,18,12,12,4
RPS23P9,0,0,0,0,0,0
RPS24,28025,19268,59426,62651,60684,58865
RPS24P10,2,0,0,0,0,1
RPS24P12,0,0,0,0,0,0
RPS24P17,0,0,0,0,0,0
RPS24P4,0,0,0,0,0,0
RPS24P5,0,0,0,0,0,0
RPS24P6,0,0,0,0,0,0
RPS25,9954,6363,36759,14651,26418,24311
RPS25P10,0,0,0,0,0,0
RPS25P3,2,0,0,0,1,3
RPS25P7,0,0,0,0,0,0
RPS26,407,289,1845,645,3529,3208
RPS26P12,0,0,0,0,0,0
RPS26P19,0,0,0,0,0,0
RPS26P21,1,0,0,1,0,0
RPS26P22,0,0,0,0,0,0
RPS26P23,0,0,0,0,0,0
RPS26P24,0,0,0,0,0,0
RPS26P27,0,0,0,0,0,0
RPS26P30,0,0,0,0,0,0
RPS26P31,0,0,0,0,0,0
RPS26P4,0,0,0,0,0,0
RPS26P45,0,0,0,0,0,0
RPS26P46,0,0,0,0,0,0
RPS26P48,0,0,0,0,0,0
RPS26P49,0,0,0,0,3,3
RPS26P57,0,0,0,0,0,0
RPS26P9,0,0,0,0,0,0
RPS27,9677,8661,25217,12410,14733,13934
RPS27A,5385,4890,12662,9384,10773,10216
RPS27AP1,0,0,0,0,0,0
RPS27AP11,0,0,0,0,0,0
RPS27AP12,0,0,0,0,0,0
RPS27AP14,0,0,0,0,0,0
RPS27AP15,0,0,0,0,0,0
RPS27AP16,189,83,52,31,50,52
RPS27AP18,0,0,1,0,0,0
RPS27AP19,0,0,0,0,0,0
RPS27AP2,0,0,0,0,0,0
RPS27AP20,0,0,0,0,0,0
RPS27AP3,0,0,0,0,0,0
RPS27AP4,1,0,22,22,17,28
RPS27AP5,14,27,0,0,1,0
RPS27AP6,2,0,1,3,0,0
RPS27AP8,0,0,0,0,0,0
RPS27AP9,0,0,0,0,0,0
RPS27L,717,514,1250,774,929,878
RPS27P1,0,0,0,0,0,0
RPS27P16,0,0,0,0,0,0
RPS27P18,0,0,0,0,0,0
RPS27P22,0,0,0,0,0,0
RPS27P26,0,0,0,0,0,0
RPS27P27,0,0,0,0,0,0
RPS27P28,0,0,0,0,0,0
RPS27P30,0,0,0,0,0,0
RPS27P5,0,0,0,0,0,0
RPS28,134,104,2618,82,1317,1329
RPS28P2,0,0,0,0,0,3
RPS28P5,0,0,0,0,0,0
RPS28P8,0,0,0,0,0,0
RPS29,2744,2966,4859,1565,3120,3377
RPS29P10,0,0,0,0,0,0
RPS29P14,0,0,0,0,0,0
RPS29P19,0,0,0,1,0,1
RPS29P20,0,0,0,0,0,0
RPS29P22,0,0,0,0,0,0
RPS29P23,0,0,0,0,0,0
RPS29P24,0,0,0,0,0,0
RPS29P25,0,0,0,0,0,0
RPS29P26,0,0,0,0,0,0
RPS29P27,0,0,0,0,0,0
RPS29P28,0,0,0,0,0,0
RPS29P31,0,0,0,0,0,0
RPS29P32,0,0,0,0,0,0
RPS29P4,0,0,0,0,0,0
RPS29P6,0,0,0,0,0,0
RPS2P1,0,0,3,0,0,0
RPS2P10,0,0,0,0,0,0
RPS2P11,0,0,0,0,0,0
RPS2P13,0,0,0,0,0,0
RPS2P14,0,0,5,4,13,9
RPS2P15,0,0,0,0,0,0
RPS2P16,0,0,0,0,0,0
RPS2P17,0,0,0,0,1,2
RPS2P18,0,0,0,0,0,0
RPS2P19,0,0,0,0,0,0
RPS2P20,0,0,0,0,0,0
RPS2P21,0,0,0,0,0,0
RPS2P23,0,0,0,0,0,0
RPS2P24,0,0,0,0,0,0
RPS2P28,0,0,0,0,0,0
RPS2P29,0,0,4,0,0,4
RPS2P3,0,0,0,0,0,0
RPS2P30,0,0,0,0,0,0
RPS2P31,0,0,0,0,0,0
RPS2P32,0,0,0,0,0,0
RPS2P33,0,0,0,0,0,0
RPS2P34,0,0,0,0,0,0
RPS2P35,0,0,0,0,0,0
RPS2P36,0,0,0,0,0,0
RPS2P37,0,0,0,0,0,0
RPS2P38,0,0,0,0,0,0
RPS2P39,0,0,0,0,0,0
RPS2P4,0,0,0,0,0,1
RPS2P40,4,4,1,0,0,1
RPS2P42,0,0,0,0,0,0
RPS2P45,0,0,0,0,4,0
RPS2P46,15,55,22,2,11,14
RPS2P47,0,0,0,1,2,1
RPS2P48,0,0,0,0,0,0
RPS2P49,0,0,0,0,0,0
RPS2P5,704,435,1960,888,1567,1577
RPS2P50,0,0,0,0,0,0
RPS2P51,0,0,0,0,0,0
RPS2P52,0,0,0,0,0,0
RPS2P53,0,0,0,0,0,0
RPS2P54,0,0,0,0,0,0
RPS2P55,0,0,1,0,1,0
RPS2P6,0,0,0,0,0,0
RPS2P7,0,0,0,0,1,0
RPS2P8,0,0,0,0,0,1
RPS3,18842,12163,50433,24970,34382,33327
RPS3A,8507,4838,18998,11344,13898,12553
RPS3AP1,0,0,0,0,0,0
RPS3AP10,0,0,0,0,0,0
RPS3AP11,0,0,0,0,0,0
RPS3AP12,0,0,0,0,0,2
RPS3AP14,0,0,0,0,0,0
RPS3AP15,0,0,0,0,0,0
RPS3AP16,0,0,0,0,0,0
RPS3AP18,0,0,0,0,0,0
RPS3AP19,0,0,0,0,0,0
RPS3AP20,0,1,1,0,2,0
RPS3AP21,0,0,4,0,2,2
RPS3AP22,0,0,0,0,0,0
RPS3AP23,0,0,1,1,0,0
RPS3AP24,0,0,0,0,0,0
RPS3AP25,1,1,0,0,0,0
RPS3AP26,184,176,122,76,90,75
RPS3AP28,0,0,0,0,0,0
RPS3AP29,0,0,0,0,0,0
RPS3AP3,0,0,0,0,0,0
RPS3AP30,0,0,0,0,0,0
RPS3AP31,0,0,0,0,0,0
RPS3AP32,0,0,0,0,0,0
RPS3AP34,0,0,0,1,0,0
RPS3AP35,0,0,0,0,0,0
RPS3AP36,0,0,0,0,0,0
RPS3AP37,0,0,0,0,1,0
RPS3AP38,3,3,4,42,18,43
RPS3AP39,0,0,0,0,0,0
RPS3AP4,0,0,0,0,0,0
RPS3AP40,0,0,0,0,1,0
RPS3AP41,0,0,0,0,0,0
RPS3AP42,0,0,0,0,0,0
RPS3AP43,0,0,0,0,0,0
RPS3AP44,0,0,0,0,0,0
RPS3AP46,0,0,0,0,0,0
RPS3AP47,39,30,6,1,2,5
RPS3AP48,0,0,0,0,0,0
RPS3AP49,0,0,0,0,0,2
RPS3AP5,1,0,3,0,2,0
RPS3AP52,0,0,0,0,0,0
RPS3AP53,0,0,0,0,0,0
RPS3AP55,0,0,0,0,0,0
RPS3AP6,62,28,29,24,22,13
RPS3AP7,0,0,0,0,0,0
RPS3AP8,0,0,0,0,0,0
RPS3AP9,0,0,0,0,0,0
RPS3P1,0,0,0,0,0,0
RPS3P2,5,0,4,3,0,0
RPS3P3,0,0,1,0,3,2
RPS3P4,3,5,2,0,4,2
RPS3P5,0,0,0,0,0,0
RPS3P6,0,0,0,0,0,0
RPS3P7,0,0,0,0,0,0
RPS4X,7121,4683,14584,11013,16065,14731
RPS4XP1,0,0,0,1,0,0
RPS4XP10,0,0,0,0,0,0
RPS4XP11,0,0,0,0,0,0
RPS4XP12,0,0,0,0,0,0
RPS4XP13,0,0,0,0,0,0
RPS4XP14,0,0,0,0,0,0
RPS4XP15,0,0,0,0,0,0
RPS4XP16,17,1,13,10,3,5
RPS4XP17,0,0,0,0,0,0
RPS4XP18,0,0,0,0,0,0
RPS4XP19,0,0,0,0,0,0
RPS4XP2,1,0,0,0,0,0
RPS4XP20,0,0,0,0,0,0
RPS4XP21,0,0,0,0,0,0
RPS4XP22,0,0,0,0,0,1
RPS4XP3,1,0,0,0,2,0
RPS4XP4,0,0,0,0,0,0
RPS4XP5,0,0,0,0,0,0
RPS4XP6,0,0,0,0,0,0
RPS4XP7,0,0,0,0,0,0
RPS4XP8,0,0,0,0,1,0
RPS4Y1,0,0,0,0,0,0
RPS4Y1P1,0,0,0,0,0,0
RPS4Y2,0,0,0,0,0,0
RPS5,504,346,4561,346,3380,3349
RPS5P2,0,0,0,0,0,0
RPS5P3,0,0,0,0,0,0
RPS5P4,0,0,0,0,0,1
RPS5P5,0,0,0,0,0,0
RPS5P6,0,0,0,0,0,0
RPS5P7,0,0,0,0,0,0
RPS5P8,0,0,0,0,0,0
RPS6,11440,9389,44483,29434,43614,43555
RPS6KA1,78,48,414,234,938,1055
RPS6KA2,6,0,32,14,22,35
RPS6KA2-IT1,3,0,1,0,1,0
RPS6KA3,0,0,0,1,0,0
RPS6KA4,57,25,433,79,385,416
RPS6KA5,333,106,485,422,354,384
RPS6KA6,60,23,72,591,410,581
RPS6KB1,1164,599,2216,3037,2516,3001
RPS6KB2,207,77,1019,226,1101,1186
RPS6KC1,1084,654,1840,1242,1025,1101
RPS6KL1,50,14,228,27,118,158
RPS6P1,3,1,0,3,0,0
RPS6P10,0,0,2,0,0,0
RPS6P11,0,0,0,0,0,0
RPS6P12,0,0,0,0,0,0
RPS6P14,0,0,0,0,0,0
RPS6P15,0,0,0,0,0,0
RPS6P16,0,0,0,0,0,0
RPS6P17,0,0,0,0,1,0
RPS6P19,0,0,0,0,0,0
RPS6P21,0,0,0,0,0,0
RPS6P22,0,0,0,0,0,0
RPS6P23,0,0,0,0,0,0
RPS6P24,0,0,0,0,0,0
RPS6P25,6,0,12,18,18,17
RPS6P26,0,0,0,0,0,0
RPS6P3,0,0,0,0,0,0
RPS6P5,0,0,0,0,0,0
RPS6P8,0,0,0,0,0,0
RPS6P9,0,0,0,0,0,0
RPS7,3214,2066,18642,2510,12520,11729
RPS7P1,81,128,41,10,20,14
RPS7P10,0,1,4,0,2,2
RPS7P11,7,3,17,7,10,10
RPS7P12,0,0,0,0,0,0
RPS7P14,0,0,0,0,0,0
RPS7P3,1,10,10,0,1,0
RPS7P4,0,0,1,0,0,0
RPS7P6,0,0,0,0,0,0
RPS7P7,0,0,0,0,0,0
RPS7P8,0,0,0,0,0,0
RPS7P9,0,0,0,0,0,0
RPS8,1702,1159,15632,1300,9451,9330
RPS8P1,19,14,2,0,1,2
RPS8P10,0,0,0,0,0,0
RPS8P3,0,0,0,0,0,0
RPS8P4,0,0,0,0,0,0
RPS8P5,0,0,0,0,0,0
RPS8P6,0,0,0,0,0,0
RPS8P7,0,0,3,0,0,0
RPS8P8,2,3,11,4,4,3
RPS8P9,0,0,1,0,0,0
RPS9,898,451,6899,581,5250,5194
RPS9P2,1,11,0,1,0,0
RPS9P3,0,0,0,0,0,0
RPS9P4,13,28,3,2,7,12
RPSA,4119,3787,8999,2852,6079,5412
RPSAP1,0,0,0,0,0,0
RPSAP10,0,0,0,1,0,1
RPSAP11,0,0,0,0,0,0
RPSAP12,18,5,62,1,19,25
RPSAP13,0,0,1,0,0,0
RPSAP14,0,0,0,0,0,0
RPSAP15,5444,3005,9708,6336,6822,6551
RPSAP16,3,0,0,0,0,0
RPSAP17,1,1,0,1,0,2
RPSAP18,4,5,3,0,0,2
RPSAP19,9,8,18,6,12,6
RPSAP2,0,0,0,0,0,0
RPSAP20,0,0,0,0,0,0
RPSAP21,0,0,0,0,0,0
RPSAP22,0,0,0,0,0,0
RPSAP23,0,0,0,0,0,0
RPSAP24,0,0,0,0,0,0
RPSAP25,0,0,0,0,0,0
RPSAP27,0,0,0,0,0,0
RPSAP28,0,0,0,0,0,0
RPSAP29,1,0,0,0,0,0
RPSAP3,0,0,0,0,0,2
RPSAP31,0,0,0,0,1,0
RPSAP32,0,0,0,0,0,0
RPSAP33,0,0,0,0,0,0
RPSAP34,0,0,0,0,0,0
RPSAP35,0,0,0,0,0,0
RPSAP36,0,0,0,1,0,0
RPSAP38,0,0,0,0,0,0
RPSAP39,0,0,0,0,0,0
RPSAP4,0,0,0,0,0,1
RPSAP40,0,0,0,0,0,0
RPSAP42,0,0,0,0,0,0
RPSAP43,0,0,0,0,0,0
RPSAP44,0,0,0,0,0,0
RPSAP45,0,0,0,0,1,0
RPSAP46,0,0,0,0,0,0
RPSAP47,6404,3669,13123,10924,10662,9974
RPSAP48,0,0,0,0,0,0
RPSAP49,1,0,0,0,0,0
RPSAP5,0,0,0,0,0,0
RPSAP51,0,0,0,0,0,0
RPSAP53,1,0,0,0,1,0
RPSAP54,79,31,137,102,98,109
RPSAP55,0,0,0,0,0,0
RPSAP56,0,0,0,0,0,0
RPSAP57,0,0,0,0,0,0
RPSAP59,0,0,0,0,0,0
RPSAP6,0,0,0,0,0,0
RPSAP60,0,0,0,0,0,0
RPSAP61,2,0,1,1,1,1
RPSAP62,0,0,0,0,0,0
RPSAP63,0,0,0,0,0,0
RPSAP64,0,0,0,0,0,0
RPSAP65,0,0,0,0,0,0
RPSAP7,0,0,0,0,0,0
RPSAP70,0,0,0,0,1,1
RPSAP71,0,0,0,0,0,0
RPSAP72,0,0,0,0,0,0
RPSAP73,0,0,0,0,0,0
RPSAP74,0,0,0,0,0,0
RPSAP8,0,0,0,0,0,0
RPTN,0,0,0,0,0,0
RPTOR,98,50,486,131,530,629
RPUSD1,7,5,119,3,48,61
RPUSD2,59,32,213,38,116,146
RPUSD3,130,74,475,80,259,245
RPUSD4,437,201,1265,276,665,718
RRAD,0,0,1,0,0,0
RRAGA,228,137,631,335,816,831
RRAGAP1,0,0,0,0,0,0
RRAGB,513,211,1228,759,886,949
RRAGC,220,86,391,220,224,208
RRAGC-DT,5,0,37,11,10,20
RRAGD,313,159,596,169,167,161
RRAS,17,15,163,23,220,223
RRAS2,155,133,383,671,645,614
RRBP1,1295,512,6471,2648,9601,10556
RRBP1P1,0,0,0,0,0,0
RREB1,613,336,1213,395,674,790
RRH,1,0,3,7,2,10
RRM1,858,423,1737,2924,3201,3192
RRM2,432,203,747,2791,3091,2602
RRM2B,675,451,1564,3404,2814,3345
RRM2P2,0,0,0,0,0,0
RRM2P4,0,0,0,0,0,0
RRN3,984,578,2281,1554,1661,1719
RRN3P2,0,0,0,1,1,1
RRN3P4,0,0,0,0,0,0
RRP1,67,18,401,82,441,411
RRP12,255,100,1384,440,1487,1734
RRP15,808,584,1379,1089,912,971
RRP1B,544,226,1303,1022,1264,1311
RRP36,258,172,710,1019,1463,1357
RRP7A,120,74,743,211,1027,1149
RRP8,205,165,382,413,430,501
RRP9,35,11,254,13,76,68
RRS1,232,122,940,213,528,506
RRS1-DT,24,1,28,45,33,71
RS1,0,0,0,0,0,0
RSAD1,362,207,1281,364,737,835
RSAD2,0,0,6,54,29,27
RSBN1,326,202,479,427,305,368
RSBN1L,1323,694,2163,855,803,853
RSC1A1,0,0,0,0,0,0
RSF1,1385,798,2387,3827,2745,3740
RSKR,272,57,288,245,257,258
RSL1D1,3524,1986,8266,3669,4875,4718
RSL24D1,4340,3265,5959,2649,2470,2521
RSL24D1P3,0,0,0,0,0,0
RSPH1,98,32,288,171,331,352
RSPH1-DT,0,0,0,0,1,0
RSPH10B,0,0,0,0,1,2
RSPH10B2,0,0,0,0,3,1
RSPH14,0,0,3,1,1,0
RSPH3,512,285,1015,1120,1140,1308
RSPH4A,27,23,64,49,71,80
RSPH6A,0,0,0,0,1,0
RSPH9,0,0,0,0,1,0
RSPO1,0,0,0,0,0,0
RSPO2,0,2,0,0,0,0
RSPO3,0,0,0,0,0,0
RSPO4,0,0,0,1,1,0
RSPRY1,501,237,945,440,626,635
RSRC1,619,402,1671,983,1498,1604
RSRC2,1219,524,2536,3655,4011,4486
RSRP1,590,220,1039,1607,1461,1604
RSU1,493,242,990,1313,2282,2582
RSU1P3,0,0,0,0,0,0
RTBDN,15,10,73,3,19,20
RTCA,123,166,366,300,374,337
RTCB,948,545,1899,1972,2989,2912
RTEL1,10,0,55,9,49,80
RTEL1-TNFRSF6B,7,0,29,3,24,44
RTEL1P1,0,0,0,1,0,0
RTF1,1261,683,2384,2075,2566,2964
RTF2,1322,852,4868,2368,5004,4931
RTKN,100,102,462,166,447,434
RTKN2,302,107,521,812,546,664
RTL1,0,0,0,0,0,0
RTL10,319,197,891,536,1048,1326
RTL3,0,0,0,0,0,0
RTL4,0,0,0,0,0,0
RTL5,3,2,15,335,739,726
RTL6,278,168,908,588,1216,1413
RTL8A,75,65,579,42,363,340
RTL8B,30,9,91,181,297,276
RTL8C,36,8,227,66,291,344
RTL9,0,0,0,0,1,0
RTN1,10,6,22,53,93,85
RTN2,10,3,208,26,198,227
RTN3,3983,2259,7311,9397,9633,10561
RTN4,1318,663,2039,4263,4250,4339
RTN4IP1,105,85,187,219,256,234
RTN4R,0,4,6,1,6,6
RTN4RL1,51,18,409,26,175,144
RTN4RL2,11,7,110,10,48,24
RTP1,212,93,321,109,123,149
RTP2,0,0,0,0,0,0
RTP3,0,0,0,0,0,0
RTP4,1,0,0,2,1,1
RTP5,0,0,0,0,0,0
RTRAF,1101,726,3475,1841,3105,3165
RTTN,167,66,226,316,321,293
RUBCN,750,395,1836,894,1863,2178
RUBCNL,0,0,0,2,3,2
RUFY1,591,277,1358,608,862,917
RUFY1-AS1,0,0,6,2,2,1
RUFY2,849,464,1385,1704,1388,1730
RUFY3,550,217,791,869,695,810
RUFY4,0,0,0,0,1,1
RUNDC1,271,177,787,415,703,794
RUNDC3A,0,0,2,3,6,8
RUNDC3B,12,10,20,111,99,97
RUNX1,986,488,1501,60,61,57
RUNX1-AS1,4,0,0,0,0,0
RUNX1T1,38,7,53,3,6,2
RUNX2,414,166,591,870,754,955
RUNX3,0,0,0,0,0,0
RUSC1,95,69,570,194,679,787
RUSC1-AS1,94,37,191,83,151,182
RUSC2,91,37,481,29,152,160
RUSF1,444,198,2783,220,1463,1550
RUSF1-DT,0,0,13,2,0,3
RUVBL1,679,390,1614,740,1288,1191
RUVBL1-AS1,0,0,0,0,0,0
RUVBL2,91,26,980,77,809,783
RUVBL2P1,0,0,0,0,0,0
RWDD1,246,212,663,969,1093,1027
RWDD2A,119,123,274,373,399,446
RWDD2B,484,350,1058,1125,1251,1292
RWDD3,64,65,177,145,150,233
RWDD3-DT,5,6,18,7,3,9
RWDD4,241,118,370,348,314,331
RXFP1,0,0,0,0,0,0
RXFP2,0,0,0,0,0,0
RXFP3,0,0,0,0,0,0
RXFP4,0,0,0,3,0,3
RXRA,461,347,2642,558,1812,2432
RXRB,557,302,1797,753,2168,2253
RXRG,1,0,4,1,1,1
RXYLT1,258,137,562,502,589,521
RXYLT1-AS1,0,0,0,0,0,0
RYBP,1262,590,1838,1351,1276,1475
RYK,1563,693,2802,2191,2201,2332
RYR1,0,0,7,2,17,29
RYR2,35,2,34,49,47,79
RYR3,0,0,0,1,0,1
RYR3-DT,0,0,0,0,0,0
S100A1,48,17,391,213,1899,2108
S100A10,1405,904,3335,3600,5378,4721
S100A11,1528,864,6094,2684,8424,7908
S100A11P5,0,0,0,0,0,0
S100A11P9,0,0,0,0,0,0
S100A12,0,0,0,0,0,0
S100A13,25.5,27.5,80,54.5,175,179.5
S100A14,2,2,54,447,1537,1544
S100A15A,0,0,0,0,0,0
S100A16,318,165,2131,531,2766,2570
S100A2,3,0,7,18,48,59
S100A3,2,0,2,0,1,0
S100A4,8,1,40,94,288,330
S100A5,0,0,0,0,0,0
S100A6,145,94,849,506,2325,2596
S100A7,0,0,0,0,0,0
S100A7A,0,0,0,0,0,0
S100A7P1,0,0,0,0,0,0
S100A8,0,8,0,10,18,12
S100A9,22,19,47,45,87,81
S100B,0,0,0,0,0,0
S100G,0,0,0,0,0,0
S100P,3,0,18,3,2,7
S100PBP,581,201,865,801,692,824
S100Z,0,0,0,0,0,0
S1PR1,0,0,0,0,0,1
S1PR2,22,3,104,28,112,97
S1PR3,25,13,94,86,129,152
S1PR4,0,0,0,0,0,0
S1PR5,68,35,179,172,326,293
SAA1,0,0,0,4,12,4
SAA2,0,0,0,0,0,0
SAA2-SAA4,0,0,0,0,0,0
SAA4,0,0,0,0,0,0
SAAL1,105,47,304,227,338,355
SAC3D1,9,1,116,15,51,47
SACM1L,1121,530,1666,1791,1498,1847
SACS,85,31,88,477,306,381
SACS-AS1,0,0,0,0,0,0
SAE1,1080,581,3065,2096,3311,3155
SAFB,633,343,1354,1278,1672,1791
SAFB2,414,163,939,901,1226,1401
SAG,0,0,0,0,0,0
SAGE1,0,0,0,0,0,0
SALL1,0,0,0,0,0,0
SALL2,82,44,295,228,624,802
SALL3,0,0,2,0,0,0
SALL4,0,0,0,0,0,0
SALL4P1,0,0,0,0,0,0
SALL4P3,0,0,0,0,0,0
SALL4P4,0,0,0,0,0,0
SALL4P5,0,0,0,0,0,0
SALRNA2,0,0,0,0,0,0
SALRNA3,0,0,0,0,0,0
SAMD1,63,46,364,41,190,173
SAMD10,30,1,207,26,153,185
SAMD11,22,4,234,24,105,105
SAMD11P1,0,0,0,0,0,0
SAMD12,36,15,46,231,142,256
SAMD13,33,26,58,13,29,25
SAMD14,0,0,1,0,12,10
SAMD15,164,49,296,195,191,161
SAMD3,0,0,0,0,0,0
SAMD4A,748,265,1300,1850,2235,2750
SAMD4B,602,268,1352,598,1453,1527
SAMD5,1,0,2,1,2,1
SAMD7,0,0,1,3,0,0
SAMD8,574,285,886,2180,1796,2342
SAMD9,39,10,54,229,118,98
SAMD9L,19,4,30,120,76,73
SAMHD1,493,274,873,969,1305,1239
SAMM50,330,185,809,855,1211,1167
SAMM50P1,0,0,0,0,0,0
SAMMSON,0,0,0,0,0,0
SAMSN1,0,0,0,8,0,7
SAMSN1-AS1,0,0,0,0,0,0
SAMTOR,92,51,165,262,208,286
SANBR,178,105,306,364,301,349
SAP130,397,238,693,345,673,639
SAP18,1476,628,3998,1890,4864,4942
SAP18P1,0,0,0,0,0,0
SAP18P3,0,0,0,0,0,0
SAP25,0,0,0,0,0,0
SAP30,46,59,297,59,119,101
SAP30-DT,14,1,34,7,17,12
SAP30BP,451,187,1754,886,2327,2352
SAP30BP-AS1,0,0,0,0,0,0
SAP30L,496,258,854,1493,1354,1693
SAP30L-AS1,25,0,47,64,67,85
SAPCD1,11,1,24,53,60,64
SAPCD2,100,85,672,110,563,651
SAPCD2P2,0,0,0,0,0,0
SAPCD2P4,0,0,1,0,0,0
SAR1A,2375,1446,3660,3862,4123,4189
SAR1B,1256,746,2527,1903,2013,2293
SARAF,2891,1487,5737,4141,4994,4696
SARDH,5,0,31,10,61,70
SARM1,21,4,25,5,9,15
SARNP,11,4,8,16,15,18
SARS1,2429,1334,10037,1419,3735,3581
SARS2,3,12,58,14,106,109
SART1,108,38,1212,83,781,777
SART3,571,286,2340,1030,2489,2912
SASH1,390,176,881,248,415,532
SASH3,0,0,0,0,0,0
SASS6,248,158,538,458,398,522
SAT1,523,255,1069,3471,4515,4809
SAT2,174,60,1173,97,368,374
SATB1,7119,3976,13700,4160,4740,5561
SATB2,205,95,233,116,135,181
SATB2-AS1,49,61,148,41,46,44
SATL1,0,0,4,3,2,1
SAV1,521,312,1110,712,670,754
SAXO1,0,0,1,1,2,7
SAXO2,75,55,164,87,95,118
SAXO3,4,3,17,1,5,4
SAXO4,21,5,42,22,50,61
SAXO5,8,3,26,4,11,16
SAYSD1,116,42,209,363,392,441
SBDS,1326,828,2923,1545,1647,1602
SBF1,76,29,818,76,760,952
SBF1P1,0,0,0,0,0,0
SBF1P2,0,0,0,0,1,0
SBF2,582,270,751,690,526,741
SBF2-AS1,195,116,360,75,101,130
SBK1,20,3,120,20,91,108
SBK2,0,0,0,0,0,0
SBK3,0,0,0,0,0,0
SBNO1,1638,999,2839,3501,2828,3326
SBNO1-AS1,18,8,92,4,36,36
SBNO2,63,14,783,32,499,523
SBSN,1,3,6,0,6,6
SBSPON,0,0,0,0,0,0
SC5D,1585,1115,3087,5547,4592,5389
SCAANT1,0,0,0,0,0,0
SCAF1,82,23,872,147,925,957
SCAF11,2274,1246,3919,4449,3524,4006
SCAF4,421,173,665,755,967,1067
SCAF8,1161,634,1821,2361,1956,2284
SCAI,537,224,750,619,470,616
SCAMP1,2066,1303,3842,3219,2695,3185
SCAMP1-AS1,53,30,251,83,153,190
SCAMP2,433,215,2382,361,1979,2082
SCAMP3,331,113,2003,239,1121,1195
SCAMP4,297,115,1088,380,1333,1230
SCAMP5,47,28,150,146,472,528
SCAND1,8,1,221,1,89,84
SCAND3,0,0,0,0,0,0
SCAND3P1,0,0,0,0,2,2
SCAP,445,208,1580,216,887,845
SCAPER,339,139,593,420,321,421
SCARA3,238,207,1062,419,1726,1763
SCARA5,0,0,0,0,0,0
SCARB1,259,116,864,1998,8046,8831
SCARB2,3343,1716,5948,8825,7549,8732
SCARF1,9,3,31,3,16,30
SCARF2,0,0,7,0,8,4
SCARNA1,0,8,6,4,3,1
SCARNA10,0,0,0,0,0,0
SCARNA11,0,0,0,1,0,1
SCARNA12,0,0,0,0,0,0
SCARNA13,0,0,0,0,0,0
SCARNA14,0,0,0,0,1,0
SCARNA15,0,0,0,0,0,0
SCARNA16,0,0,0,0,0,0
SCARNA17,4,0,7,2,14,5
SCARNA18,0,0,0,3,0,4
SCARNA18B,0,0,0,0,0,1
SCARNA2,0,0,0,0,0,0
SCARNA20,0,0,1,0,0,0
SCARNA21,9,2,95,5,58,92
SCARNA21B,0,0,0,0,0,0
SCARNA22,0,0,0,0,0,0
SCARNA23,0,0,0,1,0,0
SCARNA3,2,0,0,7,2,2
SCARNA4,0,0,0,0,0,0
SCARNA5,8,4,13,7,9,7
SCARNA6,0,0,3,0,4,5
SCARNA7,325,294,662,448,450,442
SCARNA8,0,0,1,5,2,2
SCARNA9,19,2,65,50,26,25
SCART1,70,14,184,90,202,227
SCAT1,0,0,0,0,0,0
SCAT2,0,0,0,0,0,0
SCAT8,0,0,0,1,2,5
SCCPDH,145,53,316,657,615,556
SCD,7297,3702,13455,70488,70723,87751
SCD5,2,0,7,110,224,285
SCEL,1,0,3,11,8,6
SCEL-AS1,0,0,0,0,0,0
SCFD1,1490,977,2525,1276,1313,1292
SCFD2,118,69,233,210,280,282
SCG2,0,0,0,2,1,1
SCG3,0,0,0,0,0,0
SCG5,0,0,3,0,2,2
SCG5-AS1,0,0,0,0,0,0
SCGB1A1,0,0,0,0,0,0
SCGB1C1,0,0,0,0,0,0
SCGB1C2,0,0,0,0,0,0
SCGB1D1,0,0,0,0,0,0
SCGB1D2,0,0,1,6,22,30
SCGB1D4,0,0,0,0,0,0
SCGB1D5P,0,0,0,0,0,0
SCGB2A1,0,0,0,0,4,5
SCGB2A2,0,0,4,127,241,448
SCGB2B2,6,0,6,4,4,8
SCGB3A1,0,0,0,0,0,0
SCGB3A2,0,0,0,0,0,0
SCGN,0,0,0,0,0,0
SCHIP1,1,0,0,74,55,69
SCHLAP1,0,0,0,0,0,0
SCIMP,0,0,0,0,0,0
SCIN,1122,572,2187,1871,1872,2060
SCIRT,1,0,0,0,0,1
SCLT1,94,35,192,214,160,176
SCLY,3,23,24,17,8,23
SCMH1,590,262,1125,389,711,758
SCMH1-DT,3,0,3,4,5,6
SCML1,420,216,600,1038,817,1162
SCML2,216,124,408,419,316,403
SCML2P1,0,0,0,0,0,0
SCML4,0,0,0,1,0,0
SCN10A,0,0,0,0,0,0
SCN11A,0,0,0,3,1,3
SCN1A,0,0,0,67,38,64
SCN1A-AS1,0,0,0,0,0,0
SCN1B,37,10,96,53,131,127
SCN2A,0,0,0,0,0,1
SCN2B,0,0,0,1,0,0
SCN3A,0,0,0,0,0,0
SCN3B,0,0,0,0,0,0
SCN4A,1,0,6,0,0,3
SCN4B,0,0,2,0,7,6
SCN5A,0,0,0,1,1,0
SCN7A,0,0,0,0,1,0
SCN8A,2,5,7,158,141,164
SCN9A,0,0,1,14,2,7
SCNM1,267,210,1048,273,590,645
SCNN1A,404,228,1494,1462,3590,4529
SCNN1B,106,53,365,23,79,60
SCNN1D,50,12,125,101,195,239
SCNN1G,18,0,34,12,46,25
SCO1,603,282,1112,935,1010,1034
SCO2,4,0,57,1,36,43
SCOC,960,467,2074,2151,2136,2487
SCOC-AS1,5,0,20,25,25,20
SCP2,1777,1071,3206,4430,4028,4190
SCP2D1,0,0,0,0,0,0
SCPEP1,470,394,1104,1011,1532,1702
SCPPPQ1,0,0,0,0,0,0
SCRG1,0,0,0,1,1,0
SCRIB,91,45,1036,112,771,889
SCRN1,3430,1892,5753,3917,4129,4943
SCRN2,50,26,692,62,397,458
SCRN3,446,219,786,893,855,911
SCRT1,0,0,0,0,0,0
SCRT2,0,0,0,0,0,0
SCT,0,0,0,0,0,0
SCTR,0,0,0,0,0,1
SCTR-AS1,0,0,0,1,0,0
SCUBE1,0,0,0,5,23,15
SCUBE1-AS1,0,0,0,0,0,0
SCUBE1-AS2,0,0,0,0,0,0
SCUBE2,847,435,1977,1347,3163,3047
SCUBE3,21,5,23,515,827,907
SCX,1,0,8,0,5,4
SCYGR1,0,0,0,0,0,0
SCYGR10,0,0,0,0,0,0
SCYGR2,0,0,0,0,0,0
SCYGR3,0,0,0,0,0,0
SCYGR4,0,0,0,0,0,0
SCYGR5,0,0,0,0,0,0
SCYGR6,0,0,0,0,0,0
SCYGR7,0,0,0,0,0,0
SCYGR8,0,0,0,0,0,0
SCYGR9,0,0,0,0,0,0
SCYL1,256,119,2377,176,1412,1685
SCYL2,2482,1303,3755,5692,4392,5422
SCYL2P1,5,0,2,1,1,0
SCYL3,313,123,677,532,487,538
SDAD1,740,520,1349,840,838,882
SDAD1-AS1,0,0,0,0,0,0
SDAD1P3,0,0,0,0,0,0
SDAD1P4,0,0,0,0,0,0
SDC1,97,39,439,569,1510,1464
SDC2,2333,1450,4714,4725,5040,5054
SDC3,145,106,334,417,972,1118
SDC4,2285,1293,4489,2559,3171,3417
SDCBP,487,371,863,5751,5448,6097
SDCBP2,2,0,9,1,6,9
SDCBP2-AS1,71,28,113,84,108,147
SDCBP2P1,0,0,0,0,0,0
SDCBPP1,0,0,0,0,0,0
SDCBPP3,0,0,0,0,0,0
SDCCAG8,352,195,705,597,691,736
SDE2,496,279,992,754,747,1009
SDF2,248,143,1119,493,1483,1536
SDF2L1,89,136,382,3,45,53
SDF4,193,103,2893,192,2357,2532
SDHA,75,73,151,78,123,174
SDHAF1,25,20,74,20,65,48
SDHAF2,23,5,67,33,45,78
SDHAF3,0,0,0,0,0,0
SDHAF4,154,136,346,201,348,378
SDHAP2,254,110,452,619,794,877
SDHB,398,323,1147,303,665,658
SDHBP1,0,0,0,0,0,0
SDHC,2224,1244,4744,3179,4351,5033
SDHD,657,396,1295,592,702,663
SDK1,0,0,0,0,0,0
SDK2,0,0,1,7,11,32
SDR16C5,40,15,100,16,15,13
SDR39U1,47,22,191,72,226,252
SDR42E1,0,0,0,1,1,2
SDR42E1P2,0,0,0,0,0,0
SDR42E1P3,0,0,0,0,0,0
SDR42E1P4,0,0,0,0,0,0
SDR42E1P5,0,0,0,0,0,0
SDR42E2,0,0,1,3,1,3
SDR9C7,1,0,1,1,8,14
SDS,0,0,0,0,0,0
SDSL,9,14,228,13,237,203
SEBOX,0,0,0,0,0,0
SEC11A,2045,1502,4384,2885,3596,3535
SEC11C,529,209,1455,443,685,695
SEC13,453,293,3028,446,1955,2099
SEC14L1,705,302,1293,1257,1697,2280
SEC14L1P1,11,18,24,16,23,23
SEC14L2,174,80,517,91,234,239
SEC14L3,0,0,0,0,0,0
SEC14L4,0,0,0,0,0,0
SEC14L5,56,7,138,69,182,232
SEC14L6,12,1,18,0,1,0
SEC16A,1956,710,6164,1584,4053,4563
SEC16B,1,0,1,1,1,1
SEC22A,230,98,371,219,233,211
SEC22B,1213,609,3325,2082,2493,2872
SEC22C,1130,549,2227,1727,1903,2230
SEC23A,788,448,1271,2252,2097,2401
SEC23A-AS1,0,0,2,0,1,0
SEC23B,1799,982,3665,1908,2575,2767
SEC23IP,772,497,1459,2075,2183,2433
SEC24A,1029,485,1650,1627,1451,1676
SEC24AP1,0,0,0,0,0,0
SEC24B,733,459,1067,928,752,906
SEC24B-AS1,32,15,36,21,28,38
SEC24C,3460,1899,8375,7415,12527,14624
SEC24D,866,458,1751,690,921,985
SEC31A,3494,1754,5242,3288,3675,4059
SEC31B,517,87,673,400,646,649
SEC61A1,3687,1854,8419,5245,9209,9769
SEC61A2,98,49,164,600,496,604
SEC61B,131,25,781,122,516,524
SEC61G,859,519,1504,1646,1630,1605
SEC61G-DT,0,0,3,0,1,2
SEC62,9182,4906,20046,31498,24886,30184
SEC63,4615,2281,7664,8898,7549,8283
SEC63P1,5,3,0,7,3,2
SEC63P2,0,0,0,0,0,0
SECISBP2,990,493,1610,628,668,750
SECISBP2L,1202,716,1676,1923,1413,1808
SECTM1,43,20,330,10,84,87
SEH1L,597,363,1121,669,750,757
SEL1L,13518,6539,21571,11835,8168,10859
SEL1L2,0,0,0,0,0,1
SEL1L3,11,14,28,473,543,628
SELE,0,0,0,0,0,0
SELENBP1,782,380,2640,1243,4740,5097
SELENOF,785,510,1654,1141,1730,1734
SELENOH,27,0,125,23,92,82
SELENOI,635,311,1046,2219,1560,2203
SELENOK,517,278,1119,234,339,322
SELENOM,34,39,111,91,380,338
SELENON,243,110,795,302,1571,1673
SELENOO,25,0,73,76,177,153
SELENOP,2063,1186,3516,4851,6263,6614
SELENOS,443,329,1305,273,494,406
SELENOT,1529,888,3003,2454,2788,3035
SELENOTP2,0,0,0,0,0,0
SELENOV,0,0,0,5,3,3
SELENOW,101,50,314,405,1154,1144
SELL,0,0,1,1,0,1
SELP,0,0,0,0,0,0
SELPLG,0,0,0,0,0,0
SEM1,884,520,1846,2827,3352,3052
SEMA3A,35,7,46,18,12,21
SEMA3B,15,0,75,15,53,56
SEMA3C,2210,1204,3955,4105,3909,4726
SEMA3D,23,6,57,57,38,60
SEMA3E,63,22,130,154,168,179
SEMA3F,107,30,845,233,2120,2361
SEMA3F-AS1,3,0,5,2,8,23
SEMA3G,78,28,357,3,12,7
SEMA4A,191,88,697,175,505,541
SEMA4B,75,36,546,127,593,691
SEMA4C,68,52,297,46,309,338
SEMA4D,116,73,350,212,449,453
SEMA4F,67,42,180,196,364,423
SEMA4G,106,36,324,499,1624,2022
SEMA5A,0,0,0,0,0,0
SEMA5A-AS1,0,0,0,0,0,0
SEMA5B,0,0,0,0,0,0
SEMA6A,310,209,520,14,17,18
SEMA6A-AS1,20,8,39,9,23,24
SEMA6A-AS2,3,0,3,0,0,0
SEMA6B,10,3,64,10,53,98
SEMA6C,20,4,79,34,165,143
SEMA6D,10,17,18,92,74,102
SEMA7A,4,1,26,18,80,66
SEMG1,0,0,0,0,0,0
SEMG2,0,0,0,1,0,0
SENCR,0,0,0,0,0,0
SENP1,743,477,1090,1142,988,1231
SENP2,2662,1342,5618,6095,6112,7113
SENP3,13,15,142,32,104,130
SENP5,1833,1109,2751,3067,2637,3214
SENP6,1466,744,2448,2535,2025,2330
SENP7,747,313,1147,820,568,712
SENP8,164,61,273,109,139,156
SEPHS1,909,536,1585,2262,3090,3280
SEPHS1P2,0,0,0,0,0,0
SEPHS1P6,0,10,1,0,0,0
SEPHS2,2695,1859,7066,2286,3810,3706
SEPSECS,307,112,398,321,261,306
SEPT5-GP1BB,61,25,102,32,121,110
SEPTIN1,5,0,29,2,16,17
SEPTIN10,485,220,927,2126,1794,2185
SEPTIN11,2017,1064,2660,3872,3285,3880
SEPTIN12,0,0,1,0,1,0
SEPTIN14,0,0,0,0,1,0
SEPTIN14P23,0,0,0,0,0,0
SEPTIN2,3230,1650,6235,8023,9123,10826
SEPTIN2P1,0,0,0,0,0,1
SEPTIN3,211,124,319,479,624,636
SEPTIN4,8,36,46,8,8,13
SEPTIN4-AS1,20,0,41,6,7,12
SEPTIN5,4,0,31,2,12,33
SEPTIN6,301,163,578,613,977,1109
SEPTIN7,3061,2157,5601,7794,6570,6982
SEPTIN7P1,0,0,0,0,0,0
SEPTIN7P10,0,0,0,0,0,0
SEPTIN7P12,0,0,0,0,0,0
SEPTIN7P15,0,0,0,0,0,0
SEPTIN7P3,0,0,0,1,0,0
SEPTIN7P4,0,0,0,0,0,0
SEPTIN7P5,0,0,0,0,0,0
SEPTIN7P6,0,0,0,0,0,0
SEPTIN7P7,0,0,1,1,0,1
SEPTIN7P8,0,0,0,0,0,0
SEPTIN8,1129,505,2867,1337,2417,2511
SEPTIN9,1084,676,5100,892,3661,3883
SEPTIN9-DT,0,0,0,0,0,0
SERAC1,159,45,257,287,298,332
SERBP1,2425,1459,5595,6313,7940,8280
SERBP1P2,0,0,0,0,0,0
SERBP1P4,0,0,0,1,3,1
SERF1A,13.5,6,24.5,3.5,10,13.5
SERF1AP1,0,0,0,0,0,0
SERF2,1384,704,10346,1630,9252,9057
SERGEF,30,21,66,55,72,72
SERHL2,3,1,5,21,72,76
SERINC1,2485,1327,4317,5107,5465,6245
SERINC2,255,109,2341,289,2621,3006
SERINC3,4523,2312,8743,6372,6597,7740
SERINC4,5,0,21,4,11,5
SERINC5,533,241,1138,1119,1191,1573
SERP1,4762,2965,8515,4195,3880,4051
SERP2,0,0,0,0,0,0
SERPINA1,1216,682,4129,198,748,631
SERPINA10,15,2,24,9,2,11
SERPINA11,3,0,6,0,8,4
SERPINA12,0,0,0,0,0,0
SERPINA2,0,0,0,1,1,0
SERPINA3,0,0,4,3,9,5
SERPINA4,0,0,10,0,1,0
SERPINA5,4,0,8,2,2,5
SERPINA6,3249,2053,10573,2680,8306,9254
SERPINA7,0,0,0,0,0,0
SERPINA7P1,0,0,0,0,0,0
SERPINA9,0,0,0,0,0,0
SERPINB1,92,61,256,92,84,107
SERPINB10,0,0,0,0,0,0
SERPINB11,0,0,0,0,0,0
SERPINB12,0,0,0,0,0,0
SERPINB13,0,0,0,2,2,1
SERPINB2,0,0,0,0,0,0
SERPINB3,0,0,0,0,0,0
SERPINB4,0,0,0,0,0,0
SERPINB5,0,0,1,419,389,446
SERPINB6,946,448,1966,913,1214,1123
SERPINB7,0,0,0,1,0,0
SERPINB8,24,6,42,23,28,23
SERPINB8P1,0,0,0,0,0,0
SERPINB9,0,0,0,0,0,0
SERPINC1,0,0,0,0,0,0
SERPIND1,0,0,0,0,0,0
SERPINE1,0,0,0,2,4,3
SERPINE2,9,13,13,14,40,20
SERPINE3,0,0,0,0,0,0
SERPINF1,31,8,45,50,120,117
SERPINF2,1,0,2,1,0,3
SERPING1,0,0,8,30,54,62
SERPINH1,1255,647,3988,2042,6707,6717
SERPINI1,349,143,644,662,782,823
SERPINI2,0,0,0,0,0,0
SERTAD1,15,16,108,23,98,116
SERTAD2,479,268,667,551,504,625
SERTAD3,171,94,605,324,588,527
SERTAD4,2236,1377,3224,1045,916,1020
SERTM1,0,0,0,0,0,0
SERTM2,0,0,0,0,0,0
SESN1,87,58,155,276,287,286
SESN2,158,115,730,147,499,524
SESN3,0,0,0,0,0,0
SESTD1,221,81,306,338,287,295
SET,12283,8944,24577,14130,13626,14447
SETBP1,127,83,218,99,103,154
SETBP1-DT,10,0,10,12,7,10
SETD1A,112,31,733,120,742,841
SETD1B,188,102,728,331,911,1134
SETD2,1730,858,2453,1823,1525,1696
SETD3,1059,709,2213,1250,1595,1743
SETD4,187,87,549,431,553,687
SETD5,3131,1459,4751,3833,4041,4862
SETD6,293,130,467,285,234,274
SETD7,2180,1134,4051,2994,2886,3574
SETD9,119,95,264,216,240,259
SETDB1,1487,740,2659,1621,1861,2048
SETDB2,261,89,365,349,295,335
SETMAR,137,55,189,140,172,184
SETP11,0,0,0,0,0,0
SETP6,0,0,0,0,0,0
SETSIP,3,2,2,4,0,0
SETX,4765,2183,6545,3852,2772,3633
SEZ6,0,0,0,0,0,2
SEZ6L,0,0,0,0,1,0
SEZ6L2,447,243,2329,640,2167,2339
SF1,2290,1135,5231,2994,4556,4716
SF3A1,738,424,1950,999,1900,1957
SF3A2,96,12,777,72,715,693
SF3A2P1,0,0,0,0,0,0
SF3A3,1219,660,2758,1828,2518,2557
SF3A3P1,0,0,0,0,0,0
SF3B1,4724,2170,6748,9650,7126,8796
SF3B2,1952,943,6991,2815,7407,7512
SF3B3,1700,847,2687,5269,6710,7185
SF3B4,824,598,3166,1128,2774,2877
SF3B4P1,0,2,1,0,0,0
SF3B5,76,53,1020,86,1075,994
SF3B6,767,511,2283,1130,2431,2415
SFI1,394,185,904,1526,2190,2480
SFMBT1,235,83,359,157,139,181
SFMBT2,127,33,204,99,143,116
SFN,15,9,277,42,913,1007
SFPQ,4570,2126,7573,10091,8647,9629
SFR1,84,69,171,97,99,95
SFRP1,0,0,0,0,0,0
SFRP2,0,0,0,0,1,0
SFRP4,0,0,0,0,0,0
SFRP5,0,0,0,0,0,0
SFSWAP,650,214,1279,956,1380,1552
SFT2D1,129,37,262,364,389,412
SFT2D2,1751,782,2340,3416,3181,3579
SFT2D3,166,71,343,164,185,168
SFTA1P,0,0,0,0,0,0
SFTA2,0,0,0,0,0,0
SFTA3,0,0,0,0,0,0
SFTPA1,0,0,0,0,0,0
SFTPA2,1,0,4,17,40,46
SFTPB,0,0,0,0,0,0
SFTPC,0,0,0,0,0,0
SFTPD,3,0,9,4,1,6
SFXN1,309,172,848,1064,1083,1178
SFXN2,3441,1833,8219,1229,2679,2564
SFXN3,737,365,1470,830,1877,1817
SFXN4,194,74,616,166,385,321
SFXN4P1,0,0,0,0,0,0
SFXN5,17,0,79,53,183,204
SGCA,0,0,0,0,1,0
SGCB,205,87,488,387,429,447
SGCD,0,0,0,0,0,0
SGCE,358,224,787,609,722,814
SGCG,0,0,0,0,1,0
SGCZ,104,48,127,1,1,0
SGF29,55,32,665,15,167,173
SGIP1,0,0,0,1,0,0
SGK1,15,0,16,14,10,19
SGK2,4,0,10,3,10,7
SGK3,450,212,868,105,106,115
SGMS1,407,289,744,2200,2232,2530
SGMS2,2237,1083,3429,1652,1282,1545
SGO1,151,115,285,242,248,243
SGO1-AS1,2,0,0,2,2,1
SGO1P1,0,0,0,0,0,0
SGO2,315,145,570,498,461,447
SGPL1,1205,781,2105,1598,1861,2108
SGPP1,405,137,789,1296,1125,1260
SGPP2,4,0,2,3,9,6
SGSH,112,45,605,169,833,1001
SGSM1,0,0,1,1,3,3
SGSM2,275,95,1500,385,1641,1974
SGSM3,4,1,28,7,57,62
SGTA,146,94,1206,227,1163,1225
SGTB,166,108,258,289,223,270
SH2B1,193,72,1118,259,932,1134
SH2B2,4,0,7,2,8,14
SH2B3,29,34,72,57,67,110
SH2D1A,0,0,0,0,0,0
SH2D1B,0,0,0,0,0,0
SH2D2A,0,0,2,0,4,1
SH2D3A,142,48,370,210,436,479
SH2D3C,0,0,0,1,0,4
SH2D4A,209,73,481,461,573,654
SH2D4B,2,0,0,1,0,3
SH2D5,1,0,0,0,1,4
SH2D6,0,0,4,0,1,0
SH2D7,0,0,0,0,1,0
SH3BGR,60,17,501,37,182,252
SH3BGRL,862,578,1662,4561,4620,5278
SH3BGRL2,11,0,9,79,88,103
SH3BGRL3,69,23,273,75,301,305
SH3BP1,6,4,14,15,72,70
SH3BP2,405,124,1244,655,1317,1743
SH3BP4,514,245,1393,518,1266,1578
SH3BP5,581,305,1141,957,1174,1276
SH3BP5-AS1,180,74,166,171,154,159
SH3BP5L,170,81,987,126,611,682
SH3D19,307,109,522,613,631,646
SH3D21,56,0,134,65,228,220
SH3GL1,82,21,728,93,720,755
SH3GL2,0,0,0,0,0,0
SH3GL3,1,0,0,0,3,3
SH3GLB1,1070,520,1791,2171,1785,2038
SH3GLB2,651,207,3830,415,2414,2568
SH3KBP1,4,2,10,258,456,438
SH3PXD2A,4,16,8,116,182,231
SH3PXD2A-AS1,0,0,0,0,0,0
SH3PXD2B,35,9,99,131,299,312
SH3RF1,279,156,512,321,360,391
SH3RF2,541,180,1131,60,90,107
SH3RF3,0,0,0,9,5,11
SH3TC1,0,0,0,0,0,0
SH3TC2,5,0,19,6,13,13
SH3TC2-DT,0,0,2,2,5,4
SH3YL1,1205,728,4004,1028,1761,1932
SHANK1,0,0,0,3,10,7
SHANK2,1353,629,2735,976,1512,1804
SHANK2-AS1,0,0,0,0,0,0
SHANK2-AS3,0,0,0,0,0,0
SHANK3,0,0,4,12,36,57
SHARPIN,40,24,567,51,408,467
SHB,62,50,230,73,191,217
SHBG,2,0,7,1,2,6
SHC1,1074,485,4934,3002,10417,12596
SHC2,5,4,88,23,186,195
SHC3,16,0,11,6,1,13
SHC4,1,0,0,1,0,2
SHCBP1,92,38,283,661,732,657
SHCBP1L,0,0,0,0,0,0
SHD,0,0,0,0,0,1
SHE,0,0,0,0,0,1
SHF,8,0,31,4,12,15
SHFL,37,11,59,35,73,79
SHH,0,0,0,1,0,0
SHISA2,535,329,1249,542,816,750
SHISA3,0,0,0,0,0,0
SHISA4,54,5,251,68,356,363
SHISA5,265,149,1696,242,1457,1425
SHISA6,0,0,0,0,0,0
SHISA7,0,0,0,1,0,0
SHISA8,0,0,0,0,3,1
SHISA9,6,3,13,11,4,6
SHISAL1,0,0,0,2,5,4
SHISAL2A,0,0,0,0,0,0
SHISAL2B,0,0,0,0,0,0
SHKBP1,125,84,712,176,693,772
SHLD1,19,1,47,24,56,44
SHLD2,1984,1185,3697,4584,3490,4095
SHLD2P1,13,18,19,36,17,40
SHLD3,39,17,67,44,29,30
SHMT1,342,212,1414,450,1151,1216
SHMT2,1092,521,11240,692,6239,7190
SHOC1,0,0,0,0,0,0
SHOC2,2851,1636,4330,4120,3242,3892
SHOX,0,0,0,0,0,0
SHOX2,3,1,16,42,31,47
SHPK,20,14,31,13,49,26
SHPRH,422,245,699,1089,720,1080
SHQ1,170,85,290,196,196,179
SHROOM1,59,49,128,24,84,65
SHROOM2,155,77,447,328,647,712
SHROOM3,1080,445,2357,901,1363,1753
SHROOM4,0,1,5,3,3,6
SHTN1,2045,909,2936,2035,1743,2122
SI,0,0,0,0,0,3
SIAE,1203,734,2383,1255,2220,2338
SIAH1,310,134,508,219,239,241
SIAH2,2349,1490,6224,307,532,568
SIAH3,0,0,0,0,0,0
SIDT1,746,434,1233,2199,2559,2820
SIDT2,791,325,2283,390,1447,1574
SIGIRR,19,3,205,11,147,162
SIGLEC1,0,0,1,0,0,0
SIGLEC10,0,0,0,0,0,0
SIGLEC11,0,0,0,0,0,0
SIGLEC12,0,0,0,0,0,0
SIGLEC14,0,0,0,0,0,0
SIGLEC15,2,0,14,5,1,0
SIGLEC16,0,0,0,0,0,0
SIGLEC5,0,0,0,0,0,0
SIGLEC6,0,3,1,3,1,1
SIGLEC7,0,0,0,0,0,0
SIGLEC8,0,0,0,0,0,0
SIGLEC9,0,0,0,0,0,0
SIGLECL1,0,0,0,0,0,0
SIGMAR1,1036,555,2116,426,1026,934
SIK1,9,0,18,7,11,17
SIK2,893,457,1787,977,1342,1640
SIK3,493,176,1069,389,678,805
SIKE1,818,507,1246,1332,953,1208
SIL1,421,167,2980,453,1780,1892
SIM1,4,5,0,1,0,3
SIM2,60,25,103,149,252,252
SIMALR,0,0,0,0,0,0
SIMC1,70,22,140,130,182,221
SIN3A,1247,837,2475,1695,1948,2081
SIN3B,171,118,468,267,636,771
SINHCAF,331,173,796,763,742,912
SINHCAFP3,0,0,0,0,0,0
SIPA1,0,0,23,11,83,105
SIPA1L1,698,296,1438,768,827,1019
SIPA1L2,203,147,377,435,437,557
SIPA1L3,286,94,1267,324,1177,1475
SIRLNT,0,2,5,1627,1360,1845
SIRPA,3,3,8,94,284,341
SIRPB1,0,0,0,0,0,0
SIRPB2,0,0,0,0,0,0
SIRPD,0,0,0,0,0,0
SIRPG,0,0,0,0,0,0
SIRPG-AS1,0,0,0,0,0,0
SIRT1,1015,439,1905,1017,879,922
SIRT2,153,90,711,219,917,1038
SIRT3,117,46,437,153,327,389
SIRT4,12,1,31,20,59,49
SIRT5,429,200,672,482,489,597
SIRT6,11,2,96,25,122,110
SIRT7,43,31,232,148,371,382
SIT1,0,0,0,0,0,0
SIVA1,26,10,93,45,110,127
SIX1,34,11,71,148,196,182
SIX2,2,0,0,2,0,3
SIX3,62,34,115,86,135,147
SIX3-AS1,1,0,11,2,7,7
SIX4,209,97,374,576,574,701
SIX5,32,10,332,11,181,223
SIX6,0,0,0,0,0,0
SKA1,144,57,429,339,599,540
SKA2,1127,583,2393,5357,4858,5196
SKA3,98,50,184,347,376,310
SKAP1,107,76,203,161,182,181
SKAP1-AS2,0,0,0,0,0,0
SKAP2,210,86,297,466,394,405
SKI,179,100,488,299,477,507
SKIC2,334,102,1416,606,2255,2502
SKIC3,4399,2089,5738,5599,4018,4918
SKIC8,272,138,651,784,1004,1130
SKIDA1,14,8,18,52,60,47
SKIL,1693,806,2730,5399,3995,4999
SKOR1,4,0,3,0,1,0
SKOR1-AS1,0,0,0,0,0,1
SKOR2,0,0,0,0,0,0
SKP1,1586,1067,3493,4137,4800,4617
SKP2,438,300,816,1172,1252,1424
SLA,0,0,0,0,0,0
SLA2,1,0,0,1,1,1
SLAIN1,0,0,0,0,0,0
SLAIN2,1172,695,1878,1618,1432,1448
SLAMF1,0,0,0,0,0,0
SLAMF6,0,0,0,0,0,0
SLAMF7,0,0,1,0,0,1
SLAMF8,0,0,0,0,0,0
SLAMF9,0,0,5,1,0,0
SLBP,504,214,865,837,977,926
SLC10A1,0,0,0,0,0,0
SLC10A2,0,0,0,0,0,0
SLC10A3,53,21,426,28,310,328
SLC10A4,0,0,0,0,0,0
SLC10A5,11,2,18,15,10,10
SLC10A5P1,0,0,0,0,0,0
SLC10A6,1,0,2,0,0,1
SLC10A7,354,151,455,479,416,517
SLC11A1,1,0,2,0,1,1
SLC11A2,1522,810,2419,3957,3742,4248
SLC12A1,0,0,0,0,0,0
SLC12A2,198,161,312,877,700,821
SLC12A2-DT,408,206,585,604,577,604
SLC12A3,0,0,2,0,0,0
SLC12A4,214,123,721,369,1155,1307
SLC12A5,3,5,27,7,33,37
SLC12A5-AS1,1,0,4,7,12,8
SLC12A6,60,22,91,403,328,486
SLC12A7,196,67,1439,140,905,997
SLC12A8,350,202,1124,180,518,571
SLC12A9,121,79,456,269,630,661
SLC12A9-AS1,1,0,10,1,7,2
SLC13A1,0,0,0,0,0,0
SLC13A2,0,0,3,0,0,0
SLC13A3,7,4,20,8,31,26
SLC13A4,0,0,0,0,0,0
SLC13A5,0,0,0,0,0,0
SLC14A1,0,0,0,1,6,8
SLC14A2,0,0,0,0,0,0
SLC15A1,0,0,0,0,0,0
SLC15A2,13,0,9,26,25,17
SLC15A3,9,7,35,12,27,24
SLC15A4,157,95,301,308,408,438
SLC15A5,0,0,0,0,1,1
SLC16A1,13,0,26,68,79,65
SLC16A1-AS1,3,0,2,12,9,11
SLC16A10,11,0,2,94,95,120
SLC16A11,0,0,0,0,0,0
SLC16A12,0,0,0,0,0,0
SLC16A12-AS1,0,0,0,0,0,0
SLC16A13,7,0,51,48,164,180
SLC16A14,57,24,99,149,174,189
SLC16A14P1,0,0,0,0,0,0
SLC16A1P1,0,0,0,0,0,0
SLC16A2,18,2,37,147,222,251
SLC16A3,34,3,237,18,225,232
SLC16A4,25,3,34,397,335,429
SLC16A5,51,15,318,101,492,583
SLC16A6,349,214,531,171,221,158
SLC16A7,0,0,3,38,17,43
SLC16A8,0,0,0,0,1,0
SLC16A9,21,5,37,232,247,175
SLC17A1,0,0,0,0,0,0
SLC17A2,0,0,0,0,0,0
SLC17A3,0,0,0,0,0,0
SLC17A4,0,0,0,13,14,15
SLC17A5,512,286,839,874,905,1018
SLC17A6,0,0,0,0,0,0
SLC17A6-DT,0,0,0,0,1,0
SLC17A7,2,0,0,4,14,8
SLC17A8,0,0,0,3,4,2
SLC17A9,0,0,1,0,0,0
SLC18A1,0,0,0,0,0,0
SLC18A2,0,0,0,0,0,0
SLC18A2-AS1,0,0,0,0,0,0
SLC18A3,0,0,0,0,0,0
SLC18B1,63,89,151,341,345,374
SLC19A1,30,22,183,44,219,240
SLC19A2,417,188,605,431,411,495
SLC19A3,2,10,8,1,7,5
SLC1A1,137,44,180,11,12,11
SLC1A2,84,20,161,110,88,123
SLC1A2-AS1,0,0,0,0,0,0
SLC1A2-AS2,0,0,0,0,0,0
SLC1A3,0,0,0,22,33,36
SLC1A3-AS1,0,0,1,0,1,0
SLC1A4,1278,692,2419,624,1071,985
SLC1A5,1437,896,6407,729,4333,4339
SLC1A6,0,0,0,0,0,0
SLC1A7,0,0,0,0,0,0
SLC20A1,625,366,872,1124,1132,1121
SLC20A2,292,172,691,762,1053,1081
SLC22A1,0,0,4,6,10,7
SLC22A10,0,0,1,0,0,0
SLC22A11,0,0,1,0,0,0
SLC22A12,0,0,0,0,0,0
SLC22A13,1,0,6,2,2,7
SLC22A14,0,0,1,0,1,2
SLC22A15,49,47,75,58,45,57
SLC22A16,0,0,0,0,0,0
SLC22A17,12,10,90,24,99,96
SLC22A18,20,6,166,27,169,207
SLC22A18AS,0,0,0,0,4,4
SLC22A2,0,0,0,0,0,0
SLC22A23,770,554,2260,878,1769,2096
SLC22A24,0,0,0,0,0,0
SLC22A25,0,0,0,0,0,0
SLC22A3,0,0,0,0,0,0
SLC22A31,11,1,100,0,7,2
SLC22A4,3,0,9,7,25,23
SLC22A5,558,269,905,630,655,882
SLC22A6,0,0,0,0,0,0
SLC22A7,0,0,0,0,0,0
SLC22A8,0,0,0,0,0,0
SLC22A9,0,0,0,0,0,0
SLC23A1,37,11,157,37,88,91
SLC23A2,389,187,580,624,782,1002
SLC23A3,1,0,5,6,12,12
SLC24A1,562,276,1251,731,1007,1140
SLC24A2,0,0,2,0,0,2
SLC24A3,1058,669,2542,523,997,1090
SLC24A3-AS1,1,0,0,0,0,0
SLC24A4,0,0,0,0,0,0
SLC24A5,0,0,0,1,0,0
SLC25A1,77,66,700,358,1779,1827
SLC25A10,6,0,47,12,99,94
SLC25A11,114,36,651,77,503,473
SLC25A12,256,178,528,410,435,444
SLC25A13,405,263,729,819,940,978
SLC25A14,115,73,200,297,292,332
SLC25A15,348,237,609,381,439,497
SLC25A16,760,489,1600,2115,2074,2131
SLC25A17,266,185,694,434,590,630
SLC25A18,4,0,5,134,297,361
SLC25A18P1,0,0,0,0,0,0
SLC25A19,73,12,176,122,238,238
SLC25A1P5,0,0,0,0,0,0
SLC25A2,0,3,0,0,3,1
SLC25A20,156,98,564,208,258,335
SLC25A21,14,8,22,20,16,18
SLC25A21-AS1,57,27,183,38,58,66
SLC25A22,24,4,196,11,70,84
SLC25A23,434,222,981,497,1379,1424
SLC25A24,1050,509,1921,1397,1266,1461
SLC25A24P2,0,0,0,0,1,0
SLC25A25,88,43,336,68,228,186
SLC25A26,33,5,93,48,103,118
SLC25A27,348,126,401,594,436,444
SLC25A28,277,117,748,185,487,425
SLC25A28-DT,0,0,4,0,1,1
SLC25A29,551,198,1222,917,2039,2129
SLC25A3,2228,1275,4428,3544,4319,4066
SLC25A30,562,257,890,910,881,975
SLC25A30-AS1,0,0,0,1,0,0
SLC25A31,0,0,0,0,0,0
SLC25A32,7,10,26,9,24,38
SLC25A33,129,116,267,188,200,215
SLC25A34,11,0,11,7,22,36
SLC25A34-AS1,0,0,0,0,0,0
SLC25A35,223,76,514,78,211,227
SLC25A36,4816,1971,6449,3823,2252,3219
SLC25A36P1,1,0,0,1,1,0
SLC25A37,680,258,1076,1776,1655,2170
SLC25A38,281,122,697,282,518,535
SLC25A39,164,92,1497,175,1483,1628
SLC25A39P2,0,0,0,0,0,0
SLC25A4,115,43,408,85,234,237
SLC25A40,357,208,728,924,744,921
SLC25A41,3,5,8,5,28,26
SLC25A42,54,55,283,42,205,228
SLC25A43,120,92,275,289,312,373
SLC25A44,706,394,1400,874,1616,1745
SLC25A45,62,35,295,38,96,119
SLC25A46,1158,606,1950,1613,1460,1389
SLC25A47,0,0,0,0,0,0
SLC25A48,52,29,96,4,5,4
SLC25A48-AS1,0,0,0,2,0,0
SLC25A5,922,675,3035,1044,2668,2493
SLC25A5-AS1,15,19,39,30,23,29
SLC25A51,77,41,162,66,94,88
SLC25A51P2,0,0,0,0,0,0
SLC25A52,0,0,0,0,0,0
SLC25A53,60,15,106,110,99,133
SLC25A5P1,0,0,0,0,1,0
SLC25A5P5,0,0,0,0,0,0
SLC25A6,911,647,6701,684,3367,3372
SLC25A6P1,0,0,0,0,0,0
SLC25A6P3,0,0,0,0,0,0
SLC25A6P4,0,0,0,0,0,0
SLC25A6P6,0,0,0,0,0,0
SLC26A1,5,1,40,6,12,11
SLC26A11,72,37,274,133,356,407
SLC26A2,1125,607,1633,4218,3018,3756
SLC26A3,0,0,2,0,0,0
SLC26A4,0,0,2,4,2,3
SLC26A5,0,0,0,0,1,1
SLC26A5-AS1,0,0,0,0,0,0
SLC26A6,38,19,224,86,312,372
SLC26A7,9,0,14,7,7,7
SLC26A8,4,0,1,5,5,2
SLC26A9,0,0,3,1,0,0
SLC27A1,47,14,294,59,391,431
SLC27A2,8,0,2,72,83,62
SLC27A3,129,35,423,124,484,427
SLC27A4,28,19,256,28,160,165
SLC27A5,27,7,272,10,211,197
SLC27A6,2,6,3,2,1,0
SLC28A1,0,0,0,1,1,1
SLC28A2,0,0,0,0,0,0
SLC28A2-AS1,15,4,15,5,9,6
SLC28A3,0,0,0,0,0,0
SLC28A3-AS1,0,0,0,0,0,0
SLC29A1,405,264,1960,417,1568,1835
SLC29A2,160,45,889,225,1055,1201
SLC29A3,10,5,77,20,84,75
SLC29A4,11,2,105,7,33,45
SLC29A4P1,0,0,0,0,0,0
SLC29A4P2,0,0,0,0,0,0
SLC2A1,91,58,411,92,405,405
SLC2A1-DT,9,0,24,53,69,89
SLC2A10,504,225,1022,209,277,396
SLC2A11,237,55,352,976,1070,1148
SLC2A12,1,0,6,50,40,67
SLC2A13,279,157,448,380,255,366
SLC2A13P1,0,0,0,0,0,0
SLC2A14,0,0,0,3,0,3
SLC2A2,0,0,0,0,0,0
SLC2A3,0,0,0,0,1,0
SLC2A4,11,3,37,8,19,21
SLC2A4RG,116,54,634,69,498,436
SLC2A5,1,0,0,2,3,4
SLC2A6,13,3,86,36,213,216
SLC2A7,0,7,0,0,0,0
SLC2A8,17,8,112,21,87,109
SLC2A9,0,0,0,3,3,3
SLC2AXP1,0,0,0,0,0,0
SLC30A1,304,188,487,1249,901,1145
SLC30A10,0,0,0,0,1,0
SLC30A2,0,0,0,1,0,0
SLC30A3,0,0,2,0,1,3
SLC30A4,130,63,267,420,342,376
SLC30A5,1204,690,2306,2428,2241,2382
SLC30A6,746,360,1239,1784,1507,1727
SLC30A6-DT,2,0,11,3,8,11
SLC30A6P1,0,0,0,0,0,0
SLC30A7,547,292,1030,1232,1087,1313
SLC30A8,0,0,0,0,0,0
SLC30A9,1909,929,3323,3464,3110,3315
SLC31A1,5260,3123,6994,2270,2478,2696
SLC31A2,68,39,174,114,236,272
SLC32A1,0,0,0,0,0,0
SLC33A1,378,164,681,635,541,620
SLC34A1,0,0,0,0,0,0
SLC34A2,0,0,0,0,5,2
SLC34A3,0,0,6,0,0,0
SLC35A1,173,81,331,315,363,329
SLC35A2,500,248,1554,533,1478,1644
SLC35A3,737,341,1275,1703,1522,1796
SLC35A4,921,332,2330,865,2849,2791
SLC35A5,652,442,1238,812,697,708
SLC35B1,695,387,1245,392,561,585
SLC35B2,355,213,1317,379,1491,1611
SLC35B3,261,103,523,384,376,486
SLC35B4,109,46,154,497,412,547
SLC35C1,150,81,689,60,236,274
SLC35C2,308,144,1798,248,1004,984
SLC35D1,273,150,508,945,776,872
SLC35D2,49,7,84,47,54,52
SLC35D2-HSD17B3,0,0,3,0,1,0
SLC35D3,0,0,0,0,0,0
SLC35E1,722,372,1769,1245,2226,2540
SLC35E2B,359,159,1212,341,1134,1368
SLC35E3,496,208,907,708,965,963
SLC35E4,3,0,23,15,59,42
SLC35F1,6,0,6,15,11,19
SLC35F2,374,213,650,489,684,772
SLC35F3,0,0,0,7,10,19
SLC35F4,0,0,0,0,0,0
SLC35F5,1627,1172,2729,3447,2888,3291
SLC35F6,532,426,1248,534,1257,1393
SLC35G1,217,117,358,638,658,649
SLC35G2,0,0,0,0,0,0
SLC35G3,0,0,0,0,0,0
SLC35G4,0,0,0,0,0,0
SLC35G5,0,0,0,0,0,0
SLC35G6,0,0,0,0,0,0
SLC36A1,195,111,294,360,518,657
SLC36A2,0,0,0,3,0,0
SLC36A3,0,0,0,0,0,0
SLC36A4,103,75,191,785,652,661
SLC37A1,122,63,607,171,647,750
SLC37A2,1,0,4,9,21,15
SLC37A3,411,238,752,1221,1315,1566
SLC37A4,574,293,1819,552,1544,1763
SLC38A1,12592,6140,19372,5843,4746,5897
SLC38A10,76,26,805,147,953,1084
SLC38A11,0,0,0,2,0,3
SLC38A2,6789,3151,12562,10430,8122,10890
SLC38A3,8,9,51,9,48,52
SLC38A4,0,0,0,0,1,0
SLC38A5,3,0,4,0,4,3
SLC38A6,132,34,263,276,278,375
SLC38A7,351,154,825,230,551,599
SLC38A8,0,0,0,0,0,1
SLC38A9,696,382,1153,856,662,809
SLC39A1,44,26,271,71,305,336
SLC39A10,645,360,915,1439,958,1391
SLC39A11,1131,577,3490,3667,6462,7596
SLC39A12,0,0,0,2,0,0
SLC39A12-AS1,0,0,0,0,0,0
SLC39A13,61,18,481,43,379,441
SLC39A13-AS1,1,0,0,0,1,0
SLC39A14,681,341,1500,1406,2035,2307
SLC39A2,0,0,0,16,29,19
SLC39A3,16,25,49,19,58,61
SLC39A4,19,10,55,16,57,50
SLC39A5,1,0,5,0,3,7
SLC39A6,1950,1054,3571,3847,3741,3766
SLC39A7,4522,3080,13114,11476,20682,21027
SLC39A8,82,42,238,1001,1109,1122
SLC39A9,3033,1250,5377,5126,5410,6361
SLC3A1,0,0,0,0,0,2
SLC3A2,3215,1728,14233,1083,2771,2757
SLC40A1,8848,5106,18703,6505,7342,9139
SLC41A1,468,175,772,739,952,1152
SLC41A2,267,148,428,1134,805,1044
SLC41A3,107,63,402,57,163,186
SLC43A1,31,8,182,9,37,30
SLC43A2,61,13,433,104,502,577
SLC43A3,24,15,109,13,64,46
SLC44A1,3095,1790,5358,10031,8118,9379
SLC44A2,1015,554,2680,3245,9253,9793
SLC44A3,52,18,108,105,120,124
SLC44A4,6,1,15,6,19,24
SLC44A5,1,0,4,140,123,169
SLC45A1,0,0,0,1,4,4
SLC45A2,0,0,0,0,1,0
SLC45A3,15,0,16,18,31,53
SLC45A4,21,29,202,78,228,258
SLC45A4-AS1,0,0,0,0,0,0
SLC46A1,213,110,522,317,782,878
SLC46A2,0,0,0,0,1,0
SLC46A3,780,293,1227,3006,2556,2624
SLC47A1,123,71,315,336,552,544
SLC47A2,0,0,0,0,0,2
SLC48A1,236,156,1077,448,1943,1868
SLC49A3,15,3,96,7,84,91
SLC49A4,289,174,523,423,450,343
SLC4A1,0,0,0,2,3,0
SLC4A10,1,0,6,1,0,0
SLC4A11,15,3,46,41,164,178
SLC4A1AP,381,191,863,725,814,807
SLC4A1APP2,0,0,0,0,0,0
SLC4A2,124,41,1128,161,1303,1470
SLC4A3,4,0,20,12,81,99
SLC4A4,0,0,0,0,0,0
SLC4A5,7,7,5,23,19,30
SLC4A7,672,290,867,4583,2753,4584
SLC4A8,62,18,89,1091,866,1322
SLC4A9,1,0,4,6,17,21
SLC50A1,1072,625,4006,974,3254,3497
SLC51A,0,0,0,0,0,0
SLC51B,1,0,5,0,0,3
SLC52A1,2,0,20,33,84,84
SLC52A2,42,24,309,17,180,168
SLC52A3,50,35,262,147,516,587
SLC5A1,0,0,1,4,9,9
SLC5A10,0,0,2,0,0,0
SLC5A11,0,0,0,0,1,0
SLC5A12,71,16,195,362,298,377
SLC5A2,0,0,0,1,0,2
SLC5A3,875,386,1200,1828,1015,1818
SLC5A4,0,0,1,0,0,0
SLC5A4-AS1,0,0,2,25,27,34
SLC5A4P1,0,0,0,1,0,0
SLC5A5,1,0,4,6,22,23
SLC5A6,336,88,913,808,1957,2147
SLC5A7,0,0,0,0,0,0
SLC5A8,0,0,0,122,78,83
SLC5A9,0,0,0,0,0,0
SLC66A1,19,15,173,19,124,125
SLC66A2,27,32,154,53,275,292
SLC66A2P1,0,0,0,0,0,0
SLC66A2P2,0,0,0,0,0,0
SLC66A3,291,136,444,613,648,649
SLC6A1,0,0,0,0,0,0
SLC6A1-AS1,0,0,0,0,0,0
SLC6A11,2,0,1,35,55,58
SLC6A12,3,0,10,5,11,4
SLC6A12-AS1,0,0,0,0,0,0
SLC6A13,0,0,0,0,0,1
SLC6A14,2,0,3,129,124,159
SLC6A14P1,0,0,0,0,0,0
SLC6A14P3,0,0,0,0,0,0
SLC6A15,0,0,0,0,0,0
SLC6A16,51,21,63,138,139,182
SLC6A17,39,24,138,48,144,177
SLC6A17-AS1,0,0,0,0,0,0
SLC6A18,0,0,0,0,0,0
SLC6A19,0,0,0,0,0,0
SLC6A2,0,0,0,0,0,0
SLC6A20,4,0,13,0,0,0
SLC6A3,0,0,4,3,9,4
SLC6A4,1,0,5,7,9,0
SLC6A5,0,0,0,0,0,0
SLC6A6,883,496,1713,1700,2076,2918
SLC6A7,0,0,0,0,0,0
SLC6A8,352,191,1274,553,1949,2063
SLC6A9,320,104,1643,261,1256,1463
SLC7A1,1405,733,4007,893,1648,1986
SLC7A10,1,0,7,0,5,5
SLC7A11,786,298,1054,1014,611,924
SLC7A11-AS1,0,0,0,0,0,0
SLC7A13,0,0,1,1,0,0
SLC7A14,0,0,0,0,1,0
SLC7A14-AS1,0,0,0,0,0,0
SLC7A15P,0,0,0,0,0,0
SLC7A2,860,533,1258,1665,1329,1708
SLC7A3,0,0,0,0,0,0
SLC7A4,0,0,0,0,0,0
SLC7A5,1513,685,8301,929,4545,4646
SLC7A5P1,0,0,0,0,0,0
SLC7A6,1183,545,1648,1738,1937,2548
SLC7A6OS,217,130,418,478,517,541
SLC7A7,0,0,3,6,5,5
SLC7A8,815,395,1965,5435,8928,10506
SLC7A9,0,0,3,4,2,0
SLC8A1,3,0,0,2,1,1
SLC8A1-AS1,0,0,0,0,0,0
SLC8A2,37,8,87,8,51,54
SLC8A3,1,0,0,0,0,0
SLC8B1,28,21,111,59,207,163
SLC9A1,236,102,1035,636,2398,2837
SLC9A2,1015,470,1787,984,994,1143
SLC9A3,0,0,3,0,7,1
SLC9A3-OT1,0,0,0,0,0,0
SLC9A3P2,0,0,0,0,0,0
SLC9A3P3,0,0,0,0,0,0
SLC9A4,0,0,0,7,2,3
SLC9A5,8,1,31,53,244,311
SLC9A6,232,157,386,308,302,326
SLC9A7,1205,652,2021,7157,6933,8394
SLC9A8,359,192,943,177,414,407
SLC9A9,18,2,49,54,18,37
SLC9A9-AS1,0,0,0,0,0,0
SLC9B1,6,3,12,2,2,3
SLC9B1P1,0,0,0,0,0,0
SLC9B1P2,0,0,0,0,1,0
SLC9B1P3,0,0,0,0,0,0
SLC9B1P5,0,0,1,0,0,0
SLC9B2,36,4,76,146,160,157
SLC9C1,0,0,1,0,1,1
SLC9C2,0,0,0,0,0,0
SLCO1A2,6,8,2,12,12,11
SLCO1B1,20,34,40,22,31,42
SLCO1B3,0,0,0,0,0,0
SLCO1B3-SLCO1B7,0,0,0,0,0,0
SLCO1C1,0,0,0,0,0,0
SLCO2A1,22,0,51,235,675,718
SLCO2B1,0,0,0,0,0,1
SLCO3A1,1,5,6,8,5,11
SLCO4A1,0,0,4,11,26,46
SLCO4A1-AS1,0,0,0,0,0,0
SLCO4C1,0,0,0,16,15,21
SLCO5A1,0,0,0,1,1,0
SLCO5A1-AS1,0,0,3,1,0,0
SLCO6A1,0,0,0,0,0,0
SLEAR,2,0,5,3,4,2
SLF1,150,149,301,356,302,343
SLF2,1600,730,2439,3073,2094,2490
SLFN11,108,50,206,369,379,445
SLFN12,19,28,41,343,266,338
SLFN12L,0,0,0,0,0,0
SLFN13,332,206,530,651,541,593
SLFN14,0,0,0,0,0,2
SLFN5,1223,617,1994,2049,1891,2411
SLFNL1,4,0,7,0,2,1
SLFNL1-AS1,1,0,4,26,28,44
SLIRP,443,421,918,423,666,611
SLIRPP2,0,0,0,0,0,0
SLIT1,0,0,1,10,54,82
SLIT1-AS1,0,0,0,0,0,0
SLIT2,0,0,0,0,0,0
SLIT2-IT1,0,0,0,0,0,0
SLIT3,0,0,0,234,508,751
SLITRK1,0,0,0,0,1,1
SLITRK2,0,0,0,0,0,0
SLITRK3,0,0,1,1,0,0
SLITRK4,482,356,724,712,552,616
SLITRK5,197,89,299,1152,1183,1456
SLITRK6,163,74,221,690,608,723
SLK,1624,754,2322,2339,1643,2005
SLMAP,849,477,1646,1291,1134,1288
SLN,0,0,0,0,0,0
SLPI,1,0,7,1,0,0
SLTM,2322,1060,4896,3286,3181,3655
SLU7,1615,963,3116,2828,2604,3021
SLURP1,2,0,4,0,2,3
SLURP2,0,0,0,0,0,0
SLX1A,0,0,0,0,1,0
SLX1A-SULT1A3,0,0,0,0,1,0
SLX1B,0,0,2,2,3,2
SLX1B-SULT1A4,3,0,1,1,2,5
SLX4,147,31,454,275,557,558
SLX4IP,505,336,858,831,727,839
SLX9,9,3,92,16,90,68
SMAD1,377,229,672,405,453,460
SMAD1-AS1,0,0,0,0,0,0
SMAD1-AS2,0,0,0,0,0,0
SMAD2,1468,958,2339,2289,2018,2364
SMAD3,158,100,363,399,562,665
SMAD3-AS1,0,0,0,0,0,0
SMAD4,874,333,1314,1254,1011,1258
SMAD5,1472,823,2247,1760,1323,1690
SMAD5-AS1,0,0,0,0,0,0
SMAD6,24,25,86,110,223,243
SMAD7,120,122,340,132,190,237
SMAD9,27,23,66,145,149,171
SMAGP,117,62,256,259,378,381
SMAP1,776,511,1285,1042,1344,1232
SMAP2,479,219,864,524,655,642
SMARCA1,2098,1127,4320,8137,6524,8034
SMARCA2,1121,446,2118,953,1109,1224
SMARCA4,373,172,2015,466,2166,2330
SMARCA5,1467,796,2643,4647,3602,4129
SMARCA5-AS1,0,0,2,0,0,2
SMARCAD1,881,475,1310,1328,1046,1263
SMARCAD1-DT,0,0,0,0,0,0
SMARCAL1,297,174,644,214,374,412
SMARCB1,215,65,1043,233,1140,1205
SMARCC1,3298,1625,6366,3209,3390,3560
SMARCC2,2112,786,4205,3620,5918,6446
SMARCD1,656,364,1398,1195,2192,2210
SMARCD2,896,468,3457,1206,4284,4591
SMARCD3,4,0,16,45,133,113
SMARCE1,141,47,234,586,454,542
SMARCE1P1,0,0,0,0,0,2
SMARCE1P2,11,0,3,4,4,8
SMARCE1P3,0,0,0,0,0,0
SMARCE1P5,0,2,2,2,1,4
SMASR,0,0,0,0,0,0
SMBD1P,0,0,0,0,0,0
SMC1A,2525,1324,4399,5802,6334,7342
SMC1B,7,0,2,4,5,8
SMC2,1143,579,2038,3338,2769,3262
SMC2-DT,1,0,3,3,6,3
SMC3,1523,743,2672,1987,1661,1717
SMC4,2981,1500,4587,10906,8161,9596
SMC4P1,0,0,0,0,0,0
SMC5,891,456,1366,1235,852,1029
SMC6,595,202,906,987,816,896
SMCHD1,872,484,1394,2296,1438,1730
SMCO1,0,0,0,0,0,0
SMCO2,0,0,0,0,2,0
SMCO3,33,41,67,0,0,1
SMCO4,0,0,14,28,42,39
SMCP,0,0,0,0,0,0
SMCR2,3,0,2,4,5,3
SMCR5,1,0,0,0,0,0
SMCR8,3596,1799,8459,1578,2896,3558
SMDT1,52,28,230,51,118,140
SMG1,2131,764,2536,3791,2291,3547
SMG1P1,50,15,99,136,84,123
SMG1P3,24,4,61,41,29,40
SMG1P4,11,9,21,23,11,13
SMG1P6,1,0,0,11,5,7
SMG1P7,131,75,202,56,38,35
SMG5,1097,472,2980,1447,3829,4159
SMG6,318,145,810,798,1031,1181
SMG7,3071,1363,4403,2926,3289,3766
SMG7-AS1,0,0,10,1,2,5
SMG8,388,221,856,537,624,683
SMG9,113,64,322,214,542,574
SMIM1,1,0,6,1,11,1
SMIM10,0,0,0,0,0,0
SMIM10L1,164,69,297,523,471,469
SMIM10L2A,0,0,3,3,5,3
SMIM10L2B,3,0,14,7,47,48
SMIM10L3,0,0,0,0,0,0
SMIM11,34,16,75,44,61,55
SMIM11P2,0,0,0,0,0,0
SMIM12,268,92,732,259,619,735
SMIM13,265,153,474,457,392,403
SMIM14,2557,1411,5520,3277,3497,3752
SMIM14-DT,9,9,24,15,16,15
SMIM15,1307,726,2489,2360,2263,2380
SMIM15P2,0,0,0,0,0,0
SMIM17,0,0,6,6,2,2
SMIM18,0,0,0,0,0,0
SMIM19,236,112,569,227,379,331
SMIM2,0,0,0,0,0,0
SMIM2-AS1,1,0,4,2,7,7
SMIM2-IT1,0,0,0,0,0,0
SMIM20,89,64,399,146,230,198
SMIM21,0,0,0,0,0,0
SMIM22,1,0,9,4,20,17
SMIM23,0,0,0,0,0,0
SMIM24,0,0,0,0,0,0
SMIM26,135,103,323,63,171,169
SMIM27,12,0,41,8,24,19
SMIM28,0,0,0,0,0,0
SMIM29,34,16,199,12,124,118
SMIM3,49,37,150,145,407,514
SMIM30,343,229,633,774,705,753
SMIM31,0,0,1,6,7,4
SMIM32,0,0,0,0,0,0
SMIM33,0,0,1,0,1,0
SMIM34,0,0,0,0,0,1
SMIM35,0,0,1,0,0,1
SMIM36,0,0,0,0,0,0
SMIM38,1,0,1,0,0,2
SMIM39,0,0,0,0,0,0
SMIM40,0,0,0,0,0,0
SMIM41,0,0,0,0,0,0
SMIM42,0,0,0,0,0,0
SMIM43,0,0,0,0,0,0
SMIM44,0,0,0,0,0,0
SMIM45,0,1,9,3,1,4
SMIM47,1,0,5,0,0,3
SMIM5,8,0,12,1,5,9
SMIM6,0,0,0,0,0,0
SMIM7,212,106,352,302,454,422
SMIM8,86,27,132,234,176,221
SMIM9,0,0,0,0,0,0
SMKR1,12,3,37,4,16,25
SMLR1,0,0,0,0,1,2
SMN-AS1,0,0,0,0,0,0
SMN1,127.5,68,225,152.5,151.5,143.5
SMNDC1,427,282,908,760,779,811
SMNP,0,0,0,0,0,0
SMO,31,20,196,102,510,573
SMOC1,0,0,3,0,2,6
SMOC2,0,0,0,6,7,5
SMOX,0,0,3,3,26,18
SMPD1,64,41,325,122,478,459
SMPD2,53,36,119,46,137,127
SMPD3,9,12,46,0,5,3
SMPD4,314,139,1465,348,1427,1646
SMPD4P1,0,0,0,0,1,0
SMPD4P2,0,0,0,0,0,0
SMPDL3A,74,72,158,108,106,83
SMPDL3B,77,43,328,177,784,779
SMPX,0,0,0,0,0,0
SMR3A,0,0,0,0,0,0
SMR3B,0,0,0,0,0,0
SMS,1547,937,3959,5139,5923,5892
SMTN,68,21,190,1128,2389,2656
SMTNL1,1,0,1,0,0,2
SMTNL2,0,0,2,0,0,0
SMU1,1415,788,2868,1660,1826,1860
SMUG1,244,114,760,410,769,880
SMUG1P1,0,0,0,0,0,0
SMURF1,180,71,316,361,581,665
SMURF2,555,333,939,1056,945,1028
SMYD1,0,0,0,0,0,0
SMYD2,851,558,1595,664,835,721
SMYD3,128,107,358,102,201,179
SMYD3-AS1,0,0,0,0,0,0
SMYD4,108,65,282,188,369,324
SMYD5,157,66,505,140,419,412
SNAI1,11,8,123,2,7,4
SNAI2,0,0,0,35,42,36
SNAI3,0,0,10,1,4,2
SNAI3-AS1,16,13,30,29,59,69
SNAP23,2714,1492,4956,4264,4441,4911
SNAP23P1,1,0,7,5,6,2
SNAP25,0,0,0,0,2,0
SNAP25-AS1,0,0,0,0,0,0
SNAP29,2105,1370,3130,2216,2512,2758
SNAP47,211,95,1025,252,855,1008
SNAP91,0,0,0,0,0,1
SNAPC1,112,44,341,142,166,164
SNAPC2,13,4,149,7,85,89
SNAPC3,1970,974,2921,1033,980,1047
SNAPC4,158,89,549,228,607,645
SNAPC5,236,162,765,359,637,577
SNAPC5P1,0,0,0,0,0,0
SNAPIN,220,131,531,227,373,372
SNCA,0,0,0,3,2,0
SNCA-AS1,0,0,0,0,0,0
SNCAIP,2,0,1,15,7,13
SNCB,1,0,6,10,33,38
SNCG,0,1,34,346,3322,3571
SND1,1568,871,4413,2205,4186,4618
SND1-DT,0,0,0,0,0,0
SND1-IT1,0,0,0,0,0,0
SNED1,11,18,82,51,148,163
SNF8,279,195,738,446,859,841
SNHG1,1756,794,3008,1504,1501,1394
SNHG10,47,28,140,29,88,69
SNHG11,50,25,165,101,163,151
SNHG12,63,15,131,143,200,215
SNHG15,139,114,376,160,315,286
SNHG16,1330,844,2844,2290,3400,3523
SNHG17,118,48,349,226,337,345
SNHG18,0,0,0,0,0,0
SNHG19,16,13,74,4,19,16
SNHG20,37,8,150,55,162,133
SNHG21,10,3,84,6,31,47
SNHG25,225,512,55,3,22,23
SNHG26,15,0,32,34,39,32
SNHG27,0,0,1,0,0,0
SNHG28,4,0,1,0,1,0
SNHG29,4012,2669,11285,2066,5404,5060
SNHG3,539,213,837,311,541,606
SNHG31,30,10,48,83,50,91
SNHG32,104,19,720,200,459,510
SNHG4,176,74,230,623,641,572
SNHG5,62,74,73,129,97,111
SNHG7,274,291,1145,176,377,404
SNHG8,568,718,1327,477,571,571
SNIP1,283,91,554,499,556,665
SNN,116,118,399,165,393,483
SNORA1,0,0,0,0,0,0
SNORA10,0,0,0,0,0,0
SNORA10B,0,0,0,0,0,0
SNORA11,4,0,17,13,11,20
SNORA11B,0,0,1,0,0,0
SNORA11C,0,0,0,0,0,0
SNORA11D,0,0,0,0,0,0
SNORA11E,0,0,0,0,0,0
SNORA11F,0,2,18,56,50,51
SNORA11G,0,0,0,0,0,0
SNORA12,4,5,32,13,12,19
SNORA13,0,0,1,1,3,1
SNORA14A,2,6,3,1,6,10
SNORA14B,5,0,2,20,16,23
SNORA15,0,0,0,0,0,0
SNORA15B-1,0,0,0,0,0,0
SNORA15B-2,0,0,0,0,0,1
SNORA16A,0,0,0,0,0,0
SNORA16B,8,0,4,6,5,0
SNORA17A,0,0,0,0,0,0
SNORA17B,0,0,0,0,0,0
SNORA18,0,0,0,0,0,0
SNORA19,1,0,1,4,0,1
SNORA1B,0,0,0,0,0,0
SNORA20,0,0,0,4,3,1
SNORA20B,0,0,0,0,0,0
SNORA21,0,0,0,0,0,0
SNORA21B,0,0,0,0,0,0
SNORA22,95,168,194,58,57,63
SNORA22B,1,0,1,12,2,11
SNORA22C,43,45,71,22,26,26
SNORA23,1,0,4,10,12,15
SNORA24,0,0,0,0,0,0
SNORA24B,0,0,0,1,0,2
SNORA25,0,0,0,0,0,0
SNORA25B,0,0,0,0,0,0
SNORA26,0,0,0,0,0,0
SNORA27,0,0,0,0,0,0
SNORA28,1,0,5,6,3,3
SNORA29,0,0,0,0,0,0
SNORA2A,3,0,19,60,30,29
SNORA2B,3,0,5,17,5,12
SNORA2C,0,0,0,0,1,0
SNORA30,5,0,0,0,0,1
SNORA30B,0,0,0,0,1,0
SNORA31,0,0,2,1,0,0
SNORA31B,0,0,0,0,0,0
SNORA32,0,0,0,0,0,0
SNORA33,10,0,15,17,18,10
SNORA35,0,0,0,0,0,0
SNORA35B,0,0,0,0,0,0
SNORA36A,0,0,0,0,0,0
SNORA36B,0,0,0,0,0,0
SNORA36C,0,0,0,1,0,0
SNORA37,1,0,2,0,6,2
SNORA38,2,7,9,5,10,8
SNORA38B,3,6,3,1,8,9
SNORA3A,0,0,0,0,0,0
SNORA3B,1,3,6,0,6,0
SNORA3C,0,0,0,0,0,0
SNORA4,0,0,0,0,0,0
SNORA40,0,0,0,0,0,0
SNORA40B,0,0,0,1,1,1
SNORA40C,0,0,0,1,0,0
SNORA41,0,0,0,0,0,0
SNORA41B,0,0,0,0,0,0
SNORA44,0,0,0,0,0,0
SNORA46,0,0,8,4,3,5
SNORA47,2,1,12,0,7,6
SNORA48,0,0,0,0,0,0
SNORA48B,0,0,0,0,0,0
SNORA49,6,0,29,17,11,17
SNORA50A,0,0,0,0,0,0
SNORA50B,0,0,0,0,0,0
SNORA50C,0,0,0,0,0,0
SNORA50D,0,0,0,0,0,0
SNORA51,0,0,0,0,0,0
SNORA52,0,0,0,0,0,0
SNORA53,7,0,5,3,7,7
SNORA54,1,0,3,6,5,1
SNORA55,0,0,0,0,0,0
SNORA56,0,0,0,0,0,0
SNORA57,0,0,0,0,0,0
SNORA58B,0,0,0,0,2,2
SNORA59B,1,0,4,0,5,5
SNORA5A,6,2,13,5,6,5
SNORA5B,0,0,0,0,0,0
SNORA5C,1,0,4,1,2,1
SNORA6,0,0,0,0,0,0
SNORA60,0,0,0,0,0,0
SNORA61,0,0,0,0,0,0
SNORA62,0,0,0,0,0,0
SNORA63,0,0,0,0,0,0
SNORA63B,0,0,0,0,0,0
SNORA63C,1,0,5,3,1,3
SNORA63D,0,0,0,1,2,3
SNORA63E,0,0,0,0,0,0
SNORA64,0,0,0,0,0,0
SNORA65,10,0,23,12,9,14
SNORA66,2,0,4,2,5,3
SNORA67,0,0,0,0,0,0
SNORA68,0,0,0,0,0,0
SNORA68B,3,0,2,10,9,14
SNORA69,0,0,0,0,2,1
SNORA70,0,0,0,0,0,0
SNORA70B,0,0,0,0,0,0
SNORA70C,0,0,0,0,0,0
SNORA70D,0,0,0,0,0,0
SNORA70E,0,0,0,0,0,0
SNORA70F,0,0,0,0,0,1
SNORA70G,0,0,0,0,0,0
SNORA70H,0,0,0,0,0,0
SNORA70I,0,0,1,0,0,0
SNORA70J,0,0,0,0,0,0
SNORA71A,0,0,0,0,0,0
SNORA71C,0,0,0,0,0,0
SNORA71D,0,0,0,0,0,0
SNORA71E,0,0,0,0,0,0
SNORA72,7,0,17,3,4,8
SNORA73A,0,0,0,0,0,0
SNORA73B,146,172,1260,333,532,560
SNORA74A,0,0,1,1,1,5
SNORA74B,0,0,1,3,1,0
SNORA74C-1,0,0,0,0,0,0
SNORA74C-2,0,0,0,0,1,0
SNORA74D,1,0,2,2,3,5
SNORA75,0,0,0,0,0,0
SNORA75B,0,0,0,0,0,0
SNORA77,0,0,0,0,0,0
SNORA77B,0,0,0,0,0,0
SNORA78,0,0,0,0,0,0
SNORA79,0,0,0,5,3,1
SNORA79B,3,11,20,34,33,32
SNORA7A,0,0,0,0,0,0
SNORA7B,2,0,7,7,2,9
SNORA8,0,0,0,0,0,0
SNORA80A,0,0,1,1,3,6
SNORA80B,0,0,2,0,0,0
SNORA80C,0,0,2,3,0,2
SNORA80D,1,0,10,3,1,4
SNORA80E,1,2,3,2,2,7
SNORA81,0,0,0,0,0,0
SNORA84,0,0,1,0,0,0
SNORA9,0,0,0,0,0,0
SNORA9B,2,0,1,5,5,11
SNORC,2,23,8,6,15,16
SNORD10,0,0,0,0,0,0
SNORD100,0,0,7,4,10,6
SNORD101,7,0,7,24,17,9
SNORD102,0,0,0,0,0,0
SNORD104,5,1,113,6,68,58
SNORD105,0,0,0,0,0,0
SNORD105B,0,0,0,0,0,0
SNORD107,0,0,0,0,0,0
SNORD108,0,0,0,0,0,0
SNORD109A,0,0,0,0,0,0
SNORD109B,0,0,0,0,0,0
SNORD11,0,0,6,16,15,13
SNORD110,0,0,0,0,0,0
SNORD111,0,0,1,2,4,2
SNORD112,0,0,0,0,0,0
SNORD113-1,0,0,0,0,0,0
SNORD113-2,0,0,0,0,0,0
SNORD113-3,0,0,0,0,0,0
SNORD113-4,0,0,0,0,0,0
SNORD113-5,0,0,0,0,0,0
SNORD113-6,0,0,0,0,0,0
SNORD113-7,0,0,0,0,0,0
SNORD113-8,0,0,0,0,0,0
SNORD113-9,0,0,0,0,0,0
SNORD114-1,0,0,0,0,0,0
SNORD114-10,0,0,0,0,0,0
SNORD114-11,0,0,0,0,0,0
SNORD114-12,0,0,0,0,0,0
SNORD114-13,0,0,0,0,0,0
SNORD114-14,0,0,0,0,0,0
SNORD114-15,0,0,0,0,0,0
SNORD114-16,0,0,0,0,0,0
SNORD114-17,0,0,0,0,0,0
SNORD114-18,0,0,0,0,0,0
SNORD114-19,0,0,0,0,0,0
SNORD114-2,0,0,0,0,0,0
SNORD114-20,0,0,0,0,0,0
SNORD114-21,0,0,0,0,0,0
SNORD114-22,0,0,0,0,0,0
SNORD114-23,0,0,0,0,0,0
SNORD114-24,0,0,0,0,0,0
SNORD114-25,0,0,0,0,0,0
SNORD114-26,0,0,0,0,0,0
SNORD114-27,0,0,0,0,0,0
SNORD114-28,0,0,0,0,0,0
SNORD114-29,0,0,0,0,0,0
SNORD114-3,0,0,0,0,0,0
SNORD114-30,0,0,0,0,0,0
SNORD114-31,0,0,0,0,0,0
SNORD114-5,0,0,0,0,0,0
SNORD114-6,0,0,0,0,0,0
SNORD114-7,0,0,0,0,0,0
SNORD114-9,0,0,0,0,0,0
SNORD115-1,0,0,0,0,0,0
SNORD115-10,0,0,0,0,0,0
SNORD115-11,0,0,0,0,0,0
SNORD115-12,0,0,0,0,0,0
SNORD115-13,0,0,0,0,0,0
SNORD115-14,0,0,0,0,0,0
SNORD115-15,0,0,0,0,0,0
SNORD115-16,0,0,0,0,0,0
SNORD115-17,0,0,0,0,0,0
SNORD115-18,0,0,0,0,0,0
SNORD115-19,0,0,0,0,0,0
SNORD115-2,0,0,0,0,0,0
SNORD115-20,0,0,0,0,0,0
SNORD115-21,0,0,0,0,0,0
SNORD115-22,0,0,0,0,0,0
SNORD115-23,0,0,0,0,0,0
SNORD115-24,0,0,0,0,0,0
SNORD115-25,0,0,0,0,0,0
SNORD115-26,0,0,0,0,0,0
SNORD115-27,0,0,0,0,0,0
SNORD115-28,0,0,0,0,0,0
SNORD115-29,0,0,0,0,0,0
SNORD115-3,0,0,0,0,0,0
SNORD115-30,0,0,0,0,0,0
SNORD115-31,0,0,0,0,0,0
SNORD115-32,0,0,0,0,0,0
SNORD115-33,0,0,0,0,0,0
SNORD115-34,0,0,0,0,0,0
SNORD115-35,0,0,0,0,0,0
SNORD115-36,0,0,0,0,0,0
SNORD115-37,0,0,0,0,0,0
SNORD115-38,0,0,0,0,0,0
SNORD115-39,0,0,0,0,0,0
SNORD115-4,0,0,0,0,0,0
SNORD115-40,0,0,0,0,0,0
SNORD115-41,0,0,0,0,0,0
SNORD115-42,0,0,0,0,0,0
SNORD115-43,0,0,0,0,0,0
SNORD115-44,0,0,0,0,0,0
SNORD115-46,0,0,0,0,0,0
SNORD115-48,0,0,0,0,0,0
SNORD115-5,0,0,0,0,0,0
SNORD115-6,0,0,0,0,0,0
SNORD115-7,0,0,0,0,0,0
SNORD115-8,0,0,0,0,0,0
SNORD115-9,0,0,0,0,0,0
SNORD116-1,0,0,0,0,0,0
SNORD116-10,0,0,0,0,0,0
SNORD116-11,0,0,0,0,0,0
SNORD116-12,0,0,0,0,0,0
SNORD116-13,0,0,0,0,0,0
SNORD116-14,0,0,0,0,0,0
SNORD116-15,0,0,0,0,0,0
SNORD116-16,0,0,0,0,0,0
SNORD116-17,0,0,1,10,2,11
SNORD116-18,0,0,0,0,0,0
SNORD116-19,0,0,0,0,0,0
SNORD116-2,0,0,0,0,0,0
SNORD116-20,0,0,0,0,0,0
SNORD116-21,0,0,0,0,0,0
SNORD116-22,0,0,0,0,0,0
SNORD116-23,0,0,0,0,0,0
SNORD116-24,0,0,0,0,0,0
SNORD116-25,0,0,0,0,0,0
SNORD116-26,0,0,0,0,0,0
SNORD116-27,0,0,0,0,0,0
SNORD116-28,0,0,0,0,0,0
SNORD116-29,0,0,0,0,0,0
SNORD116-3,0,0,0,0,0,0
SNORD116-30,0,0,0,0,0,0
SNORD116-4,0,0,0,0,0,0
SNORD116-5,0,0,0,1,0,1
SNORD116-6,0,0,0,0,0,0
SNORD116-7,0,0,0,0,0,0
SNORD116-8,0,0,0,0,0,0
SNORD116-9,0,0,0,0,0,0
SNORD117,14,0,14,48,23,22
SNORD118,0,0,0,0,0,0
SNORD11B,1,0,2,9,8,5
SNORD12,0,0,0,0,0,0
SNORD121A,0,0,0,2,5,1
SNORD121B,0,0,0,0,0,0
SNORD124,0,0,0,1,8,6
SNORD125,0,0,0,0,0,0
SNORD127,0,0,0,5,6,1
SNORD12B,1,0,0,0,0,0
SNORD12C,9,0,2,1,2,6
SNORD13,8,0,18,15,8,12
SNORD13D,0,0,0,0,0,0
SNORD13E,0,0,0,0,0,1
SNORD13P1,0,0,0,0,0,0
SNORD13P3,0,0,2,0,0,0
SNORD14A,10,2,4,4,5,9
SNORD14B,0,0,0,0,0,0
SNORD14C,0,0,0,0,0,0
SNORD14D,0,0,0,0,0,0
SNORD14E,2,0,7,14,18,18
SNORD15A,0,0,0,1,0,0
SNORD15B,87,55,345,106,154,159
SNORD16,0,0,0,0,0,0
SNORD17,16,40,74,165,141,185
SNORD18A,0,0,0,0,0,0
SNORD18B,0,0,0,0,0,0
SNORD18C,0,0,0,0,0,0
SNORD19,4,0,9,15,7,3
SNORD19B,0,0,0,0,0,0
SNORD19C,11,13,17,26,13,13
SNORD1A,0,0,0,0,0,0
SNORD1B,0,0,0,2,4,7
SNORD1C,0,0,0,0,0,0
SNORD2,0,0,0,0,0,0
SNORD20,0,0,0,0,0,0
SNORD21,0,0,0,0,0,0
SNORD22,0,0,0,0,0,0
SNORD23,0,0,0,0,0,0
SNORD24,0,0,0,0,0,0
SNORD25,0,0,0,0,0,0
SNORD26,0,0,0,0,0,0
SNORD27,0,0,0,0,0,0
SNORD28,0,0,0,0,0,0
SNORD28B,0,0,0,0,0,0
SNORD30,0,0,0,0,0,0
SNORD31B,0,0,0,0,0,0
SNORD32A,0,0,0,0,0,0
SNORD32B,0,0,0,0,0,0
SNORD33,0,0,0,0,0,0
SNORD34,0,0,0,0,0,0
SNORD35A,0,0,0,0,0,0
SNORD35B,0,0,0,0,0,0
SNORD36A,0,0,0,0,0,0
SNORD36B,0,0,0,0,0,0
SNORD36C,0,0,0,0,0,0
SNORD37,0,0,2,0,1,1
SNORD38A,0,0,1,0,0,0
SNORD38B,0,0,0,0,0,0
SNORD38C,0,0,0,0,1,0
SNORD38D,0,0,0,0,0,0
SNORD3D,0,0,0,0,0,0
SNORD3E,0,0,0,0,0,0
SNORD3G,0,0,0,0,0,0
SNORD3H,0,0,0,0,0,0
SNORD3J,0,0,0,0,0,0
SNORD3P1,0,0,0,0,0,0
SNORD41,0,0,0,0,1,1
SNORD42A,0,0,0,0,0,0
SNORD42B,0,0,0,0,0,0
SNORD43,0,0,0,0,0,0
SNORD45A,0,0,0,0,0,0
SNORD45B,0,0,0,0,0,0
SNORD45C,0,0,0,0,0,0
SNORD46,1,0,10,2,0,2
SNORD48,0,0,0,0,0,0
SNORD49A,0,0,0,0,0,0
SNORD4A,15,10,26,35,36,31
SNORD4B,0,0,0,0,0,0
SNORD5,0,0,0,0,0,0
SNORD50B,0,0,0,0,0,0
SNORD51,0,0,0,0,0,0
SNORD52,0,0,0,0,0,0
SNORD53,1,0,4,2,0,0
SNORD53B,0,0,0,2,1,4
SNORD54,0,0,0,0,0,0
SNORD55,0,0,0,0,0,0
SNORD56,0,0,0,0,0,0
SNORD56B,0,0,0,0,0,0
SNORD57,0,0,0,0,0,0
SNORD58A,0,0,0,0,0,0
SNORD58B,0,0,0,0,0,0
SNORD59A,0,0,7,3,3,1
SNORD6,4,0,3,10,8,9
SNORD60,0,0,0,0,0,0
SNORD61,0,0,0,0,0,0
SNORD62A,0,0,0,1,0,1
SNORD62B,14,6,9,47,57,49
SNORD63,0,0,0,0,0,0
SNORD63B,0,0,0,0,0,0
SNORD64,0,0,0,0,0,0
SNORD65,0,0,0,0,0,0
SNORD65B,0,0,0,0,0,0
SNORD65C,0,0,0,0,0,0
SNORD66,0,0,2,2,2,7
SNORD67,1,0,10,11,8,19
SNORD69,1,4,3,3,2,5
SNORD7,0,0,0,0,0,0
SNORD70,0,0,0,3,0,1
SNORD70B,0,0,0,0,0,0
SNORD71,2,0,0,3,2,8
SNORD72,0,0,1,1,0,2
SNORD73A,0,0,0,0,0,0
SNORD73B,1,0,2,7,6,8
SNORD74B,0,0,0,0,0,0
SNORD77B,0,0,0,0,0,0
SNORD8,0,0,0,0,0,0
SNORD82,0,0,0,0,0,1
SNORD83A,18,0,42,19,42,32
SNORD83B,0,0,0,0,0,0
SNORD84,0,0,0,0,0,0
SNORD86,0,0,0,0,0,0
SNORD87,0,0,0,0,0,0
SNORD88A,0,0,0,0,1,2
SNORD88B,0,0,0,0,0,0
SNORD88C,0,0,0,0,0,0
SNORD89,4,0,1,2,5,4
SNORD9,0,0,0,1,1,0
SNORD90,0,0,0,0,1,0
SNORD92,0,0,0,0,0,2
SNORD93,1,0,1,4,1,1
SNORD94,11,0,4,10,13,14
SNORD95,0,0,0,0,0,0
SNORD96A,0,0,0,0,0,0
SNORD96B,0,0,0,1,0,0
SNORD97,0,0,0,0,0,0
SNORD98,0,0,2,0,0,0
SNORD99,0,12,5,5,6,4
SNPH,1,1,12,43,247,239
SNRK,221,100,372,250,249,349
SNRNP200,2070,901,4688,3601,6632,7937
SNRNP25,52,14,188,46,265,227
SNRNP27,182,92,707,284,538,600
SNRNP35,201,94,628,243,669,676
SNRNP40,222,133,534,316,449,380
SNRNP48,364,231,688,904,685,834
SNRNP70,474,200,1696,906,2478,2575
SNRPA,610,276,1904,472,1384,1325
SNRPA1,331,159,932,662,897,775
SNRPA1-DT,7,4,8,6,4,9
SNRPB,84,62,540,68,458,435
SNRPB2,1337,962,3033,1455,1966,1966
SNRPB2P1,0,0,0,0,0,0
SNRPBP1,0,0,0,0,0,0
SNRPC,2265,1662,3543,3906,4827,4574
SNRPCP10,0,0,0,0,0,0
SNRPCP11,0,0,0,0,0,0
SNRPCP14,0,0,0,0,0,0
SNRPCP15,0,0,0,0,0,0
SNRPCP16,0,0,0,0,0,0
SNRPCP17,0,0,0,0,0,0
SNRPCP6,0,0,0,0,0,0
SNRPCP7,0,0,0,0,0,0
SNRPCP8,0,0,0,0,0,0
SNRPCP9,0,0,0,0,0,0
SNRPD1,458,324,1186,1197,1702,1627
SNRPD2,588,381,1895,1224,2778,2456
SNRPD3,941,696,1903,1511,2196,1967
SNRPE,829,554,1654,1303,1712,1560
SNRPEP8,0,0,0,0,0,0
SNRPEP9,0,0,0,0,0,0
SNRPF,250,133,1132,909,1874,1758
SNRPF-DT,0,0,1,12,10,15
SNRPFP3,0,0,0,0,0,0
SNRPFP4,0,0,0,0,0,0
SNRPG,499,303,1139,1219,1594,1512
SNRPGP12,0,0,0,0,0,0
SNRPGP14,6,0,6,4,1,3
SNRPGP16,0,0,0,0,0,0
SNRPGP18,0,0,0,0,0,0
SNRPGP19,0,0,0,0,0,0
SNRPGP20,0,0,0,0,0,0
SNRPGP8,0,0,0,0,0,0
SNRPN,22,16,52,36,72,55
SNTA1,13,6,138,16,96,103
SNTB1,92,24,139,79,73,54
SNTB2,576,279,817,1540,1342,1552
SNTG1,0,0,0,0,0,0
SNTG2,0,0,0,0,0,0
SNTN,0,0,0,2,1,2
SNU13,220,191,1152,446,1378,1448
SNUPN,401,332,936,321,592,548
SNURF,13,0,12,33,19,25
SNW1,1574,845,3247,2310,2431,2482
SNX1,1758,837,3625,2474,2818,3034
SNX10,560,349,1245,167,139,144
SNX10-AS1,6,0,21,5,3,4
SNX11,184,69,350,277,402,404
SNX12,480,267,1316,982,2056,2253
SNX13,1886,1056,3178,2112,1568,1970
SNX14,227,74,321,542,441,540
SNX15,3,0,26,10,18,28
SNX16,365,213,573,379,351,377
SNX17,209,118,541,243,615,630
SNX18,1751,892,3150,1673,1726,1873
SNX18P2,0,0,0,0,0,0
SNX18P27,0,0,0,0,0,0
SNX19,3726,1815,5729,3630,4104,4908
SNX19P4,0,0,0,0,0,0
SNX2,2392,1444,4310,2175,2824,2860
SNX20,0,0,0,0,0,0
SNX21,140,67,623,113,334,399
SNX22,7,6,32,62,159,145
SNX24,607,338,991,392,435,455
SNX25,172,28,264,334,274,366
SNX25P1,0,0,3,7,4,5
SNX27,1384,650,2054,2064,1808,2190
SNX29,148,54,341,322,492,696
SNX2P1,0,0,0,0,0,0
SNX2P2,0,0,0,0,0,0
SNX3,886,484,1386,1514,1943,1684
SNX30,1454,687,2491,753,706,946
SNX30-DT,10,0,6,8,13,13
SNX31,0,0,0,0,1,0
SNX32,0,0,0,0,3,4
SNX33,381,177,1173,290,922,1100
SNX3P1X,0,0,0,0,0,0
SNX3P1Y,0,0,0,0,0,0
SNX4,556,330,1125,1013,989,1011
SNX5,807,362,1669,2216,2072,2161
SNX5P1,0,0,0,1,0,0
SNX6,1122,793,2572,2271,2450,2536
SNX7,0,0,0,0,0,0
SNX8,119,53,1061,31,203,208
SNX9,375,177,810,661,842,1007
SOAT1,1820,938,3080,9876,8877,10324
SOAT2,0,0,0,0,0,1
SOBP,1,0,4,56,49,60
SOCS1,0,0,0,0,0,0
SOCS2,0,0,0,0,1,0
SOCS2-AS1,1,0,0,0,0,0
SOCS3,11,2,41,17,64,59
SOCS3-DT,0,0,9,4,13,7
SOCS4,963,516,1557,1752,1168,1595
SOCS5,293,150,489,683,501,642
SOCS5P1,0,0,0,0,0,0
SOCS5P2,0,0,0,0,0,0
SOCS5P3,0,0,0,0,0,0
SOCS5P4,7,0,9,8,5,20
SOCS5P5,0,0,0,0,0,0
SOCS6,445,326,950,1077,937,1264
SOCS7,1241,613,2046,1126,1362,1842
SOD1,672,468,2818,3045,5633,5505
SOD1P1,0,0,0,0,0,0
SOD1P2,0,0,0,0,0,0
SOD2-OT1,1,0,2,2,7,8
SOD2P1,0,0,0,0,0,0
SOD3,21,4,120,132,779,769
SOHLH1,0,0,0,0,0,0
SOHLH2,0,0,0,0,1,2
SON,5515,2675,7795,15853,11463,16053
SORBS1,73,11,120,44,69,59
SORBS2,464,255,849,112,122,136
SORBS2-AS1,0,0,0,0,0,0
SORBS3,52,22,301,50,377,413
SORCS1,4,2,2,1,0,0
SORCS2,0,0,1,0,0,0
SORCS3,0,0,2,0,0,0
SORCS3-AS1,0,0,0,0,0,0
SORD,418,196,1072,386,662,693
SORL1,2377,1006,3530,4260,4048,5896
SORL1-AS1,5,0,1,4,0,0
SORT1,2706,1372,3835,6610,6064,7235
SOS1,871,507,1146,1547,1027,1386
SOS2,1199,632,1827,1451,1106,1344
SOST,0,0,1,0,0,3
SOSTDC1,3,0,3,8,20,12
SOWAHA,186,115,481,47,62,64
SOWAHB,215,69,461,239,339,403
SOWAHC,409,215,833,2046,1912,2386
SOWAHCP5,0,0,0,0,0,1
SOWAHD,0,0,3,2,3,5
SOX1,0,0,0,0,0,0
SOX1-OT,0,0,0,0,0,0
SOX10,0,0,0,0,0,0
SOX11,0,0,0,0,0,0
SOX12,243,154,1433,216,807,811
SOX13,307,152,889,537,1696,1813
SOX14,0,0,0,0,0,0
SOX15,0,0,0,0,0,5
SOX17,0,0,0,0,0,0
SOX18,0,0,0,0,0,5
SOX2,41,59,132,225,292,329
SOX2-OT,36,31,74,16,11,16
SOX21,0,0,0,0,0,0
SOX21-AS1,0,0,0,0,0,0
SOX3,0,0,0,0,0,0
SOX30,0,0,0,0,2,0
SOX4,1451,1012,2660,3205,3253,4320
SOX5,11,2,11,809,757,1105
SOX5-AS1,0,0,0,0,0,0
SOX6,5,0,6,3,1,1
SOX7,0,0,0,4,0,4
SOX8,0,0,0,0,0,0
SOX9,365,183,968,1555,1807,2133
SOX9-AS1,11,0,4,43,34,46
SP1,3874,1817,5787,6302,6359,8160
SP100,180,150,375,213,202,195
SP110,147,60,269,311,338,296
SP140,1,0,1,2,2,2
SP140L,226,143,477,696,732,765
SP2,240,88,787,136,418,510
SP2-AS1,62,25,100,38,40,65
SP2-DT,33,16,61,33,55,63
SP3,1346,732,2388,2587,2070,2368
SP4,372,194,617,133,135,184
SP5,0,0,1,0,0,0
SP6,40,1,82,185,479,609
SP7,0,0,0,0,0,0
SP8,0,0,0,0,0,0
SP9,0,0,0,0,0,0
SPA17,517,283,1104,1071,1054,1008
SPAAR,0,0,0,0,0,0
SPACA1,0,0,0,0,0,0
SPACA3,0,0,0,0,0,0
SPACA4,0,0,0,0,0,0
SPACA5,0,0,0,0,0,0
SPACA5B,0,0,0,0,0,0
SPACA6,28,4,80,846,1028,1286
SPACA6-AS1,3,9,5,54,61,55
SPACA7,0,0,0,0,0,0
SPACA9,76,42,366,51,156,192
SPACDR,0,0,0,1,0,0
SPADH,0,0,0,0,0,0
SPAG1,171,81,390,604,572,639
SPAG11B,0,0,0,0,0,0
SPAG16,306,216,812,396,452,415
SPAG17,5,0,5,4,1,1
SPAG4,9,11,134,14,84,106
SPAG5,596,293,1164,1112,1981,1948
SPAG6,0,0,2,0,0,1
SPAG7,235,66,2225,295,1271,1516
SPAG8,33,2,84,16,38,35
SPAG9,1881,803,3024,3989,3065,3957
SPAM1,0,0,0,0,0,0
SPANXA1,0,0,0,0,0,0
SPANXA2,0,0,0,0,0,0
SPANXA2-OT1,1,0,7,14,9,9
SPANXB1,0,0,0,0,0,0
SPANXC,0,0,0,0,0,0
SPANXD,0,0,0,0,0,0
SPANXN1,0,0,0,0,0,0
SPANXN2,0,0,0,0,0,0
SPANXN3,0,0,0,0,0,0
SPANXN4,0,0,0,0,0,0
SPANXN5,0,0,0,0,0,0
SPARC,1,0,2,2666,6443,7671
SPARCL1,10,0,7,42,45,64
SPART,378,166,573,852,759,714
SPART-AS1,3,0,0,1,0,1
SPAST,492,228,705,735,647,698
SPATA1,1,0,6,2,7,7
SPATA12,0,0,0,0,0,0
SPATA13,47,19,67,134.5,120.5,161.5
SPATA13-AS1,0,0,0,0,0,0
SPATA16,0,0,0,0,0,0
SPATA17,154,70,297,90,94,105
SPATA17-AS1,0,0,0,0,0,0
SPATA18,0,0,0,0,0,0
SPATA19,0,0,0,0,0,0
SPATA2,77,52,261,82,189,206
SPATA20,171,92,1334,182,1117,1231
SPATA21,0,0,0,0,0,0
SPATA22,0,0,0,0,0,0
SPATA24,13,3,64,16,24,28
SPATA25,9,1,69,6,11,9
SPATA2L,1,5,57,6,36,32
SPATA2P1,0,0,0,0,0,0
SPATA3,0,0,0,0,0,1
SPATA3-AS1,0,0,0,0,0,1
SPATA31A1,0,0,0,0,0,0
SPATA31A3,0,0,0,0,0,0
SPATA31A5,0,0,0,0,0,0
SPATA31A6,0,0,0,0,0,0
SPATA31A7,0,0,2,0,0,0
SPATA31B1P,0,0,0,0,0,0
SPATA31C1,0,0,0,0,0,0
SPATA31C2,0,0,0,0,0,0
SPATA31D1,0,0,0,0,0,0
SPATA31D2P,0,0,0,0,0,0
SPATA31D3,0,0,0,0,0,0
SPATA31D4,0,0,0,0,0,0
SPATA31E1,0,0,0,0,0,0
SPATA31F1,0,0,0,0,0,0
SPATA31F3,0,0,0,0,0,0
SPATA31G1,0,0,0,0,0,0
SPATA31H1,0,0,0,0,0,0
SPATA31J1,0,0,0,0,1,0
SPATA32,0,0,0,1,4,1
SPATA33,47,9,206,58,188,207
SPATA4,0,0,7,5,6,5
SPATA41,1,0,4,0,8,5
SPATA42,0,0,0,0,0,0
SPATA45,0,0,0,1,0,0
SPATA46,0,0,0,0,0,0
SPATA6,164,86,271,317,271,335
SPATA6L,53,2,61,11,16,25
SPATA7,120,78,290,134,160,152
SPATA8,0,0,0,0,0,0
SPATA8-AS1,0,0,0,0,0,0
SPATA9,0,0,1,1,0,0
SPATC1,0,0,0,0,0,0
SPATC1L,109,101,378,123,442,399
SPATS1,0,0,0,0,0,0
SPATS2,743,488,1590,2300,2936,3063
SPATS2L,127,71,243,202,396,379
SPC24,123,93,413,306,885,681
SPC25,65,54,218,330,526,440
SPCS1,466,391,1300,620,865,739
SPCS2,3463,2111,11128,3148,4690,4831
SPCS2P1,0,0,0,0,0,0
SPCS3,3163,1687,5831,3859,3396,3681
SPCS3-AS1,3,0,2,0,0,0
SPDEF,111,42,1334,83,1070,1110
SPDL1,216,165,464,704,748,741
SPDYA,1,0,0,10,3,10
SPDYC,0,0,0,0,0,0
SPDYE1,0,0,0,0,0,0
SPDYE10,0,0,0,0,0,0
SPDYE11,0,0,0,0,0,0
SPDYE12,0,0,0,0,0,0
SPDYE13,0,0,0,0,0,0
SPDYE14,0,0,0,0,0,0
SPDYE15,0,0,0,0,0,0
SPDYE16,1,0,3,0,0,0
SPDYE17,0,0,0,0,0,0
SPDYE18,12,0,12,0,1,3
SPDYE2,0,0,0,0,0,0
SPDYE21,0,0,0,0,0,1
SPDYE2B,0,0,0,0,0,0
SPDYE3,0,0,0,0,0,0
SPDYE4,0,0,5,0,1,1
SPDYE5,0,0,0,0,0,0
SPDYE6,0,0,0,0,0,0
SPDYE8,0,0,0,0,0,0
SPDYE9,0,0,0,0,0,0
SPECC1,666,330,1383,1569,1924,2152
SPECC1-DT,0,0,1,0,0,0
SPECC1L,157,52,440,314,580,655
SPECC1L-ADORA2A,0,0,0,0,1,0
SPECC1P2,0,0,0,0,0,0
SPEF1,0,0,18,2,6,7
SPEF2,979,490,1803,672,562,740
SPEG,3,1,34,94,336,379
SPEGNB,0,0,0,0,0,0
SPEM1,1,0,0,0,1,0
SPEM2,0,0,0,0,0,1
SPEM3,0,0,0,0,0,0
SPEN,524,196,866,941,1175,1564
SPEN-AS1,6,8,85,10,23,36
SPESP1,0,0,0,0,0,0
SPG11,2003,1107,2908,2735,2282,2697
SPG21,1302,700,2542,1419,1672,1668
SPG7,699,288,1763,1387,2378,2753
SPHK1,0,0,5,1,14,11
SPHK2,57,20,249,126,363,383
SPHKAP,0,0,0,0,1,1
SPI1,0,0,0,0,1,3
SPIB,0,0,1,0,2,1
SPIC,0,0,0,0,0,0
SPICE1,66,34,78,62,58,72
SPICP3,0,0,2,0,0,0
SPICP4,0,0,0,0,0,0
SPICP5,0,0,0,0,0,0
SPIDR,701,392,1592,1118,1718,1863
SPIN1,2538,1192,3586,1449,1200,1485
SPIN2A,0,0,0,0,0,1
SPIN2B,30,40,102,48,56,73
SPIN2P1,0,0,0,0,0,1
SPIN3,982,376,1591,979,836,855
SPIN4,364,143,567,806,748,990
SPINDOC,44,29,204,94,315,370
SPINK1,0,0,0,0,0,0
SPINK13,22,4,26,11,6,2
SPINK14,4,13,2,0,0,4
SPINK2,0,0,0,0,0,0
SPINK4,41,42,193,9,17,17
SPINK5,117,71,227,177,187,159
SPINK6,0,0,2,0,1,0
SPINK7,0,0,0,0,0,0
SPINK8,33,34,41,13,3,12
SPINK9,0,0,0,0,0,0
SPINT1,1507,679,6529,1050,4992,5305
SPINT1-AS1,79,23,182,64,93,104
SPINT2,740,534,2432,1249,4282,4628
SPINT3,0,0,0,0,0,0
SPINT4,0,0,0,0,0,0
SPINT5P,0,0,0,0,0,0
SPIRE1,390,253,677,863,711,910
SPIRE2,110,19,466,179,696,825
SPMAP1,1,0,4,0,0,0
SPMAP2,0,0,3,0,6,10
SPMAP2L,0,0,0,0,0,0
SPMIP1,1,0,9,7,20,16
SPMIP10,0,0,0,0,0,0
SPMIP11,0,0,0,0,0,0
SPMIP2,0,0,0,0,1,0
SPMIP3,0,0,0,0,0,0
SPMIP3P1,0,0,0,0,0,0
SPMIP4,3,2,5,28,56,47
SPMIP5,0,0,0,63,296,314
SPMIP6,1,0,7,0,1,3
SPMIP7,0,0,0,0,0,0
SPMIP8,0,0,0,0,0,0
SPMIP9,0,0,0,0,0,1
SPN,0,0,0,0,0,0
SPNS1,37,15,72,74,107,106
SPNS2,11,11,102,12,116,134
SPNS3,0,0,0,0,0,1
SPO11,0,0,0,0,0,0
SPOCD1,178,40,596,138,388,422
SPOCK1,2,0,9,6,11,11
SPOCK2,0,0,2,6,15,14
SPOCK3,0,0,0,0,0,1
SPON1,0,0,1,1,1,0
SPON2,0,0,5,0,0,0
SPOP,930,385,2183,982,1304,1537
SPOPL,558,335,1035,1712,1273,1581
SPOUT1,0,0,2,0,9,17
SPP1,0,0,0,0,0,0
SPP2,0,0,0,0,0,0
SPPL2A,1922,930,3160,2976,2597,2784
SPPL2B,78,49,362,109,441,517
SPPL2C,0,0,0,0,0,0
SPPL3,485,302,1300,786,1287,1318
SPR,39,21,153,99,373,376
SPRED1,68,44,124,519,421,447
SPRED2,319,116,600,674,814,959
SPRED3,43,11,68,114,226,260
SPRING1,1392,782,2492,2126,2487,2893
SPRING1P3,0,0,0,0,0,0
SPRN,0,0,0,0,0,0
SPRR1A,0,0,7,0,0,0
SPRR1B,0,0,1,0,0,0
SPRR2A,0,0,0,0,0,0
SPRR2B,0,0,0,0,0,0
SPRR2D,0,0,0,0,0,0
SPRR2E,0,0,0,0,0,0
SPRR2F,0,0,0,0,0,0
SPRR2G,0,0,0,0,0,0
SPRR3,2,0,0,4,3,6
SPRR4,0,0,0,0,0,0
SPRR5,0,0,0,0,0,0
SPRTN,328,183,715,450,503,657
SPRY1,79,66,146,93,78,86
SPRY2,101,37,266,324,508,546
SPRY3,37,11,48,184,130,209
SPRY4,0,0,0,73,92,107
SPRY4-AS1,0,0,0,4,1,0
SPRYD3,271,122,1543,259,1023,1088
SPRYD4,352,122,714,604,983,1053
SPRYD7,203,92,444,374,456,400
SPRYD7P1,0,0,0,0,0,0
SPSB1,14,15,43,30,96,114
SPSB2,2,0,56,15,36,55
SPSB3,30,2,223,14,138,127
SPSB4,1,0,0,2,3,1
SPTA1,3,0,2,0,0,1
SPTAN1,1508,668,4764,2429,5546,5902
SPTB,0,0,1,4,10,8
SPTBN1,850,395,1747,2010,3058,3768
SPTBN2,656,256,2004,613,2062,2266
SPTBN4,41,17,125,61,138,175
SPTBN5,2,1,36,10,68,83
SPTLC1,1096,514,2166,1268,1200,1393
SPTLC1P1,0,1,0,0,0,0
SPTLC1P3,0,0,0,0,0,0
SPTLC1P4,0,0,0,0,0,1
SPTLC1P5,0,0,0,0,0,0
SPTLC2,5392,2865,9558,11080,10313,13508
SPTLC3,463,249,696,637,589,683
SPTSSA,658,371,1550,1612,1840,2055
SPTSSB,911,466,1827,1332,1563,1522
SPTY2D1,796,346,1476,1612,1459,1738
SPX,0,0,4,4,12,7
SPZ1,0,0,0,0,0,0
SQLE,632,340,1396,4891,4755,5607
SQLE-DT,0,0,0,0,0,0
SQOR,206,144,311,139,220,223
SQSTM1,659,327,4107,818,3540,3840
SQSTM1P1,0,0,0,0,0,0
SRA1,90,65,355,95,234,252
SRARP,42,12,152,371,704,821
SRBD1,282,177,598,758,615,687
SRC,165,79,884,212,1180,1215
SRCAP,68,27,184,92,128,215
SRCIN1,44,24,263,289,943,1094
SRD5A1,137,102,291,384,424,498
SRD5A2,3,0,2,3,4,9
SRD5A2P1,0,0,0,0,0,0
SRD5A3,82,52,91,82,92,88
SRD5A3-AS1,1,0,5,0,3,1
SREBF1,120,31,715,512,2565,2878
SREBF2,891,360,2541,1770,4016,4735
SREK1,2383,844,3336,4597,2991,3768
SREK1IP1,589,392,1287,1289,1167,1613
SREK1IP1P2,0,0,0,0,0,0
SRF,401,176,1094,452,1242,1361
SRFBP1,503,245,926,710,555,682
SRGAP1,97,17,124,364,329,408
SRGAP2,1088,553,1671,1007,1386,1595
SRGAP2-AS1,0,0,0,0,0,0
SRGAP2B,149,71,316,189,243,283
SRGAP2C,178,100,420,320,439,468
SRGAP3,255,76,513,1462,2128,2493
SRGAP3-AS2,0,0,0,1,1,0
SRGAP3-AS3,0,0,0,0,0,0
SRGAP3-AS4,4,0,8,4,12,11
SRGN,16,14,33,69,94,96
SRGNP1,0,0,0,0,0,0
SRI,225,173,683,680,987,873
SRI-AS1,0,0,0,3,0,0
SRIP3,0,0,0,0,0,0
SRL,0,0,2,0,3,0
SRM,33,16,216,55,307,306
SRMS,0,0,0,0,1,0
SRP14,1548,1064,8424,2383,9598,9512
SRP14-DT,94,17,159,51,61,98
SRP14P2,0,1,0,0,0,2
SRP14P3,0,0,2,0,1,0
SRP14P4,1,0,0,0,0,0
SRP14P5,0,0,0,0,0,0
SRP19,224,133,461,323,412,442
SRP54,1930,958,3668,3336,3779,3808
SRP68,1465,763,2938,2533,3420,3559
SRP68P1,0,0,0,0,0,0
SRP68P2,0,0,0,0,0,0
SRP68P3,0,0,0,0,0,0
SRP72,3179,1928,5574,4772,5045,5701
SRP72P1,0,0,0,0,0,0
SRP72P2,0,0,1,1,0,0
SRP9,3315,1618,7625,5422,8576,8508
SRPK1,923,381,1613,3997,4051,4706
SRPK2,931,445,1635,1746,1672,1981
SRPK2P,0,0,0,0,0,1
SRPK3,1,0,7,1,2,5
SRPRA,2725,1524,7435,2977,6110,6461
SRPRB,1402,1003,3153,1291,1722,1581
SRPX,0,0,0,0,0,0
SRPX2,0,0,0,7,8,6
SRR,183,137,339,183,238,254
SRRD,328,246,733,840,871,944
SRRM1,1424,839,2672,2896,3669,4298
SRRM1P1,1,0,0,0,0,2
SRRM2,17778,4709,25900,16304,22858,28512
SRRM2-AS1,18,0,78,19,45,54
SRRM3,42,27,180,7,65,53
SRRM4,0,0,0,0,1,1
SRRM5,1,0,4,7,10,16
SRRT,283,101,1670,574,2729,2702
SRSF1,1559,568,2429,2390,2082,1965
SRSF10,1971,900,3487,6037,4654,5800
SRSF11,2168,699,3115,5191,4659,5306
SRSF12,0,0,0,0,0,0
SRSF2,1038,535,1961,2616,2858,2699
SRSF2P1,0,0,0,0,0,0
SRSF3,3272,2122,5773,5441,7133,7110
SRSF4,521,182,1086,895,1027,1068
SRSF5,2884,1283,8697,4539,6769,7451
SRSF6,3483,1749,5554,4112,4113,4547
SRSF7,879,415,2987,1262,3115,3303
SRSF8,353,237,839,203,279,293
SRSF9,1000,566,2848,2451,4735,4355
SRXN1,0,0,2,0,0,1
SRY,0,0,0,0,0,0
SS18,1499,662,3141,2294,2765,3021
SS18L1,612,317,1172,801,975,1153
SS18L2,137,77,416,152,366,353
SSB,1315,820,3379,4027,4361,4274
SSBL3P,0,0,0,0,0,0
SSBL5P,0,0,0,0,0,2
SSBL6P,0,0,0,0,0,0
SSBP1,938,542,1942,1982,2224,2104
SSBP2,697,406,1261,1592,1780,1905
SSBP3,189,120,670,248,479,539
SSBP3-AS1,0,0,2,0,0,3
SSBP3P3,0,0,0,0,0,0
SSBP3P4,0,0,0,0,0,0
SSBP3P5,0,0,0,0,0,0
SSBP3P6,0,0,0,0,0,0
SSBP4,32,16,169,10,119,129
SSC4D,1,6,20,3,9,15
SSC5D,0,5,3,10,36,65
SSH1,338,181,759,424,610,735
SSH2,234,104,382,1162,1029,1348
SSH3,199,86,1091,291,2000,2219
SSMEM1,0,0,0,0,0,0
SSNA1,63,29,876,16,295,282
SSPN,2,0,2,42,48,52
SSPOP,15,2,69,13,76,137
SSR1,4914,2690,9095,5793,6152,6851
SSR1P1,0,0,0,0,0,0
SSR1P2,0,0,0,0,0,0
SSR2,4217,2839,10817,3234,6941,6790
SSR3,4736,2904,9680,5488,6391,6313
SSR4,176,64,1736,76,570,548
SSRP1,2357,1482,6832,2975,5712,5657
SST,0,0,0,0,0,0
SSTR1,0,0,0,0,0,0
SSTR2,183,72,330,4606,5689,7167
SSTR3,0,0,0,0,1,0
SSTR4,0,0,0,0,0,0
SSTR5,0,0,0,0,0,0
SSTR5-AS1,0,0,0,0,0,0
SSU72,276,240,1271,412,1172,1054
SSU72L1,0,0,0,0,0,0
SSU72L2,0,0,0,0,0,0
SSU72L3,0,0,0,0,0,0
SSU72L4,0,0,0,0,0,0
SSU72L5,0,0,0,0,0,0
SSU72L6,0,0,0,0,0,0
SSU72P1,0,0,0,0,0,0
SSU72P6,0,0,0,0,0,0
SSUH2,0,0,0,1,0,1
SSX1,0,0,4,1,0,0
SSX13P,0,0,0,0,0,0
SSX18P,0,0,0,2,0,0
SSX2,17,17,33,0,0,0
SSX20P,0,0,0,0,0,0
SSX21P,0,0,0,0,0,0
SSX2B,14,22,48,0,0,0
SSX2IP,381,181,798,792,596,724
SSX3,0,0,0,0,0,0
SSX4,0.5,0,0,0,0,0
SSX5,0,0,0,0,0,0
SSX7,0,0,0,0,0,0
ST13,4201,2323,9471,10127,11925,13096
ST13P12,0,0,0,0,0,0
ST13P15,0,0,0,0,1,0
ST13P17,0,0,0,0,0,0
ST13P19,0,0,0,0,0,0
ST13P20,0,0,0,0,0,0
ST13P9,0,0,0,0,0,0
ST14,476,241,3485,727,5429,5493
ST18,0,0,0,1,0,0
ST20,23,2,16,36,15,27
ST20-MTHFS,1,0,12,1,8,26
ST3GAL1,454,277,1175,491,911,1062
ST3GAL2,70,22,153,112,338,346
ST3GAL3,11,2,13,27,36,40
ST3GAL3-AS1,0,0,0,0,0,0
ST3GAL4,118,54,352,283,729,753
ST3GAL5,0,0,1,53,60,68
ST3GAL6,2,0,0,7,8,11
ST6GAL1,1636,787,2684,4280,6647,7833
ST6GAL2,0,0,0,0,0,0
ST6GALNAC1,0,0,0,0,0,0
ST6GALNAC2,42,13,211,60,249,233
ST6GALNAC2P1,0,0,0,0,0,0
ST6GALNAC3,0,0,0,0,0,0
ST6GALNAC4,4,5,101,3,48,51
ST6GALNAC4P1,0,0,1,0,0,0
ST6GALNAC5,0,0,3,2,0,2
ST6GALNAC6,0,0,4,0,8,9
ST7,155,93,295,197,236,258
ST7-AS1,9,6,26,0,2,7
ST7-AS2,0,0,0,0,0,0
ST7-OT4,2,0,1,2,1,1
ST7L,246,123,481,385,375,340
ST8SIA1,16,13,35,101,102,99
ST8SIA2,0,0,0,0,0,0
ST8SIA3,0,0,0,0,0,0
ST8SIA4,0,0,0,0,0,0
ST8SIA5,0,0,0,0,0,1
ST8SIA5-DT,0,0,0,0,0,0
ST8SIA6,44,33,74,62,33,87
ST8SIA6-AS1,1234,590,1874,1718,1804,1788
STAB1,0,0,0,0,2,1
STAB2,1,0,0,0,0,0
STAC,0,0,1,2,1,1
STAC2,0,0,0,0,0,0
STAC3,7,0,16,30,71,60
STAG1,1394,696,2492,1593,1413,1492
STAG1-DT,0,0,1,12,4,6
STAG2,2473,1505,4339,4943,3961,5170
STAG2-AS1,0,0,1,1,4,7
STAG3,1,3,2,1,9,9
STAG3L5P-PVRIG2P-PILRB,5,0,20,2,24,33
STAM,523,333,1067,1305,1575,1737
STAM-DT,1,0,8,32,25,40
STAM2,765,465,1256,975,810,950
STAMBP,691,267,1460,1372,1634,1829
STAMBPL1,31,43,79,40,31,46
STAP1,0,0,0,0,0,0
STAP2,66,55,629,133,778,888
STAR,0,0,0,0,12,7
STARD10,235,130,1075,210,1194,1193
STARD13,736,372,1547,472,639,766
STARD13-AS,0,0,0,0,0,0
STARD3,125,71,514,199,641,681
STARD3NL,340,242,642,692,855,834
STARD4,292,155,522,2269,1696,2190
STARD4-AS1,6,0,8,28,9,30
STARD5,213,105,527,179,318,296
STARD6,6,0,1,4,4,1
STARD7,1097,624,2269,2244,2477,2540
STARD8,4,1,27,35,87,117
STARD9,1,0,8,4,3,6
STAT1,1049,538,1865,2515,2702,2304
STAT2,982,495,1803,1643,2675,2574
STAT3,1348,743,2922,3745,5929,7115
STAT4,0,0,2,9,6,10
STAT4-AS1,0,0,0,1,0,0
STAT5A,36,16,127,5,22,31
STAT5B,410,249,1070,734,1206,1397
STAT6,1443,754,4524,2321,6835,7751
STATH,0,0,0,0,0,0
STAU1,2851,1665,6700,3756,6232,7128
STAU2,1088,593,1815,1992,1529,1823
STAU2-AS1,0,0,2,1,0,1
STBD1,0,0,13,0,6,12
STBD1P1,0,0,0,0,0,0
STC1,891,461,1558,956,1048,1045
STC2,27269,14850,78522,4231,8820,8210
STEAP1,225,231,499,1001,1256,1240
STEAP1B,0,0,2,1,2,1
STEAP1B-AS1,0,0,0,0,0,0
STEAP2,1171,568,1455,7728,5759,7050
STEAP2-AS1,0,0,1,3,4,9
STEAP3,377,159,1003,307,488,646
STEAP3-AS1,0,0,0,0,0,0
STEAP4,49,12,74,153,118,185
STEEP1,386,265,876,634,924,883
STH,0,0,0,1,0,0
STIL,263,146,389,551,490,424
STIM1,194,108,541,267,621,756
STIM1-AS1,0,0,5,0,1,0
STIM2,169,108,374,327,306,367
STIMATE,13,3,30,2,11,21
STIMATE-MUSTN1,8,0,9,3,3,11
STING1,19,8,84,87,370,308
STIP1,2563,1525,7332,4040,8155,8115
STK10,32,20,102,99,298,289
STK11,134,91,837,262,794,796
STK11IP,82,33,459,56,345,374
STK16,143,104,685,169,546,587
STK17A,199,66,372,314,315,254
STK17B,95,87,207,227,199,202
STK19,102,16,321,282,360,428
STK24,765,443,2256,1229,2257,2495
STK25,121,49,855,114,785,786
STK26,469,313,812,4197,3450,3953
STK3,613,331,1357,918,913,1022
STK31,0,0,0,1,1,0
STK32A,4,0,8,4,6,9
STK32B,11,11,26,45,90,59
STK32C,18,7,182,17,107,117
STK33,0,0,0,0,0,0
STK33P1,0,0,0,0,0,0
STK35,521,245,1433,635,1423,1703
STK36,457,238,977,779,1307,1653
STK38,884,450,1709,2165,1948,2153
STK38L,187,93,370,1093,820,1051
STK39,181,174,329,474,389,392
STK4,1475,862,2392,1916,1950,2289
STK4-DT,20,13,28,3,24,19
STK40,162,77,665,162,575,628
STKLD1,12,2,30,11,30,23
STMN1,1584,1170,3506,2785,2917,2582
STMN2,0,0,0,0,0,0
STMN3,8,15,45,2,14,13
STMN4,3,0,1,0,0,1
STMND1,68,48,154,88,93,108
STMP1,315,153,639,534,607,638
STN1,168,101,404,197,331,287
STOM,731,452,1815,779,1101,1099
STOML1,15,7,95,16,61,56
STOML2,242,145,935,151,464,437
STOML3,1,0,0,0,1,0
STON1,17,7,17,291,294,301
STON1-GTF2A1L,0,0,0,1,1,0
STON2,31,13,50,237,232,297
STOX1,83,45,154,131,92,101
STOX2,0,0,1,32,25,33
STPG1,179,96,368,162,293,277
STPG2,6,2,11,2,7,6
STPG2-AS1,0,0,0,0,0,0
STPG3,0,0,0,0,0,0
STPG3-AS1,44,0,141,9,54,76
STPG4,0,0,0,2,3,2
STRA6,0,0,0,0,4,3
STRA8,0,0,0,0,0,0
STRADA,61,7,63,249,166,228
STRADB,89,64,167,350,340,334
STRAP,1300,1017,2852,4941,5930,6088
STRBP,2008,1023,3306,1520,1286,1414
STRC,4,0,2,3,7,9
STRIP1,245,151,568,264,549,665
STRIP2,22,14,37,220,191,244
STRIT1,0,0,0,0,0,1
STRN,1325,670,1686,2404,1617,2229
STRN3,686,455,1202,1567,1309,1468
STRN4,113,87,814,195,770,891
STS,77,39,81,513,510,689
STSP1,0,0,0,0,0,0
STT3A,15276,8666,21989,14165,15336,16730
STT3B,6086,3805,10312,7820,6612,7010
STUB1,45,20,629,70,708,768
STUB1-DT,0,0,4,0,1,1
STUM,0,0,4,7,13,6
STX10,23,16,262,28,252,263
STX11,3,0,0,3,0,0
STX12,280,132,608,864,987,1078
STX16,1066,596,2191,1625,1991,2180
STX16-NPEPL1,8,0,31,17,43,57
STX17,1090,447,1715,1624,1396,1749
STX18,298,175,683,434,594,524
STX18-AS1,204,113,434,159,162,206
STX18-IT1,0,0,0,0,0,0
STX18P1,0,0,0,0,0,1
STX19,9,4,42,22,14,16
STX1A,13,1,86,8,33,75
STX1B,15,12,33,19,47,60
STX2,107,100,263,170,172,201
STX3,1582,917,2639,2719,2652,2838
STX4,189,92,881,349,1175,1155
STX5,404,241,1490,213,619,580
STX5-DT,8,0,17,5,5,4
STX6,1349,743,2670,2543,2851,3389
STX7,664,370,1315,1153,1097,1191
STX8,364,253,723,402,439,472
STXBP1,44,22,141,110,167,161
STXBP2,68,30,396,86,375,399
STXBP3,415,142,930,745,739,827
STXBP4,534,220,731,956,725,851
STXBP5,169,63,230,754,510,707
STXBP5-AS1,2,0,1,2,3,1
STXBP5L,41,13,59,396,295,406
STXBP6,20,9,33,52,38,47
STYK1,9,4,32,164,243,250
STYX,977,560,1703,1401,1327,1445
STYXL1,282,170,1156,179,454,442
STYXL2,0,0,0,0,0,2
SUB1,1955,1447,4664,6426,6781,6698
SUCLA2,508,230,1076,1238,1248,1247
SUCLA2P2,0,0,0,0,0,0
SUCLG1,438,306,1196,689,932,859
SUCLG2,1067,518,2698,1207,1645,1807
SUCLG2-DT,24,20,32,78,61,63
SUCNR1,0,0,0,0,0,3
SUCO,2196,1031,3868,2683,2160,2414
SUDS3,2691,1521,4919,4454,4133,4845
SUFU,273,117,767,333,887,977
SUGCT,3,0,4,0,8,3
SUGCT-AS1,0,0,0,0,0,0
SUGP1,394,283,906,924,1226,1247
SUGP2,1098,377,2253,2692,4110,4811
SUGT1,481,236,914,718,908,882
SUGT1-DT,2,13,17,10,28,14
SUGT1P2,2,0,0,5,2,4
SUGT1P4-STRA6LP,8,14,16,13,6,2
SUGT1P4-STRA6LP-CCDC180,0,0,1,1,0,0
SULF1,3546,1513,5396,90,98,117
SULF2,546,245,1781,204,652,676
SULT1A1,146,111,478,187,647,687
SULT1A2,9,2,59,4,15,24
SULT1A3,4,0,2,9,13,19
SULT1A4,0,0,0,0,0,0
SULT1B1,0,0,0,1,1,2
SULT1C2,3,0,0,0,1,1
SULT1C2P2,0,0,0,0,0,0
SULT1C3,0,0,0,0,0,0
SULT1C4,0,0,0,0,0,0
SULT1D1P,0,0,0,0,0,0
SULT1D1P2,0,0,0,0,0,0
SULT1E1,0,0,0,0,0,0
SULT2A1,0,0,0,0,0,0
SULT2B1,21,2,275,37,373,382
SULT4A1,0,0,0,0,0,0
SULT6B1,0,0,0,0,1,0
SUMF1,501,320,1238,654,1270,1325
SUMF2,1690,1146,6439,2256,5042,5282
SUMO1,1316,887,3983,3165,4943,5069
SUMO2,2342,1742,6949,4395,9145,9784
SUMO2P12,2,0,0,3,3,0
SUMO2P13,0,0,0,0,0,0
SUMO2P14,0,0,0,0,0,0
SUMO2P15,0,0,0,0,0,0
SUMO2P16,0,0,0,0,0,0
SUMO2P19,0,0,0,0,0,0
SUMO2P5,0,0,0,0,0,0
SUMO3,728,402,1988,1646,3023,3040
SUMO4,8,0,1,1,1,3
SUN1,2460,1240,6587,1692,2380,2900
SUN2,180,107,1341,258,1657,1969
SUN3,1,0,0,0,0,0
SUN5,0,0,0,0,0,0
SUOX,399,145,1085,1216,2885,3242
SUPT16H,1015,399,2179,2694,2731,3023
SUPT16HP1,1,0,1,0,0,0
SUPT20H,718,385,1014,1661,1434,1508
SUPT20HL1,0,0,0,0,0,0
SUPT20HL2,0,0,0,0,0,0
SUPT3H,91,47,163,85,118,103
SUPT4H1,7,0,33,2,21,26
SUPT5H,602,304,2801,1127,3507,3417
SUPT6H,1728,862,3983,4795,6753,7699
SUPT7L,720,370,1237,1048,1259,1334
SUPV3L1,303,196,620,390,425,422
SURF1,164,86,533,129,370,312
SURF2,45,30,346,49,132,154
SURF4,2471,1567,8484,2685,6774,6973
SURF6,159,100,912,206,665,741
SUSD1,39,44,69,31,34,31
SUSD2,6,10,85,20,84,119
SUSD2P1,0,0,0,0,0,0
SUSD2P2,0,0,0,0,0,0
SUSD3,14,10,81,4,15,6
SUSD4,19,1,19,27,18,13
SUSD5,12,9,28,479,630,658
SUSD6,416,279,1045,376,813,927
SUV39H1,73,35,364,72,314,276
SUV39H2,211,100,488,816,844,815
SUZ12,2314,1276,3604,4794,3681,4416
SV2A,4,0,2,6,4,3
SV2B,0,0,1,0,0,2
SV2C,0,0,1,0,0,1
SVBP,68,38,128,76,100,118
SVEP1,2,0,2,1,2,3
SVIL,296,133,832,284,476,578
SVIP,989,692,2316,1549,2100,2233
SVOP,0,0,0,1,0,0
SVOPL,47,36,145,36,58,42
SWAP70,513,273,1172,819,1076,1247
SWI5,96,41,701,57,302,332
SWSAP1,20,14,128,18,86,129
SWT1,150,83,291,186,151,222
SYAP1,1968,963,4121,4564,5760,5906
SYBU,54,32,137,80,119,112
SYCE1,0,0,0,0,0,0
SYCE1L,1,0,2,1,4,3
SYCE2,5,1,32,3,15,14
SYCE3,5,0,16,1,16,24
SYCN,0,0,0,0,0,0
SYCP1,0,0,0,0,0,0
SYCP2,5530,2398,7408,11039,7379,9341
SYCP2L,0,0,0,0,0,0
SYCP3,0,0,0,3,1,2
SYDE1,6,0,13,1,34,42
SYDE2,266,82,433,211,147,214
SYF2,363,271,1206,649,706,687
SYF2P1,0,0,0,0,0,0
SYF2P2,0,0,0,0,0,0
SYK,76,32,205,152,291,336
SYMPK,282,108,1465,371,1392,1466
SYN1,22,12,61,8,28,28
SYN2,0,0,0,0,0,0
SYN3,0,0,0,0,1,0
SYNC,46,12,88,155,205,240
SYNCRIP,690,362.5,1080,1525,1276,1306
SYNCRIPP1,8,5,31,21,20,44
SYNDIG1,0,0,0,1,0,0
SYNDIG1L,0,0,0,0,0,0
SYNE1,49,1,60,135,138,196
SYNE2,809,259,948,992,637,883
SYNE3,146,67,255,83,101,122
SYNE3-AS1,0,3,1,0,0,1
SYNE4,77,21,180,199,443,473
SYNGAP1,767,187,1983,1430,3864,4647
SYNGAP1-AS1,3,0,7,6,5,5
SYNGR1,221,91,1412,205,1108,1259
SYNGR2,375,185,3106,469,3654,4016
SYNGR3,7,13,52,9,21,30
SYNGR4,0,0,3,0,0,0
SYNJ1,308,122,371,763,657,776
SYNJ2,362,128,725,393,584,738
SYNJ2-IT1,0,0,0,0,0,0
SYNJ2BP,1547,807,2520,3622,3252,3500
SYNJ2BP-COX16,0,0,0,0,0,0
SYNM,15,0,15,20,43,46
SYNPO,41,14,91,109,288,326
SYNPO2,1,0,0,1,2,0
SYNPO2L,2,12,12,175,329,292
SYNPO2L-AS1,0,0,3,2,0,3
SYNPR,0,0,0,0,0,0
SYNPR-AS1,0,0,0,0,0,0
SYNRG,718,364,1121,1524,1532,1837
SYP,71,43,160,41,93,129
SYP-AS1,0,0,1,0,0,0
SYPL1,1294,823,2851,2859,2910,3069
SYPL1P1,0,0,0,0,0,0
SYPL1P2,8,0,16,13,22,9
SYPL2,11,0,32,7,5,2
SYS1,619,314,1126,465,585,670
SYS1-DBNDD2,0,0,3,0,0,4
SYT1,178,84,331,631,593,756
SYT10,0,0,1,0,0,0
SYT11,0,0,1,1,1,9
SYT12,102,31,779,15,72,103
SYT13,28,7,51,8,6,12
SYT14,0,0,0,4,2,4
SYT15,0,0,0,0,1,1
SYT15B,0,0,2,0,0,0
SYT16,0,0,0,10,6,8
SYT17,34,19,88,373,528,595
SYT2,0,0,0,1,1,2
SYT3,0,0,0,4,10,9
SYT4,0,0,0,0,0,0
SYT5,5,3,32,3,18,23
SYT6,0,0,0,0,1,3
SYT7,838,411,2353,343,1166,1413
SYT8,22,6,130,11,109,79
SYT9,0,0,0,8,6,14
SYT9-AS1,3,0,13,59,70,88
SYTL1,35,23,622,108,546,663
SYTL2,29,19,45,210,130,168
SYTL3,29,9,78,21,50,68
SYTL4,127,27,273,75,80,107
SYTL5,0,0,0,9,14,6
SYVN1,1523,691,4376,462,1676,1899
SZRD1,1018,535,2970,1602,3443,3828
SZT2,260,80,675,280,849,1019
SZT2-AS1,0,0,2,0,0,2
TAAR1,0,0,0,0,0,0
TAAR2,0,0,0,0,0,0
TAAR4P,0,0,0,0,0,0
TAAR5,0,0,0,0,0,0
TAAR6,0,0,0,0,0,0
TAAR7P,0,0,0,0,0,0
TAAR8,0,0,0,0,0,0
TAAR9,0,0,0,0,0,0
TAB1,98,53,507,126,549,598
TAB2,3655,1819,4809,3746,3053,3690
TAB2-AS1,0,0,0,0,0,0
TAB3,1870,939,2534,2928,2161,2871
TAB3P1,0,0,0,0,0,0
TAC1,0,0,0,0,0,0
TAC3,0,0,0,0,3,3
TAC4,0,0,0,0,0,1
TACC1,1999,944,2844,4943,4144,5543
TACC2,788,339,2090,710,1449,1732
TACC3,140,31,634,447,1173,1033
TACO1,178,106,485,266,513,482
TACR1,0,0,0,0,0,0
TACR2,0,0,0,0,0,0
TACR3,0,0,0,0,0,0
TACR3-AS1,0,0,0,0,0,0
TACSTD2,1756,1207,4310,6391,6261,7185
TADA1,419,242,713,339,393,437
TADA2A,307,230,607,321,371,365
TADA2B,134,83,619,191,413,554
TADA3,196,111,1297,150,971,1068
TAF1,874,405,1173,1736,1488,2015
TAF10,66,10,101,100,130,145
TAF11,432,217,1485,1108,1691,1885
TAF11L10,0,0,0,0,0,0
TAF11L11,0,0,0,0,0,0
TAF11L12,0,0,0,0,0,0
TAF11L13,0,0,0,0,0,0
TAF11L14,0,0,0,0,0,0
TAF11L2,0,0,0,0,0,0
TAF11L3,0,0,0,0,0,0
TAF11L4,0,0,0,0,0,0
TAF11L5,0,0,0,0,0,0
TAF11L6,0,0,0,0,0,0
TAF11L7,0,0,0,0,0,0
TAF11L8,0,0,0,0,0,0
TAF11L9,0,0,0,0,0,0
TAF12,464,242,836,303,454,473
TAF12-DT,5,3,8,5,4,12
TAF13,392,259,781,1409,1201,1359
TAF13P2,0,0,0,0,0,0
TAF15,5746,3421,14646,13085,19793,19509
TAF1A,105,48,157,167,113,118
TAF1A-AS1,15,12,30,19,17,21
TAF1B,236,147,491,315,433,408
TAF1C,135,41,764,126,782,817
TAF1D,1794,1007,4004,3170,2673,2924
TAF1L,0,1,0,0,0,0
TAF2,1025,509,1452,1882,1577,1862
TAF3,360,196,809,613,761,758
TAF4,232,138,527,409,495,495
TAF4B,93,57,186,104,80,73
TAF5,49,31,85,178,144,162
TAF5L,710,323,1146,769,831,891
TAF5LP1,0,0,0,0,0,0
TAF6,180,59,1063,194,1205,1244
TAF6L,184,50,708,145,513,522
TAF7,1931,1133,4589,4229,4677,4763
TAF7L,0,0,0,4,2,7
TAF8,499,242,1074,608,1214,1298
TAF9,1172,611,1567,653,626,661
TAF9B,1283,857,2071,10805,9589,11290
TAF9BP2,0,0,0,0,0,0
TAFA1,0,0,0,0,0,0
TAFA2,16,0,42,21,20,22
TAFA3,0,0,0,0,0,0
TAFA4,0,0,0,0,0,0
TAFA5,0,0,0,0,0,0
TAFAZZIN,122,58,465,75,208,247
TAGAP,0,0,0,0,0,0
TAGAP-AS1,17,9,17,20,35,39
TAGLN,95,32,347,20,184,176
TAGLN2,1307,787,5922,2184,9303,9577
TAGLN2P2,0,0,0,0,0,0
TAGLN3,0,0,0,0,0,0
TAL1,0,0,0,0,0,0
TAL2,3,1,4,1,1,3
TALDO1,244,187,1888,537,2682,2928
TAMALIN,3,0,2,0,3,3
TAMM41,120,50,279,159,227,243
TANAR,0,0,0,0,0,0
TANC1,323,138,564,663,823,1153
TANC2,328,191,488,431,413,611
TANGO2,61,35,238,83,315,373
TANGO6,59,36,147,104,130,127
TANK,478,336,906,1169,1165,1394
TAOK1,2882,1535,3558,6453,3638,5764
TAOK2,297,119,1211,912,2799,2978
TAOK3,1522,789,2697,996,1019,1128
TAP1,143,63,536,352,934,1075
TAP2,30,35,58,110,127,138
TAPBP,1873,885,5655,5475,12401,13867
TAPBPL,3,0,8,1,9,18
TAPT1,488,282,820,1088,1044,1096
TAPT1-AS1,96,39,92,64,60,82
TARBP1,689,302,985,1107,767,959
TARBP2,102,27,479,131,535,622
TARDBP,2530,1296,4546,5296,5947,6561
TARDBPP2,0,0,1,1,0,0
TARID,0,0,0,0,4,0
TARM1,0,0,0,0,0,0
TARS1,3341,2025,10413,3510,4600,5042
TARS2,415,190,1566,376,1199,1263
TARS2P1,0,0,0,0,0,0
TARS3,224,94,433,259,234,249
TAS1R1,0,0,0,0,0,0
TAS1R2,0,0,0,0,0,0
TAS1R3,0,0,0,0,0,1
TAS2R1,0,0,0,0,0,0
TAS2R10,0,0,0,0,0,0
TAS2R12P,2,0,0,0,0,0
TAS2R13,3,0,0,0,0,0
TAS2R14,0,14,3,14,5,4
TAS2R15P,4,1,3,7,3,4
TAS2R16,0,0,0,0,0,0
TAS2R18P,0,0,0,1,0,0
TAS2R19,0,0,1,2,1,2
TAS2R2,0,0,0,0,0,0
TAS2R20,4,0,1,4,5,2
TAS2R3,0,0,2,3,0,2
TAS2R30,0,0,1,0,0,0
TAS2R31,5,0,6,10,10,12
TAS2R38,0,0,0,0,2,0
TAS2R39,1,0,0,0,0,0
TAS2R4,12,0,1,17,5,11
TAS2R40,0,0,0,0,0,0
TAS2R41,0,0,0,0,0,0
TAS2R42,0,0,0,0,0,0
TAS2R43,2,14,0,0,1,0
TAS2R46,0,0,0,0,1,0
TAS2R5,5,0,3,7,6,7
TAS2R50,0,0,0,0,0,0
TAS2R60,0,0,0,0,0,1
TAS2R62P,0,0,0,0,0,0
TAS2R63P,0,0,0,0,0,0
TAS2R64P,1,0,1,1,0,1
TAS2R6P,4,0,0,6,1,2
TAS2R7,0,0,0,0,0,0
TAS2R8,0,0,0,0,0,0
TAS2R9,0,0,0,0,0,0
TASL,0,0,0,0,0,0
TASOR,1453,821,2954,2233,1932,2212
TASOR2,2731,1448,4186,4473,3280,4041
TASP1,203,88,381,303,277,360
TAT,51,10,123,2,13,12
TAT-AS1,7,0,2,2,2,2
TATDN1,1384,1008,2228,1509,1434,1438
TATDN1P1,1,1,0,0,0,0
TATDN2,154,69,316,106,214,193
TATDN2P1,0,0,0,0,0,0
TATDN3,288,198,662,281,397,421
TAX1BP1,5000,3094,8983,3800,3478,3893
TAX1BP1-AS1,2,0,5,0,1,0
TAX1BP3,18,42,21,42,49,72
TBATA,2,0,2,1,1,7
TBC1D1,144,81,369,397,561,539
TBC1D10A,9,2,88,52,134,217
TBC1D10B,263,125,732,426,1092,1220
TBC1D10C,0,0,0,0,1,0
TBC1D12,759,305,1413,1264,945,1039
TBC1D13,346,183,942,233,598,755
TBC1D14,690,413,2082,638,1254,1467
TBC1D15,1572,961,3077,3437,2655,2872
TBC1D16,720,331,2677,664,2299,2594
TBC1D17,247,81,741,888,1828,2166
TBC1D19,80,72,129,128,80,105
TBC1D2,16,5,122,26,78,106
TBC1D20,1115,605,2037,637,1006,1252
TBC1D21,0,0,0,0,0,0
TBC1D22A,102,21,424,87,348,390
TBC1D22A-AS1,0,0,0,0,0,0
TBC1D22A-DT,3,0,72,6,37,35
TBC1D22B,302,184,624,399,650,774
TBC1D23,859,368,1784,1005,1053,1078
TBC1D24,127,46,323,199,351,315
TBC1D25,72,10,323,70,226,252
TBC1D26,0,0,0,0,0,0
TBC1D28,0,0,0,0,0,0
TBC1D2B,148,70,352,391,612,773
TBC1D3,1,0,13,0,3.5,5
TBC1D30,91,57,221,132,114,115
TBC1D31,229,77,377,274,248,258
TBC1D32,137,42,224,278,194,310
TBC1D3B,0,0,0,0,2,2
TBC1D3C,0,0,0,0,0,0
TBC1D3D,0,0,2,0,7,3
TBC1D3E,0,0,0,0,2,4
TBC1D3F,22,19,79,46,110,113
TBC1D3G,3,1,8,1,16,11
TBC1D3H,0,0,0,0,0,0
TBC1D3I,0,0,0,0,0,1
TBC1D3JP,0,0,0,0,0,0
TBC1D3K,7,0,1,1,2,1
TBC1D3P1,0,0,0,0,0,0
TBC1D3P1-DHX40P1,0,0,0,0,0,0
TBC1D3P3,0,0,0,0,0,0
TBC1D3P7,0,2,7,0,1,3
TBC1D4,428,212,703,251,242,262
TBC1D5,1979,1067,3630,2205,2163,2842
TBC1D7,80,68,204,142,164,129
TBC1D8,52,8,152,76,95,125
TBC1D8-AS1,9,0,19,1,5,7
TBC1D8B,196,93,297,632,463,587
TBC1D9,634,371,1252,1189,1166,1547
TBC1D9B,537,276,2660,866,2751,3304
TBCA,684,420,3584,2388,4422,4570
TBCB,47,29,281,53,326,329
TBCC,102,45,712,87,548,651
TBCCD1,568,296,1061,689,718,751
TBCD,331,85,1124,620,1832,2006
TBCE,62,22,84,82,68,73
TBCEL,984,600,1472,1064,778,938
TBCK,454,180,699,686,555,630
TBILA,124,51,218,87,87,84
TBK1,654,320,1200,2180,1799,2100
TBKBP1,25,16,153,52,219,247
TBL1X,763,345,1677,739,1327,1559
TBL1XR1,5067,2532,8034,14550,11346,13464
TBL1XR1-AS1,0,0,0,0,0,2
TBL1Y,0,0,0,0,0,0
TBL1YP1,0,0,0,0,0,0
TBL2,728,480,1933,318,465,525
TBL3,97,29,498,56,334,391
TBP,148,95,387,263,404,447
TBPL1,77,32,127,133,119,105
TBPL2,0,0,0,0,0,0
TBR1,0,0,0,1,0,1
TBRG1,982,486,1752,1598,1494,1774
TBRG4,211,100,1307,189,993,1090
TBX1,6,7,27,9,26,25
TBX10,0,0,1,0,5,2
TBX15,0,0,1,0,0,0
TBX18,0,0,0,0,0,0
TBX18-AS1,0,0,0,0,0,0
TBX19,8,1,5,7,19,14
TBX2,4,7,25,2,24,37
TBX2-AS1,3,7,13,5,6,21
TBX20,0,0,0,0,0,0
TBX21,0,0,0,0,0,0
TBX22,0,0,0,75,80,99
TBX3,145,91,293,2339,2751,3743
TBX3-AS1,3,0,5,1,4,1
TBX4,0,0,0,1,0,0
TBX5,0,0,0,0,0,4
TBX5-AS1,0,0,0,0,0,2
TBX6,16,0,53,4,21,34
TBXA2R,0,4,3,9,23,27
TBXAS1,5,0,10,15,20,18
TBXT,0,0,0,0,0,0
TC2N,1602,819,2806,2570,1934,2405
TCAF1,841,355,1773,3408,4479,5622
TCAF1P1,24,24,91,60,257,385
TCAF2,23,22,71,120,131,168
TCAIM,611,334,1263,1207,1337,1298
TCAP,0,0,3,0,4,2
TCEA1,6214,3392,11600,4742,4427,4699
TCEA2,31,3,274,105,516,591
TCEA3,552,368,1421,384,819,823
TCEAL1,83,27,324,160,354,375
TCEAL2,0,0,0,0,0,0
TCEAL3,277,218,767,638,977,980
TCEAL4,2109,1036,5267,3349,5443,5166
TCEAL4P1,0,0,0,0,0,0
TCEAL5,0,0,0,0,0,0
TCEAL6,0,0,0,0,1,2
TCEAL7,1,0,0,0,0,1
TCEAL8,535,292,1073,2397,2831,3143
TCEAL9,188,75,566,1582,2105,2170
TCEANC,141,62,275,134,172,166
TCEANC2,359,187,649,554,598,658
TCERG1,1678,682,2927,4488,3643,4316
TCERG1L,0,0,0,0,1,1
TCERG1L-AS1,0,0,0,0,0,0
TCERG1P1,0,0,0,0,0,0
TCERG1P2,0,0,0,0,0,0
TCF12,1889,1050,2805,1615,1402,1736
TCF12-DT,35,5,60,22,20,39
TCF15,0,0,0,0,0,0
TCF19,106,53,369,594,1088,972
TCF20,863,497,1610,1559,2033,2313
TCF21,0,0,0,0,0,0
TCF23,0,0,0,0,0,0
TCF24,0,0,0,1,1,2
TCF25,633,240,2322,1018,2830,3182
TCF3,172,102,734,311,821,908
TCF4,46,12,64,1068,812,1076
TCF4-AS1,0,0,0,0,6,2
TCF7,7,4,25,54,98,111
TCF7L1,45,29,146,250,894,970
TCF7L1-IT1,0,0,0,0,0,0
TCF7L2,250,183,418,474,504,621
TCFL5,242,99,595,512,677,654
TCHH,1,0,9,2,11,15
TCHHL1,0,0,0,3,1,0
TCHP,226,119,524,195,338,374
TCIM,0,0,0,19,33,17
TCIRG1,11,4,184,17,216,197
TCL1A,0,0,0,0,0,0
TCL1B,0,0,6,0,1,3
TCN1,0,0,0,0,0,0
TCN2,1,2,5,0,2,6
TCOF1,299,66,1314,395,1543,1420
TCP1,1567,1022,3082,4143,4685,4200
TCP10L,3,0,1,0,5,3
TCP11,0,0,0,0,0,2
TCP11L1,162,96,303,354,417,477
TCP11L2,127,93,201,153,121,164
TCP11X1,0,0,0,0,0,0
TCP11X2,0,0,0,0,0,0
TCP11X3P,0,0,0,0,0,0
TCP1P2,0,0,0,0,0,0
TCP1P3,1,0,0,0,0,0
TCTA,420,267,985,195,483,489
TCTE1,1,2,1,0,3,2
TCTN1,846,408,1268,1432,1633,1652
TCTN2,323,152,677,462,717,749
TCTN3,964,539,1986,2367,2589,2604
TDG,821,432,1423,2363,1942,2314
TDH,7,2,8,13,28,51
TDH-AS1,8,0,12,15,36,32
TDO2,1,0,2,7,20,18
TDP1,383,238,758,430,667,729
TDP2,497,257,1378,928,1256,1224
TDRD1,0,0,0,0,0,2
TDRD10,0,0,0,0,0,0
TDRD12,0,0,2,14,22,19
TDRD15,0,0,0,0,0,0
TDRD3,348,256,596,646,493,602
TDRD5,678,359,1004,804,789,828
TDRD6,2,0,0,1,1,2
TDRD6-AS1,0,0,0,0,0,0
TDRD7,78,34,160,203,193,196
TDRD9,0,0,1,0,2,3
TDRG1,1,4,5,3,1,0
TDRKH,613,350,1103,937,1011,1180
TDRKH-AS1,79,33,227,94,137,170
TDRP,96,84,256,829,889,950
TEAD1,1547,811,1952,5174,3831,5397
TEAD2,350,180,952,633,1609,1883
TEAD3,153,126,835,263,1291,1376
TEAD4,152,152,427,99,229,242
TEC,19,14,40,65,49,63
TECPR1,41,12,361,74,351,422
TECPR2,267,120,773,321,716,808
TECR,148,97,1185,216,1713,1767
TECRL,0,0,0,0,0,0
TECRP2,0,0,0,0,0,0
TECTA,5,2,29,5,7,7
TECTB,0,0,0,0,0,0
TEDC1,7,4,59,6,64,74
TEDC2,2,0,27,3,42,30
TEDC2-AS1,0,0,2,2,2,4
TEDDM1,0,0,0,0,0,0
TEF,121,45,473,119,420,522
TEFM,303,131,457,489,440,551
TEK,0,0,0,0,0,0
TEKT1,13,2,26,3,4,6
TEKT2,0,0,0,0,0,0
TEKT3,0,0,3,0,3,1
TEKT4,0,2,2,0,0,0
TEKT4P3,0,0,0,0,0,0
TEKT5,2,0,8,0,5,3
TEKTIP1,0,1,21,3,16,27
TEKTL1,0,0,0,0,0,0
TELO2,20,1,280,6,196,177
TEN1,0,0,0,1,1,1
TEN1-CDK3,5,0,29,10,23,18
TENM1,1,0,6,51,26,47
TENM2,328,175,791,54,105,118
TENM2-AS1,1,0,5,1,3,2
TENM3,9539,4120,15407,306,341,352
TENM3-AS2,0,0,0,0,0,0
TENM4,0,0,0,0,3,1
TENT2,976,402,1608,1316,1273,1520
TENT4A,233,117,766,488,887,998
TENT4B,295,218,429,664,595,694
TENT5A,41,60,78,142,119,143
TENT5B,90,65,444,121,566,517
TENT5C,276,216,499,97,65,115
TENT5C-DT,0,0,0,0,0,0
TENT5D,0,0,0,0,0,1
TEP1,143,39,316,238,386,423
TEPSIN,78,33,276,81,226,238
TERB1,0,0,0,0,0,2
TERB2,0,0,0,0,0,0
TERC,0,0,0,0,0,0
TERF1,772,309,1880,1279,1691,1664
TERF1P7,0,0,0,1,0,0
TERF2,361,230,973,548,1031,1145
TERF2IP,433,264,1066,1172,1065,1130
TERLR1,0,0,0,0,0,0
TERT,0,0,9,0,2,3
TES,0,0,0,0,1,0
TESC,0,0,0,1,12,10
TESK1,98,49,412,70,259,273
TESK2,158,63,355,82,148,159
TESMIN,663,349,1347,453,651,710
TESPA1,0,0,0,0,1,0
TET1,96,62,147,279,213,341
TET2,747,405,776,807,518,794
TET3,585,290,959,636,733,1102
TEX10,223,177,442,292,267,255
TEX101,0,0,0,0,0,0
TEX11,0,0,0,0,0,0
TEX12,0,0,6,4,3,3
TEX13A,0,0,0,0,0,0
TEX13B,0,0,0,0,0,0
TEX13C,0,0,2,0,3,1
TEX13D,0,0,0,0,0,0
TEX14,22,9,65,36,63,41
TEX15,0,0,2,31,20,25
TEX19,22,13,68,9,27,19
TEX2,830,429,1700,1569,1971,2328
TEX22,1,0,11,2,23,33
TEX26,0,0,0,0,0,0
TEX26-AS1,0,0,0,0,0,0
TEX261,584,277,1328,750,1285,1388
TEX264,136,65,642,73,301,301
TEX28,0,0,0,0,0,0
TEX28P1,0,0,0,0,0,0
TEX28P2,0,0,0,0,0,0
TEX28P3,0,0,0,0,0,0
TEX29,0,0,1,0,1,1
TEX30,77,67,157,97,107,113
TEX35,0,0,0,0,0,0
TEX36,0,0,0,0,0,0
TEX36-AS1,0,0,0,0,0,0
TEX38,0,0,2,0,4,2
TEX41,0,0,2,2,2,0
TEX44,0,0,0,0,0,0
TEX46,5,0,0,0,8,8
TEX47,0,0,0,0,0,0
TEX48,0,0,0,0,0,1
TEX50,0,0,0,0,0,0
TEX51,0,0,0,0,0,0
TEX52,0,0,0,0,0,0
TEX53,0,0,0,0,0,0
TEX54,0,0,0,0,0,0
TEX55,0,0,0,0,0,0
TEX9,340,167,748,430,463,484
TF,2,0,2,3,2,1
TFAM,978,522,1968,3428,3069,3520
TFAP2A,1191,670,2760,3186,3817,4506
TFAP2A-AS2,23,16,14,19,17,18
TFAP2B,2,5,6,40,36,43
TFAP2C,2245,1342,4160,720,838,877
TFAP2D,0,0,0,0,0,0
TFAP2E,1,1,11,6,6,16
TFAP2E-AS1,1,0,5,0,1,0
TFAP4,42,56,285,26,81,78
TFB1M,74,50,152,122,198,234
TFB2M,173,58,422,190,259,266
TFB2MP1,0,0,4,1,0,2
TFCP2,275,152,700,222,380,386
TFCP2L1,71,14,113,11,21,20
TFDP1,431,283,1144,766,1771,1876
TFDP2,1774,970,2955,4095,3983,4394
TFDP3,0,0,0,0,0,0
TFE3,394,167,1155,784,2177,2533
TFEB,1,1,38,20,83,140
TFEC,0,0,0,0,2,2
TFF1,19,3,149,9,193,147
TFF2,0,0,0,0,0,0
TFF3,71,35,868,24,649,757
TFG,1460,738,3155,2201,3007,3069
TFGP1,0,0,0,0,0,0
TFIP11,177,30,586,405,780,855
TFIP11-DT,111,47,299,124,192,194
TFPI,0,0,0,8,4,10
TFPI2,0,0,0,0,0,0
TFPI2-DT,2,0,4,10,4,5
TFPT,30,4,427,16,275,283
TFR2,1,0,8,4,12,23
TFRC,16374,8596,28201,50335,40013,46072
TG,0,0,0,0,0,0
TGDS,85,62,178,214,224,200
TGFA,217,81,475,124,94,138
TGFA-IT1,0,0,0,0,0,0
TGFB1,11,7,33,18,80,66
TGFB1I1,0,0,2,0,1,3
TGFB2,102,56,162,1084,1002,1295
TGFB2-OT1,0,0,0,0,0,0
TGFB3,1631,821,4503,3515,7262,7722
TGFBI,17,7,27,8,20,18
TGFBR1,1591,809,2884,1992,1633,1838
TGFBR2,0,0,2,56,63,62
TGFBR3,324,141,513,632,645,800
TGFBR3L,2,0,12,0,9,14
TGFBRAP1,413,197,1224,541,976,1149
TGIF1,258,164,797,282,454,477
TGIF2,1037,695,2534,1006,1612,1765
TGIF2-RAB5IF,0,0,0,0,0,0
TGIF2LX,0,0,0,0,0,0
TGIF2LY,0,0,0,0,0,0
TGM1,13,6,119,5,16,23
TGM2,5,0,25,26,68,68
TGM3,0,0,0,0,0,0
TGM4,0,0,0,0,0,0
TGM5,0,0,0,0,1,0
TGM6,0,0,0,0,0,0
TGM7,0,0,0,0,0,0
TGOLN2,2778,1078,4458,5594,6435,7839
TGS1,607,250,1172,895,791,862
TH,0,0,0,0,0,1
TH2LCRR,0,0,0,0,1,0
THADA,696,403,1157,863,801,832
THAP1,363,247,733,457,546,627
THAP10,42,28,90,55,57,57
THAP11,54,48,217,57,137,124
THAP12,1207,600,2232,2202,1827,1939
THAP12P10,0,0,0,0,0,0
THAP12P3,0,4,0,0,0,0
THAP12P5,0,0,0,0,0,0
THAP12P8,2,0,0,0,0,0
THAP2,74,27,172,102,149,216
THAP3,7,7,73,18,94,121
THAP4,36,35,574,61,327,397
THAP5,735,460,1383,1116,1121,1175
THAP6,444,226,653,680,529,664
THAP7,22,14,259,43,198,222
THAP7-AS1,5,2,29,3,7,11
THAP8,27,2,100,16,48,61
THAP9,86,30,164,100,85,90
THAP9-AS1,634,295,1151,830,783,748
THBD,0,0,0,5,9,3
THBS1,14013,7561,28678,16064,21291,24652
THBS2,0,0,0,0,0,0
THBS3,582,189,1158,719,1544,1751
THBS3-AS1,107,39,175,26,54,43
THBS4,6,0,3,9,8,12
THBS4-AS1,0,0,0,0,0,0
THCAT155,0,0,0,0,0,1
THEM4,703,411,1313,317,418,438
THEM5,0,0,0,0,0,0
THEM6,27,4,385,12,203,202
THEMIS,0,0,0,0,1,0
THEMIS2,0,0,3,5,3,7
THG1L,387,181,1139,343,488,486
THNSL1,390,240,606,333,262,248
THNSL2,452,164,949,687,1100,1158
THOC1,322,113,622,694,598,621
THOC2,1987,881,2861,4972,3285,4145
THOC3,61,31,233,83,222,213
THOC5,351,202,873,497,905,908
THOC6,28,13,206,18,164,171
THOC7,534,372,1023,494,559,514
THOC7-AS1,0,0,0,0,0,0
THOP1,138,53,782,185,1056,1060
THORLNC,4,0,2,15,12,25
THPO,0,0,1,14,51,67
THRA,422,186,1313,378,1107,1284
THRAP3,2679,1654,5990,5071,5723,6470
THRAP3P1,0,0,0,0,0,0
THRAP3P2,0,0,0,0,0,0
THRAP3P3,0,0,0,0,0,0
THRB,1367,778,1996,797,725,1016
THRIL,0,0,0,1,2,0
THRSP,12,6,58,13,26,24
THSD1,14,5,20,23,35,22
THSD4,6724,3561,13530,3990,5275,6761
THSD4-AS1,0,0,0,0,0,0
THSD7A,14,0,10,3,9,12
THSD7B,1,0,2,1,0,1
THSD8,2,0,0,0,0,0
THTPA,23,0,97,32,205,217
THUMPD1,961,599,1551,1583,1194,1363
THUMPD2,89,42,177,193,232,204
THUMPD3,967,453,1953,1346,1340,1522
THUMPD3-AS1,955,296,1192,1043,917,1067
THY1,0,0,2,5,22,31
THYN1,477,276,1189,380,619,524
TIA1,1082,431,1628,1839,1514,1751
TIAL1,966,541,1585,2119,2034,2160
TIAL1P1,0,0,0,0,0,0
TIAM1,152,68,314,430,601,736
TIAM1-AS1,0,0,1,2,0,5
TIAM2,19,0,29,140,123,157
TICAM1,34,16,176,38,107,92
TICAM2,0,0,2,1,1,1
TICRR,83,43,139,330,455,455
TIE1,0,0,0,0,0,0
TIFA,163,58,375,146,165,165
TIFAB,0,0,0,0,0,0
TIGAR,5,5,13,31,25,28
TIGD1,210,106,369,203,184,239
TIGD2,411,210,747,407,347,346
TIGD3,4,1,16,1,15,6
TIGD4,10,24,38,22,22,23
TIGD5,24,17,137,5,38,64
TIGD6,208,92,442,279,299,341
TIGD7,332,131,491,532,476,534
TIGIT,0,0,2,3,0,3
TILRLS,1,0,0,0,0,0
TIMD4,0,0,0,0,0,0
TIMELESS,636,374,2143,1422,3459,3483
TIMM10,227,149,1315,138,937,864
TIMM10B,598,282,1005,1189,1114,1099
TIMM13,29,10,515,37,384,452
TIMM17A,2079,1402,5431,2553,3570,3798
TIMM17B,170,96,1160,130,775,758
TIMM21,380,249,717,673,805,811
TIMM22,128,85,336,171,366,357
TIMM23,494,194,1522,1730,2500,2718
TIMM23B,52,33,112,100,143,123
TIMM23B-AGAP6,38,2,27,78,43,68
TIMM29,21,25,168,101,199,228
TIMM44,131,94,825,150,663,667
TIMM50,141,118,422,277,598,691
TIMM8A,145,88,296,424,397,523
TIMM8B,198,155,981,295,822,686
TIMM9,346,240,971,281,540,534
TIMMDC1,420,407,1491,547,1010,915
TIMP1,35,17,344,20,345,348
TIMP2,611,325,1065,3885,6587,6661
TIMP3,13,7,21,4845,5959,7658
TIMP4,0,0,0,0,0,2
TINAG,0,0,0,0,0,0
TINAGL1,2,0,39,21,107,141
TINCR,9,1,42,25,84,68
TINF2,158,91,607,135,314,346
TIPARP,704,504,1236,925,808,918
TIPIN,174,142,362,295,331,304
TIPRL,1859,1050,3661,2317,2446,2715
TIRAP,813,312,1214,784,1182,1327
TIRAP-AS1,4,0,1,1,1,6
TJAP1,123,47,563,188,541,572
TJP1,1488,822,2303,1401,1341,1527
TJP2,40,12,37,31,28,29
TJP3,105,14,786,177,841,1081
TK1,34,36,312,144,1155,1114
TK2,125,48,316,84,142,177
TKFC,348,115,1470,277,853,930
TKT,259,152,2478,381,2311,2550
TKTL1,0,0,0,0,0,0
TKTL2,0,0,0,0,0,0
TLCD1,55,20,145,76,164,189
TLCD2,2783,1321,5468,3836,4270,4829
TLCD3A,47,46,144,81,170,148
TLCD3B,11,10,22,1,3,1
TLCD4,286,216,439,939,852,827
TLCD4-RWDD3,7,0,8,10,16,26
TLCD5,182,52,299,653,591,610
TLDC2,0,0,0,0,0,0
TLE1,225,163,774,63,162,151
TLE1-DT,0,0,0,0,0,0
TLE2,46,31,368,216,729,835
TLE3,341,145,1467,1144,2729,3327
TLE4,0,0,0,0,0,0
TLE5,640,298,3037,1021,4107,4490
TLE6,26,11,257,16,96,107
TLE7,0,0,0,0,0,0
TLK1,1349,613,2096,2479,1978,2078
TLK2,527,357,1128,1293,1253,1351
TLK2P1,13,15,3,4,10,8
TLK2P2,3,0,1,10,4,6
TLL1,2,0,3,37,15,28
TLL2,0,0,0,3,10,7
TLN1,661,294,2381,881,2319,2818
TLN2,75,35,151,57,107,116
TLNRD1,71,45,151,85,182,196
TLR1,0,0,0,8,5,10
TLR10,0,0,0,0,0,0
TLR12P,0,0,0,0,0,0
TLR2,0,2,5,49,46,48
TLR3,41,7,42,57,54,55
TLR4,0,0,0,0,0,0
TLR5,207,77,362,148,158,183
TLR6,5,0,2,5,6,8
TLR7,0,0,0,0,0,0
TLR8,0,0,0,0,0,0
TLR8-AS1,0,0,0,0,0,0
TLR9,0,0,0,0,0,0
TLX1,0,0,0,0,0,0
TLX1NB,0,0,0,0,0,0
TLX2,0,0,1,0,0,0
TLX3,0,0,0,0,0,0
TM2D1,413,216,1673,667,1038,1014
TM2D2,330,264,879,1023,1395,1411
TM2D3,225,68,579,433,615,570
TM4SF1,293,150,471,112,141,134
TM4SF1-AS1,1,0,1,1,2,0
TM4SF18,0,0,1,2,4,3
TM4SF18-AS1,894,659,1932,1429,2913,2935
TM4SF19,0,0,0,0,0,0
TM4SF19-AS1,24,4,62,31,59,62
TM4SF20,0,0,0,0,0,0
TM4SF4,0,0,0,0,0,0
TM4SF5,0,0,0,0,0,0
TM6SF1,1,0,0,0,0,0
TM6SF2,0,0,0,0,0,0
TM7SF2,252,99,1740,402,2398,2488
TM7SF3,678,407,1130,2020,2299,2237
TM9SF1,31,5,56,69,119,150
TM9SF2,3037,1531,6174,5816,6218,6506
TM9SF3,10104,5187,18176,30995,25412,28070
TM9SF4,3130,1580,6512,2562,5919,6576
TMA16,199,90,695,374,567,558
TMA7,577,205,2104,753,2078,1884
TMA7B,0,0,0,0,0,0
TMBIM1,517,296,1033,1371,2807,3032
TMBIM4,133,87,224,156,218,226
TMBIM6,13745,8471,23866,28834,38711,40506
TMC1,2,0,1,31,27,35
TMC2,0,0,0,0,0,0
TMC3,0,0,1,126,179,180
TMC4,284,137,1836,367,1969,2190
TMC5,10,8,8,192,145,204
TMC6,267,125,1267,293,1184,1435
TMC7,24,14,33,280,323,383
TMC8,1,0,17,5,10,18
TMCC1,771,390,1252,841,793,1038
TMCC1-DT,57,20,96,64,45,74
TMCC2,0,0,3,5,10,15
TMCC3,0,0,0,14,38,39
TMCO1,2239,1295,5269,2625,4694,4632
TMCO2,0,0,0,0,0,0
TMCO3,721,306,1728,2094,2418,2742
TMCO4,46,41,305,68,191,233
TMCO5A,0,0,0,0,0,0
TMCO6,81,33,206,80,162,173
TMDD1,0,0,0,0,0,0
TMED1,19,10,224,18,180,177
TMED10,7236,3448,17083,11108,14092,16524
TMED2,8849,5170,18773,17700,17114,17239
TMED3,328,213,1778,616,1358,1481
TMED4,1059,649,2799,1185,2279,2190
TMED5,1625,843,3075,3579,3190,3601
TMED6,1,0,0,3,0,0
TMED7,4423,2620,8376,5115,4021,4654
TMED7-TICAM2,6,0,21,11,15,14
TMED8,1222,631,1790,2317,1778,2312
TMED9,1378,1330,5497,786,3043,3090
TMEFF1,0,0,0,0,0,0
TMEFF2,0,0,0,0,0,0
TMEM100,0,0,0,0,0,0
TMEM101,72,22,332,53,244,229
TMEM102,22,10,84,75,171,183
TMEM104,66,32,511,88,708,808
TMEM105,4,1,29,6,17,32
TMEM106A,179,115,420,311,623,605
TMEM106B,2968,1316,5374,2977,2282,2901
TMEM106C,2434,1290,6406,2810,5911,5900
TMEM107,79,28,336,84,130,156
TMEM108,0,0,1,0,0,0
TMEM109,401,115,1512,623,2717,2612
TMEM109-DT,0,0,0,0,0,0
TMEM11,54,19,347,84,305,294
TMEM11-DT,9,0,15,3,20,7
TMEM114,0,0,0,0,0,0
TMEM115,62,20,535,29,275,280
TMEM116,338,220,681,928,998,1033
TMEM117,17,0,24,110,101,123
TMEM119,0,0,0,0,0,0
TMEM120A,137,73,796,65,283,281
TMEM120B,516,160,1338,293,864,900
TMEM121,2,0,4,0,6,10
TMEM121B,8,0,6,4,16,16
TMEM123,6022,3243,10406,13099,10467,12496
TMEM123-DT,12,11,48,6,23,27
TMEM125,205,93,905,80,421,493
TMEM126A,274,178,555,213,391,395
TMEM126B,1188,767,2019,979,1033,1046
TMEM127,666,321,1673,1103,2277,2654
TMEM128,269,84,623,372,485,500
TMEM129,157,69,1006,118,754,830
TMEM130,0,0,0,0,0,0
TMEM131,992,411,1568,1687,1680,1944
TMEM131L,201,96,301,428,448,441
TMEM132A,258,98,1770,354,1312,1411
TMEM132B,0,0,0,0,1,6
TMEM132C,0,0,0,0,0,0
TMEM132D,0,0,0,0,0,0
TMEM132D-AS1,0,0,0,0,0,0
TMEM132D-AS2,0,0,0,0,0,0
TMEM132E,1,0,5,0,6,7
TMEM132E-DT,3,0,0,0,0,0
TMEM134,116,41,460,154,547,601
TMEM135,1031,430,1783,2096,1814,2034
TMEM138,665,390,940,746,1002,1050
TMEM139,407,282,1371,1036,2307,2192
TMEM140,10,9,17,3,8,15
TMEM141,51,63,320,37,196,193
TMEM143,43,27,137,23,75,109
TMEM144,417,227,660,402,385,404
TMEM145,4,0,8,0,14,16
TMEM147,125,63,348,84,281,282
TMEM147-AS1,104,19,297,123,241,289
TMEM14A,78,57,336,273,570,549
TMEM14B,278,199,665,283,432,320
TMEM14B-DT,6,3,6,1,2,2
TMEM14C,350,212,968,304,656,586
TMEM150A,61,20,383,53,292,344
TMEM150B,0,0,0,0,0,0
TMEM150C,0,0,0,0,1,2
TMEM151A,2,0,3,0,0,1
TMEM151B,1,0,0,0,1,0
TMEM154,101,38,118,55,61,74
TMEM156,2,0,0,0,0,0
TMEM158,0,0,0,0,2,0
TMEM160,0,0,8,3,14,16
TMEM161A,15,20,219,9,131,168
TMEM161B,781,369,1301,961,731,934
TMEM161B-DT,559,203,767,662,373,596
TMEM163,0,0,0,5,12,9
TMEM164,565,274,1247,1044,2012,2479
TMEM165,608,353,1176,1731,1883,1987
TMEM167A,3333,1601,6174,15289,11480,14119
TMEM167B,1189,575,2857,2124,2107,2450
TMEM168,672,253,1102,990,792,896
TMEM169,7,2,31,17,27,36
TMEM17,37,3,85,40,55,54
TMEM170A,251,132,482,701,752,838
TMEM170B,223,255,358,873,652,827
TMEM171,1,0,2,1,1,0
TMEM174,0,0,0,0,0,0
TMEM175,72,32,442,82,424,453
TMEM176A,0,0,0,0,0,1
TMEM176B,0,0,0,0,0,0
TMEM177,59,32,210,77,133,166
TMEM178A,2,0,6,20,38,28
TMEM178B,3,3,4,159,158,216
TMEM179,0,0,1,40,131,101
TMEM179B,302,239,680,164,381,366
TMEM18,216,105,563,184,346,334
TMEM18-DT,0,0,0,2,0,1
TMEM181,718,253,1246,1164,1310,1397
TMEM182,194,80,286,158,190,193
TMEM183A,822,487,1677,791,1220,1159
TMEM183AP1,0,0,0,0,0,0
TMEM183AP2,0,0,0,0,0,0
TMEM183AP4,0,0,0,0,0,0
TMEM183AP5,0,0,0,0,0,0
TMEM183AP6,0,0,0,0,0,0
TMEM183BP,15,3,12,8,8,9
TMEM184A,447,108,3534,247,2039,2134
TMEM184B,189,89,1236,289,1566,1641
TMEM184B-AS1,0,0,0,0,0,0
TMEM184C,1134,674,2200,1179,1517,1607
TMEM185A,267,108,462,242,395,426
TMEM185B,419,225,708,316,455,385
TMEM186,181,101,629,105,283,306
TMEM187,40,19,250,28,143,128
TMEM19,207,153,442,1147,1078,1018
TMEM190,0,0,3,0,3,2
TMEM191B,0,0,0,1,0,1
TMEM191C,2,0,6,2,14,13
TMEM192,1340,826,2695,1895,2173,2446
TMEM196,0,0,0,0,0,0
TMEM198,3,0,24,2,17,19
TMEM199,223,154,440,295,372,320
TMEM200A,1,0,0,1,0,1
TMEM200B,0,0,3,3,4,9
TMEM200C,0,0,0,0,0,0
TMEM201,19,1,116,11,84,86
TMEM202,0,0,0,0,0,0
TMEM202-AS1,6,5,20,57,44,83
TMEM203,154,116,506,134,289,286
TMEM204,0,0,0,0,0,0
TMEM205,191,104,935,304,1248,1348
TMEM207,0,0,0,0,0,0
TMEM208,112,48,592,118,666,624
TMEM209,1036,551,1490,988,881,953
TMEM210,0,1,5,0,1,0
TMEM212,0,0,0,3,4,2
TMEM213,0,0,0,0,0,0
TMEM214,561,219,1345,505,1439,1539
TMEM215,0,0,0,0,0,0
TMEM216,104,68,232,76,109,115
TMEM217,2,0,1,21,29,23
TMEM217B,0,0,0,0,0,0
TMEM218,584,304,1087,622,594,625
TMEM219,210,53,886,321,590,572
TMEM220,0,0,0,0,0,0
TMEM220-AS1,0,0,0,0,0,0
TMEM221,0,0,1,6,18,31
TMEM222,71,20,698,65,495,471
TMEM223,106,88,476,104,235,258
TMEM225,0,0,0,0,0,0
TMEM225B,0,0,1,0,0,1
TMEM229A,0,0,0,0,0,0
TMEM229B,505,252,1173,337,804,978
TMEM230,1314,784,2714,1623,2211,2308
TMEM231,44,40,117,104,146,125
TMEM232,28,23,66,15,13,18
TMEM233,0,0,0,0,0,0
TMEM234,63,31,216,103,244,340
TMEM235,0,0,0,0,0,0
TMEM236,1,0,0,3,11,8
TMEM237,301,136,520,644,769,811
TMEM238,0,4,4,1,8,12
TMEM238L,0,0,0,0,0,0
TMEM239,0,0,0,0,0,0
TMEM240,0,0,2,0,4,2
TMEM241,450,379,994,330,587,613
TMEM242,68,31,214,223,324,307
TMEM243,143,117,287,53,80,76
TMEM244,0,0,0,0,0,0
TMEM245,1803,1009,2793,3031,2356,3057
TMEM246-AS1,0,0,0,0,0,0
TMEM247,0,0,0,0,0,0
TMEM248,1317,718,2937,1266,1684,1841
TMEM248P1,0,0,0,0,0,0
TMEM249,0,0,0,0,0,0
TMEM25,358,143,1505,285,1101,1176
TMEM250,45,15,431,25,283,297
TMEM252,0,0,0,0,0,0
TMEM252-DT,0,0,0,0,0,0
TMEM253,6,0,21,5,9,6
TMEM254,1157,530,2100,924,1264,1320
TMEM255A,0,0,0,0,0,0
TMEM255B,0,0,11,7,14,15
TMEM256,29,37,56,6,37,59
TMEM256P2,0,0,0,0,0,0
TMEM258,466,336,1116,309,810,756
TMEM259,153,72,1044,183,1130,1212
TMEM26,1,8,6,6,5,8
TMEM260,576,225,863,868,756,742
TMEM262,1,0,3,1,0,4
TMEM263,1599,873,2610,3231,2807,3063
TMEM265,0,0,0,1,4,3
TMEM266,0,0,1,0,6,4
TMEM267,821,356,1451,1597,1226,1383
TMEM268,1733,822,3136,889,1381,1420
TMEM269,1,0,13,12,17,18
TMEM270,0,0,5,0,4,2
TMEM271,0,0,0,0,0,0
TMEM272,0,0,0,0,0,0
TMEM273,0,0,0,15,12,8
TMEM274P,0,0,0,0,0,0
TMEM275,0,0,0,0,0,0
TMEM30A,2199,1204,3833,9594,7965,8638
TMEM30A-DT,8,3,30,15,9,6
TMEM30B,830,505,1721,1282,1395,1503
TMEM31,2,0,1,0,1,2
TMEM33,969,540,1921,1744,1654,1738
TMEM35A,0,0,0,0,0,1
TMEM35B,0,0,0,0,0,0
TMEM37,3,0,3,19,30,42
TMEM38A,13,26,101,38,86,119
TMEM38B,512,249,947,773,825,847
TMEM38BP1,0,0,0,0,0,0
TMEM39A,669,344,1195,683,752,824
TMEM39B,38,14,216,14,95,79
TMEM40,16,1,31,191,332,383
TMEM41A,673,294,1267,1685,1826,1909
TMEM41B,992,520,2030,2395,2562,3093
TMEM42,131,56,281,102,123,163
TMEM43,333,215,1093,702,1390,1589
TMEM44,48,31,161,128,327,404
TMEM45A,22,1,30,366,380,419
TMEM45B,1414,971,3608,1613,2704,2809
TMEM47,1,2,3,110,88,82
TMEM50A,411,186,1300,911,1465,1396
TMEM50B,1950,1078,4418,1455,1735,1865
TMEM51,2,6,5,1,11,9
TMEM51-AS1,0,0,3,0,4,9
TMEM51-AS2,0,0,0,0,0,0
TMEM52,0,0,14,1,3,4
TMEM52B,49,67,104,122,205,218
TMEM53,15,2,96,9,93,93
TMEM54,15,22,125,7,134,151
TMEM59,2240,1526,4797,4842,4617,5210
TMEM59L,0,1,16,1,13,5
TMEM60,178,115,455,171,208,217
TMEM61,0,0,12,0,0,1
TMEM62,279,156,438,601,628,614
TMEM63A,529,176,1320,1393,3565,4282
TMEM63B,530,244,1948,520,2297,2392
TMEM63C,5,6,26,48,165,199
TMEM64,110,89,225,1308,1109,1179
TMEM65,292,216,641,1224,985,1147
TMEM67,669,342,1154,984,832,1077
TMEM68,575,344,1255,1161,1157,1307
TMEM69,915,612,1343,950,1049,1055
TMEM70,119,78,210,300,329,319
TMEM71,2,0,2,1,0,0
TMEM72,0,0,0,0,0,6
TMEM72-AS1,0,0,6,4,0,3
TMEM74,0,0,0,4,0,3
TMEM74B,0,0,3,16,39,30
TMEM78,0,0,0,0,0,0
TMEM79,163,65,699,225,773,812
TMEM80,232,83,569,189,463,464
TMEM81,31,7,47,35,47,53
TMEM82,0,0,0,0,0,0
TMEM86A,143,59,313,256,330,456
TMEM86B,0,0,8,1,4,2
TMEM87A,1183,684,3303,911,1470,1727
TMEM87B,890,524,1566,2510,2247,2401
TMEM88,3,2,4,0,4,6
TMEM88B,2,0,2,1,2,1
TMEM89,0,0,0,0,0,0
TMEM8B,171,30,517,101,294,360
TMEM9,347,220,1575,381,1039,1063
TMEM91,10,6,23,19,29,29
TMEM92,28,3,124,5,41,30
TMEM92-AS1,1,0,5,0,1,1
TMEM94,289,145,1764,398,1983,2429
TMEM95,0,0,0,0,0,0
TMEM97,597,308,1296,1971,2536,2538
TMEM97P1,0,0,0,0,0,0
TMEM98,15,1,27,49,151,127
TMEM9B,565,384,1174,1195,1217,1347
TMEM9B-AS1,146,65,134,94,89,134
TMF1,1288,721,2026,1384,1046,1370
TMIE,1,2,26,1,4,1
TMIGD1,0,0,0,0,0,0
TMIGD2,0,0,0,0,0,0
TMIGD3,0,0,0,0,0,0
TMLHE,405,265,585,293,344,418
TMLHE-AS1,3,0,4,3,6,4
TMOD1,0,0,8,17,37,27
TMOD2,200,86,317,798,582,782
TMOD3,1873,870,3037,3865,3164,3907
TMOD4,19,0,46,33,34,41
TMPO,2168,1151,4087,7025,6461,6202
TMPO-AS1,70,24,81,131,158,157
TMPOP2,5,0,3,0,5,0
TMPPE,32,11,46,32,28,64
TMPRSS11A,0,0,0,2,2,2
TMPRSS11B,0,0,0,0,0,0
TMPRSS11BNL,0,0,0,0,0,0
TMPRSS11CP,0,0,0,0,0,0
TMPRSS11D,0,0,0,0,0,0
TMPRSS11E,0,0,3,34,26,29
TMPRSS11F,1,0,0,0,0,0
TMPRSS12,0,0,0,0,0,1
TMPRSS13,336,157,1553,549,1500,1601
TMPRSS15,0,0,0,0,0,0
TMPRSS2,64,50,141,334,663,969
TMPRSS3,204,102,407,144,199,192
TMPRSS4,0,0,0,7,18,26
TMPRSS5,3,0,8,4,9,17
TMPRSS6,0,0,0,1,4,1
TMPRSS7,0,0,1,0,0,0
TMPRSS9,0,0,8,0,1,0
TMSB10,626,289,2490,2590,6047,5172
TMSB15A,0,0,6,68,93,70
TMSB15B,0,0,5,8,9,5
TMSB4X,6443,4651,15423,18053,35821,38551
TMSB4XP3,0,0,0,0,0,0
TMSB4XP4,296,551,41,94,102,93
TMSB4Y,0,0,0,0,0,0
TMT1A,1220,716,2946,10458,13315,16839
TMT1B,0,0,0,5,16,15
TMTC1,48,33,78,2,0,0
TMTC2,311,222,529,449,507,498
TMTC3,1082,618,1582,4096,2996,3951
TMTC4,128,24,274,220,350,340
TMUB1,61,51,309,391,850,844
TMUB2,260,107,1120,493,1219,1459
TMX1,709,459,1567,2247,2069,2198
TMX2,1901,1090,3720,1780,2346,2125
TMX2-CTNND1,0,0,2,1,3,2
TMX3,670,277,1179,2202,1775,2301
TMX4,489,288,1063,1828,1953,2334
TNC,1,0,0,1338,3116,3804
TNF,7,0,12,27,55,59
TNFAIP1,468,230,1416,885,1992,2269
TNFAIP2,96,50,621,221,918,1178
TNFAIP3,25,6,57,31,55,55
TNFAIP6,0,0,0,0,0,0
TNFAIP8,56,73,169,287,240,296
TNFAIP8L1,18,6,120,91,273,271
TNFAIP8L2,0,0,0,0,0,0
TNFAIP8L3,0,0,0,9,5,4
TNFRSF10A,177,65,277,391,604,599
TNFRSF10A-DT,43,20,195,69,168,180
TNFRSF10B,1059,515,2543,1229,2192,2561
TNFRSF10B-AS1,0,0,0,0,0,0
TNFRSF10C,9,10,42,36,108,136
TNFRSF10D,0,0,0,0,0,0
TNFRSF11A,0,0,8,68,84,99
TNFRSF11B,0,0,0,0,0,1
TNFRSF12A,23,31,168,136,625,593
TNFRSF13B,0,0,0,0,0,0
TNFRSF13C,5,1,18,13,23,30
TNFRSF14,1,0,40,1,8,14
TNFRSF17,0,0,0,0,0,0
TNFRSF18,2,1,6,0,6,4
TNFRSF19,2,0,3,1,4,3
TNFRSF1A,156,120,738,290,1077,1231
TNFRSF1B,0,1,0,1,3,5
TNFRSF21,208,142,507,438,622,817
TNFRSF25,20,1,51,62,129,166
TNFRSF4,0,0,0,0,0,0
TNFRSF6B,0,0,0,0,0,0
TNFRSF8,0,0,0,0,0,1
TNFRSF9,0,0,0,1,1,0
TNFSF10,346,186,693,498,670,617
TNFSF11,0,0,0,0,0,0
TNFSF12,2,1,21,0,1,1
TNFSF12-TNFSF13,0,0,0,0,0,0
TNFSF13,101,33,498,139,565,569
TNFSF13B,3,7,12,2,3,2
TNFSF14,0,0,0,0,1,0
TNFSF15,13,15,21,744,649,771
TNFSF18,0,0,0,1,1,2
TNFSF4,6,0,1,1,7,3
TNFSF8,0,0,0,0,0,0
TNFSF9,3,2,6,13,27,29
TNIK,894,322,1345,1241,1172,1461
TNIP1,298,137,1351,331,1475,1442
TNIP2,45,19,295,95,338,315
TNIP3,0,0,0,0,0,0
TNK1,83,41,409,69,352,410
TNK2,414,89,2001,801,2910,3466
TNKS,730,428,1217,1791,1466,1942
TNKS1BP1,1654,505,11415,2882,16844,19573
TNKS2,3700,2158,5029,5271,4228,5217
TNKS2-DT,1,0,7,1,5,3
TNMD,0,0,0,2,3,10
TNN,0,0,0,0,0,0
TNNC1,8,0,77,3,38,32
TNNC2,0,0,10,6,2,7
TNNI1,0,0,0,0,0,0
TNNI2,3,0,47,2,20,22
TNNI3,3,1,76,12,125,106
TNNI3K,0,0,0,0,0,0
TNNT1,125,36,1135,370,4180,4329
TNNT2,0,0,2,2,1,1
TNNT3,0,0,0,0,0,2
TNP1,0,0,0,0,0,0
TNP2,0,0,0,0,0,0
TNPO1,2266,1408,3224,7192,5167,7045
TNPO1P1,1,0,1,0,0,0
TNPO1P2,1,0,0,0,1,0
TNPO1P3,0,0,0,0,0,1
TNPO2,338,147,1378,575,2249,2719
TNPO3,829,470,1707,1760,2190,2492
TNPO3P1,0,0,0,0,0,0
TNR,0,0,1,767,830,1180
TNRC18,573,197,3255,486,2054,2330
TNRC18P2,0,0,0,0,0,0
TNRC6A,1112,378,1379,2255,1858,2397
TNRC6B,722,384,942,1584,1487,1772
TNRC6B-DT,0,3,1,2,1,2
TNRC6C,359,127,563,453,651,821
TNS1,28,8,91,85,171,237
TNS1-AS1,0,0,0,4,3,8
TNS2,258,130,1313,391,2020,1960
TNS2-AS1,793,335,1448,2216,2806,3049
TNS3,621,263,2165,1072,2861,3347
TNS4,241,94,684,325,1282,1713
TNXB,2,0,15,5,32,39
TOB1,8649,5982,15419,6810,7163,7555
TOB1-AS1,17,26,75,15,69,64
TOB2,459,232,1417,681,1949,2313
TOE1,45,26,105,28,86,86
TOGARAM1,370,128,569,505,362,441
TOGARAM2,0,0,1,0,0,0
TOLLIP,83,36,334,153,348,391
TOLLIP-DT,4,0,2,4,3,2
TOM1,126,38,655,77,760,823
TOM1L1,1577,868,3038,2820,2815,3382
TOM1L2,217,84,970,345,1096,1531
TOMM20,8522,5075,16863,9487,8908,9132
TOMM20L,2,2,2,2,3,0
TOMM20L-DT,0,0,0,0,0,0
TOMM20P3,0,0,0,0,0,0
TOMM22,555,456,1888,891,1942,2009
TOMM22P1,0,0,0,0,0,0
TOMM22P2,0,0,0,0,0,0
TOMM22P4,0,0,0,0,0,0
TOMM22P6,0,0,0,0,0,0
TOMM34,251,141,573,394,979,863
TOMM40,68,50,561,116,666,625
TOMM40L,169,51,493,418,1094,1299
TOMM40P4,0,0,0,0,0,1
TOMM5,23,14,73,32,42,55
TOMM6,0,0,0,0,0,0
TOMM7,890,593,4256,488,1505,1529
TOMM70,3011,1625,5606,4683,4324,4570
TOMT,0,0,0,0,0,0
TONSL,24,17,121,48,382,385
TOP1,1967,994,4054,6749,5688,6216
TOP1MT,150,61,688,180,421,564
TOP2A,4040,2369,7443,10332,9008,9644
TOP2B,3879,1780,6332,7556,5907,6271
TOP3A,869,394,2218,688,1470,1451
TOP3B,53,22,404,181,773,825
TOP6BL,401,111,576,287,373,381
TOPAZ1,0,0,0,0,1,0
TOPBP1,1484,821,2179,1988,1788,1960
TOPORS,514,268,907,858,715,723
TOR1A,350,149,819,641,900,877
TOR1AIP1,1607,930,3006,2282,2267,2536
TOR1AIP2,1955,1189,3943,3519,3914,4139
TOR1B,608,374,1436,750,1200,1248
TOR2A,30,12,159,33,114,126
TOR3A,322,141,928,601,1332,1244
TOR4A,4,2,31,3,20,25
TOX,0,0,0,0,0,0
TOX-DT,0,0,0,0,0,0
TOX2,0,0,0,0,0,0
TOX3,0,0,0,0,0,0
TOX4,1080,678,2268,1108,1913,2142
TOX4P1,0,0,2,0,0,0
TP53,1005,407,2318,774,1468,1443
TP53AIP1,0,0,0,2,4,0
TP53BP1,1657,712,2880,4538,3876,4778
TP53BP2,836,517,1482,733,886,848
TP53I11,2203,1108,5196,1013,3228,3165
TP53I13,47,6,321,37,150,178
TP53I3,483,321,2807,509,1634,1310
TP53INP1,1385,766,2019,3547,2642,3696
TP53INP2,1174,561,2188,1034,1724,2057
TP53RK,283,193,536,374,417,398
TP53TG1,33,36,121,127,158,198
TP53TG3,2.75,4,5.75,4.75,5,5.75
TP53TG3E,0,0,0,0,0,0
TP53TG3F,0,0,0,0,0,0
TP53TG3GP,0,0,0,0,0,0
TP53TG5,3,0,1,0,1,2
TP63,19,0,34,677,758,881
TP73,31,22,141,44,168,162
TP73-AS2,0,0,0,0,0,0
TPBG,1704,814,3396,1138,1637,1633
TPBGL,0,0,0,0,0,0
TPCN1,376,155,1167,333,907,1117
TPCN2,36,7,124,59,127,170
TPD52,963,729,1808,1528,1519,1299
TPD52L1,436,339,1393,7665,9830,11609
TPD52L2,809,391,3081,1231,3370,3739
TPD52L3,0,0,0,0,0,0
TPGS1,1,0,29,3,26,30
TPGS2,571,311,1212,816,1401,1380
TPH1,1,0,1,5,0,2
TPH2,1,0,1,3,3,4
TPI1,288,120,1930,690,3859,3825
TPK1,30,1,51,60,52,40
TPM1,2384,1043,5098,2743,4025,3931
TPM2,15,0,72,41,131,126
TPM3,2799,1364,8159,4448,8400,8834
TPM4,13,8,18,122,179,200
TPMT,631,345,1805,2060,1806,1916
TPMTP3,0,0,0,0,0,0
TPMTP4,0,0,0,0,0,0
TPO,0,0,0,0,0,0
TPP1,1699,894,2843,691,1079,1089
TPP2,1443,802,1989,1066,926,906
TPPP,9,6,15,22,46,60
TPPP2,0,0,0,0,0,0
TPPP3,0,0,3,0,0,1
TPR,4637,2048,6577,10572,7730,8760
TPRA1,50,19,372,28,231,242
TPRG1,203,77,334,285,231,295
TPRG1-AS2,0,0,0,0,0,0
TPRG1L,154,91,486,266,611,702
TPRG1LP1,0,0,0,0,0,0
TPRKB,290,202,898,879,971,865
TPRKBP1,0,0,0,0,0,0
TPRKBP2,0,0,2,0,1,0
TPRN,122,50,1433,70,636,621
TPRX1,0,0,0,0,0,0
TPRX2,0,0,0,0,0,0
TPSAB1,0,0,0,0,0,0
TPSB2,0,0,1,0,0,0
TPSD1,0,0,0,0,0,0
TPSG1,2,0,11,0,2,1
TPSP1,0,0,0,0,0,0
TPSP2,1,1,12,0,0,2
TPST1,78,87,173,178,200,230
TPST2,103,44,204,567,731,772
TPST2P1,0,0,0,0,0,0
TPT1,8964,5721,24767,12491,22366,21442
TPT1P3,0,0,0,0,0,0
TPT1P5,0,0,0,0,0,0
TPTE,0,0,0,0,0,0
TPTE2,0,0,1,1,0,0
TPTE2-AS1,0,0,0,0,0,0
TPTE2P7,6,0,12,3,4,1
TPTEP2-CSNK1E,0,0,0,0,0,0
TPX2,1586,873,3090,3811,4281,3833
TRA2A,2110,911,4092,2150,2184,2437
TRA2B,2410,1225,5297,5838,5494,5657
TRABD,16,15,231,23,193,204
TRABD-AS1,1,2,21,0,9,1
TRABD2A,0,0,2,1,1,2
TRABD2B,0,0,1,3,11,15
TRAC,0,0,0,0,0,0
TRADD,9,13,55,64,183,160
TRAF1,70,34,184,7,13,19
TRAF2,37,15,472,60,385,456
TRAF3,145,78,408,244,538,647
TRAF3IP1,374,242,894,630,837,961
TRAF3IP2,535,203,1409,793,1376,1521
TRAF3IP2-AS1,19,0,41,24,33,59
TRAF3IP3,0,0,0,0,0,1
TRAF4,191,89,852,298,1505,1389
TRAF5,513,207,777,799,685,771
TRAF6,547,275,738,540,423,565
TRAF7,268,151,2364,304,2027,2394
TRAFD1,616,217,1363,1146,1512,1577
TRAIP,30,5,71,19,103,75
TRAJ1,0,0,0,0,0,0
TRAJ10,0,0,0,0,0,0
TRAJ11,0,0,0,0,0,0
TRAJ12,0,0,0,0,0,0
TRAJ13,0,0,0,0,0,0
TRAJ14,0,0,0,0,0,0
TRAJ16,0,0,0,0,0,0
TRAJ17,0,0,0,0,0,0
TRAJ18,0,0,0,0,0,0
TRAJ19,0,0,0,0,0,0
TRAJ2,0,0,0,0,0,0
TRAJ20,0,0,0,0,0,0
TRAJ21,0,0,0,0,0,0
TRAJ22,0,0,0,0,0,0
TRAJ23,0,0,0,0,0,0
TRAJ24,0,0,0,0,0,0
TRAJ25,0,0,0,0,0,0
TRAJ26,0,0,0,0,0,0
TRAJ27,0,0,0,0,0,0
TRAJ28,0,0,0,0,0,0
TRAJ29,0,0,0,0,0,0
TRAJ3,0,0,0,0,0,0
TRAJ30,0,0,0,0,0,0
TRAJ31,0,0,0,0,0,0
TRAJ32,0,0,0,0,0,0
TRAJ33,0,0,0,0,0,0
TRAJ34,0,0,0,0,0,0
TRAJ35,0,0,0,0,0,0
TRAJ36,0,0,0,0,0,0
TRAJ37,0,0,0,0,0,0
TRAJ38,0,0,0,0,0,0
TRAJ39,0,0,0,0,0,0
TRAJ4,0,0,0,0,0,0
TRAJ40,0,0,0,0,0,0
TRAJ41,0,0,0,0,0,0
TRAJ42,0,0,0,0,0,0
TRAJ43,0,0,0,0,0,0
TRAJ44,0,0,0,0,0,0
TRAJ45,0,0,0,0,0,0
TRAJ46,0,0,0,0,0,0
TRAJ47,0,0,0,0,0,0
TRAJ48,0,0,0,0,0,0
TRAJ49,0,0,0,0,0,0
TRAJ5,0,0,0,0,0,0
TRAJ50,0,0,0,0,0,0
TRAJ51,0,0,0,0,0,0
TRAJ52,0,0,0,0,0,0
TRAJ53,0,0,0,0,0,0
TRAJ54,0,0,0,0,0,0
TRAJ55,0,0,0,0,0,0
TRAJ56,0,0,0,0,0,0
TRAJ57,0,0,0,0,0,0
TRAJ58,0,0,0,0,0,0
TRAJ59,0,0,0,0,0,0
TRAJ6,0,0,0,0,0,0
TRAJ60,0,0,0,0,0,0
TRAJ61,0,0,0,0,0,0
TRAJ7,0,0,0,0,0,0
TRAJ8,0,0,0,0,0,0
TRAJ9,0,0,0,0,0,0
TRAK1,563,384,1163,935,1186,1410
TRAK2,1311,618,1817,1820,1460,1726
TRAM1,5402,3004,11109,13958,11773,12268
TRAM1L1,45,46,155,169,202,153
TRAM2,2143,1070,3450,1835,2447,2748
TRAM2-AS1,111,69,190,92,99,103
TRANK1,57,33,160,100,103,121
TRAP1,537,342,3031,598,2223,2251
TRAPPC1,171,92,871,346,1158,1174
TRAPPC10,376,225,780,746,893,1287
TRAPPC11,692,424,1027,1168,923,1103
TRAPPC12,107,55,364,102,209,266
TRAPPC13,555,239,956,1033,824,962
TRAPPC13P1,0,0,0,0,0,0
TRAPPC14,13,4,77,36,153,193
TRAPPC2,515,324,1043,692,799,873
TRAPPC2B,24,24,96,80,113,143
TRAPPC2L,303,178,1080,191,815,745
TRAPPC2LP1,0,0,0,0,0,0
TRAPPC3,416,270,918,502,785,722
TRAPPC3L,0,0,0,0,1,0
TRAPPC4,416,255,1859,546,1839,1889
TRAPPC5,7,7,33,20,50,66
TRAPPC6A,17,5,310,9,122,129
TRAPPC6B,999,528,1949,1803,1530,1863
TRAPPC8,883,497,1612,1347,1258,1582
TRAPPC9,246,177,976,471,1474,1450
TRARG1,0,0,0,0,0,0
TRAT1,0,0,0,0,0,0
TRAV1-1,0,0,0,0,0,0
TRAV1-2,0,0,0,0,0,0
TRAV10,0,0,0,0,0,0
TRAV11,0,0,0,0,0,0
TRAV12-1,0,0,0,0,0,0
TRAV12-2,0,0,0,0,0,0
TRAV12-3,0,0,0,0,0,0
TRAV13-1,0,0,0,0,0,0
TRAV13-2,0,0,0,0,0,0
TRAV14DV4,0,0,0,0,0,0
TRAV16,0,0,0,0,0,0
TRAV17,0,0,0,0,0,0
TRAV18,0,0,0,0,0,0
TRAV19,0,0,0,0,0,0
TRAV2,0,0,0,0,0,0
TRAV20,0,0,0,0,0,0
TRAV21,0,0,0,0,0,0
TRAV22,0,0,0,0,0,0
TRAV23DV6,0,0,0,0,0,0
TRAV24,0,0,0,0,0,0
TRAV25,0,0,0,0,0,0
TRAV26-1,0,0,0,0,0,0
TRAV26-2,0,0,0,0,0,0
TRAV27,0,0,0,0,0,0
TRAV28,0,0,0,0,0,0
TRAV29DV5,0,0,0,0,0,0
TRAV3,0,0,0,0,0,0
TRAV30,0,0,0,0,0,0
TRAV31,0,0,0,0,0,0
TRAV32,0,0,0,0,0,0
TRAV33,0,0,0,0,0,0
TRAV34,0,0,0,0,0,0
TRAV35,0,0,0,0,0,0
TRAV36DV7,0,0,0,0,0,0
TRAV38-1,0,0,0,0,0,0
TRAV38-2DV8,0,0,0,0,0,0
TRAV39,0,0,0,0,0,0
TRAV4,0,0,0,0,0,0
TRAV40,0,0,0,0,0,0
TRAV41,0,0,0,0,0,0
TRAV5,0,0,0,0,0,0
TRAV6,0,0,0,0,0,0
TRAV7,0,0,0,0,0,0
TRAV8-1,0,0,0,0,0,0
TRAV8-2,0,0,0,0,0,0
TRAV8-3,0,0,0,0,0,0
TRAV8-4,0,0,0,0,0,0
TRAV8-6,0,0,0,0,0,0
TRAV9-1,0,0,0,0,0,0
TRAV9-2,0,0,0,0,0,0
TRBC1,0,0,0,0,2,3
TRBC2,0,0,0,5,36,35
TRBD1,0,0,0,0,0,0
TRBJ1-1,0,0,0,0,0,0
TRBJ1-2,0,0,0,0,0,0
TRBJ1-3,0,0,0,0,1,1
TRBJ1-4,0,0,0,0,0,0
TRBJ1-5,0,0,0,0,1,0
TRBJ1-6,0,0,0,0,5,3
TRBJ2-1,0,0,0,1,1,6
TRBJ2-2,0,0,0,0,1,0
TRBJ2-2P,0,0,0,0,0,0
TRBJ2-3,0,0,0,0,6,6
TRBJ2-4,0,0,0,0,0,0
TRBJ2-5,0,0,0,0,0,0
TRBJ2-6,0,0,0,0,0,0
TRBJ2-7,0,0,0,0,0,0
TRBV10-1,0,0,0,0,0,0
TRBV10-2,0,0,0,0,0,0
TRBV10-3,0,0,0,0,0,0
TRBV11-1,0,0,0,0,0,0
TRBV11-2,0,0,0,0,0,0
TRBV11-3,0,0,0,0,0,0
TRBV12-1,0,0,0,0,0,0
TRBV12-2,0,0,0,0,0,0
TRBV12-3,0,0,0,0,0,0
TRBV12-4,0,0,0,0,0,0
TRBV12-5,0,0,0,0,0,0
TRBV13,0,0,0,0,0,0
TRBV14,0,0,0,0,0,0
TRBV15,0,0,0,0,0,0
TRBV16,0,0,0,0,0,0
TRBV17,0,0,0,0,0,0
TRBV18,0,0,0,0,0,0
TRBV19,0,0,0,0,0,0
TRBV2,0,0,0,0,0,0
TRBV20-1,0,0,0,0,0,0
TRBV20OR9-2,0,0,0,0,0,0
TRBV21-1,0,0,0,0,0,0
TRBV21OR9-2,0,0,0,0,0,0
TRBV22-1,0,0,0,0,0,0
TRBV23-1,0,0,0,0,0,0
TRBV23OR9-2,0,0,0,0,0,0
TRBV24-1,0,0,0,0,0,0
TRBV24OR9-2,0,0,0,0,0,0
TRBV25-1,0,0,0,0,0,0
TRBV25OR9-2,0,0,0,0,0,0
TRBV26,0,0,0,0,0,0
TRBV26OR9-2,0,0,0,1,0,0
TRBV27,0,0,0,0,0,0
TRBV28,0,0,0,0,0,0
TRBV29-1,0,0,0,0,0,0
TRBV29OR9-2,0,0,0,0,0,0
TRBV3-1,0,0,0,0,0,0
TRBV30,0,0,0,0,0,0
TRBV4-1,0,0,0,0,0,0
TRBV4-2,0,0,0,0,0,0
TRBV5-1,0,0,0,0,0,0
TRBV5-3,0,0,0,0,0,0
TRBV5-4,0,0,0,0,0,0
TRBV5-5,0,0,0,0,0,0
TRBV5-6,0,0,0,0,0,0
TRBV5-7,0,0,0,0,0,0
TRBV6-1,0,0,0,0,0,0
TRBV6-3,0,0,0,0,0,0
TRBV6-4,0,0,0,0,0,0
TRBV6-5,0,0,0,0,0,0
TRBV6-6,0,0,0,0,0,0
TRBV6-7,0,0,0,0,0,0
TRBV6-8,0,0,0,0,0,0
TRBV7-1,0,0,0,0,0,0
TRBV7-2,0,0,0,0,0,0
TRBV7-3,0,0,0,0,0,0
TRBV7-4,0,0,0,0,0,0
TRBV7-5,0,0,0,0,0,0
TRBV7-6,0,0,0,0,0,0
TRBV7-7,0,0,0,0,0,0
TRBV7-9,0,0,0,0,0,0
TRBV8-1,0,0,0,0,0,0
TRBV9,0,0,0,0,0,0
TRBVA,0,0,0,0,0,0
TRBVB,0,0,0,0,0,0
TRD-AS1,0,0,0,0,0,0
TRDD1,0,0,0,0,0,0
TRDD2,0,0,0,0,0,0
TRDD3,0,0,0,0,0,0
TRDJ1,0,0,0,0,0,0
TRDJ2,0,0,0,0,0,0
TRDJ3,0,0,0,0,0,0
TRDJ4,0,0,0,0,0,0
TRDMT1,64,70,92,278,211,189
TRDN,4,0,26,5,3,10
TRDN-AS1,0,0,0,0,0,0
TRDV1,0,0,0,0,0,0
TRDV2,0,0,0,0,0,0
TRDV3,0,0,0,0,0,0
TREH,0,0,0,4,15,22
TREM1,1,0,0,0,3,1
TREM2,0,0,0,0,0,0
TREML1,0,0,0,2,4,5
TREML2,0,0,0,0,0,0
TREML4,0,0,0,0,0,0
TRERF1,194,97,524,472,851,1064
TREX1,0,0,0,0,0,0
TREX2,0,0,3,0,3,2
TRG-AS1,0,0,0,0,0,3
TRGC1,0,0,1,0,0,0
TRGC2,0,0,0,0,0,0
TRGJ1,0,0,0,0,0,0
TRGJ2,0,0,0,0,0,0
TRGJP,0,0,0,0,0,0
TRGJP1,0,0,0,0,0,0
TRGJP2,0,0,0,0,0,0
TRGV1,0,0,0,0,0,0
TRGV2,0,0,0,0,0,0
TRGV3,0,0,0,0,0,0
TRGV4,0,0,0,0,0,0
TRGV5,0,0,0,0,0,0
TRGV5P,0,0,0,0,0,0
TRGV7,0,0,0,0,0,0
TRGV8,0,0,0,0,0,0
TRGV9,0,0,0,1,2,2
TRH,3,0,5,0,0,0
TRHDE,0,0,0,0,0,0
TRHR,0,0,0,0,0,0
TRIAP1,268,118,1055,573,1217,1184
TRIB1,144,92,297,144,215,208
TRIB2,0,0,0,5,1,8
TRIB3,1620,1175,4318,178,471,436
TRIL,1054,549,2323,1655,2014,2151
TRIM10,0,0,0,0,0,0
TRIM11,184,88,763,307,849,1009
TRIM13,314,156,663,801,651,901
TRIM14,246,88,410,296,375,383
TRIM15,0,0,0,0,0,0
TRIM16,105,86,398,142,222,281
TRIM17,42,28,214,37,134,180
TRIM2,87,33,86,440,341,368
TRIM21,39,5,109,63,117,146
TRIM22,5,0,0,5,4,5
TRIM23,258,143,569,566,587,648
TRIM24,755,429,1162,757,759,823
TRIM25,1834,934,3735,2793,3584,3789
TRIM26,389,171,1126,666,1494,1564
TRIM26BP,0,0,0,0,0,0
TRIM27,653,262,1407,714,1069,1183
TRIM28,402,184,2307,463,2468,2386
TRIM29,7,0,8,510,1355,1505
TRIM3,171,46,484,815,1429,1640
TRIM31,0,0,0,0,2,1
TRIM31-AS1,7,0,4,4,6,9
TRIM32,429,206,905,606,885,1112
TRIM33,1292,556,1610,2217,1628,2070
TRIM34,0,0,4,0,0,1
TRIM35,83,29,223,103,237,254
TRIM36,102,29,147,192,124,161
TRIM37,1203,741,2148,2891,2442,2945
TRIM38,133,41,284,69,77,86
TRIM39,163,95,346,467,509,510
TRIM39-RPP21,0,0,0,0,0,0
TRIM4,451,230,910,536,624,695
TRIM40,0,0,0,0,0,0
TRIM41,408,226,1614,483,1414,1474
TRIM42,0,0,0,0,0,0
TRIM43,0,0,0,1,0,0
TRIM43B,0,0,0,0,0,0
TRIM44,5693,2852,8453,7359,6140,7434
TRIM45,223,89,532,103,266,272
TRIM46,93,6,167,101,198,280
TRIM47,14,26,122,22,93,90
TRIM48,0,0,0,1,0,0
TRIM49,0,0,0,0,0,0
TRIM49B,0,0,0,0,0,0
TRIM49C,0,0,0,0,0,0
TRIM49D1,0,0,0,0,0,0
TRIM49D2,0,0,0,0,0,0
TRIM5,163,89,348,339,460,555
TRIM50,0,0,0,0,0,0
TRIM51,0,0,0,0,0,0
TRIM51BP,0,0,0,0,0,0
TRIM51CP,0,0,0,0,0,0
TRIM51G,0,0,0,0,0,0
TRIM51JP,0,0,0,0,0,0
TRIM52,717,239,1215,795,881,1029
TRIM52-AS1,35,17,71,13,33,33
TRIM53AP,0,0,0,0,0,0
TRIM53CP,1,0,0,0,0,0
TRIM54,0,0,0,0,0,0
TRIM55,0,0,5,3,7,13
TRIM56,867,390,1435,1791,2328,2815
TRIM58,0,0,3,41,56,35
TRIM59,218,133,391,473,607,619
TRIM59-IFT80,0,0,0,1,0,0
TRIM6,0,0,4,20,24,16
TRIM6-TRIM34,0,0,0,0,0,0
TRIM60,0,0,0,0,0,0
TRIM60P10Y,0,0,0,0,0,0
TRIM60P11Y,0,0,0,0,0,0
TRIM60P12Y,0,0,0,0,0,0
TRIM60P14,0,0,0,0,0,0
TRIM60P16,0,0,0,0,0,0
TRIM60P19,0,0,0,0,0,0
TRIM60P1Y,0,0,0,0,0,0
TRIM60P2Y,0,0,0,0,0,0
TRIM60P3Y,0,0,0,0,0,0
TRIM60P4Y,0,0,0,0,0,0
TRIM60P5Y,0,0,0,0,0,0
TRIM60P6Y,0,0,0,0,0,0
TRIM60P7Y,0,0,0,0,0,0
TRIM60P8Y,0,0,0,0,0,0
TRIM60P9Y,0,0,0,0,0,0
TRIM61,0,0,0,0,0,0
TRIM62,44,20,112,25,147,142
TRIM63,0,0,0,0,0,0
TRIM64,0,0,0,0,0,0
TRIM64B,0,0,0,0,0,0
TRIM64C,0,0,0,0,0,0
TRIM64DP,0,0,0,0,0,0
TRIM64EP,0,0,0,0,0,0
TRIM64FP,0,0,0,0,0,0
TRIM65,170,168,701,89,341,351
TRIM66,351,97,329,414,388,463
TRIM67,0,0,0,0,4,1
TRIM67-AS1,0,0,2,0,0,0
TRIM68,44,23,110,34,62,69
TRIM69,358,235,608,292,350,386
TRIM7,10,0,43,5,6,5
TRIM71,0,0,0,1,3,5
TRIM72,2,0,0,2,1,5
TRIM73,0,0,0,0,0,4
TRIM74,0,0,0,0,0,2
TRIM75,0,0,0,0,0,0
TRIM77,0,0,0,0,0,0
TRIM77BP,0,0,0,0,0,0
TRIM8,984,692,2922,485,1287,1188
TRIM80P,0,0,2,0,0,0
TRIM9,159,80,233,134,132,155
TRIML1,0,0,0,0,0,0
TRIML2,0,0,0,0,0,0
TRIO,489,263,1013,800,988,1450
TRIOBP,112,86,369,122,484,523
TRIP10,138,72,463,429,1260,1319
TRIP11,2079,996,3317,3215,2417,3005
TRIP12,1918,904,3066,5258,4468,5972
TRIP13,132,90,271,395,715,615
TRIP4,448,240,1204,551,799,767
TRIP6,41,15,204,39,191,228
TRIQK,1468,878,2567,1595,1471,1638
TRIR,129,106,566,181,529,497
TRIT1,196,114,424,403,347,345
TRMO,161,105,333,99,130,131
TRMT1,33,31,496,83,419,388
TRMT10A,204,157,553,320,293,348
TRMT10B,174,87,302,104,183,180
TRMT10C,407,228,1003,671,802,774
TRMT11,219,88,517,334,354,418
TRMT112,314,208,2373,243,1790,1754
TRMT112P2,0,0,0,0,0,0
TRMT112P5,0,0,0,0,0,0
TRMT112P8,0,0,0,0,0,0
TRMT12,400,186,1059,802,847,1024
TRMT13,431,189,668,678,511,592
TRMT1L,519,271,1064,1186,1103,1112
TRMT1P1,0,0,0,0,0,0
TRMT2A,54,22,539,81,494,543
TRMT2B,226,217,483,351,447,517
TRMT44,38,35,108,70,86,96
TRMT5,478,256,855,578,572,610
TRMT6,316,141,572,527,570,624
TRMT61A,26,20,328,17,119,113
TRMT61B,97,83,364,297,317,295
TRMT9B,0,0,0,4,3,7
TRMU,89,40,223,240,434,432
TRNAU1AP,116,87,385,204,375,368
TRNP1,38,16,91,55,89,80
TRNT1,364,151,749,740,579,702
TRO,0,0,0,0,0,0
TROAP,187,48,725,196,1028,986
TROAP-AS1,3,0,17,2,14,9
TRPA1,0,0,0,0,2,0
TRPC1,71,36,74,303,242,309
TRPC3,0,0,0,0,0,0
TRPC4,34,0,43,32,23,32
TRPC4AP,975,529,2023,1642,2031,2262
TRPC5,0,0,0,0,0,0
TRPC5OS,0,0,0,0,0,0
TRPC6,23,40,74,2,8,9
TRPC6P1,0,0,0,0,0,0
TRPC6P10,0,0,0,0,0,0
TRPC6P3,0,0,0,0,0,0
TRPC6P5,0,0,0,0,0,0
TRPC6P7,0,0,0,0,0,0
TRPC6P8,0,0,0,0,0,0
TRPC6P9,0,0,0,0,0,0
TRPC7,0,0,0,0,0,0
TRPC7-AS1,0,0,0,0,0,1
TRPC7-AS2,0,0,0,0,0,0
TRPM1,0,0,0,0,0,0
TRPM2,19,7,388,15,187,190
TRPM3,0,0,0,0,0,0
TRPM4,86,5,523,285,1086,1210
TRPM5,0,0,0,0,0,0
TRPM6,1,0,1,3,5,2
TRPM7,1642,863,2550,1941,1369,1746
TRPM8,13,8,19,2068,2428,3336
TRPS1,29560,14927,42326,57139,43095,58658
TRPS1-AS1,0,0,0,0,0,0
TRPT1,30,50,263,18,131,120
TRPV1,53,11,142,39,97,133
TRPV2,0,0,0,0,1,0
TRPV3,104,55,235,1329,1805,2294
TRPV4,3,0,6,10,134,149
TRPV5,4,0,5,0,0,5
TRPV6,1899,735,4042,4068,6633,7485
TRRAP,418,156,994,628,978,1380
TRUB1,559,362,854,1033,814,973
TRUB2,781,321,2151,650,1528,1487
TSACC,2,0,6,3,14,5
TSBP1,0,0,0,0,0,0
TSC1,1592,840,2400,1543,1788,2132
TSC2,383,81,1902,496,1389,1740
TSC22D1,1107,566,2144,1523,2029,2142
TSC22D1-AS1,12,0,22,20,18,24
TSC22D2,319,185,594,509,526,591
TSC22D3,121,32,360,430,1003,1245
TSC22D4,31,22,321,54,375,419
TSEN15,682,598,1395,626,653,553
TSEN2,507,268,872,515,499,569
TSEN34,61,56,316,100,444,429
TSEN54,61,60,203,124,214,267
TSFM,6,8,32,48,41,56
TSG101,621,290,1299,575,983,912
TSGA10,76,51,156,149,131,162
TSGA10IP,0,0,1,0,0,0
TSGA13,0,0,0,0,0,0
TSHB,0,0,0,0,0,0
TSHR,0,0,0,0,0,0
TSHZ1,104,55,186,95,184,196
TSHZ2,0,0,0,0,0,0
TSHZ3,1,0,1,1,1,1
TSIX,0,0,0,1,0,0
TSKS,0,0,0,0,0,0
TSKU,305,127,1093,326,1180,1315
TSKU-AS1,17,0,40,19,25,32
TSLP,2,0,4,0,3,1
TSN,867,491,2601,1490,1846,1998
TSNARE1,17,0,121,6,56,66
TSNAX,893,486,2112,1695,1829,1736
TSNAX-DISC1,0,0,0,1,0,0
TSNAX-DT,44,71,74,41,32,40
TSNAXIP1,14,0,36,39,92,116
TSPAN1,37,42,89,204,419,460
TSPAN10,65,24,142,88,97,117
TSPAN11,0,0,0,0,1,0
TSPAN12,217,160,420,366,362,425
TSPAN13,2641,1643,5591,3945,4686,4327
TSPAN14,961,648,2553,1642,3802,4089
TSPAN14-AS1,0,0,0,0,0,0
TSPAN15,167,85,748,557,1733,1896
TSPAN16,0,0,2,0,0,0
TSPAN17,125,79,535,453,1499,1571
TSPAN18,0,0,0,0,0,1
TSPAN19,0,0,2,0,0,0
TSPAN2,0,0,2,2,1,2
TSPAN3,675,434,1429,2806,3528,3343
TSPAN31,650,477,2049,1065,1578,1743
TSPAN32,0,0,0,0,0,0
TSPAN33,22,19,60,56,130,138
TSPAN4,57,22,658,26,247,232
TSPAN5,86,24,177,183,183,171
TSPAN6,178,87,401,770,875,1054
TSPAN7,0,0,1,0,0,1
TSPAN8,0,0,0,0,0,0
TSPAN9,99,65,765,306,1155,1290
TSPAN9-IT1,0,0,0,0,0,0
TSPEAR,1,0,2,13,39,40
TSPEAR-AS1,0,0,0,0,1,1
TSPO,12,9,84,6,62,62
TSPO2,0,0,0,0,0,0
TSPOAP1,7,2,78,16,87,87
TSPOAP1-AS1,3,6,11,1,1,4
TSPY1,0,0,0,0,0,0
TSPY11P,0,0,0,0,0,0
TSPY12P,0,0,0,0,0,0
TSPY13P,0,0,0,0,0,0
TSPY14P,0,0,0,0,0,0
TSPY16P,0,0,0,0,0,0
TSPY17P,0,0,0,0,0,0
TSPY18P,0,0,0,0,0,0
TSPY19P,0,0,0,0,0,0
TSPY2,0,0,0,0,0,0
TSPY23P,0,0,0,0,0,0
TSPY24P,0,0,0,0,0,0
TSPY25P,0,0,0,0,0,0
TSPY26P,5,0,2,2,4,5
TSPY3,0,0,0,0,0,0
TSPY6P,0,0,0,0,0,0
TSPY7P,0,0,0,0,0,0
TSPY8,0,0,0,0,0,0
TSPYL1,1021,581,3610,4224,8541,9519
TSPYL2,427,145,900,772,1253,1426
TSPYL4,591,311,1099,1093,1241,1502
TSPYL5,0,0,0,0,0,0
TSPYL6,0,0,0,0,0,0
TSR1,990,521,1930,2075,2144,2240
TSR2,1148,753,3145,1074,2635,2609
TSR3,23,16,183,18,107,110
TSSC4,6,3,170,13,115,133
TSSK1B,1,0,0,0,0,0
TSSK2,0,0,0,0,0,0
TSSK3,5,0,21,9,5,15
TSSK4,0,0,0,1,0,1
TSSK5P,0,0,0,0,1,0
TSSK6,20,22,28,3,11,14
TST,17,11,67,9,45,65
TSTD1,124,127,566,85,335,350
TSTD2,285,169,476,286,255,332
TSTD3,62,25,99,180,144,206
TTBK1,0,0,0,1,8,8
TTBK2,436,224,613,713,481,700
TTC1,1720,1009,3151,2699,3222,3239
TTC12,576,366,1080,884,790,880
TTC13,470,268,840,737,616,641
TTC14,3358,1219,4852,7164,5138,6557
TTC16,1,2,19,3,11,12
TTC17,6636,3157,10559,4265,4168,4694
TTC19,705,333,1039,1103,1064,1078
TTC21A,141,57,235,83,146,156
TTC21B,228,108,305,450,375,428
TTC22,0,0,1,0,0,0
TTC23,293,211,551,438,540,619
TTC23-AS1,0,0,0,0,0,0
TTC23L,43,8,62,53,46,62
TTC23L-AS1,40,14,72,22,26,21
TTC24,0,0,0,0,0,0
TTC27,294,193,727,399,531,524
TTC28,332,125,710,387,646,815
TTC28-AS1,167,67,494,284,402,531
TTC29,0,0,1,0,0,0
TTC3,8042,4277,12954,20801,16793,20010
TTC3-AS1,0,0,0,0,0,0
TTC31,211,155,698,138,426,469
TTC32,120,66,369,59,74,103
TTC33,569,347,1037,1060,858,1138
TTC34,0,0,1,2,3,0
TTC36,26,14,44,3,8,5
TTC36-AS1,46,37,57,19,22,25
TTC38,152,94,654,383,878,969
TTC39A,1641,990,4411,968,2219,2202
TTC39A-AS1,42,26,210,22,100,98
TTC39B,1815,836,2647,594,553,786
TTC39C,407,143,634,360,322,336
TTC39C-AS1,0,0,1,0,0,0
TTC39CP1,0,0,0,0,0,0
TTC39DP,0,0,0,1,0,0
TTC4,17,2,87,26,51,68
TTC41P,86,43,121,65,32,47
TTC4P1,0,0,0,0,0,0
TTC5,147,78,297,210,233,268
TTC6,450,153,627,559,437,533
TTC7A,75,52,288,72,336,360
TTC7B,64,48,127,116,184,188
TTC7B-AS1,0,0,0,1,0,0
TTC8,507,320,1068,550,823,916
TTC9,473,290,964,419,726,802
TTC9-DT,0,0,1,1,0,1
TTC9B,0,0,1,0,0,0
TTC9C,403,175,961,471,819,896
TTF1,407,240,764,520,538,589
TTF2,274,102,517,850,889,1021
TTI1,1040,533,1768,955,1122,1129
TTI2,87,46,241,105,288,288
TTK,343,173,483,1015,809,831
TTL,407,197,654,581,626,674
TTLL1,85,18,361,80,183,186
TTLL1-AS1,0,0,0,0,0,0
TTLL10,0,0,9,1,2,5
TTLL10-AS1,0,0,0,0,0,0
TTLL11,72,49,173,43,70,88
TTLL12,70,52,536,250,1057,1086
TTLL13,3,0,4,0,1,3
TTLL2,0,0,0,0,0,0
TTLL3,441,86,585,963,1333,1522
TTLL4,253,100,541,309,493,584
TTLL5,878,593,1450,1178,1383,1414
TTLL6,5,0,5,5,10,13
TTLL7,366,208,567,467,333,436
TTLL7-IT1,1,0,0,0,0,0
TTLL8,0,0,0,0,0,0
TTLL9,67,43,123,30,52,75
TTN,0,0,0,0,0,0
TTN-AS1,173,114,259,238,218,311
TTPA,7,7,11,52,34,27
TTPAL,433,156,886,850,938,1146
TTR,0,0,0,0,0,1
TTTY1,0,0,0,0,0,0
TTTY10,0,0,0,0,0,0
TTTY12,0,0,0,0,0,0
TTTY13,0,0,0,0,0,0
TTTY14,0,0,0,0,0,0
TTTY17A,0,0,0,0,0,0
TTTY17B,0,0,0,0,0,0
TTTY19,0,0,0,0,0,0
TTTY1B,0,0,0,0,0,0
TTTY20,0,0,0,0,0,0
TTTY21,0,0,0,0,0,0
TTTY22,0,0,0,0,0,0
TTTY23,0,0,0,0,0,0
TTTY3,0,0,0,0,0,0
TTTY3B,0,0,0,0,0,0
TTTY4,0,0,0,0,0,0
TTTY4B,0,0,0,0,0,0
TTTY4C,0,0,0,0,0,0
TTTY5,0,0,0,0,0,0
TTTY6,0,0,0,0,0,0
TTTY6B,0,0,0,0,0,0
TTTY7,0,0,0,0,0,0
TTTY8,0,0,0,0,0,0
TTTY8B,0,0,0,0,0,0
TTTY9B,0,0,0,0,0,0
TTYH1,13,0,60,1,6,15
TTYH2,15,1,42,58,174,184
TTYH3,89,61,525,188,561,649
TUB,43,4,71,451,588,747
TUB-AS1,0,0,0,0,0,0
TUBA1A,389,206,1150,1376,4412,4338
TUBA1B,3256,1838,8909,5175,18098,16921
TUBA1C,1576,913,3909,1849,6582,6166
TUBA3C,0,0,0,0,0,0
TUBA3D,0,0,2,0,0,0
TUBA3E,0,0,4,0,0,0
TUBA3FP,0,0,0,0,0,0
TUBA3GP,0,0,0,0,0,0
TUBA4A,26,15,112,323,2226,2130
TUBA4B,0,0,5,1,2,6
TUBA8,0,0,0,2,0,1
TUBAL3,0,0,0,0,0,0
TUBAP1,0,0,0,0,0,0
TUBAP10,0,0,0,0,0,0
TUBAP11,0,0,0,0,0,2
TUBAP12,0,0,0,0,0,0
TUBAP13,0,0,0,0,0,0
TUBAP14,0,1,0,0,0,0
TUBAP15,0,0,0,0,0,0
TUBAP2,4,0,5,4,3,3
TUBAP4,0,0,0,0,0,0
TUBAP6,0,0,0,0,0,0
TUBAP7,0,0,0,0,0,0
TUBAP8,0,0,0,0,0,0
TUBAP9,0,0,0,0,0,0
TUBB,5113,3126,14259,17042,39747,37828
TUBB1,8,5,8,0,1,0
TUBB2A,7,12,59,14,90,98
TUBB2B,2,1,10,8,21,26
TUBB2BP1,0,0,0,0,0,0
TUBB3,10,0,25,11,23,18
TUBB3P1,0,0,0,0,0,0
TUBB4A,2,0,3,16,49,58
TUBB4B,1031,578,4538,798,4077,3522
TUBB4BP1,0,0,0,0,0,0
TUBB4BP2,0,0,0,0,0,0
TUBB4BP4,0,0,0,0,0,0
TUBB4BP5,0,0,0,0,0,0
TUBB4BP6,0,0,0,0,0,0
TUBB4BP8,0,0,0,0,0,0
TUBB6,46,15,186,125,399,350
TUBB6P1,0,0,0,0,0,0
TUBB7P,8,2,9,2,2,8
TUBB8,0,2,13,0,5,8
TUBB8B,0,0,12,4,6,5
TUBB8P1,0,0,0,0,0,0
TUBB8P10,0,0,0,0,0,0
TUBB8P11,0,0,0,0,0,0
TUBB8P2,0,0,0,0,0,0
TUBB8P3,0,0,0,0,0,0
TUBB8P4,0,0,0,0,0,0
TUBB8P5,0,0,0,0,0,0
TUBB8P6,0,0,0,0,0,0
TUBB8P7,18,14,18,18,21,16
TUBB8P8,0,0,3,0,3,4
TUBB8P9,0,0,0,0,0,0
TUBBP11,0,0,0,0,0,0
TUBBP6,0,0,0,0,0,0
TUBBP9,0,0,0,1,0,0
TUBD1,122,97,203,271,271,307
TUBE1,518,185,945,540,420,562
TUBG1,310,123,1495,478,2250,2406
TUBG1P,1,0,0,0,0,0
TUBG2,210,68,616,802,1805,1967
TUBGCP2,591,317,1508,650,1328,1580
TUBGCP3,228,132,475,258,309,344
TUBGCP4,589,288,775,689,822,888
TUBGCP5,372,243,618,596,574,606
TUBGCP6,124,45,624,272,1085,1333
TUFM,314,167,2500,418,2999,3097
TUFMP1,0,0,3,0,0,0
TUFT1,358,162,1408,896,2114,2377
TUG1,7343,3111,8997,20409,14436,19077
TULP1,0,0,0,0,1,0
TULP2,0,0,0,0,0,0
TULP3,474,232,973,568,805,891
TULP4,643,440,1412,1187,1221,1515
TUNAR,0,0,0,0,0,0
TUSC1,41,20,77,36,74,74
TUSC2,103,75,276,86,226,223
TUSC2P1,0,0,0,0,0,0
TUSC2P2,0,0,0,0,0,0
TUSC3,606,297,1119,2451,2377,2467
TUSC7,0,0,0,0,0,0
TUSC8,0,0,0,1,0,0
TUT1,49,32,147,53,100,103
TUT4,799,400,1182,1801,1363,1686
TUT7,713,305,1187,749,591,768
TVP23A,0,0,0,0,0,0
TVP23B,1024,696,2118,1426,1293,1418
TVP23C,64,32,96,105,96,118
TVP23C-CDRT4,3,0,5,4,2,4
TVP23CP1,0,0,0,0,0,0
TVP23CP3,0,0,0,0,0,0
TWF1,2155,1296,4276,6748,5972,6662
TWF2,7,0,40,4,32,47
TWF2-DT,3,1,9,2,4,2
TWIST1,70,52,157,10,16,13
TWIST2,0,0,0,0,0,0
TWNK,416,111,1283,493,1203,1243
TWSG1,378,130,744,1539,1455,1740
TXK,0,0,0,5,1,0
TXLNA,921,419,1888,898,1774,1692
TXLNB,19,18,37,109,128,124
TXLNG,1206,527,1939,1622,1425,1470
TXN,2088,1098,3254,1677,2562,2230
TXN2,344,202,1756,482,2638,2491
TXNDC11,648,379,1240,487,676,623
TXNDC12,28,9,75,10,67,67
TXNDC12-AS1,0,0,0,0,0,0
TXNDC15,426,245,980,863,1168,1177
TXNDC16,429,291,746,1427,1136,1294
TXNDC17,112,81,822,344,1259,1259
TXNDC2,0,0,0,0,1,0
TXNDC5,4,0,5,6,3,11
TXNDC8,0,0,0,0,0,0
TXNDC9,411,302,1010,922,1008,868
TXNIP,126,73,231,2589,2957,3303
TXNL1,1050,594,1895,2141,2550,2538
TXNL1P1,0,0,0,0,0,0
TXNL4A,217,159,533,543,849,831
TXNL4B,122,70,331,149,298,305
TXNRD1,1675,1052,3592,3953,3930,4584
TXNRD2,70,27,271,130,357,350
TXNRD3,139,94,258,371,279,346
TYK2,129,50,690,205,929,1069
TYMP,6,0,33,6,22,19
TYMS,98,60,281,454,815,730
TYMSP1,0,0,0,0,0,0
TYMSP2,0,0,0,0,0,0
TYR,0,0,0,0,0,0
TYRO3,75,42,251,135,503,538
TYROBP,0,0,0,0,0,0
TYRP1,438,296,736,722,642,737
TYSND1,114,47,519,99,362,417
TYW1,598,284,1659,518,758,820
TYW1B,66,68,95,30,42,40
TYW3,429,240,1076,789,869,957
TYW5,178,82,337,259,301,366
U2AF1,37,17,63,132,126,149
U2AF1L4,27,0,66,21,61,71
U2AF2,382,159,2589,589,3293,3476
U2SURP,5548,2817,8591,10288,7501,9318
U2SURPP1,0,0,0,0,0,0
UACA,573,287,845,1075,774,941
UAP1,1053,479,1744,1172,1214,1183
UAP1L1,523,315,3295,158,705,734
UBA1,1918,847,7553,3585,12907,13549
UBA2,1272,959,2467,2233,2156,2147
UBA3,752,442,1176,915,880,934
UBA5,689,361,1190,1042,904,950
UBA52,1532,1102,4341,1727,4243,3908
UBA52P9,0,0,0,0,0,0
UBA6,830,372,1288,2540,1960,2429
UBA6-DT,242,120,472,520,585,537
UBA7,7,8,56,9,30,36
UBAC1,147,87,556,241,434,480
UBAC2,403,234,1046,554,1045,1190
UBAC2-AS1,5,0,19,8,7,13
UBALD1,11,2,128,2,55,52
UBALD2,22,22,128,22,62,51
UBAP1,576,321,946,455,649,690
UBAP1L,31,28,48,69,82,92
UBAP2,613,320,1224,742,1075,1182
UBAP2L,4220,1868,7343,5226,8213,8997
UBASH3A,0,0,0,0,1,3
UBASH3B,0,4,1,63,70,93
UBB,2589,1879,5687,2812,8293,7343
UBC,11124,6127,24663,13440,28719,26136
UBD,0,0,0,0,0,0
UBE2A,519,307,1088,1811,2105,1973
UBE2B,714,430,1717,790,1113,1109
UBE2C,272,156,667,197,496,375
UBE2CP2,9,0,1,4,8,12
UBE2D1,235,115,457,717,694,738
UBE2D2,853,594,1542,1076,1231,1169
UBE2D3,2605,1618,4882,4023,4850,5249
UBE2D3P3,0,0,0,0,0,0
UBE2D4,207,208,394,186,363,357
UBE2E1,2253,1491,3678,3481,3378,3615
UBE2E1-AS1,0,0,1,2,0,3
UBE2E2,347,271,700,609,742,768
UBE2E2-DT,0,0,0,3,3,0
UBE2E3,108,61,256,358,566,583
UBE2F,46,43,87,91,99,99
UBE2F-SCLY,0,0,0,0,0,0
UBE2FP3,0,0,0,0,0,0
UBE2G1,892,497,1640,2062,1877,1894
UBE2G2,1548,566,3181,3944,4532,5233
UBE2H,1144,666,2040,1949,1943,2364
UBE2I,1211,689,2662,1752,2583,2618
UBE2J1,1361,722,2451,4444,3987,4407
UBE2J2,110,78,448,183,469,504
UBE2K,1747,1138,3152,3689,3502,3939
UBE2L3,1892,1077,2965,5348,5849,5728
UBE2L5,0,1,0,2,1,0
UBE2L6,373,282,1511,466,2285,2159
UBE2M,135,163,647,251,622,657
UBE2N,687,494,1608,2207,3407,3494
UBE2NL,0,0,0,0,0,0
UBE2O,127,81,572,181,910,1069
UBE2Q1,1238,668,2195,1420,1783,1752
UBE2Q1-AS1,0,0,0,0,0,1
UBE2Q2,703,434,1221,1050,903,934
UBE2Q2P11,0,0,0,0,0,0
UBE2Q2P12,0,0,0,0,0,0
UBE2Q2P4Y,0,0,0,0,0,0
UBE2Q2P5Y,0,0,0,0,0,0
UBE2Q2P6,0,0,0,1,0,0
UBE2Q2P9,0,0,0,0,0,0
UBE2QL1,0,0,0,0,0,0
UBE2R2,1464,815,2549,1342,1708,1742
UBE2R2-AS1,0,0,0,2,1,1
UBE2S,19,2,260,18,238,214
UBE2T,263,188,404,376,518,463
UBE2U,0,0,0,0,0,0
UBE2V1,87,14,85,235,135,189
UBE2V1P10,0,0,0,0,0,0
UBE2V1P12,0,0,0,0,0,0
UBE2V1P4,0,0,0,0,0,0
UBE2V1P5,0,0,0,0,0,0
UBE2V1P6,0,0,0,0,0,0
UBE2V1P7,0,0,0,0,0,0
UBE2V1P9,0,0,0,0,0,0
UBE2V2,2136,1268,3503,4630,4089,4394
UBE2V2P1,0,0,0,0,0,0
UBE2V2P4,0,0,0,0,0,0
UBE2W,698,319,1351,1199,1090,1156
UBE2WP1,0,0,0,0,0,0
UBE2Z,1766,997,3142,3343,4231,4832
UBE3A,2296,1191,4016,4438,3429,3991
UBE3B,790,439,1715,863,1470,1811
UBE3C,693,336,1846,1747,2668,3025
UBE3D,48,18,94,62,74,54
UBE4A,3030,1601,4438,5561,4267,5444
UBE4B,745,456,1485,1226,1714,1919
UBFD1,1311,646,2509,2224,2791,3380
UBIAD1,190,65,466,160,269,251
UBL3,3111,2113,6394,6433,5543,6160
UBL4A,135,89,905,82,549,511
UBL4B,0,0,0,0,0,0
UBL5,137,123,854,297,1356,1321
UBL5P1,0,0,0,0,0,0
UBL5P4,0,0,0,0,0,0
UBL7,302,139,966,230,585,573
UBL7-DT,54,1,121,54,82,91
UBLCP1,733,449,1100,1502,1360,1500
UBN1,1489,696,4184,1459,2314,2763
UBN2,773,279,925,993,610,888
UBOX5,105,61,447,122,381,370
UBOX5-AS1,0,0,0,0,0,0
UBP1,2494,1231,4428,3501,3959,3966
UBQLN1,1918,923,2799,2720,2540,2846
UBQLN1-AS1,32,17,42,15,19,9
UBQLN2,689,382,1219,1097,1475,1477
UBQLN3,0,0,0,0,0,0
UBQLN4,987,562,2694,1827,2763,2794
UBQLNL,0,0,3,4,10,11
UBR1,795,282,1161,1841,1244,1817
UBR2,1036,500,1561,2325,2049,2449
UBR3,924,352,1299,2666,1907,2361
UBR4,1342,498,1924,1746,2260,3184
UBR5,2910,1398,4087,6234,4295,6010
UBR7,485,156,1055,1008,1349,1390
UBTD1,5,0,124,4,110,121
UBTD2,443,219,925,1060,1055,1155
UBTF,1405,644,3962,1716,3529,3859
UBTFL1,0,0,0,0,0,0
UBTFL10,0,0,0,0,0,0
UBTFL2,0,0,0,0,0,0
UBTFL3,0,0,0,0,0,0
UBTFL5,0,0,0,0,0,0
UBTFL6,0,8,0,0,0,0
UBTFL7,0,0,0,0,0,0
UBTFL9,0,0,0,0,0,0
UBXN1,320,108,2742,243,1316,1329
UBXN10,5,0,20,4,8,2
UBXN11,74,13,686,41,397,367
UBXN2A,175,94,350,582,532,613
UBXN2B,1822,933,2920,3196,2524,2992
UBXN4,2808,1458,4225,5761,4546,5435
UBXN6,94,31,617,159,712,683
UBXN7,3607,1919,5249,8133,5697,8316
UBXN8,253,162,604,438,472,463
UCA1,2,3,4,2,3,4
UCHL1,0,0,4,13,18,23
UCHL1-DT,0,0,0,0,1,0
UCHL3,33,38,50,59,52,67
UCHL5,908,533,2027,1380,1371,1396
UCK1,165,47,804,155,494,583
UCK2,835,475,1943,997,1587,1620
UCKL1,53,25,348,61,301,348
UCKL1-AS1,0,0,2,1,0,2
UCMA,0,0,0,0,0,0
UCN,0,0,7,0,1,1
UCN2,1,0,1,0,4,1
UCN3,0,0,0,0,0,0
UCP1,0,0,0,0,0,0
UCP2,199,96,625,188,733,718
UCP3,5,20,11,2,6,5
UEVLD,566,212,1015,1481,1408,1711
UFC1,1418,804,3447,1225,2554,2304
UFD1,276,185,565,968,1560,1382
UFD1-AS1,23,33,39,9,29,26
UFL1,2350,1207,3971,7843,6072,7254
UFM1,2835,1429,5746,3224,2926,3145
UFSP1,7,0,10,0,5,0
UFSP2,329,216,790,424,483,478
UGCG,3619,2129,5483,3522,2665,3505
UGDH,659,432,1309,720,774,853
UGDH-AS1,45,42,123,30,43,44
UGGT1,3213,1539,4896,4641,4108,4709
UGGT2,485,324,783,1361,1085,1199
UGP2,2066,1351,4686,1778,2133,2250
UGT1A1,0,0,0,0,0,0
UGT1A10,0,0,0,0,0,0
UGT1A11P,0,0,0,0,0,0
UGT1A12P,0,0,0,0,0,0
UGT1A13P,0,0,0,0,0,0
UGT1A3,0,0,0,0,0,0
UGT1A4,0,0,0,0,0,0
UGT1A5,0,0,0,0,0,0
UGT1A6,0,0,0,0,0,0
UGT1A7,0,0,0,0,0,0
UGT1A8,0,0,0,0,0,0
UGT1A9,0,0,0,0,0,0
UGT2A1,0,0,0,0,0,0
UGT2A2,0,0,0,0,0,0
UGT2A3,0,0,0,0,0,0
UGT2A3P7,0,0,0,0,0,0
UGT2B10,0,0,0,0,0,0
UGT2B11,0,0,1,1,0,0
UGT2B15,6,8,12,2,4,0
UGT2B17,0,0,0,0,0,0
UGT2B26P,0,0,0,0,0,0
UGT2B28,0,0,0,0,0,0
UGT2B4,0,0,0,0,0,0
UGT2B7,2,0,0,0,1,0
UGT3A1,0,0,0,0,0,0
UGT3A2,4,0,2,50,87,73
UGT8,0,0,0,2,0,0
UHMK1,4584,2407,7488,11255,7286,10233
UHRF1,32,15,193,392,841,798
UHRF2,639,339,1023,592,418,457
UICLM,0,0,0,0,0,0
UIMC1,195,130,519,382,447,519
ULBP1,200,74,286,243,273,290
ULBP2,3,9,2,21,92,90
ULBP3,5,0,4,102,138,109
ULK1,90,16,654,129,766,840
ULK2,625,305,1166,558,680,890
ULK3,307,149,1081,222,716,827
ULK4,144,95,237,127,101,108
UMAD1,175,100,392,145,213,223
UMLILO,0,0,0,0,0,0
UMOD,0,0,0,0,0,0
UMODL1,0,0,0,0,1,0
UMODL1-AS1,0,0,3,0,1,0
UMPS,352,283,1086,471,816,841
UNC119,111,56,532,360,838,902
UNC119B,837,439,2067,1969,2875,3406
UNC13A,1,0,3,5,11,12
UNC13B,540,250,1020,278,437,579
UNC13C,0,0,3,4,4,3
UNC13D,61,21,526,56,433,531
UNC45A,258,127,1456,251,1526,1605
UNC45B,0,0,0,3,1,0
UNC50,396,170,776,419,446,479
UNC5A,0,0,20,1,7,7
UNC5B,183,63,664,376,810,1171
UNC5B-AS1,0,0,0,0,2,0
UNC5C,3,0,21,1,0,1
UNC5CL,3,0,6,2,6,4
UNC5D,0,0,0,0,0,1
UNC79,8,2,9,5,7,5
UNC80,0,0,0,0,1,1
UNC93A,0,0,0,0,0,0
UNC93B1,72,33,394,167,402,427
UNC93B8,0,0,1,0,0,1
UNCX,0,0,0,0,0,0
UNG,398,207,737,878,1418,1357
UNK,97,45,447,186,342,432
UNKL,66,11,425,342,1123,1236
UPB1,0,0,0,0,4,2
UPF1,101,58,725,229,1008,1090
UPF2,1176,507,1852,2670,2313,2586
UPF3A,548,197,1674,802,1283,1340
UPF3B,137,86,318,503,605,660
UPK1A,0,0,0,0,5,5
UPK1A-AS1,0,0,0,0,0,0
UPK1B,0,0,0,0,0,0
UPK2,2,0,6,1,1,6
UPK3A,0,0,0,1,3,0
UPK3B,4,6,80,12,196,231
UPK3BL1,0,0,0,0,0,0
UPK3BL2,0,0,0,0,0,0
UPK3BP1,0,0,0,0,0,0
UPP1,22,0,33,37,49,69
UPP2,8,0,1,0,0,0
UPRT,112,88,232,299,364,439
UQCC1,375,126,877,916,1437,1549
UQCC2,190,50,980,207,975,1092
UQCC3,34,14,302,21,88,106
UQCC4,27,1,113,9,60,77
UQCC5,56,22,156,15,76,68
UQCC6,86,65,331,163,361,395
UQCR10,138,59,1783,183,2488,2615
UQCR11,33,25,86,46,119,106
UQCRB,6489,4039,10376,10188,10161,9908
UQCRB-AS1,2,2,7,4,2,1
UQCRBP2,0,0,0,0,0,0
UQCRBP3,0,0,0,0,0,0
UQCRC1,355,190,1745,234,1008,963
UQCRC2,4650,3042,8423,4551,5504,5615
UQCRC2P1,0,0,0,0,0,0
UQCRFS1,327,222,645,578,797,652
UQCRFS1-DT,4,8,4,10,11,10
UQCRH,2064,1352,5184,4112,5446,5134
UQCRHL,10,16,36,26,33,37
UQCRHP1,0,0,0,0,1,0
UQCRHP4,0,0,0,0,0,0
UQCRQ,166,87,830,145,579,599
URAD,0,0,0,0,0,0
URB1,458,156,977,911,1324,1614
URB1-AS1,13,2,66,7,33,37
URB2,216,98,464,280,342,390
URGCP,250,104,911,201,587,585
URGCP-MRPS24,0,0,0,0,0,0
URI1,981,549,1528,1387,1648,1526
URM1,365,215,1190,318,792,704
UROC1,0,0,0,0,0,0
UROD,197,112,904,163,1084,1034
UROS,236,145,531,444,464,411
USB1,78,24,221,162,277,241
USE1,30,8,213,14,97,78
USF1,621,345,1958,794,2421,2331
USF1P1,0,0,0,0,0,0
USF2,243,191,1375,291,1067,1046
USF3,849,363,870,1112,677,960
USH1C,0,0,3,8,11,4
USH1G,9,0,10,4,20,20
USH2A,0,15,1,0,0,1
USH2A-AS2,0,0,0,0,0,0
USHBP1,0,0,0,1,7,4
USO1,4160,2321,7223,5528,5005,5676
USP1,897,521,1949,1502,1313,1303
USP10,2038,1401,4532,2745,3527,3787
USP11,176,84,738,70,304,288
USP12,457,224,896,2231,1767,2048
USP13,748,318,1208,1000,993,914
USP14,697,438,1238,2262,2076,2037
USP15,942,477,1856,1737,1719,1817
USP16,1778,1066,3521,1859,2030,2186
USP17L1,0,0,0,0,0,0
USP17L10,0,0,0,0,0,0
USP17L11,0,0,0,0,0,0
USP17L12,0,0,0,0,0,0
USP17L13,0,0,0,0,0,0
USP17L14P,0,0,0,0,0,0
USP17L15,0,0,0,0,0,0
USP17L17,0,0,0,0,0,0
USP17L18,0,0,0,0,0,0
USP17L19,0,0,0,0,0,0
USP17L2,0,0,0,0,0,0
USP17L20,0,0,0,0,0,0
USP17L21,0,0,0,0,0,0
USP17L22,0,0,0,0,0,0
USP17L24,0,0,0,0,0,0
USP17L25,0,0,0,0,0,0
USP17L26,0,0,0,0,0,0
USP17L27,0,0,0,0,0,0
USP17L28,0,0,0,0,0,0
USP17L29,0,0,0,0,0,0
USP17L30,0,0,0,0,0,0
USP17L5,0,0,0,0,0,0
USP17L6P,0,0,0,0,0,0
USP17L7,0,0,0,0,0,0
USP17L8,0,0,0,0,0,0
USP17L9P,0,0,0,0,0,0
USP18,20,11,68,44,95,80
USP19,222,91,948,134,380,435
USP2,31,30,80,176,338,362
USP20,72,63,628,59,343,384
USP21,370,126,979,508,970,1104
USP21P2,0,0,0,0,0,0
USP22,1355,881,4234,2622,5516,6516
USP24,1058,493,1478,1770,1309,1689
USP24P1,0,0,0,0,0,0
USP25,982,550,1505,1487,1156,1283
USP26,0,0,0,0,0,0
USP27X,132,68,199,188,262,256
USP27X-DT,9,3,37,24,49,49
USP28,1037,506,1440,1004,935,991
USP29,0,0,0,0,0,0
USP3,486,321,1062,575,548,669
USP3-AS1,45,59,130,26,34,53
USP30,430,246,837,579,698,803
USP31,304,177,525,446,371,413
USP32,1527,592,2260,2994,2295,2964
USP33,670,457,1252,1645,1316,1588
USP34,1849,759,2140,3577,2268,3070
USP34-DT,62,56,105,35,25,35
USP35,26,24,135,37,127,161
USP36,488,223,1825,351,866,1003
USP37,465,206,684,676,517,580
USP38,475,331,1016,983,879,1036
USP39,507,352,1059,887,1236,1219
USP4,547,224,960,555,734,872
USP40,549,258,1186,889,972,1147
USP41P,0,0,1,0,0,0
USP42,343,218,679,262,317,382
USP43,65,30,190,105,219,182
USP44,0,0,0,0,0,0
USP45,169,96,257,598,352,487
USP46,444,180,768,768,775,999
USP46-DT,74,72,167,150,92,116
USP47,1238,704,2013,2701,2151,2343
USP48,881,486,1584,1730,1479,1721
USP49,124,84,180,346,273,331
USP5,141,100,1103,496,3063,3281
USP50,0,0,1,0,1,0
USP51,31,32,139,63,63,67
USP53,739,268,1274,1210,917,1306
USP54,1491,747,2378,2947,3184,3976
USP6,4,0,3,0,1,2
USP6NL,840,490,1569,1856,1612,1727
USP6NL-AS1,0,0,0,0,0,0
USP7,4014,1996,6528,5489,4862,5364
USP7-AS1,0,0,0,0,0,0
USP8,2130,1036,3524,3003,2632,2981
USP8P1,0,0,0,1,0,0
USP9X,3221,1550,4266,8101,5407,6805
USP9Y,0,0,0,0,0,0
USP9YP10,0,0,0,0,0,0
USP9YP14,0,0,0,0,0,0
USP9YP15,0,0,0,0,0,0
USP9YP16,0,0,0,0,0,0
USP9YP17,0,0,0,0,0,0
USP9YP18,0,0,0,0,0,0
USP9YP2,0,0,0,0,0,0
USP9YP20,0,0,0,0,0,0
USP9YP21,0,0,0,0,0,0
USP9YP23,0,0,0,0,0,0
USP9YP24,0,0,0,0,0,0
USP9YP25,0,0,0,0,0,0
USP9YP26,0,0,0,0,0,0
USP9YP27,0,0,0,0,0,0
USP9YP28,0,0,0,0,0,0
USP9YP29,0,0,0,0,0,0
USP9YP3,0,0,0,0,0,0
USP9YP31,0,0,0,0,0,0
USP9YP32,0,0,0,0,0,0
USP9YP33,0,0,0,0,0,0
USP9YP34,0,0,0,0,0,0
USP9YP35,0,0,0,0,0,0
USP9YP36,0,0,0,0,0,0
USP9YP5,0,0,0,0,0,0
USPL1,258,124,379,631,532,613
UST,28,28,40,386,359,395
UTF1,0,0,0,0,0,0
UTP11,359,180,1123,593,1236,1260
UTP14A,445,223,938,464,616,582
UTP14C,0,0,0,0,0,0
UTP15,531,296,818,735,710,776
UTP18,416,380,985,769,761,769
UTP20,576,251,892,1125,900,1076
UTP23,721,370,1595,1753,1535,1614
UTP25,597,337,1149,599,664,685
UTP3,372,258,1276,675,1232,1208
UTP4,493,277,910,898,1023,957
UTP6,632,334,1494,1455,1636,1635
UTRN,2532,1144,3140,4370,3231,4435
UTS2,0,0,0,0,0,0
UTS2B,0,0,2,10,8,16
UTS2R,0,0,0,0,0,0
UTY,0,0,0,0,0,0
UVRAG,474,284,853,453,453,535
UVRAG-DT,2,0,20,2,4,6
UVSSA,488,112,967,500,688,865
UXS1,69,12,142,763,1081,1128
UXT,243,176,681,172,341,306
UXT-AS1,16,8,69,35,44,66
VAC14,134,119,585,91,398,417
VAC14-AS1,0,0,0,0,2,2
VAMP1,50,9,97,88,148,144
VAMP2,1128,589,1737,484,834,793
VAMP3,490,311,1104,1774,2197,2329
VAMP4,549,290,999,537,427,505
VAMP5,2,0,15,1,10,14
VAMP7,1846,1046,3694,2331,2311,2371
VAMP8,986,628,2623,2010,3633,3617
VANGL1,339,159,761,1109,1302,1659
VANGL2,0,0,0,11,22,33
VAPA,1880,989,3162,2391,2506,2659
VAPB,1445,756,2525,2065,2412,2571
VARS1,232,121,1531,580,2995,3036
VARS2,6,0,14,14,18,35
VASH1,10,3,40,52,177,193
VASH2,61,11,115,416,371,570
VASN,3,1,62,8,42,41
VASP,211,146,821,616,2618,2627
VAT1,668,465,2295,660,2244,2344
VAT1L,0,0,0,172,232,284
VAV1,73,45,452,46,239,236
VAV2,408,165,1204,339,872,912
VAV3,6467,3813,10310,10584,8441,10068
VAV3-AS1,1,0,1,0,0,0
VAX1,0,0,0,0,0,0
VAX2,1,0,9,1,13,10
VBP1,841,365,2022,1173,1483,1482
VCAM1,0,0,0,0,0,0
VCAN,16,4,22,19870,13815,19406
VCAN-AS1,0,0,0,0,0,0
VCF1,484,305,1096,751,963,928
VCF2,376,272,675,480,534,542
VCL,869,514,1879,5224,8561,10095
VCP,987,506,2722,1998,4078,4171
VCPIP1,993,392,1724,1914,1529,1944
VCPKMT,114,57,186,180,156,174
VCX,9,1,49,12,39,49
VCX2,0,0,1,0,0,0
VCX3A,1,0,33,3,27,41
VCX3B,3,1,8,2,10,8
VCY,0,0,0,0,0,0
VCY1B,0,0,0,0,0,0
VDAC1,1566,956,3910,2713,3896,3988
VDAC1P13,0,0,0,0,0,0
VDAC1P9,0,0,0,0,0,0
VDAC2,2052,1265,4065,3195,3728,3492
VDAC2P4,0,0,0,0,0,0
VDAC3,2029,1098,4566,6385,6392,6222
VDR,442,242,1258,789,1922,2184
VEGFA,1234,597,3756,448,1053,1382
VEGFB,236,183,909,75,273,265
VEGFC,1,0,0,16,18,21
VEGFD,0,0,0,1,2,8
VENTX,0,0,0,0,0,0
VENTXP2,0,0,0,0,0,0
VEPH1,2079,1126,3430,595,646,612
VESTAR,16,15,65,6,25,30
VEZF1,3533,1912,5183,3874,3585,4169
VEZT,1433,853,2309,5460,4350,4838
VEZTP1,3,0,2,1,1,1
VGF,0,0,1,0,1,1
VGLL1,11,18,44,71,83,93
VGLL2,0,0,0,0,0,0
VGLL3,1,0,0,9,10,19
VGLL4,726,420,1780,770,1253,1333
VHL,3198,1848,5551,3338,4166,4197
VHLL,0,0,1,0,0,2
VIL1,0,0,0,0,0,0
VILL,0,0,5,0,2,0
VIM,2,0,0,15,45,45
VIM-AS1,0,0,0,10,5,8
VIM2P,0,0,0,0,0,0
VIP,0,0,0,0,0,0
VIPAS39,848,379,1732,805,1264,1336
VIPR1,388,147,862,579,1005,1069
VIPR2,0,0,0,0,0,0
VIRMA,2395,1461,3658,4116,3161,3943
VIRMA-DT,11,27,19,9,14,25
VIT,0,0,0,0,0,0
VKORC1,36,21,45,31,54,52
VKORC1L1,1191,620,2451,1269,1398,1455
VLDLR,94,59,165,79,61,95
VLDLR-AS1,4,0,1,0,0,1
VMA21,970,464,2050,1483,1608,1747
VMAC,61,12,246,118,237,317
VMO1,0,0,0,1,8,10
VMP1,2099,1120,3826,5198,5567,5450
VN1R1,5,0,23,14,40,36
VN1R103P,1,0,0,0,1,2
VN1R104P,0,0,0,0,0,0
VN1R105P,0,0,0,0,0,0
VN1R106P,0,0,0,0,0,0
VN1R107P,0,0,0,0,0,2
VN1R108P,0,0,1,6,1,0
VN1R110P,0,0,0,0,0,0
VN1R11P,0,0,0,0,0,0
VN1R12P,0,0,0,0,0,0
VN1R13P,0,0,0,0,0,0
VN1R18P,0,0,0,0,0,0
VN1R2,0,0,0,0,0,0
VN1R20P,0,0,1,0,1,3
VN1R21P,0,0,0,0,0,0
VN1R25P,0,0,0,0,0,0
VN1R28P,0,0,0,0,0,0
VN1R30P,0,0,0,0,0,0
VN1R31P,0,0,0,0,0,0
VN1R32P,0,0,0,0,0,0
VN1R33P,0,0,0,0,0,0
VN1R34P,0,0,0,0,0,0
VN1R35P,0,0,0,0,0,0
VN1R37P,0,0,0,0,0,0
VN1R38P,0,0,0,0,0,0
VN1R4,0,0,0,0,0,0
VN1R40P,0,0,0,0,0,0
VN1R46P,0,0,0,0,0,0
VN1R48P,0,0,0,0,0,0
VN1R5,0,0,0,0,0,0
VN1R51P,0,0,0,0,1,2
VN1R53P,0,0,0,0,0,0
VN1R54P,0,0,0,0,0,0
VN1R57P,0,0,0,0,0,0
VN1R60P,0,0,0,0,0,0
VN1R64P,0,0,0,0,0,0
VN1R65P,0,0,0,0,0,0
VN1R66P,0,0,0,0,0,0
VN1R67P,0,0,0,0,0,0
VN1R68P,0,0,0,0,0,0
VN1R6P,0,0,0,0,0,0
VN1R70P,0,0,0,0,0,0
VN1R71P,0,0,0,0,0,0
VN1R76P,0,0,0,0,0,0
VN1R80P,0,0,0,0,0,1
VN1R83P,18,11,32,54,54,38
VN1R85P,2,0,1,10,7,7
VN1R87P,0,0,1,6,1,0
VN1R90P,0,0,0,0,0,0
VN1R92P,0,0,0,0,0,0
VN1R93P,0,0,0,0,0,0
VN1R96P,0,0,0,0,0,0
VN1R99P,0,0,0,0,0,0
VN2R10P,0,0,0,0,0,0
VN2R19P,0,0,0,0,0,0
VN2R9P,0,0,0,0,0,0
VNN1,0,0,0,0,0,0
VNN2,0,0,0,0,0,0
VOPP1,219,149,721,534,1196,1351
VPREB1,0,0,0,0,0,0
VPREB3,0,0,0,0,0,3
VPS11,814,352,2607,569,1402,1491
VPS13A,882,454,1064,1277,642,1183
VPS13B,1234,511,1456,2280,1518,2138
VPS13B-DT,20,20,89,38,45,56
VPS13C,1880,819,2364,3037,1794,2582
VPS13D,1254,524,1760,2059,1663,2407
VPS16,227,81,1094,138,666,660
VPS18,237,118,1075,232,910,1069
VPS25,223,110,1437,371,1542,1788
VPS26A,1888,1269,3158,3146,2951,3231
VPS26B,1602,871,4571,1787,3631,3928
VPS26BP1,1,0,0,0,0,0
VPS26C,814,507,1805,1562,1909,2201
VPS26CP1,0,0,0,0,0,0
VPS28,331,193,2327,194,1288,1281
VPS29,766,639,2089,2750,2995,3054
VPS33A,383,169,795,335,498,516
VPS33B,20,10,33,11,23,25
VPS33B-DT,7,13,12,2,9,5
VPS35,2466,1345,3800,5372,4690,5130
VPS35L,165,60,340,272,440,480
VPS35P1,0,0,0,0,1,2
VPS36,976,456,1697,2116,1940,2285
VPS37A,635,316,1035,1234,965,1210
VPS37B,66,56,369,119,258,259
VPS37C,223,109,1277,97,411,415
VPS37D,6,0,33,6,19,15
VPS39,1572,736,2726,1537,2149,2349
VPS41,3210,1569,5573,4379,3675,4263
VPS45,1176,496,2021,2330,2159,2229
VPS4A,117,111,350,151,393,418
VPS4B,932,560,2205,2903,2837,3204
VPS50,570,321,1068,1058,828,1025
VPS51,151,61,926,132,460,591
VPS51P1,0,0,0,0,0,0
VPS51P10,0,0,0,0,0,0
VPS51P11,0,0,0,0,0,0
VPS51P13,0,0,0,0,0,0
VPS51P14,0,0,0,0,0,0
VPS51P15,0,0,0,0,0,0
VPS51P16,0,0,0,0,0,0
VPS51P18,0,0,0,0,0,0
VPS51P19,0,0,0,0,0,0
VPS51P3,0,0,0,0,0,0
VPS51P4,0,0,0,0,0,0
VPS51P5,0,0,0,0,0,0
VPS51P8,0,0,0,0,0,0
VPS51P9,0,0,0,0,0,0
VPS52,1171,654,2799,1898,3417,3515
VPS53,445,225,1005,678,1178,1311
VPS54,682,370,1168,1142,928,970
VPS72,670,320,2877,542,1775,1648
VPS8,2098,1007,3547,4454,3461,4156
VPS9D1,46,15,337,44,318,319
VPS9D1-AS1,23,7,131,53,200,249
VRK1,230,162,521,637,602,590
VRK2,315,151,499,528,503,584
VRK3,230,123,650,559,1017,1016
VRTN,0,0,0,0,0,0
VSIG1,0,0,0,0,0,0
VSIG10,578,329,1300,1421,1647,1830
VSIG10L,220,98,384,973,1371,1931
VSIG10L2,0,0,1,17,25,32
VSIG2,0,0,0,0,0,0
VSIG4,0,0,0,0,0,0
VSIG8,0,0,2,0,0,1
VSIR,0,0,8,7,26,34
VSNL1,0,0,0,0,0,0
VSTM1,0,0,0,0,0,0
VSTM2A,0,0,0,5,16,20
VSTM2A-OT1,0,0,0,1,0,0
VSTM2B,0,0,0,0,0,0
VSTM2B-DT,0,0,0,0,1,0
VSTM2L,0,0,0,1,7,5
VSTM4,0,0,0,16,39,17
VSTM5,1,0,0,2,6,0
VSX1,0,0,0,0,0,1
VSX2,0,0,0,0,0,0
VTA1,815,513,1640,1902,1959,2053
VTA1P1,0,0,0,0,1,0
VTCN1,456,250,911,1174,1391,1365
VTI1A,347,176,534,561,515,619
VTI1B,1134,552,1747,1670,1712,1873
VTI1BP4,0,0,0,0,0,0
VTN,0,0,0,0,0,0
VTRNA1-1,2,0,0,0,1,2
VTRNA1-2,2,0,2,2,0,1
VTRNA1-3,12,7,30,21,17,19
VTRNA2-1,0,0,0,0,0,0
VTRNA2-2P,0,0,0,0,0,0
VTRNA3-1P,0,0,0,0,0,0
VWA1,17,5,214,37,434,469
VWA2,6,3,14,35,33,61
VWA3A,5,7,11,21,22,25
VWA3B,1,0,6,0,2,3
VWA5A,70,38,125,497,601,703
VWA5B1,0,0,0,0,0,0
VWA5B2,7,0,14,67,142,207
VWA7,1,0,4,3,35,23
VWA8,463,289,688,695,691,791
VWA8-AS1,0,0,3,1,0,3
VWA8P1,0,0,0,0,0,0
VWC2,0,0,2,0,0,0
VWC2L,0,0,0,0,0,0
VWC2L-IT1,0,0,0,0,0,0
VWCE,12,2,41,9,68,57
VWDE,0,0,0,8,11,18
VWF,0,0,1,0,0,1
VWFP1,0,0,0,0,2,0
VXN,4,0,0,1,2,0
WAC,4022,2673,6455,5841,5638,6592
WAKMAR2,0,1,1,1,0,5
WAPL,2950,1591,4537,7893,5950,7445
WAPL-DT,37,20,42,136,151,170
WARS1,3996,1956,9533,1429,2777,2959
WARS1P1,0,0,0,0,0,0
WARS2,142,63,205,204,189,222
WARS2-AS1,63,21,93,73,107,106
WARS2P1,8,2,6,1,1,0
WAS,1,0,5,0,8,5
WASF1,154,48,255,342,428,442
WASF1P1,0,0,0,0,0,0
WASF2,1449,723,3210,1611,2475,2663
WASF3,0,0,0,0,0,0
WASF5P,0,0,1,12,8,8
WASH6P,13,4,118,6,72,75
WASH8P,31,18,280,30,145,163
WASHC1,15,12,50,10,28,40
WASHC2A,1130,528,2435,3077,3541,3800
WASHC2C,1126,458,2551,3257,3620,3727
WASHC3,286,257,710,448,488,562
WASHC4,831,338,1307,2135,1478,1752
WASHC5,3013,1757,5025,2902,2867,3052
WASHC5-AS1,0,0,0,0,0,1
WASIR1,0,0,1,0,0,0
WASIR2,5,0,15,0,1,2
WASL,1239,774,2266,2380,2129,2501
WASL-DT,22,23,58,25,44,51
WBP1,248,74,472,262,447,489
WBP11,819,413,1966,1179,1766,1875
WBP1L,1389,835,4516,1506,3836,4028
WBP1LP1,0,0,0,0,0,0
WBP1LP5,0,0,0,0,0,0
WBP2,1353,753,3539,2649,4534,4653
WBP2NL,38,3,68,42,67,76
WBP2P1,0,0,0,0,0,0
WBP4,181,155,522,392,398,484
WDCP,107,86,217,216,246,257
WDFY1,852,402,1474,1430,1227,1455
WDFY2,170,81,292,469,519,641
WDFY3,814,467,978,1414,1017,1459
WDFY3-AS1,0,0,0,0,0,0
WDFY3-AS2,87,67,203,241,255,277
WDFY4,0,0,1,0,0,0
WDHD1,249,136,471,1065,949,998
WDPCP,160,69,240,113,100,118
WDR1,605,338,2261,1642,5104,5080
WDR11,804,481,1294,1390,1389,1547
WDR11-DT,0,3,1,3,3,1
WDR12,592,294,984,675,704,731
WDR13,227,104,1459,193,691,745
WDR17,0,0,0,0,0,0
WDR18,12,9,217,9,132,117
WDR19,641,289,814,641,437,522
WDR20,296,187,719,398,669,707
WDR24,20,1,267,10,173,202
WDR25,66,56,373,37,88,117
WDR26,6645,3340,10071,13480,10944,13082
WDR27,192,62,327,409,381,548
WDR3,779,405,1493,1570,1356,1481
WDR31,496,277,860,398,489,548
WDR33,629,420,1402,1365,1671,1762
WDR35,750,351,1195,918,703,870
WDR35-DT,21,2,27,20,29,22
WDR36,717,389,1131,1177,875,1050
WDR37,258,162,646,615,1008,1176
WDR38,0,0,7,1,4,3
WDR4,55,21,261,111,310,396
WDR41,834,419,1489,1163,982,1268
WDR43,620,328,1117,1003,900,952
WDR44,263,118,461,661,677,721
WDR45,54,34,251,77,221,208
WDR45B,1026,588,2825,4249,7274,7917
WDR46,234,132,1257,469,1933,2071
WDR47,159,56,211,265,215,234
WDR48,1057,498,1623,1508,1359,1447
WDR49,6,9,10,8,5,2
WDR4P1,0,0,0,0,0,0
WDR5,442,215,1350,667,1346,1381
WDR53,615,220,1203,860,1036,1069
WDR53P1,0,0,0,0,0,0
WDR54,23,19,93,6,33,41
WDR55,1005,581,2633,1344,2804,2949
WDR59,354,149,668,530,992,1137
WDR5B,442,358,839,370,344,411
WDR5B-DT,107,64,142,60,46,58
WDR6,908,419,4702,534,2872,3398
WDR62,33,18,164,72,274,270
WDR64,0,0,1,0,3,0
WDR7,338,158,592,941,799,1089
WDR70,456,330,1019,779,842,781
WDR72,119,38,244,335,298,384
WDR73,685,417,1627,880,1149,1150
WDR74,169,72,645,137,346,348
WDR75,1102,704,1574,1329,1013,1136
WDR76,218,169,506,1095,1263,1211
WDR77,132,100,240,139,211,266
WDR81,31,5,387,13,162,190
WDR82,1616,1052,2862,1789,2091,2600
WDR83,41,12,141,88,239,227
WDR83OS,0,0,0,0,0,0
WDR86,0,0,0,0,1,0
WDR86-AS1,0,0,0,0,0,0
WDR87,0,0,0,4,3,1
WDR88,0,0,0,0,0,1
WDR89,442,263,746,558,581,548
WDR90,78,10,477,64,468,546
WDR91,87,29,247,119,179,224
WDR93,24,11,22,4,4,14
WDR97,9,1,30,2,34,27
WDSUB1,204,81,316,97,124,100
WDTC1,287,103,1138,266,1231,1348
WEE1,378,219,611,887,789,759
WEE2,1,0,0,1,2,0
WEE2-AS1,6,0,28,18,24,34
WEE2P1,0,0,0,0,0,0
WFDC1,0,0,0,0,0,0
WFDC10A,0,0,0,0,0,0
WFDC10B,0,0,0,1,0,2
WFDC11,0,0,0,0,0,0
WFDC12,2,0,0,1,0,0
WFDC13,0,0,0,0,0,0
WFDC2,0,0,1,0,0,0
WFDC3,5,5,20,4,12,3
WFDC5,0,0,0,0,0,0
WFDC6,0,0,0,0,0,0
WFDC8,0,0,0,0,0,0
WFDC9,0,0,0,0,0,0
WFIKKN1,10,0,34,14,28,17
WFIKKN2,1,0,1,0,5,1
WFS1,67,47,618,343,2065,2185
WHAMM,230,67,371,300,309,343
WHRN,114,31,473,86,272,333
WHSC1L2P,2,0,0,2,1,0
WIF1,0,0,0,0,0,0
WIPF1,0,0,0,0,0,0
WIPF2,1843,1077,3394,2921,3832,4357
WIPF3,3,0,0,6,3,14
WIPI1,1776,953,3391,589,768,918
WIPI2,397,273,1564,323,716,836
WIZ,122,50,637,181,651,712
WLS,27,13,55,631,948,966
WNK1,7372,2994,8424,9541,8373,10331
WNK2,13,2,32,13,37,32
WNK3,3,9,7,79,44,56
WNK4,43,20,118,26,63,85
WNT1,0,0,0,0,0,0
WNT10A,0,0,0,0,0,0
WNT10B,8,10,30,15,24,27
WNT11,1,3,1,3,9,6
WNT16,0,0,0,0,0,0
WNT2,0,0,0,0,0,0
WNT2B,3,0,7,10,18,22
WNT3,9,0,4,34,29,51
WNT3A,0,0,0,1,1,3
WNT4,6,0,27,14,63,54
WNT5A,1,0,0,46,51,57
WNT5A-AS1,0,0,0,0,0,0
WNT5B,0,0,0,1,3,3
WNT6,0,0,0,0,1,0
WNT7A,0,0,0,0,0,0
WNT7B,39,20,201,82,305,348
WNT8A,0,0,0,0,0,0
WNT8B,13,28,11,5,5,15
WNT9A,28,30,133,43,195,167
WNT9B,0,0,0,1,2,2
WRAP53,59,35,204,89,244,256
WRAP73,23,20,112,49,197,241
WRN,339,71,579,787,583,726
WRNIP1,423,203,1212,366,671,714
WSB1,1747,596,2625,3378,2507,3117
WSB2,1283,749,2216,1557,2096,2189
WSCD1,0,0,0,2,0,1
WSCD2,0,0,2,46,80,100
WSPAR,0,0,0,0,0,0
WT1,40,23,77,163,245,223
WT1-AS,15,0,34,41,52,56
WTAP,587,356,1077,1014,1140,1197
WTIP,43,12,169,132,407,392
WWC1,813,503,2769,757,1871,2015
WWC2,1100,464,1840,1378,1169,1492
WWC2-AS1,0,0,0,0,0,0
WWC2-AS2,3,0,28,1,5,7
WWC3,2582,1161,5770,2133,3629,3964
WWOX,97,38,126,2175,2565,3285
WWOX-AS1,0,0,1,2,0,1
WWP1,1312,766,2219,1624,1346,1575
WWP1-AS1,11,9,22,4,2,5
WWP2,361,223,1351,285,1015,1024
WWTR1,1779,913,3055,3791,3861,4661
WWTR1-AS1,6,0,18,3,12,9
XAB2,111,61,1192,118,873,879
XAF1,3,0,13,37,20,14
XAGE-4,0,0,0,0,0,0
XAGE1A,6,10,1,2,8,11
XAGE1B,4,2,5,8,14,6
XAGE2,10,4,51,22,39,45
XAGE3,0,0,0,0,0,0
XAGE5,0,0,0,0,0,0
XBP1,9609,5489,21655,11806,15179,14768
XCL1,0,0,0,0,0,0
XCL2,0,0,0,0,0,0
XCR1,0,0,0,0,1,1
XDH,0,0,1,1,1,0
XG,651,439,1221,979,1410,1589
XIAP,1176,640,2079,2940,2710,2983
XIAPP1,0,0,0,0,0,0
XIAPP3,0,0,0,0,0,0
XIRP1,0,0,0,0,0,0
XIRP2,0,0,0,0,0,0
XIST,0,0,0,1,3,2
XK,18,29,29,105,98,115
XKR3,2,0,0,1,0,1
XKR4,0,0,0,0,0,0
XKR4-AS1,0,0,0,0,0,0
XKR5,0,0,1,0,0,2
XKR6,2,0,1,2,0,0
XKR7,0,0,3,104,173,222
XKR8,27,3,52,28,87,93
XKR9,20,25,58,40,40,39
XKRX,3,0,15,14,21,16
XNDC1N,220,43,220,262,212,337
XPA,141,164,281,105,160,132
XPC,538,196,1722,711,1267,1405
XPNPEP1,450,254,1068,667,1043,1165
XPNPEP2,0,0,0,0,0,0
XPNPEP3,1359,776,2168,2348,3032,3290
XPO1,4025,1734,6511,8916,7753,8991
XPO4,694,353,925,1631,1007,1401
XPO5,995,456,1530,1443,1558,1602
XPO6,735,285,1755,959,1749,1879
XPO7,2143,1115,2864,3933,3910,4433
XPOT,16823,9244,26815,13225,10636,12162
XPOTP1,11,1,10,11,4,6
XPR1,1031,474,1480,1565,1424,1541
XRCC1,199,101,845,102,593,640
XRCC2,121,65,159,785,778,802
XRCC3,43,27,186,81,296,245
XRCC4,288,298,584,664,566,580
XRCC5,3792,2193,7769,8428,8858,9328
XRCC6,3438,2017,7730,13949,16437,16663
XRCC6P2,4,0,3,2,5,7
XRCC6P3,0,0,0,0,0,0
XRCC6P4,0,0,0,0,0,0
XRCC6P5,0,0,0,0,0,0
XRN1,1862,928,2422,3650,2068,3374
XRN2,1640,840,3272,2981,2914,3119
XRRA1,295,193,567,222,318,317
XXYLT1,189,108,488,592,1056,1035
XXYLT1-AS1,0,0,0,0,0,0
XXYLT1-AS2,0,0,0,0,0,0
XYLB,208,105,413,285,314,393
XYLT1,463,181,835,41,84,88
XYLT2,275,153,2152,144,770,822
YAE1,241,143,745,313,612,662
YAF2,121,103,224,296,298,335
YAP1,4242,2097,7513,8463,6950,8550
YAP1P1,0,0,0,0,0,0
YAP1P3,0,0,0,0,0,0
YARS1,2117,1174,5911,1566,2630,2814
YARS2,94,54,190,188,261,280
YBEY,69,46,201,163,211,278
YBX1,1356,823,4055,2461,6039,5428
YBX1P4,0,0,1,0,0,0
YBX1P9,0,0,0,0,0,0
YBX2,281,148,584,179,354,315
YBX3,146,98,400,556,780,846
YDJC,7,3,58,8,37,28
YEATS2,1108,596,1963,2061,2454,2708
YEATS4,233,156,485,451,477,437
YES1,1718,916,3349,3883,3052,3850
YIF1A,225,96,807,78,494,427
YIF1B,24,28,254,11,80,87
YIPF1,334,135,852,610,809,876
YIPF2,95,51,898,84,571,593
YIPF3,434,257,1969,457,1588,1419
YIPF4,534,291,1134,789,729,928
YIPF5,2166,1358,4456,3287,3338,3737
YIPF6,1475,696,2692,3297,2782,3467
YIPF7,1,0,0,0,0,0
YJEFN3,282,79,625,628,822,649
YJU2,137,129,516,168,387,395
YJU2B,102,19,365,84,268,301
YKT6,1157,722,3075,2130,3567,3625
YLPM1,1578,749,2483,2577,2485,2946
YME1L1,3551,2186,7350,6352,7351,7812
YME1L1P1,0,0,0,0,0,0
YOD1,235,151,396,584,421,595
YPEL1,47,19,146,24,58,43
YPEL2,259,134,460,443,508,813
YPEL3,24,17,123,35,135,148
YPEL3-DT,4,0,15,1,9,5
YPEL4,2,0,13,63,57,69
YPEL5,570,363,1841,1937,2470,3084
YPEL5P2,0,0,0,0,0,0
YRDC,59,45,143,46,77,67
YRDCP1,0,0,0,0,0,0
YRDCP2,0,0,0,0,0,0
YRDCP3,0,0,0,0,0,0
YTHDC1,1734,819,2991,2870,2538,2951
YTHDC2,1000,561,1406,2188,1592,1853
YTHDF1,877,614,2563,1096,1954,2304
YTHDF1P1,0,0,0,0,0,0
YTHDF2,628,496,1466,1295,1704,1557
YTHDF3,2594,1245,4363,5251,4720,5968
YTHDF3-DT,0,1,6,0,3,5
YTHDF3P1,0,0,0,0,0,0
YWHAB,4605,2777,8276,9757,9611,10175
YWHAE,5721,3725,13510,9106,14700,15434
YWHAEP2,0,0,0,0,0,0
YWHAEP3,0,0,0,0,0,0
YWHAEP4,0,0,0,0,0,0
YWHAG,5072,2698,9112,7645,7375,8365
YWHAH,319,197,576,657,970,975
YWHAH-AS1,1,6,3,2,2,9
YWHAQ,1500,925,2988,4675,4714,4654
YWHAQP10,1,0,0,5,1,1
YWHAQP5,0,0,0,0,0,0
YWHAQP7,0,0,0,4,0,0
YWHAZ,11279,7486,22662,29865,28853,30187
YY1,2342,1179,4453,3695,3740,4295
YY1AP1,1238,569,2067,1162,1539,1632
YY2,34,18,82,121,125,122
ZACN,1,0,2,1,0,3
ZAN,0,0,0,0,0,1
ZAP70,0,0,3,0,6,5
ZAR1,0,0,0,0,0,0
ZAR1L,0,0,0,0,3,0
ZBBX,40,13,75,74,41,65
ZBED1,105,49,447,239,544,522
ZBED2,0,0,0,0,4,1
ZBED3,1221,776,1419,451,521,502
ZBED3-AS1,47,21,98,78,64,55
ZBED4,474,230,1253,588,986,1192
ZBED5,1120,469,1605,3391,3209,3430
ZBED5-AS1,107,77,259,490,565,625
ZBED6,14,8,22,27,22,74
ZBED9-AS1,0,0,0,0,0,3
ZBP1,0,0,0,0,0,1
ZBTB1,855,391,1329,1232,1131,1164
ZBTB10,886,562,1608,1454,1141,1340
ZBTB11,950,566,1351,1562,1124,1473
ZBTB11-AS1,9,0,39,26,47,34
ZBTB12,193,87,587,129,215,236
ZBTB14,291,126,485,269,251,322
ZBTB16,48,27,156,17,14,25
ZBTB17,20,6,300,12,177,205
ZBTB18,22,11,25,33,48,63
ZBTB2,452,319,940,402,692,627
ZBTB20,20,1,24,13,10,25
ZBTB20-AS1,0,0,0,0,0,0
ZBTB20-AS3,0,0,0,0,0,0
ZBTB20-AS4,0,0,0,0,0,1
ZBTB20-AS5,0,0,0,0,0,0
ZBTB21,859,510,1494,1293,1153,1413
ZBTB22,287,83,1165,328,1073,1070
ZBTB24,316,227,597,592,593,520
ZBTB24-DT,0,0,0,0,0,0
ZBTB25,415,271,712,454,487,617
ZBTB26,797,467,1439,693,582,793
ZBTB3,212,148,744,61,210,225
ZBTB32,0,0,0,1,0,0
ZBTB33,825,376,1228,2332,1671,2124
ZBTB34,206,123,416,329,340,432
ZBTB37,798,349,942,1029,663,968
ZBTB38,1418,619,2524,2183,2122,2776
ZBTB39,291,131,462,461,519,714
ZBTB4,1916,848,3739,2039,3492,4017
ZBTB40,1026,508,2175,1078,1636,1947
ZBTB41,1930,804,2943,4001,2405,3748
ZBTB42,218,82,1086,112,516,561
ZBTB43,595,289,981,631,590,767
ZBTB44,3360,1681,5094,4415,3259,4110
ZBTB44-DT,6,17,37,12,14,22
ZBTB45,5,10,74,9,54,66
ZBTB46,5,0,39,42,59,98
ZBTB47,87,53,368,109,345,443
ZBTB48,18,9,179,47,382,501
ZBTB49,52,3,102,54,73,100
ZBTB5,456,207,967,417,544,705
ZBTB6,768,432,1552,1299,840,1211
ZBTB7A,404,242,1165,808,1373,1533
ZBTB7B,296,104,2183,422,1904,2283
ZBTB7C,7,10,21,9,12,28
ZBTB7C-AS2,0,0,0,0,0,0
ZBTB8A,94,50,180,135,183,199
ZBTB8B,0,0,0,0,0,0
ZBTB8OS,353,225,792,716,724,735
ZBTB9,134,71,464,284,563,571
ZC2HC1A,522,277,758,344,239,302
ZC2HC1B,0,0,0,0,0,0
ZC2HC1C,30,15,119,37,61,69
ZC3H10,152,54,440,179,321,319
ZC3H11A,4,0,9,13,17,20
ZC3H11B,29,9,61,49,53,58
ZC3H11C,1,0,0,0,1,0
ZC3H12A,19,3,111,23,187,243
ZC3H12B,0,0,4,2,1,4
ZC3H12C,44,13,103,384,274,371
ZC3H12D,11,3,25,0,3,2
ZC3H13,1219,545,1798,3847,2888,3378
ZC3H14,2047,1182,3586,2752,2616,2713
ZC3H15,766,481,2000,1655,1896,2101
ZC3H18,338,165,1820,559,1529,1511
ZC3H3,59,21,653,57,402,404
ZC3H4,232,108,917,450,921,1089
ZC3H6,285,198,359,366,251,379
ZC3H7A,1031,460,1582,1728,1518,1801
ZC3H7B,395,292,1802,628,2524,2755
ZC3H8,245,197,456,281,314,298
ZC3HAV1,1068,531,1662,2651,2282,2399
ZC3HAV1L,180,88,281,296,283,458
ZC3HC1,97,70,262,127,285,285
ZC4H2,46,33,47,10,20,28
ZCCHC10,395,274,795,624,562,538
ZCCHC12,0,0,0,0,0,1
ZCCHC13,0,0,0,0,0,0
ZCCHC14,322,149,767,587,734,857
ZCCHC14-DT,2,1,17,1,3,3
ZCCHC17,546,335,1220,1027,1096,1171
ZCCHC18,0,0,0,1,5,7
ZCCHC2,306,154,378,765,771,905
ZCCHC24,88,31,251,249,507,679
ZCCHC3,208,161,521,193,300,320
ZCCHC4,94,46,244,112,160,142
ZCCHC7,588,353,1048,346,260,373
ZCCHC8,549,347,1258,786,770,884
ZCCHC9,403,246,813,619,614,718
ZCRB1,850,496,2003,2197,2525,2384
ZCWPW1,122,49,213,167,177,169
ZCWPW2,9,4,25,17,8,14
ZDBF2,8,6,14,32,21,16
ZDHHC1,10,1,27,2,32,31
ZDHHC11,132,44,351,119,296,354
ZDHHC11B,53,25,76,74,66,78
ZDHHC12,12,6,159,5,96,97
ZDHHC12-DT,17,10,65,30,45,42
ZDHHC13,136,77,268,345,286,317
ZDHHC14,4,2,10,38,74,74
ZDHHC15,5,0,13,39,20,34
ZDHHC16,574,271,1248,776,1291,1364
ZDHHC17,930,428,1372,2248,1541,2083
ZDHHC18,100,23,316,84,303,328
ZDHHC19,0,0,0,2,2,5
ZDHHC1P1,0,0,0,0,0,0
ZDHHC2,1,0,5,611,462,512
ZDHHC20,1722,1048,2798,5778,4671,5527
ZDHHC20P1,0,0,0,1,0,0
ZDHHC20P2,0,0,0,0,0,0
ZDHHC20P3,0,0,0,0,0,0
ZDHHC21,387,282,662,1000,680,994
ZDHHC22,0,0,0,0,0,1
ZDHHC23,676,291,994,442,372,397
ZDHHC24,282,164,617,300,645,755
ZDHHC3,615,354,1288,1130,1653,1716
ZDHHC4,204,92,637,36,70,94
ZDHHC4P1,0,0,0,0,0,0
ZDHHC5,1800,960,4520,3091,4805,5127
ZDHHC6,348,142,684,555,656,633
ZDHHC7,807,491,2472,1267,3226,3326
ZDHHC8,0,0,0,0,1,0
ZDHHC9,740,343,1690,922,1721,1664
ZEB1,3,0,2,4,0,3
ZEB1-AS1,40,26,115,62,66,78
ZEB2,0,6,3,0,0,1
ZEB2-AS1,0,0,0,0,0,0
ZEB2P1,0,0,0,0,0,0
ZER1,315,230,1951,183,747,883
ZFAND1,1420,872,2871,1483,1453,1659
ZFAND2A,126,51,518,66,133,132
ZFAND2A-DT,171,69,488,78,160,125
ZFAND2AP1,0,0,0,0,0,0
ZFAND2AP2,0,0,0,0,0,0
ZFAND2B,36,12,184,32,147,123
ZFAND3,872,628,2295,1552,2874,3123
ZFAND4,367,205,735,717,647,684
ZFAND5,1018,520,1436,2071,1755,2119
ZFAND6,962,613,2109,1872,1809,1838
ZFAS1,1267,746,1135,967,667,894
ZFAT,88,44,322,161,323,366
ZFAT-AS1,0,0,0,0,0,0
ZFC3H1,1763,820,2475,3961,2711,3736
ZFHX2,15,9,36,25,84,109
ZFHX3,272,119,303,834,782,990
ZFHX3-AS1,181,56,289,190,295,274
ZFHX4,69,35,67,142,117,134
ZFHX4-AS1,0,0,0,0,0,0
ZFP1,213,125,420,464,419,449
ZFP14,310,172,529,635,417,638
ZFP2,3,7,22,34,29,36
ZFP28,105,49,225,241,176,218
ZFP3,346,153,659,281,220,261
ZFP3-DT,8,0,1,0,1,3
ZFP30,201,97,405,718,639,727
ZFP36,318,112,714,155,306,339
ZFP36L1,3698,1675,7191,6897,8945,10440
ZFP36L2,1580,1142,3147,1441,1548,1490
ZFP37,156,88,323,218,138,199
ZFP41,26,19,113,48,123,153
ZFP42,0,0,0,0,0,0
ZFP57,0,0,0,0,0,0
ZFP62,703,318.5,1442.5,858,800,890.5
ZFP64,170,54,568,124,328,333
ZFP69,0,0,0,0,0,0
ZFP69B,70,68,117,114,113,129
ZFP82,96,42,181,273,251,285
ZFP90,606,288,913,1590,1458,1560
ZFP91,3870,1869,6105,5020,4496,5308
ZFP91P1,0,0,1,0,1,0
ZFP92,0,0,1,38,58,61
ZFPL1,240,102,1182,179,583,509
ZFPM1,4,1,26,0,11,14
ZFPM1-AS1,0,0,6,0,6,3
ZFPM2,163,96,229,181,204,215
ZFR,1439,724,2669,2336,2507,3166
ZFR2,5,5,55,4,21,33
ZFTA,84,76,356,315,639,824
ZFTRAF1,86,57,560,131,617,644
ZFX,714,322,1105,3483,2643,3665
ZFX-AS1,0,0,0,3,1,4
ZFY,0,0,0,0,0,0
ZFY-AS1,0,0,0,0,0,0
ZFYVE1,252,185,853,233,546,620
ZFYVE16,837,347,1326,2750,1850,2578
ZFYVE19,171,63,880,208,850,795
ZFYVE21,219,170,661,197,457,482
ZFYVE26,733,421,1213,659,835,1156
ZFYVE27,151,44,726,161,644,691
ZFYVE28,11,7,63,31,70,114
ZFYVE9,784,362,1305,1142,989,1158
ZFYVE9P1,0,0,0,0,0,0
ZG16,3,0,1,1,0,2
ZG16B,144,57,513,207,530,526
ZGLP1,2,0,5,3,17,7
ZGPAT,13,4,98,35,176,154
ZGRF1,167,71,245,494,329,403
ZHX1,1413,878,2274,4109,3355,3901
ZHX1-C8orf76,4,0,0,3,0,4
ZHX2,213,75,588,63,139,133
ZHX3,632,287,1337,945,1401,1870
ZIC1,0,0,0,0,0,0
ZIC2,158,48,241,73,84,86
ZIC3,0,14,9,16,8,12
ZIC4,0,0,0,0,0,0
ZIC5,0,0,3,1,3,4
ZIK1,0,0,0,0,1,1
ZIM2,0,0,0,0,0,1
ZIM2-AS1,0,0,0,0,0,0
ZIM3,0,0,0,0,0,0
ZKSCAN1,2373,1247,4314,4547,4651,6145
ZKSCAN2,140,117,281,286,309,323
ZKSCAN2-DT,46,29,75,83,106,108
ZKSCAN3,189,177,355,665,707,840
ZKSCAN4,78,48,244,229,324,378
ZKSCAN5,192,109,397,391,509,537
ZKSCAN7,0,0,0,0,0,0
ZKSCAN7P1,0,0,0,0,0,0
ZKSCAN8,1048,459,1228,3547,2119,3366
ZKSCAN8P1,0,0,2,23,10,21
ZKSCAN8P2,0,0,0,0,0,0
ZMAT1,463,149,452,806,481,557
ZMAT2,2921,1673,6719,5453,5810,5762
ZMAT3,633,239,1088,2664,1835,2778
ZMAT4,278,214,683,324,365,383
ZMAT5,61,21,309,38,227,223
ZMIZ1,1375,711,3985,1418,3388,4229
ZMIZ1-AS1,11,8,33,11,22,25
ZMIZ2,363,139,1503,247,1049,1187
ZMPSTE24,1356,751,2683,3623,3276,3603
ZMYM1,252,187,533,719,638,627
ZMYM2,2554,1259,3790,6109,4153,5371
ZMYM3,684,288,1297,994,2137,2748
ZMYM4,1255,616,1786,2946,2268,2866
ZMYM4-AS1,0,0,0,0,0,0
ZMYM5,268,118,497,662,520,700
ZMYM6,254,154,322,197,175,187
ZMYND10,25,2,170,7,48,40
ZMYND11,3708,2013,6740,6803,5845,6982
ZMYND12,9,0,1,0,1,0
ZMYND15,30,1,99,62,148,126
ZMYND19,49,48,315,96,291,303
ZMYND8,631,335,1171,1840,2236,2966
ZNF10,134,81,244,322,204,283
ZNF100,223,117,331,661,457,628
ZNF101,211,99,429,375,596,559
ZNF101P2,0,0,1,1,2,0
ZNF106,1841,915,2721,2411,1827,2467
ZNF107,726,382,1144,1386,964,1188
ZNF112,76,31,250,311,251,291
ZNF114,0,0,2,2,0,1
ZNF114-AS1,0,0,0,0,0,0
ZNF117,1252,433,1593,1345,964,1206
ZNF12,1033,455,1870,990,725,928
ZNF121,554,398,904,2279,1866,2100
ZNF123P,0,0,0,0,0,0
ZNF124,38,19,76,34,79,65
ZNF131,739,530,1739,1221,1110,1158
ZNF132,0,0,1,1,2,1
ZNF133,119,46,342,164,285,306
ZNF134,335,189,609,802,731,812
ZNF135,319,149,766,201,450,528
ZNF136,134,104,294,293,321,388
ZNF138,374,164,594,578,515,528
ZNF14,128,73,269,322,333,412
ZNF140,243,129,663,569,492,559
ZNF141,558,229,819,1017,849,977
ZNF142,218,87,574,230,567,637
ZNF143,224,183,423,348,398,452
ZNF143-AS1,5,5,54,23,53,49
ZNF146,2270,1139,4210,3479,2893,3540
ZNF148,2013,1170,3151,2775,2002,2495
ZNF154,1,0,0,0,0,1
ZNF155,167,97,284,408,389,423
ZNF157,6,0,8,16,18,26
ZNF16,188,121,561,156,307,288
ZNF160,414,244,861,1184,1008,1144
ZNF165,172,68,475,128,172,196
ZNF169,77,33,143,44,74,113
ZNF17,81,32,184,142,130,159
ZNF174,116,88,258,113,207,229
ZNF175,113,43,228,127,136,148
ZNF177,0,0,0,0,0,0
ZNF18,68,43,173,103,107,134
ZNF180,111,95,259,399,379,309
ZNF181,229,172,585,404,371,362
ZNF182,287,184,576,519,528,559
ZNF184,174,176,602,802,854,836
ZNF185,854,531,1803,488,1088,1000
ZNF189,220,120,542,500,417,539
ZNF19,46,56,102,32,71,58
ZNF195,263,149,469,579,556,602
ZNF197,572,307,1163,1628,1358,1698
ZNF197-AS1,0,0,0,0,0,0
ZNF2,92,28,247,140,209,272
ZNF20,10,0,13,29,19,23
ZNF200,127,68,289,380,374,366
ZNF202,343,202,804,372,435,451
ZNF205,46,6,334,31,201,239
ZNF207,2052,1008,2941,3623,3465,3852
ZNF208,1,0,2,17,9,10
ZNF211,182,68,297,372,336,387
ZNF212,32,25,130,73,169,174
ZNF213,42,44,368,26,115,102
ZNF214,16,4,32,17,21,25
ZNF215,0,0,2,3,1,1
ZNF217,3914,2214,6649,6998,6646,9155
ZNF219,41,2,65,58,105,84
ZNF22,189,159,519,254,249,245
ZNF22-AS1,2,0,7,1,0,3
ZNF221,36,5,61,108,99,93
ZNF222,26,6,54,56,51,53
ZNF223,15,30,28,27,31,40
ZNF224,247,94,357,859,597,772
ZNF225,86,54,196,235,175,241
ZNF225-AS1,1,0,11,17,17,16
ZNF226,238,83,458,671,706,781
ZNF227,274,157,568,663,658,644
ZNF229,39,37,77,9,10,10
ZNF23,10,5,12,33,19,42
ZNF230,77,59,131,102,100,121
ZNF230-DT,8,6,5,4,6,9
ZNF232,126,21,402,115,203,243
ZNF232-AS1,8,0,26,5,16,21
ZNF233,104,48,247,231,233,257
ZNF234,241,55,484,639,612,696
ZNF235,149,69,188,203,136,226
ZNF236,138,70,265,244,266,386
ZNF236-DT,1,1,4,0,4,6
ZNF239,246,144,600,1292,1288,1253
ZNF24,2486,1203,4867,4914,3828,5225
ZNF248,362,154,664,1337,1067,1218
ZNF25,266,152,503,718,495,630
ZNF250,174,44,397,196,302,335
ZNF251,289,131,501,693,773,851
ZNF252P-AS1,5,0,10,11,24,25
ZNF253,208,87,404,907,743,861
ZNF254,238,73,344,869,691,809
ZNF256,166,57,299,292,201,249
ZNF257,0,0,2,2,2,0
ZNF26,330,132,596,745,615,648
ZNF260,801,411,1481,2163,1635,2090
ZNF263,484,266,1213,567,920,969
ZNF264,513,251,728,954,951,1034
ZNF266,288,98,622,709,671,667
ZNF267,140,49,323,501,409,469
ZNF268,538,279,1017,1369,1135,1208
ZNF273,133,86,295,234,188,212
ZNF274,353,174,848,756,1031,1298
ZNF275,197,107,310,232,262,338
ZNF276,125,68,432,171,388,415
ZNF277,293,158,536,386,434,438
ZNF277-AS1,0,0,1,0,0,0
ZNF28,624,362,1133,1334,1107,1372
ZNF280A,0,0,0,21,17,14
ZNF280B,0,0,0,11,2,9
ZNF280C,58,39,78,198,153,204
ZNF280D,297,176,494,264,255,237
ZNF281,1216,630,2180,2173,1800,2185
ZNF282,44,31,329,112,417,393
ZNF283,272,155,609,854,567,724
ZNF284,23,24,61,55,72,73
ZNF285,192,92,346,277,248,257
ZNF286A,139,42,250,444,416,442
ZNF287,123,29,181,187,186,155
ZNF292,827,429,1047,1190,767,944
ZNF295-AS1,0,0,1,0,1,1
ZNF296,1,0,20,2,7,6
ZNF29P,0,0,0,0,0,0
ZNF3,334,177,745,720,949,949
ZNF30,38,43,118,138,128,123
ZNF300,257,109,463,1067,861,1074
ZNF302,306,107,587,830,568,666
ZNF304,393,218,610,802,634,798
ZNF311,46,51,69,37,46,50
ZNF316,522,204,2133,162,883,992
ZNF317,262,137,814,490,1089,1282
ZNF317P1,0,0,0,0,0,0
ZNF318,1148,482,1374,1286,1143,1455
ZNF319,29,14,135,13,61,61
ZNF32,279,205,696,883,952,940
ZNF32-AS1,0,0,0,0,3,0
ZNF32-AS2,0,0,4,8,6,4
ZNF32-AS3,0,0,2,1,2,1
ZNF320,894,411,1518,1433,1504,1633
ZNF322,373,210,818,677,584,749
ZNF324,45,25,152,49,178,214
ZNF324B,32,43,92,38,120,135
ZNF326,606,188,858,1246,961,1008
ZNF329,506,303,904,937,998,1009
ZNF330,399,186,1023,403,481,546
ZNF331,79,41,160,149,205,203
ZNF333,218,83,393,247,316,378
ZNF334,0,0,0,0,0,0
ZNF335,80,9,460,71,543,573
ZNF337,301,162,583,346,366,408
ZNF337-AS1,638,308,812,404,340,417
ZNF33A,2120,947,3105,4777,3688,4288
ZNF33B,1482,710,2571,2853,2184,2542
ZNF33CP,0,0,0,0,0,0
ZNF34,65,30,216,65,115,127
ZNF341,65,21,237,41,128,158
ZNF341-AS1,0,0,6,0,1,0
ZNF343,240,182,495,319,309,355
ZNF345,98,28,207,251,171,246
ZNF346,247,136,383,290,459,624
ZNF347,356,72,635,1237,1090,1202
ZNF35,202,142,424,390,355,456
ZNF350,217,135,507,330,350,350
ZNF350-AS1,26,18,22,1,4,2
ZNF354A,341,187,670,476,444,511
ZNF354B,391,159,575,558,431,580
ZNF354C,261,212,582,331,239,299
ZNF358,0,0,43,3,43,39
ZNF362,61,29,320,67,173,173
ZNF365,7,1,8,2,6,3
ZNF366,0,0,0,0,0,2
ZNF367,53,26,126,307,314,318
ZNF37A,1551,846,2140,3359,2435,2984
ZNF37CP,0,0,0,0,0,0
ZNF382,218,79,325,409,317,385
ZNF383,208,55,367,364,335,386
ZNF384,244,122,568,318,820,883
ZNF385A,172,89,967,316,1948,1998
ZNF385B,347,218,481,14,15,16
ZNF385C,26,17,89,12,30,34
ZNF385D,0,0,0,2,2,3
ZNF385D-AS1,0,0,0,0,0,0
ZNF385D-AS2,0,0,0,0,0,0
ZNF391,69,27,89,66,42,52
ZNF394,95,61,233,145,187,200
ZNF395,304,155,926,378,896,910
ZNF396,83,59,194,169,188,210
ZNF397,858,441,1313,1717,1408,1621
ZNF398,233,105,547,460,565,653
ZNF402P,0,0,0,0,0,0
ZNF404,0,0,0,1,0,0
ZNF407,163,116,353,378,396,491
ZNF407-AS1,74,49,217,84,117,148
ZNF408,49,5,285,39,184,205
ZNF41,525,280,836,587,477,642
ZNF410,18,0,19,32,35,30
ZNF414,8,1,56,5,32,33
ZNF415,282,181,597,383,397,446
ZNF415P1,0,0,0,0,0,0
ZNF416,89,15,129,74,114,92
ZNF417,318,91,554,450,406,457
ZNF418,217,56,295,421,372,420
ZNF419,216,58,388,393,301,339
ZNF420,126,70,373,355,305,332
ZNF423,0,0,0,2,3,5
ZNF425,24,14,50,115,163,181
ZNF426,404,314,894,938,877,985
ZNF426-DT,3,12,9,3,6,5
ZNF428,34,11,125,66,257,241
ZNF429,370,180,792,1378,1206,1385
ZNF43,345,264,792,1311,1105,1288
ZNF430,70,71,134,269,261,315
ZNF431,303,130,501,1063,870,1030
ZNF432,237,68,427,369,343,343
ZNF433,94,20,262,261,326,326
ZNF433-AS1,31,13,59,18,25,22
ZNF436,234,125,478,667,551,649
ZNF436-AS1,21,0,41,20,21,39
ZNF438,34,31,90,37,61,70
ZNF439,73,43,120,5,8,8
ZNF44,159,41,443,371,423,430
ZNF440,360,151,825,1124,1165,1247
ZNF441,230,163,421,321,255,342
ZNF442,56,12,108,36,38,55
ZNF443,11,0,18,8,15,16
ZNF444,211,72,704,269,621,723
ZNF445,952,478,1551,2021,2329,2863
ZNF446,18,6,145,10,83,106
ZNF449,245,90,313,727,515,694
ZNF45,206,84,420,588,630,668
ZNF451,1078,498,1631,1856,1495,1748
ZNF454,24,5,61,3,4,8
ZNF460,36,10,63,87,97,124
ZNF460-AS1,31,0,41,32,44,39
ZNF461,127,30,265,210,221,265
ZNF462,504,270,889,875,917,1118
ZNF467,35,17,298,66,276,300
ZNF468,442,267,930,1150,982,1195
ZNF469,8,0,60,11,37,49
ZNF470,128,51,304,204,147,196
ZNF470-DT,7,0,10,4,2,3
ZNF471,2,0,2,12,8,8
ZNF473,235,118,456,308,413,408
ZNF473CR,0,0,0,0,1,5
ZNF474,4,0,7,4,2,2
ZNF475,0,0,0,0,0,0
ZNF479,0,0,2,0,0,0
ZNF48,112,35,332,72,247,256
ZNF480,612,359,853,972,915,925
ZNF483,78,7,67,304,187,319
ZNF484,93,23,138,0,0,0
ZNF485,94,73,191,393,373,387
ZNF486,209,102,449,335,360,386
ZNF487,52,1,81,179,174,217
ZNF488,0,0,0,26,55,106
ZNF490,65,50,149,248,244,329
ZNF491,41,11,89,67,66,61
ZNF492,38,26,64,81,99,100
ZNF493,1155,266,1258,2072,1060,1526
ZNF496,296,165,882,288,598,658
ZNF497,29,11,52,11,21,30
ZNF500,84,29,307,50,179,173
ZNF501,3,0,0,5,3,6
ZNF502,0,0,0,1,0,2
ZNF503,32,24,81,36,59,65
ZNF503-AS1,0,0,2,0,0,0
ZNF503-AS2,9,0,16,16,28,52
ZNF506,584,229,1042,453,424,470
ZNF507,483,244,832,807,567,760
ZNF510,256,131,502,387,326,355
ZNF511,3,7,35,9,23,14
ZNF511-PRAP1,0,0,0,0,0,0
ZNF512,337,109,431,276,318,275
ZNF512B,324,191,2147,598,2347,2755
ZNF513,29,10,130,21,91,102
ZNF514,337,142,609,545,524,579
ZNF516,171,95,348,289,423,503
ZNF516-AS1,20,2,25,5,8,12
ZNF516-DT,2,0,11,6,5,6
ZNF517,47,23,182,37,101,104
ZNF518A,803,400,1035,828,498,702
ZNF518B,210,98,365,424,335,401
ZNF519,150,61,203,218,180,242
ZNF519P4,0,0,0,0,0,0
ZNF521,0,0,0,0,4,11
ZNF524,14,15,73,6,27,36
ZNF525,344,184,655,683,520,640
ZNF526,79,36,290,101,273,269
ZNF527,177,117,367,323,292,317
ZNF528,476,218,658,229,195,263
ZNF528-AS1,182,63,346,64,75,81
ZNF529,401,173,656,510,429,544
ZNF529-AS1,58,8,99,136,122,158
ZNF530,57,24,132,156,173,128
ZNF532,1375,787,2374,2026,2608,3170
ZNF534,0,0,0,0,0,0
ZNF536,0,0,0,0,0,0
ZNF540,37,25,84,52,56,73
ZNF541,0,0,1,5,10,11
ZNF543,100,60,275,176,191,225
ZNF544,312,158,578,448,525,500
ZNF546,40,18,67,85,75,112
ZNF547,23,20,45,83,93,98
ZNF548,377,208,635,485,501,567
ZNF549,196,117,352,346,262,285
ZNF550,220,82,474,362,360,424
ZNF551,136,44,206,147,128,133
ZNF552,2431,1123,5724,2123,2499,2500
ZNF554,84,46,225,166,246,225
ZNF555,269,128,404,241,207,246
ZNF556,137,64,276,119,190,208
ZNF557,174,119,344,409,385,398
ZNF558,499,296,1068,696,688,844
ZNF559,156,79,265,222,207,203
ZNF559-ZNF177,6,0,5,9,10,5
ZNF560,0,0,0,0,1,0
ZNF561,866,606,1596,2013,1793,2208
ZNF561-AS1,215,115,338,193,226,203
ZNF562,909,349,1376,2142,1956,2079
ZNF563,34,15,106,72,85,110
ZNF564,3,9,20,17,15,20
ZNF565,52,13,103,66,69,64
ZNF566,173,114,404,382,265,329
ZNF566-AS1,15,15,111,23,64,48
ZNF567,170,75,404,484,424,455
ZNF567-DT,86,52,166,242,258,282
ZNF568,205,159,405,299,325,324
ZNF569,251,153,458,252,228,276
ZNF57,103,93,223,116,125,147
ZNF570,306,171,525,431,377,477
ZNF571,100,58,186,181,182,187
ZNF571-AS1,2,0,7,5,15,10
ZNF572,14,2,43,5,7,5
ZNF573,224,98,272,586,354,522
ZNF574,30,22,207,20,190,179
ZNF575,3,0,11,1,2,1
ZNF576,54,7,155,58,99,116
ZNF577,92,6,107,90,91,92
ZNF578,20,13,54,73,65,71
ZNF579,14,21,43,50,102,95
ZNF580,299,96,768,660,1262,1394
ZNF581,12,22,160,5,61,85
ZNF582,47,11,100,69,86,61
ZNF582-DT,42,1,76,39,82,92
ZNF583,101,74,197,154,159,140
ZNF584,59,26,124,109,156,173
ZNF585A,171,118,256,364,254,342
ZNF585B,262,180,498,672,591,720
ZNF586,84,38,200,164,186,182
ZNF587,2447,955,3861,2002,2209,2413
ZNF587B,657,219,1164,528,500,461
ZNF589,337,117,622,518,530,616
ZNF592,430,218,1182,348,965,1214
ZNF593,9,0,46,4,32,28
ZNF593OS,0,0,1,0,1,1
ZNF594,235,102,384,536,376,472
ZNF594-DT,178,51,304,151,204,185
ZNF595,705,380,2015,933,1564,2122
ZNF596,49,32,112,182,170,159
ZNF597,78,69,132,92,96,105
ZNF598,41,26,400,40,237,271
ZNF599,74,80,230,89,108,114
ZNF600,154,64,366,270,288,299
ZNF603P,0,0,0,0,1,0
ZNF605,1392,631,1908,2123,1480,1907
ZNF606,308,131,655,585,633,751
ZNF606-AS1,260,69,383,595,608,756
ZNF607,305,115,628,637,564,604
ZNF608,195,76,276,331,247,345
ZNF609,1015,401,1756,909,1475,2040
ZNF610,105,75,191,118,138,126
ZNF611,269,142,611,1169,929,1163
ZNF613,150,81,295,179,158,172
ZNF614,403,288,752,468,390,465
ZNF615,192,97,451,584,525,653
ZNF616,338,170,523,673,638,696
ZNF618,1,0,1,259,368,538
ZNF619,372,271,706,302,309,369
ZNF620,72,33,174,155,205,238
ZNF621,1652,804,2629,2897,2673,2983
ZNF622,113,83,438,139,307,310
ZNF622P1,0,0,0,0,0,0
ZNF623,1537,799,2369,1780,1666,2066
ZNF624,104,25,200,196,147,214
ZNF625,6,0,30,32,22,17
ZNF626,270,64,364,875,788,815
ZNF627,267,143,527,430,391,398
ZNF628,5,0,53,3,19,15
ZNF629,403,182,1340,496,1194,1327
ZNF630,100,60,237,99,100,108
ZNF638,1639,1005,2812,3783,2871,3139
ZNF639,1150,691,1961,2221,2335,2223
ZNF641,745,342,1092,1133,974,1215
ZNF644,782,474,1257,1461,974,1179
ZNF646,177,77,656,170,740,899
ZNF648,0,0,1,2,3,13
ZNF649,112,79,231,215,200,254
ZNF649-AS1,0,0,0,0,1,0
ZNF652,1494,685,2067,1792,1498,1887
ZNF653,0,0,29,1,17,17
ZNF654,368,151,512,465,356,396
ZNF655,587,317,1103,128,126,124
ZNF658,78,18,179,92,75,101
ZNF66,76,34,96,340,239,325
ZNF660,0,0,0,1,0,0
ZNF662,1,0,0,0,1,2
ZNF664,7221,3330,13500,9406,10233,11290
ZNF665,147,43,273,201,225,231
ZNF667,325,112,452,89,82,128
ZNF667-AS1,119,42,354,70,104,124
ZNF668,8,0,90,48,93,125
ZNF669,99,27,343,98,140,165
ZNF670,81,34,124,71,71,79
ZNF670-ZNF695,2,0,1,0,5,4
ZNF671,39,8,60,16,4,5
ZNF672,117,75,366,70,155,190
ZNF674,183,96,378,280,216,278
ZNF674-AS1,85,35,129,111,129,148
ZNF675,277,124,613,1095,959,1061
ZNF676,36,13,45,526,331,473
ZNF677,0,0,0,0,0,0
ZNF678,485,236,764,1232,766,1027
ZNF679,0,0,3,0,1,0
ZNF680,707,352,1369,970,848,959
ZNF681,178,88,290,915,695,829
ZNF682,187,55,236,348,314,407
ZNF683,0,0,0,0,0,0
ZNF684,36,26,80,38,45,66
ZNF687,274,140,1286,198,882,1048
ZNF687-AS1,6,0,20,4,10,16
ZNF688,44,45,169,12,60,61
ZNF689,151,139,424,250,364,376
ZNF69,132,31,194,212,182,276
ZNF691,123,89,272,184,224,248
ZNF691-DT,20,10,33,27,35,51
ZNF692,257,126,742,483,994,1200
ZNF692-DT,1,0,0,1,1,1
ZNF695,30,19,64,57,42,37
ZNF696,97,69,257,144,288,331
ZNF697,56,42,164,170,161,200
ZNF699,72,35,146,201,139,233
ZNF7,318,146,920,541,945,1007
ZNF70,280,202,460,248,333,442
ZNF700,274,97,455,522,468,535
ZNF701,253,173,483,667,573,683
ZNF703,887,418,3365,491,959,1071
ZNF704,1426,674,2003,5728,4990,6576
ZNF705A,0,0,1,0,0,0
ZNF705D,0,0,0,0,0,0
ZNF705G,0,0,0,0,0,0
ZNF706,860,318,1467,1083,1099,1150
ZNF707,90,15,408,65,393,406
ZNF708,192,65,294,882,718,786
ZNF709,0,0,2,1,0,4
ZNF71,27,24,90,40,106,117
ZNF710,90,17,299,44,120,129
ZNF710-AS1,185,72,321,372,622,677
ZNF711,222,218,401,554,450,480
ZNF713,89,47,170,177,207,233
ZNF714,18,0,22,62,27,48
ZNF716,540,214,751,664,462,629
ZNF717,252,75,385,191,182,229
ZNF718,468,232,924,1750,1453,1829
ZNF721,920,410,1869,2154,1611,2055
ZNF722,0,0,1,3,2,4
ZNF723,0,0,0,68,55,72
ZNF724,13,5,30,74,64.5,71.5
ZNF726,255,110,408,401,384,474
ZNF727,845,435,1187,741,461,713
ZNF728,1,0,0,0,0,0
ZNF729,17,1,30,162,109,118
ZNF730,31,22,72,167,125,132
ZNF732,4,0,9,51,46,46
ZNF735,0,0,0,1,0,0
ZNF736,2226,968,3650,1918,1502,2093
ZNF736P10Y,0,0,0,0,0,0
ZNF736P1Y,0,0,0,0,0,0
ZNF736P6Y,0,0,0,0,0,0
ZNF737,488,226,767,1623,1345,1452
ZNF738,219,125,392,597,630,670
ZNF73P,1,0,4,0,0,0
ZNF74,70,39,206,106,224,285
ZNF740,1169,742,3051,1789,2475,2888
ZNF746,38,34,177,77,211,228
ZNF747,148,73,272,66,122,133
ZNF747-DT,12,15,41,3,10,21
ZNF749,179,112,327,378,294,358
ZNF750,31,3,86,24,82,72
ZNF75A,572,263,898,1085,999,1117
ZNF75D,225,127,423,556,506,710
ZNF76,220,108,708,508,1251,1418
ZNF761,240,187,575,982,829,787
ZNF763,21,11,59,30,27,29
ZNF764,65,44,173,64,159,206
ZNF765,225,77,447,718,635,719
ZNF766,615,395,1233,759,774,799
ZNF768,418,275,1855,335,975,1014
ZNF77,79,43,216,93,134,170
ZNF770,2718,1299,5008,2771,2152,2672
ZNF771,23,10,140,104,293,292
ZNF772,202,106,355,464,370,447
ZNF773,163,97,359,220,230,247
ZNF774,118,45,189,203,201,256
ZNF775,1,0,16,0,9,6
ZNF776,357,207,684,768,667,770
ZNF777,63,53,408,66,261,256
ZNF778,782,374,1241,1436,1618,2131
ZNF778-DT,56,46,171,50,63,52
ZNF780A,282,97,430,872,555,832
ZNF780B,229,96,370,516,357,431
ZNF782,147,67,236,229,205,241
ZNF783,145,30,565,61,279,288
ZNF784,17,3,70,4,25,39
ZNF785,268,191,770,189,384,326
ZNF786,58,52,186,81,135,168
ZNF787,18,19,144,11,75,107
ZNF789,103,54,166,277,244,259
ZNF79,73,25,216,43,88,115
ZNF790,149,60,299,246,216,249
ZNF790-AS1,52,18,96,62,49,68
ZNF791,515,278,907,1327,1287,1584
ZNF792,31,37,101,71,93,137
ZNF793,593,168,930,1440,1380,1530
ZNF793-AS1,18,4,31,5,6,19
ZNF799,86,36,135,172,132,125
ZNF8,337,206,447,566,906,853
ZNF8-DT,32,22,104,41,97,67
ZNF8-ERVK3-1,11,18,11,40,43,71
ZNF80,0,0,0,0,0,0
ZNF800,292,145,476,530,383,484
ZNF804A,0,0,0,134,110,137
ZNF804B,0,0,0,0,0,0
ZNF805,205,60,320,265,241,282
ZNF808,261,181,498,536,385,469
ZNF81,391,207,433,959,693,997
ZNF813,94,58,176,359,275,311
ZNF814,174,23,251,169,178,197
ZNF816,153,72,353,371,336,326
ZNF816-ZNF321P,0,0,0,0,1,0
ZNF821,42,31,136,74,97,82
ZNF823,169,84,400,393,358,346
ZNF827,290,136,421,525,531,743
ZNF829,312,173,572,457,452,437
ZNF83,2496,1042,3473,3564,3036,3439
ZNF830,186,95,522,330,489,512
ZNF831,0,0,0,0,0,0
ZNF835,0,0,0,0,0,0
ZNF836,283,185,544,328,264,328
ZNF837,1,0,19,1,7,9
ZNF839,152,51,476,179,338,343
ZNF839P1,0,0,0,0,0,0
ZNF84,1363,599,2209,3291,2190,2777
ZNF84-DT,0,0,1,3,0,0
ZNF841,269,112,470,685,525,559
ZNF843,0,0,0,3,14,11
ZNF844,385,276,634,345,360,355
ZNF845,231,70,385,588,515,540
ZNF846,83,4,87,251,188,235
ZNF849P,5,0,15,2,4,7
ZNF85,82,48,202,244,288,318
ZNF850,60,21,88,134,91,118
ZNF852,189,88,340,442,285,375
ZNF853,10,6,34,8,41,34
ZNF860,120,58,221,141,121,105
ZNF861P,0,0,0,0,0,0
ZNF862,149,35,429,139,429,513
ZNF865,42,1,126,11,109,139
ZNF875,823,465,1737,967,1427,1523
ZNF878,8,0,18,24,30,26
ZNF879,98,31,214,87,88,121
ZNF880,14,0,15,9,6,6
ZNF883,233,114,478,401,324,379
ZNF888,264,172,529,1485,1189,1451
ZNF888-AS1,1,0,3,0,0,1
ZNF891,451,149,598,676,418,568
ZNF892,24,14,52,66,29,79
ZNF90,126,93,168,181,145,152
ZNF91,611,326,943,2429,1913,2277
ZNF92,287,168,515,548,452,451
ZNF92P1Y,0,0,0,0,0,0
ZNF93,131,45,272,360,355,392
ZNF962P,0,0,0,0,0,0
ZNF969P,0,0,0,0,0,0
ZNF98,65,6,164,134,152,200
ZNF99,9,29,24,104,75,82
ZNFX1,880,481,1466,1688,2128,2563
ZNG1A,519,222,1498,768,1212,1215
ZNG1B,294,109.5,770,449,557.5,623.5
ZNG1DP,6,0,15,24,12,18
ZNG1E,558,169,2058,543,981,1209
ZNG1F,109,83,229,81,76,72
ZNHIT1,176,145,546,242,587,552
ZNHIT2,3,5,57,0,8,15
ZNHIT3,286,231,1189,523,1284,1269
ZNHIT6,1185,587,2432,1442,1731,1765
ZNNT1,17,12,29,4,9,5
ZNRD2,23,8,206,16,103,103
ZNRF1,136,78,492,189,407,362
ZNRF2,151,93,257,233,192,236
ZNRF3,100,81,277,128,249,285
ZNRF3-AS1,0,0,0,0,0,0
ZNRF4,0,0,0,0,0,0
ZP1,0,0,0,0,0,1
ZP2,0,0,0,0,0,0
ZP3,36,12,230,19,104,105
ZP3P1,0,0,0,0,0,0
ZP4,4,0,0,0,2,0
ZPBP,0,0,0,0,0,0
ZPBP2,0,0,0,2,0,0
ZPLD1,68,37,90,3,1,3
ZPR1,564,316,1170,566,721,590
ZRANB1,628,430,1112,877,838,889
ZRANB2,2992,1464,4848,6081,4505,5296
ZRANB3,151,46,282,294,255,267
ZRSR2,323,157,756,449,612,562
ZRSR2P1,0,0,0,0,0,0
ZSCAN1,37,1,76,41,121,149
ZSCAN10,0,0,2,0,1,0
ZSCAN12,157,57,307,171,154,148
ZSCAN16,152,83,375,291,481,493
ZSCAN16-AS1,32,13,70,72,115,125
ZSCAN18,128,100,1033,180,722,775
ZSCAN2,83,55,256,58,179,215
ZSCAN20,150,44,175,189,194,232
ZSCAN21,111,32,363,104,231,232
ZSCAN22,70,63,160,67,116,115
ZSCAN23,0,0,0,0,0,0
ZSCAN25,111,78,348,155,281,313
ZSCAN26,162,44,302,419,416,426
ZSCAN29,701,368,1415,875,865,996
ZSCAN30,422,175,693,804,615,790
ZSCAN31,244,121,409,197,190,223
ZSCAN32,248,74,527,452,624,673
ZSCAN4,0,0,0,0,0,0
ZSCAN5A,11,1,54,19,35,51
ZSCAN5A-AS1,2,0,4,3,3,6
ZSCAN5B,0,0,0,0,0,0
ZSCAN5C,0,0,0,0,0,0
ZSCAN5DP,0,0,0,0,0,0
ZSCAN9,263,76,401,683,655,686
ZSWIM1,526,383,850,344,536,518
ZSWIM2,0,0,0,0,0,0
ZSWIM3,47,37,87,40,87,104
ZSWIM4,26,2,104,32,112,173
ZSWIM5,28,7,55,88,115,127
ZSWIM5P1,0,0,0,0,0,0
ZSWIM6,228,123,298,353,339,429
ZSWIM7,84,22,147,103,126,140
ZSWIM8,633,209,2476,1177,4256,4999
ZSWIM8-AS1,1,0,1,2,0,6
ZSWIM9,173,57,472,282,718,707
ZUP1,112,49,219,409,361,345
ZW10,1032,486,1919,1310,1767,1742
ZWILCH,540,200,870,861,763,745
ZWINT,282,186,966,1265,3261,3025
ZXDA,124,107,269,160,154,203
ZXDB,550,269,868,684,682,736
ZXDC,248,111,605,149,297,342
ZYG11A,236,110,395,265,269,327
ZYG11B,967,525,1514,1639,1423,1749
ZYX,40,4,317,143,779,870
ZYXP1,0,0,0,0,0,0
ZZEF1,436,209,956,710,1093,1418
ZZZ3,915,484,1663,1487,1069,1218
