"GeneSymbol","uniprot_id","log2FoldChange","Target_importance","Target","protein","Degree","Betweenness","Eigenvector","MCC","EPC","Score","Degree_Shifted","Betweenness_Shifted","Eigenvector_Shifted","MCC_Shifted","EPC_Shifted","Adjusted_logFC"
"AACS","Q49AB9",1.41905455024015,0.288197660999443,"Q49AB9","9606.ENSP00000324842",4,0,0.00110763907484067,5,1485,3.06565428935275,0.369648339512507,0.01,0.0243145958809207,1.26386971601022,0.100431689134722,1.19124076082048
"ABCA1","O95477",2.32634932225373,0.66465306040913,"O95477","9606.ENSP00000363868",7,3800.29618352575,0.0349231248992091,4,9085.5923670515,718.654141865441,0.729296679025015,0.474191827791949,0.461329707651392,0.84591314400681,0.563595035615142,1.52523746421786
"ABCA7","Q8IZY2",2.04057968230208,0.0122597254955929,"Q8IZY2","9606.ENSP00000263094",1,0,0.00260181663496769,2,1485,0.829974503841707,0.01,0.01,0.0436246296576138,0.01,0.100431689134722,1.42848860069028
"ABCC6","O95255",1.44848783636311,0.102132285130719,"O95255","9606.ENSP00000205557",2,159.440195476423,0.000418378610189199,2,1803.88039095284,31.4949115554875,0.129882779837503,0.0294750177848092,0.0154069243909088,0.01,0.119863557319228,1.20353140231699
"ABHD4","Q8TB40",1.04263534424847,0.01,"Q8TB40","9606.ENSP00000414558",1,0,0,2,1,0.7556,0.01,0.01,0.01,0.01,0.01,1.0210951690457
"ABHD6","Q6ZMF7",-1.87221643338664,0.01,"Q6ZMF7","9606.ENSP00000295962",1,0,0,2,1,0.7556,0.01,0.01,0.01,0.01,0.01,-1.36828960143189
"ABRAXAS1","Q6UWZ7",-1.13134117746262,0.102943657538842,"Q6UWZ7","9606.ENSP00000369857",2,0,0.000609284743090708,3,1485,1.57510086472772,0.129882779837503,0.01,0.0178741036424782,0.427956572003405,0.100431689134722,-1.06364523101578
"ACACA","Q13085",2.12985487587477,1.036236258365,"Q13085","9606.ENSP00000483300",11,4589.91344810235,0.026201349832526,6,10664.8268962047,869.840969802307,1.20882779837502,0.570640594835111,0.348613672004295,1.68182628801362,0.659830107051262,1.45940223237967
"ACAT2","Q16146",2.15714016865594,1.48997759537913,"Q16146","9606.ENSP00000356015",17,1316.83156597782,0.00648029125202402,10,4118.66313195563,259.86769619849,1.92812447740004,0.170846003044498,0.0937481744463856,3.35365257602724,0.260921315573125,1.46872058903521
"ACER1","Q8TDN7",2.22193244444037,0.380842771187039,"Q8TDN7","9606.ENSP00000301452",5,0,0.00137770787059981,6,1485,3.81093240286688,0.48953111935001,0.01,0.0278048353995067,1.68182628801362,0.100431689134722,1.49061478740833
"ACER2","Q569G5",1.44405713937352,0.380842771187039,"Q569G5","9606.ENSP00000342609",5,0,0.0013777078705998,6,1485,3.81093240286688,0.48953111935001,0.01,0.0278048353995067,1.68182628801362,0.100431689134722,1.20168928570306
"ACER3","Q9NUN7",2.94149022013993,0.0100560121674954,"Q9NUN7","9606.ENSP00000434480",1,0,5.94044089904987e-05,2,1485,0.829803984253711,0.01,0.01,0.0107677140754233,0.01,0.100431689134722,1.7150773219129
"ACKR3","P25106",5.37270662155064,0.381851271299583,"P25106","9606.ENSP00000272928",4,1960.5375109181,0.0672298298797521,3,5406.07502183619,371.081610654235,0.369648339512507,0.249472253397742,0.878846059814325,0.427956572003405,0.339373358574489,2.31790996838761
"ACLY","P53396",2.04880743951793,1.03486311582412,"P53396","9606.ENSP00000466259",11,5055.06951298284,0.0123154890451831,6,11595.1390259656,957.159134976989,1.20882779837502,0.627457651595424,0.169159470591141,1.68182628801362,0.716521277749916,1.43136558555735
"ACOT4","Q17RF4",-3.50629526174378,0.01,"Q17RF4","9606.ENSP00000323071",1,0,0,2,1,0.7556,0.01,0.01,0.01,0.01,0.01,-1.87251041699206
"ACOX2","Q99424",-4.78599201315554,0.102900267462448,"Q99424","9606.ENSP00000307697",2,0,0.000559225845091468,3,1485,1.57509750727743,0.129882779837503,0.01,0.0172271664664794,0.427956572003405,0.100431689134722,-2.18769102323787
"ACSL3","O95573",1.38002070691368,0.485646528788682,"O95573","9606.ENSP00000350012",6,1159.85900187553,0.00484823729241811,3,3804.71800375105,222.243997003349,0.609413899187512,0.151672397113544,0.0726562922455201,0.427956572003405,0.24179019142275,1.17474282586176
"ACSL4","O60488",4.32383859730421,0.610923550798887,"O60488","9606.ENSP00000339787",7,2656.5855502506,0.00814441297214225,3,6798.1711005012,503.944695738821,0.729296679025015,0.334491892921996,0.115254484995769,0.427956572003405,0.424204625307306,2.07938418703813
"ACSS1","Q5TF42",-1.33525498689104,0.714664119779798,"Q5TF42","9606.ENSP00000316924",8,3356.92136989994,0.00269393651446657,4,8198.84273979991,636.15663023994,0.849179458862517,0.420035268620044,0.0448151427747275,0.84591314400681,0.509558467803857,-1.1555323391801
"ACSS3","Q8NC66",-1.25678262421763,0.194991585891241,"Q8NC66","9606.ENSP00000449535",3,0,0.000190388064267494,4,1485,2.32033276932747,0.249765559675005,0.01,0.0124604839811488,0.84591314400681,0.100431689134722,-1.12106316691685
"ACTA2","P03996",8.68810523107018,1.06032467641933,"P03996","9606.ENSP00000224784",12,1651.9488613194,0.0300381089372892,6,4788.89772263881,319.061484902845,1.32871057821253,0.211779315169919,0.398198105530197,1.68182628801362,0.301763934273933,2.94755919890851
"ACTN1","P12814",1.05393989882567,1.68180242258443,"P12814","9606.ENSP00000377941",17,6323.18474156045,0.110273201700412,7,14131.3694831209,1199.63640570937,1.92812447740004,0.782353137993572,1.4351179420189,2.09978286001703,0.871073571736087,1.02661575033002
"ACTN2","P35609",7.54178836146377,0.933282270308518,"P35609","9606.ENSP00000355537",10,4289.95558711221,0.0269325492745958,4,10064.9111742244,812.777379178783,1.08894501853752,0.534001874843449,0.358063342713221,0.84591314400681,0.623272565220296,2.74623166565819
"ACVR1C","Q4ZFZ8",7.56754366598504,0.0100121678099807,"Q4ZFZ8","9606.ENSP00000243349",1,0,8.82140930348655e-06,2,1485,0.829800591651922,0.01,0.01,0.0101140036607121,0.01,0.100431689134722,2.75091687733109
"ADA","P00813",2.50419609303452,0.315830210503233,"P00813","9606.ENSP00000361965",4,1583.29282415349,0.00103842653911364,3,4651.58564830699,300.260798597362,0.369648339512507,0.203393239495305,0.0234201262821765,0.427956572003405,0.293396439111926,1.58246519488882
"ADAM19","Q9BZL5",5.18119172210957,0.0109166322714898,"Q9BZL5","9606.ENSP00000257527",1,0,0.00105229719881907,2,1485,0.829870577573125,0.01,0.01,0.0235993840321014,0.01,0.100431689134722,2.27622312660898
"ADAM9","Q8NFM6",1.9332270214473,0.0122849699625261,"Q8NFM6","9606.ENSP00000419446",1,0,0.00263094104082887,2,1485,0.829976457215608,0.01,0.01,0.0440010195030467,0.01,0.100431689134722,1.39040534429615
"ADAMTS17","Q2I7G4",2.57486988478524,0.0116455116421,"Q2I7G4","9606.ENSP00000268070",1,0,0.00189320141239107,2,1485,0.829926977018729,0.01,0.01,0.0344668265639372,0.01,0.100431689134722,1.60464011067443
"ADAMTS3","O15072",4.58497836899312,0.13091915394727,"O15072","9606.ENSP00000286657",2,161.879180648973,0.03356513226919,2,1808.75836129795,31.9549810048466,0.129882779837503,0.0297729306133175,0.443779662560406,0.01,0.120160810080587,2.1412562595339
"ADAMTS4","O75173",4.57880015530147,0.413972719142835,"O75173","9606.ENSP00000356975",5,435.865734794183,0.0429578356570181,3,2356.73146958836,85.6035669176015,0.48953111935001,0.0632393535490921,0.565166453871876,0.427956572003405,0.153553083519338,2.13981311223702
"ADCY2","Q08462",3.50308838354774,1.5822289271291,"Q08462","9606.ENSP00000342952",17,5143.74355008259,0.0414730296700055,4,11772.4871001652,978.196220817604,1.92812447740004,0.638288850368156,0.545977533808981,0.84591314400681,0.727328478501032,1.87165391660631
"ADCY3","O60266",1.62996759325572,1.45611902808157,"O60266","9606.ENSP00000384484",16,3854.51261557369,0.0267666906433427,5,9194.02523114736,735.456123437434,1.80824169756254,0.480814160229559,0.355919865353421,1.26386971601022,0.570202695357665,1.27670184195674
"ADCY6","O43306",1.00736218045156,1.84419134294917,"O43306","9606.ENSP00000311405",20,5238.48757382761,0.0312732955436409,5,11961.9751476552,998.196084858851,2.28777281691255,0.64986147508757,0.414161064502183,1.26386971601022,0.738875462466911,1.00367433983915
"ADCY7","P51828",2.16925294433648,1.80279026136414,"P51828","9606.ENSP00000501053",19,6942.68164722175,0.0400917191730611,5,15370.3632944435,1317.37301776807,2.16789003707504,0.858022345619275,0.528126139795388,1.26386971601022,0.946575123747792,1.4728383972237
"ADGRB1","O14514",4.57857899335677,0.0101984940833179,"O14514","9606.ENSP00000430945",1,0,0.000223785029713364,2,1485,0.829815009261943,0.01,0.01,0.0128920903363827,0.01,0.100431689134722,2.13976143374834
"ADGRE5","O00718",1.91392178626053,0.103869942294581,"O00718","9606.ENSP00000242786",2,32.0182873782036,0.00579294694761704,2,1549.03657475641,7.57563143958815,0.129882779837503,0.0139109128928649,0.0848652664918664,0.01,0.104333936858188,1.38344562099872
"ADGRF1","Q5KU15",1.44062865776154,0.0165771855317263,"Q5KU15","9606.ENSP00000360299",1,0,0.0075828470807516,2,1485,0.830308581553706,0.01,0.01,0.107997076893836,0.01,0.100431689134722,1.20026191215149
"ADIPOQ","Q15848",4.1505474962822,1.04791464680805,"Q15848","9606.ENSP00000389814",11,2482.87738084116,0.100359806620062,5,6450.75476168233,474.302843063734,1.20882779837502,0.313274096001296,1.30700198113739,1.26386971601022,0.403033839355559,2.03728925199202
"ADIRF","Q15847",1.47875392111743,0.0193403183364087,"Q15847","9606.ENSP00000361083",1,0,0.0107706585510792,2,1485,0.830522388069021,0.01,0.01,0.149194822602534,0.01,0.100431689134722,1.21604026295079
"ADM","P35318",-1.11808708572952,0.111905886477051,"P35318","9606.ENSP00000436607",2,491.458764939009,0.00291345530064142,2,2467.91752987803,93.8216047597978,0.129882779837503,0.070029832245802,0.0476520982268592,0.01,0.160328516969627,-1.05739637115394
"ADORA2A","P29274",2.40030515998063,0.336669631799621,"P29274","9606.ENSP00000480012",4,1979.2561525453,0.0146089756643789,3,5443.51230509059,374.591944779801,0.369648339512507,0.251758664785459,0.19879939108312,0.427956572003405,0.341654704100979,1.54929182531266
"ADRA1B","P35368",2.43389099193517,0.0105078498817219,"P35368","9606.ENSP00000306662",1,0,0.000580687152149682,2,1485,0.829838946687295,0.01,0.01,0.017504522100271,0.01,0.100431689134722,1.56009326385802
"ADRA2A","P08913",-1.2933914383685,0.223134660516803,"P08913","9606.ENSP00000280155",3,1565.84841767385,0.00117150625472246,2,4616.69683534769,296.240883538659,0.249765559675005,0.201262471118978,0.0251399846657949,0.01,0.291270391748169,-1.13727368665968
"ADRA2C","P18825",1.84298122760888,0.010048227802479,"P18825","9606.ENSP00000386069",1,0,5.04236288968741e-05,2,1485,0.82980338191279,0.01,0.01,0.0106516507830965,0.01,0.100431689134722,1.35756444694492
"ADRB1","P08588",-2.31172013702627,0.290667029587001,"P08588","9606.ENSP00000358301",4,136.48625776208,0.0102705325990917,3,1757.97251552416,28.666889151719,0.369648339512507,0.0266712809737593,0.142731434794288,0.427956572003405,0.11706603257556,-1.52043419358625
"AFF3","P51826",-1.00542221923592,0.0100230124584194,"P51826","9606.ENSP00000386834",1,0,2.13328219384919e-05,2,1485,0.829801430792367,0.01,0.01,0.0102756951537603,0.01,0.100431689134722,-1.00270744449013
"AGPAT4","Q5TEE8",2.69920852827041,0.661709507190482,"Q5TEE8","9606.ENSP00000314036",8,675.423140646666,0.00259273013992992,6,2835.84628129333,132.806355856603,0.849179458862517,0.092500386035406,0.0435072001560785,1.68182628801362,0.182749284133855,1.64292681768556
"AGR2","O95994",-1.30042076931694,0.128631268370491,"O95994","9606.ENSP00000391490",2,0,0.0302449433388979,3,1485,1.57708852834974,0.129882779837503,0.01,0.400871134083045,0.427956572003405,0.100431689134722,-1.1403599297226
"AHNAK2","Q5BKX7",-1.24541956090493,0.0175652658170966,"Q5BKX7","9606.ENSP00000353114",1,0,0.00872278999698432,2,1485,0.830385037525098,0.01,0.01,0.122729152119276,0.01,0.100431689134722,-1.11598367412115
"AHR","P35869",-1.21129121832053,0.37044773602222,"P35869","9606.ENSP00000242057",4,2085.39847838014,0.0507715173946825,3,5655.79695676028,394.519407607192,0.369648339512507,0.264723549061836,0.666146727101118,0.427956572003405,0.354590862879864,-1.1005867609237
"AIMP2","Q13155",-2.40500631175335,0.213195161926877,"Q13155","9606.ENSP00000223029",3,707.416776430717,0.00744495296547127,3,2899.83355286143,135.10680660457,0.249765559675005,0.0964082878291368,0.106214999519147,0.427956572003405,0.186648527429695,-1.5508082769167
"AK1","P00568",-1.3959647568896,0.724893172547408,"P00568","9606.ENSP00000223836",8,2932.71000352952,0.0108286395488233,7,7350.42000705904,556.555088139416,0.849179458862517,0.368219452163623,0.149944141194061,2.09978286001703,0.457857456468242,-1.18150952467155
"AK9","Q3MIS4",-1.54738932754452,1.40185359342261,"Q3MIS4","9606.ENSP00000410186",15,5253.1585519274,0.0189006502749699,7,11991.3171038548,997.295021034426,1.68835891772503,0.651653479660572,0.254262934306219,2.09978286001703,0.740663496605484,-1.24394104665154
"AKAP5","P24588",1.44213087545307,0.885877026970641,"P24588","9606.ENSP00000378207",9,6206.62918495478,0.0232046988392557,4,13898.2583699095,1171.84012693886,0.96906223870002,0.768116316901932,0.309886392568984,0.84591314400681,0.856868294294188,1.20088753655497
"AKAP6","O15028",1.63139068212471,0.191755118059538,"O15028","9606.ENSP00000280979",3,2.74321151655204,0.00134572346996875,3,1490.4864230331,2.82507592356028,0.249765559675005,0.0103350729275808,0.0273914843540926,0.427956572003405,0.100766019661805,1.27725905051587
"AKAP7","O43687",1.73709958184807,0.372963378726167,"O43687","9606.ENSP00000405252",5,21.1819965520727,0.00165066661965782,4,1527.36399310415,7.76665510296527,0.48953111935001,0.0125873008894447,0.0313324232877267,0.84591314400681,0.103013257500558,1.31799073663212
"AKAP8L","O94792",1.01465063310346,0.20799019615052,"O94792","9606.ENSP00000380557",3,781.640101652949,0.00443885576001271,2,3048.2802033059,149.029517596347,0.249765559675005,0.105474386716129,0.067365641770465,0.01,0.195694539118431,1.00729868117826
"AKR1C3","P42330",2.769041474659,0.484416941173387,"P42330","9606.ENSP00000369927",6,1042.87151759729,0.00156178014512575,4,3570.74303519458,200.293176031958,0.609413899187512,0.137382817687786,0.0301836971447912,0.84591314400681,0.227532272540132,1.66404371176331
"ALDH1A3","P47895",3.37878029159775,0.564923391051158,"P47895","9606.ENSP00000332256",7,952.774833001683,0.000133826656673534,3,3390.54966600336,184.10481062683,0.729296679025015,0.126377847895766,0.0117295114915045,0.427956572003405,0.216551685783502,1.83814588419901
"ALDH1L2","Q3SY68",-2.21286027514782,0.103121786562053,"Q3SY68","9606.ENSP00000258494",2,0,0.000814791240074102,3,1485,1.57511464804847,0.129882779837503,0.01,0.020529970993171,0.427956572003405,0.100431689134722,-1.48756857830079
"ALDH3B2","P48448",1.41625902176632,0.1054709411658,"P48448","9606.ENSP00000501254",2,294.070031147017,0.000709702260193832,2,2073.14006229403,56.7676438466486,0.129882779837503,0.0459195438104842,0.0191718514462052,0.01,0.136271648218988,1.19006681399253
"ALDH4A1","P30038",1.55793815525503,0.406596969520076,"P30038","9606.ENSP00000364490",5,1728.79547533899,0.000255218516729304,3,4942.59095067799,328.309473748142,0.48953111935001,0.221165838877206,0.013298321638602,0.427956572003405,0.311129660837377,1.24817392828685
"ALDH6A1","Q02252",-1.03741182027549,0.389679333844256,"Q02252","9606.ENSP00000450436",5,754.620446230046,0.00153901449846777,4,2994.24089246009,145.447713388007,0.48953111935001,0.102174037840314,0.0298894848519253,0.84591314400681,0.192401502622837,-1.01853415272905
"ALG5","Q5TBA6",-1.04702343955419,0.0107303882410342,"Q5TBA6","9606.ENSP00000239891",1,0,0.000837428461579892,2,1485,0.829856166326918,0.01,0.01,0.0208225235809975,0.01,0.100431689134722,-1.02324163302428
"ALOX15","P16050",-2.85330022434766,0.756153380739309,"P16050","9606.ENSP00000293761",9,247.297470981692,0.021222156747122,6,1979.59494196339,53.1748246227363,0.96906223870002,0.0402064522131056,0.284264969931929,1.68182628801362,0.130571214767632,-1.68917146090847
"ALOX5","P09917",6.48818133416669,0.878314339302138,"P09917","9606.ENSP00000363512",10,1731.29747098169,0.0212599173456672,6,4947.59494196338,332.48627715534,1.08894501853752,0.221471448196697,0.284752969787364,1.68182628801362,0.311434593037077,2.547190871169
"ALOXE3","Q3ZB74",3.01585923603409,0.102411022869974,"Q3ZB74","9606.ENSP00000314879",2,0,0,3,2,1.50091,0.129882779837503,0.01,0.01,0.427956572003405,0.0100609377959129,1.73662294008633
"AMOT","Q4VCS5",4.76829590923999,0.295467844075353,"Q4VCS5","9606.ENSP00000361027",4,335.050933041108,0.00559611949853126,4,2155.10186608221,65.9514264822116,0.369648339512507,0.0509252062210209,0.0823215629913911,0.84591314400681,0.141266219890884,2.18364280715505
"AMOTL1","Q63HK7",1.53131733143363,0.326957891015479,"Q63HK7","9606.ENSP00000387739",4,760.391366164815,0.0306773214182515,4,3005.78273232963,145.798014784407,0.369648339512507,0.10287893391767,0.406458980895516,0.84591314400681,0.193104836905265,1.237464072785
"AMOTL2","Q53EP1",-2.01420221035554,0.298569351974593,"Q53EP1","9606.ENSP00000424765",4,108.330531885593,0.0151702364197733,4,1701.66106377118,23.3921149133203,0.369648339512507,0.0232321653821714,0.206052855753864,0.84591314400681,0.113634536821079,-1.4192259194207
"ANAPC13","Q9BS18",-1.52272229002203,0.210795979932694,"Q9BS18","9606.ENSP00000421842",3,782.346514548769,0.00269541255393701,3,3049.69302909754,149.172298492415,0.249765559675005,0.105560672383733,0.0448342184005371,0.427956572003405,0.195780633608183,-1.23398634110027
"ANGPT1","Q15389",-5.60103125015017,0.856249731536332,"Q15389","9606.ENSP00000428340",9,180.191517787285,0.148401043124129,4,1845.38303557457,40.5656449769914,0.96906223870002,0.0320097134420414,1.92786386818699,0.84591314400681,0.122392637007031,-2.36664979457252
"ANGPTL4","PP1158",3.0804003352609,0.319290238262983,"PP1158","9606.ENSP00000301455",4,102.398240462382,0.0441944778162087,3,1689.79648092476,22.2701618232255,0.369648339512507,0.0225075583868872,0.581148223710277,0.427956572003405,0.112911535292992,1.75510692986521
"ANK2","Q01484",1.98388289123972,1.80309126839707,"Q01484","9606.ENSP00000349588",18,10188.6817710702,0.0562464974118923,5,21862.3635421405,1925.97827451789,2.04800725723754,1.25450900290508,0.736902741567066,1.26386971601022,1.34218330990835,1.40850377750282
"ANKRD1","Q15327",3.48240278692741,0.0188543402861794,"Q15327","9606.ENSP00000360762",1,0,0.0102099882857112,2,1485,0.830484783914323,0.01,0.01,0.141948989141534,0.01,0.100431689134722,1.86611971398606
"ANKRD52","Q8NB46",1.47429254058309,0.01,"Q8NB46","9606.ENSP00000267116",1,0,0,2,1,0.7556,0.01,0.01,0.01,0.01,0.01,1.21420448878395
"ANO1","ORAOV2",-1.12538000817186,0.225292703393217,"ORAOV2","9606.ENSP00000347454",3,1601.26283061748,0.00272464725962308,2,4687.52566123497,302.888981305606,0.249765559675005,0.2055882079249,0.0452120337079774,0.01,0.295586544284837,-1.06083929422503
"ANO5","Q75V66",1.52891003273311,0.0102933313449049,"Q75V66","9606.ENSP00000315371",1,0,0.000333198268841457,2,1485,0.829822347607891,0.01,0.01,0.0143060945347869,0.01,0.100431689134722,1.23649101603413
"ANTXR1","Q4ZFV6",1.829312249138,0.133533905403256,"Q4ZFV6","9606.ENSP00000301945",2,1484,0.00161650546374945,2,4453,280.141358419022,0.129882779837503,0.191264995983591,0.0308909409016671,0.01,0.281295067404166,1.35252070192585
"ANTXR2","P58335",1.24641106581015,0.0100648297048343,"P58335","9606.ENSP00000306185",1,0,6.95771544413838e-05,2,1485,0.829804666539748,0.01,0.01,0.0108991817560392,0.01,0.100431689134722,1.11642781486765
"ANXA1","P04083",3.6219211053166,0.850875407920182,"P04083","9606.ENSP00000366109",9,1405.29123363707,0.104839537195375,5,4295.58246727413,270.548731966111,0.96906223870002,0.181651017399596,1.36489586940622,1.26386971601022,0.271702389921808,1.90313454734987
"ANXA2","P07355",1.19178549989626,1.9123019368562,"P07355","9606.ENSP00000346032",19,5572.95445251002,0.202659016489992,5,12630.9089050201,1060.25873216542,2.16789003707504,0.690715341274236,2.62906787921542,1.26386971601022,0.779638811252447,1.09168928724993
"ANXA6","P08133",1.14379109204642,0.304922233397529,"P08133","9606.ENSP00000346550",4,88.2868899630361,0.0279913813205366,3,1661.57377992607,19.6200923658063,0.369648339512507,0.0207839102119633,0.37174717997365,0.427956572003405,0.111191706099424,1.06948169317965
"AOC1","P19801",3.29008211615387,0.233338450023083,"P19801","9606.ENSP00000411613",3,2050.61606603261,0.000123235239323734,2,5586.23213206521,387.241396181029,0.249765559675005,0.260475008742108,0.0115926330961749,0.01,0.35035173578988,1.81385835063102
"AP1G2","O75504",1.4092700539864,0.575300764748695,"O75504","9606.ENSP00000312442",7,972.783030859931,0.00661522456163624,4,3430.56606171985,187.871474236138,0.729296679025015,0.128821773707366,0.0954919877894206,0.84591314400681,0.218990196738843,1.18712680619486
"AP1S3","Q8WTY1",1.49770127607419,0.389912809571499,"Q8WTY1","9606.ENSP00000379891",5,848.555251660415,0.00428592160474405,3,3182.11050332084,163.071049298455,0.48953111935001,0.113647819598437,0.0653891941362248,0.427956572003405,0.203849862627702,1.22380606146325
"AP2M1","P20172",1.22380425455505,1.29086234892229,"P20172","9606.ENSP00000403362",13,7294.45621992875,0.0500939977958668,5,16073.9124398575,1378.99899140946,1.44859335805003,0.900990281272148,0.657390788927084,1.26386971601022,0.989447857985716,1.10625686644425
"AP2S1","O75977",1.52716382500083,1.17131380702343,"O75977","9606.ENSP00000470176",12,5816.70296190585,0.052904964828253,5,13118.4059238117,1100.86036834496,1.32871057821253,0.720488301231541,0.693718377956017,1.26386971601022,0.809345805091713,1.23578470009983
"AP3B2","O14808",4.46218925250563,0.191402794104916,"O14808","9606.ENSP00000440984",3,11.8739491687789,0.000697774660073743,3,1508.74789833756,4.53905453770962,0.249765559675005,0.0114503580514744,0.0190177048659459,0.427956572003405,0.101878833716976,2.11238946515685
"AP3S1","O00647",-1.00071451632972,0.507403644037641,"O00647","9606.ENSP00000325369",6,1903.89696383497,0.00531044741675935,4,5292.79392766992,361.925124222809,0.609413899187512,0.242553824462747,0.0786296740919186,0.84591314400681,0.332470258377397,-1.00035719437095
"APBB2","Q8IUI6",-1.9400312907917,0.157650582610828,"Q8IUI6","9606.ENSP00000427211",2,965.217344846943,0.043159686822574,2,3415.43468969389,182.758264694863,0.129882779837503,0.127897653731114,0.567775081473282,0.01,0.218068124278443,-1.39285006041271
"APLP1","O00113",1.77065720085377,0.100705215142106,"O00113","9606.ENSP00000221891",2,9.35952380952381,0.00274105951224757,2,1503.71904761905,3.3219236523853,0.129882779837503,0.0111432304890443,0.0454241377851552,0.01,0.101572386638215,1.33066043784798
"APOBEC3B","O95618",1.47288842297094,0.0104779473018624,"O95618","9606.ENSP00000327459",1,0,0.000546188706433648,2,1485,0.829836632876541,0.01,0.01,0.0170586807425923,0.01,0.100431689134722,1.21362614629504
"APOBEC3F","Q45F03",3.84050730823745,0.0995809087203077,"Q45F03","9606.ENSP00000309749",2,38.0668070931351,0.000684750773049725,2,1561.13361418627,8.71071695375767,0.129882779837503,0.014649716735071,0.0188493903998149,0.01,0.105071103778116,1.95972123227704
"APOD","P05090",-6.25465871114502,0.199758005683625,"P05090","9606.ENSP00000345179",3,280.225047633351,0.00324023403130349,3,2045.4500952667,54.9140932642292,0.249765559675005,0.0442284313569819,0.0518752297307569,0.427956572003405,0.134584282659442,-2.50093156866497
"AR","P10275",1.78098041604884,3.23488988376348,"P10275","9606.ENSP00000363822",29,21106.830263375,0.28629900589688,8,43698.6605267499,3983.66407911508,3.36671783545007,2.58811961113006,3.70999096602175,2.51773943202043,2.67283911904964,1.33453378228085
"ARAP3","Q05CH1",9.28343929628871,0.0142521316950282,"Q05CH1","9606.ENSP00000239440",1,0,0.00490044496196974,2,1485,0.830128672843599,0.01,0.01,0.0733309991139318,0.01,0.100431689134722,3.0468736922112
"AREG","P15514",-6.63423616099276,1.25232533226455,"P15514","9606.ENSP00000379097",13,458.270316364157,0.18146433972068,6,2401.54063272831,95.7292746011447,1.44859335805003,0.0659759885816361,2.3551580473299,1.68182628801362,0.156283655157787,-2.57570110086414
"ARG2","P78540",1.08933039408466,0.0100140432033901,"P78540","9606.ENSP00000261783",1,0,1.09850406033161e-05,2,1485,0.829800736766673,0.01,0.01,0.0101419653933703,0.01,0.100431689134722,1.0437099185524
"ARHGAP10","Q2VPC4",1.33210387538339,0.01,"Q2VPC4","9606.ENSP00000336923",1,0,0,2,1,0.7556,0.01,0.01,0.01,0.01,0.01,1.15416804468994
"ARHGAP11B","Q3KRB8",1.71239315038352,0.011469954636984,"Q3KRB8","9606.ENSP00000392760",1,0,0.0016906622388643,2,1485,0.829913392716361,0.01,0.01,0.0318493074776695,0.01,0.100431689134722,1.30858440705348
"ARHGAP26","O75117",2.47329189379396,0.01,"O75117","9606.ENSP00000274498",1,0,0,2,1,0.7556,0.01,0.01,0.01,0.01,0.01,1.57267030676934
"ARHGAP27","Q494U0",1.71003187714794,0.0142521316950282,"Q494U0","9606.ENSP00000403323",1,0,0.00490044496196974,2,1485,0.830128672843599,0.01,0.01,0.0733309991139318,0.01,0.100431689134722,1.30768187153755
"ARHGAP44","O75160",1.86992067580594,0.0993128054047272,"O75160","9606.ENSP00000368994",2,36.8195503025279,0.00040842679064289,2,1558.63910060506,8.47656337597539,0.129882779837503,0.0144973690281034,0.0152783118506679,0.01,0.104919093618601,1.36745042901231
"ARHGAP8","O75983",1.82083566767966,0.01,"O75983","9606.ENSP00000374424",1,0,0,2,1,0.7556,0.01,0.01,0.01,0.01,0.01,1.34938343982712
"ARL2BP","Q504R0",-1.02615958229874,0.010232253531265,"Q504R0","9606.ENSP00000219204",1,0,0.000262733123418926,2,1485,0.829817621510588,0.01,0.01,0.0133954368094273,0.01,0.100431689134722,-1.01299535156818
"ARNT2","O15024",4.53963292733426,0.228420093145247,"O15024","9606.ENSP00000307479",3,1491.11149610702,0.00924579922373805,2,4467.22299221403,282.211810164963,0.249765559675005,0.192133638377982,0.129488272389613,0.01,0.282161785200976,2.130641435656
"ARSB","P15848",2.37035067812809,0.132218054813277,"P15848","9606.ENSP00000264914",2,1484,9.84157082139169e-05,2,4453,280.141256600742,0.129882779837503,0.191264995983591,0.0112718773862501,0.01,0.281295067404166,1.53959432258244
"ARSG","Q6UXF2",-1.40966598072593,0.0100081932493605,"Q6UXF2","9606.ENSP00000407193",1,0,4.23598007146172e-06,2,1485,0.829800284107183,0.01,0.01,0.0100547437737255,0.01,0.100431689134722,-1.18729355288653
"ASAP1","Q9ULH1",1.10115795744319,0.302262971279292,"Q9ULH1","9606.ENSP00000429900",4,130.795891961099,0.0237991975503038,3,1746.5917839222,27.5996010511171,0.369648339512507,0.0259762242796488,0.317569408628711,0.427956572003405,0.116372515875861,1.04936073751746
"ASF1B","Q53G51",1.64479568813932,1.2789845542134,"Q53G51","9606.ENSP00000263382",14,2545.51736579179,0.0355214703330342,10,6576.03473158357,488.31363233145,1.56847613788753,0.32092533361618,0.469062436910364,3.35365257602724,0.410668124593373,1.28249588230891
"ASGR1","P07306",3.16416636022943,0.132133090928889,"P07306","9606.ENSP00000269299",2,1484,3.93331310693212e-07,2,4453,280.141250026381,0.129882779837503,0.191264995983591,0.0100050832251117,0.01,0.281295067404166,1.77881037781699
"ASIC1","P78348",1.71328800037518,0.01052935532761,"P78348","9606.ENSP00000228468",1,0,0.000605497869521002,2,1485,0.829840610742109,0.01,0.01,0.0178251639056688,0.01,0.100431689134722,1.30892627767005
"ASPH","Q12797",1.27629103799675,0.175986969662219,"Q12797","9606.ENSP00000368767",2,2966,0.0114009075443757,2,7417,558.343054658869,0.129882779837503,0.372285699519765,0.157339858154565,0.01,0.461914694489959,1.12973051565263
"ASPM","Q4G1H1",1.04531055989339,2.15368506356647,"Q4G1H1","9606.ENSP00000356379",19,21905.5854063669,0.0392796280391323,7,45296.1708127338,4126.22983696785,2.16789003707504,2.68568453551436,0.517631063678339,2.09978286001703,2.77018787482566,1.02240430353818
"ASRGL1","Q567Q4",1.75426969056522,0.0100282596547402,"Q567Q4","9606.ENSP00000400057",1,0,2.73864841403798e-05,2,1485,0.829801836811491,0.01,0.01,0.0103539297790891,0.01,0.100431689134722,1.32448846373429
"ATAD2","Q14CR1",1.23427437752622,0.658783235655279,"Q14CR1","9606.ENSP00000287394",7,3181.0769754057,0.0445272188972119,4,7847.15395081138,602.414956263729,0.729296679025015,0.398556539872243,0.585448409768832,0.84591314400681,0.488127328155624,1.11097901759044
"ATF3","P18847",-1.97076735521709,1.76474896191518,"P18847","9606.ENSP00000344352",19,2264.99323216238,0.114949617395228,6,6014.98646432476,439.292659212361,2.16789003707504,0.286660370034215,1.49555369438898,1.68182628801362,0.376479079785878,-1.40384021712483
"ATF4","P18848",-1.41163722890692,2.05913587110715,"P18848","9606.ENSP00000336790",22,4443.63858462678,0.0920080710290772,6,10372.2771692535,850.471336087464,2.52753837658755,0.552773672638076,1.19906815810353,1.68182628801362,0.642002771495942,-1.18812340643004
"ATF6","O15139",-1.32729508126165,1.72242333336366,"O15139","9606.ENSP00000356919",18,5364.81897651179,0.0907538308069619,5,12214.6379530236,1020.44506513023,2.04800725723754,0.665292378861255,1.18285895934466,1.26386971601022,0.754272176935224,-1.15208293159028
"ATG3","Q6PKC5",-1.04788009316847,0.625978795973672,"Q6PKC5","9606.ENSP00000283290",7,2645.38536586168,0.0258097722781686,3,6775.77073172335,501.843381940981,0.729296679025015,0.333123832694048,0.343553111597944,0.427956572003405,0.422839596206348,-1.02366014534535
"ATP11A","P98196",1.55360716113384,0.0100000060937796,"P98196","9606.ENSP00000420387",1,0,0,2,3,0.7557,0.01,0.01,0.01,0.01,0.0101218755918258,1.24643778871384
"ATP11C","Q5JT69",1.63801165558017,0.0100000060937796,"Q5JT69","9606.ENSP00000332756",1,0,0,2,3,0.7557,0.01,0.01,0.01,0.01,0.0101218755918258,1.27984829397088
"ATP2A1","O14983",2.54079517247046,0.133480554865758,"O14983","9606.ENSP00000349595",2,1484,0.00155495523529332,2,4453,280.141354290848,0.129882779837503,0.191264995983591,0.0300954952851837,0.01,0.281295067404166,1.59398719332072
"ATP2B1","P20020",1.77680416714365,0.204854359443575,"P20020","9606.ENSP00000392043",3,110.934578666581,0.0135969826166256,3,1706.86915733315,23.1355810569146,0.249765559675005,0.0235502398628296,0.185720878558656,0.427956572003405,0.113951906563654,1.332968179344
"ATP2B4","P23634",4.55542266269778,0.232915066446116,"P23634","9606.ENSP00000350310",3,1580.41582940506,0.0120698533585341,2,4645.83165881013,298.976209020984,0.249765559675005,0.203041825451154,0.165984992849988,0.01,0.293045803674281,2.13434361401762
"ATP7B","P35670",1.47597079741366,0.224375093219927,"P35670","9606.ENSP00000242839",3,1631.3653510496,0.000869903961217691,2,4747.7307020992,308.539702043489,0.249765559675005,0.209265117119795,0.0212422213543113,0.01,0.299255306777949,1.21489538537837
"ATP8B2","P98198",-1.28380531652668,0.0100000060937796,"P98198","9606.ENSP00000500034",1,0,0,2,3,0.7557,0.01,0.01,0.01,0.01,0.0101218755918258,-1.13305133004938
"ATRIP","Q69YK9",-1.19433240930949,1.13383789889651,"Q69YK9","9606.ENSP00000323099",13,296.300776230239,0.0341641888319648,9,2077.60155246048,65.3453431060854,1.44859335805003,0.0461920208984564,0.451521582108675,2.93569600402384,0.136543521596218,-1.09285516392132
"AUH","Q13825",-1.88988607139272,0.103092533033543,"Q13825","9606.ENSP00000364883",2,0,0.000781041601412896,3,1485,1.57511238446021,0.129882779837503,0.01,0.0200938068585392,0.427956572003405,0.100431689134722,-1.37473127242844
"AUTS2","Q5D049",-1.31488017276604,0.206531760163119,"Q5D049","9606.ENSP00000344087",3,649.48223321515,0.00128957855319968,3,2783.9644664303,124.230921311181,0.249765559675005,0.0893318021530714,0.0266658943920078,0.427956572003405,0.179587720688142,-1.14668224577083
"AXIN2","Q3MJ88",3.88344471541369,0.813206677415982,"Q3MJ88","9606.ENSP00000302625",8,6087.68519061329,0.0491250369080689,3,13660.3703812266,1148.76843879815,0.849179458862517,0.7535877571603,0.644868403388058,0.427956572003405,0.842371924589699,1.97064576101685
"AZGP1","O60386",-5.05119972401184,0.193625642788391,"O60386","9606.ENSP00000292401",3,77.6876941804541,0.00152173082426355,3,1640.37538836091,16.8936660140412,0.249765559675005,0.0194892584727726,0.0296661189404198,0.427956572003405,0.109899922840545,-2.24748742466156
"B3GALT5","Q2M3L5",3.94287671809787,0.426126542217378,"Q2M3L5","9606.ENSP00000381699",3,10277.5,9.10518783221696e-06,3,22040,1931.60233061069,0.249765559675005,1.26535781416534,0.0101176710782407,0.427956572003405,1.35300808412408,1.98566782672678
"B3GALT6","Q5T7M5",-1.24717446123534,0.0103613539340156,"Q5T7M5","9606.ENSP00000368496",1,0,0.00041167556441008,2,1485,0.829827611080105,0.01,0.01,0.0153202974438474,0.01,0.100431689134722,-1.11676965451043
"B4GALNT1","Q00973",6.17104447807246,0.570219966846577,"Q00973","9606.ENSP00000341562",5,8876.33333333334,3.12757285527668e-09,3,19237.6666666667,1670.04526333354,0.48953111935001,1.09421059704561,0.0100000404192507,0.427956572003405,1.18224006737754,2.48415870629726
"B4GALNT3","Q6L9W6",1.19726586339852,0.0100060422786819,"Q6L9W6","9606.ENSP00000266383",1,0,1.75441675678322e-06,2,1485,0.829800117668732,0.01,0.01,0.0100226732402734,0.01,0.100431689134722,1.09419644643844
"B4GALT6","O60514",3.97150165562843,0.102415541529699,"O60514","9606.ENSP00000306459",2,0,1.40932836272472e-10,3,1485,1.57506000000945,0.129882779837503,0.01,0.0100000018213484,0.427956572003405,0.100431689134722,1.9928626785678
"B9D2","Q9BPU9",-1.7611855678121,0.01,"Q9BPU9","9606.ENSP00000243578",1,0,0,2,1,0.7556,0.01,0.01,0.01,0.01,0.01,-1.32709666860109
"BACE1","P56817",1.65879652047895,0.919644161266786,"P56817","9606.ENSP00000318585",10,4124.9422007118,0.0205241144708978,3,9734.8844014236,781.790346469977,1.08894501853752,0.513846112833269,0.275243806523275,0.427956572003405,0.603161461093571,1.28794274736067
"BACE2","Q5DIH8",1.82282042980227,0.112843735255109,"Q5DIH8","9606.ENSP00000332979",2,58.730971158349,0.0154395110570657,2,1602.4619423167,12.5907834338519,0.129882779837503,0.0171737663417322,0.209532831949517,0.01,0.107589561003148,1.35011867248856
"BAG1","O75315",-2.14713872765215,1.27376274401328,"O75315","9606.ENSP00000489189",13,3322.25300690532,0.125492938896958,7,8129.50601381065,633.36264126768,1.44859335805003,0.415800658998091,1.63181052205786,2.09978286001703,0.505333240546256,-1.46531181925628
"BAG2","O95816",1.80876029188458,0.500347167604511,"O95816","9606.ENSP00000359727",6,24.3115223460603,0.0419157978775982,5,1533.62304469212,9.1020902673661,0.609413899187512,0.012969560647179,0.551699657652907,1.26386971601022,0.103394670308834,1.34490159189607
"BAG3","O95817",1.42712964630751,1.09870928817139,"O95817","9606.ENSP00000358081",12,1188.97381216442,0.0816044441673482,7,3862.94762432884,232.165557229575,1.32871057821253,0.155228661244325,1.0646166769268,2.09978286001703,0.245338576157604,1.19462531628436
"BAK1","Q16611",1.13115677802352,0.312672472769131,"Q16611","9606.ENSP00000363591",4,38.4417808019695,0.03328923250227,4,1561.88356160394,10.2738138009696,0.369648339512507,0.0146955183575951,0.440214066368643,0.84591314400681,0.105116803920799,1.063558544709
"BANK1","Q8N5K8",1.23848121835668,0.0100094757171433,"Q8N5K8","9606.ENSP00000320509",1,0,5.71555626168056e-06,2,1485,0.829800383342359,0.01,0.01,0.0100738651064042,0.01,0.100431689134722,1.11287071053051
"BBOX1","O75936",8.16995167580268,0.186335118376367,"O75936","9606.ENSP00000263182",3,5,0,2,14,3.16429,0.249765559675005,0.0106107311185431,0.01,0.01,0.0107921913468675,2.85831273233051
"BCAN","Q5SZ10",5.48296948204996,0.201748276688392,"Q5SZ10","9606.ENSP00000331210",3,1.13392857142857,0.01291733652399,3,1487.26785714286,2.52375743718924,0.249765559675005,0.0101385050929553,0.176937458598932,0.427956572003405,0.100569887350453,2.34157414617816
"BCHE","P06276",2.61860977655675,0.230351499844461,"P06276","9606.ENSP00000264381",3,1484,0.00670034692395632,3,4453,280.886959392268,0.249765559675005,0.191264995983591,0.0965920683524114,0.427956572003405,0.281295067404166,1.61821190718544
"BCL11A","Q66LN6",3.51875248186495,0.390545984874444,"Q66LN6","9606.ENSP00000496168",5,409.671254230028,0.0116615073934537,4,2304.34250846005,80.6945299813618,0.48953111935001,0.0600397966661717,0.160707725550104,0.84591314400681,0.150360615698013,1.87583380976699
"BCL2","P10415",-1.41416860178029,5.27461198400718,"P10415","9606.ENSP00000381185",47,32766.8090469168,0.496448209631906,9,67018.6180938335,6185.72914106864,5.52460787252511,4.01234198806231,6.42585843087883,2.93569600402384,4.09390593396973,-1.18918821125181
"BCL3","P20749",1.52476433952247,0.231743058064542,"P20749","9606.ENSP00000164227",3,926.546924605954,0.028010150386686,2,3338.0938492119,176.233007327816,0.249765559675005,0.123174207929452,0.37198974237786,0.01,0.213355143925421,1.23481348369803
"BCL6","P41182",-1.64638991346046,1.05951638741413,"P41182","9606.ENSP00000384371",11,1079.55202664417,0.150857486350446,5,3644.10405328835,210.873994453254,1.20882779837502,0.141863203351573,1.95960976167149,1.26386971601022,0.232002731288691,-1.2831172641113
"BDKRB2","P30411",2.01082160095511,0.111118199490514,"P30411","9606.ENSP00000450482",2,0,0.0100402098705603,3,1485.00000000001,1.57573339687602,0.129882779837503,0.01,0.139754854375624,0.427956572003405,0.100431689134723,1.41803441458771
"BDNF","P23560",2.8108581986625,2.69361751117557,"P23560","9606.ENSP00000414303",24,16286.7177084034,0.302533664255366,7,34058.4354168067,3075.14849915436,2.76730393626256,1.99936106468978,3.91979990012782,2.09978286001703,2.08538504874565,1.6765614210826
"BEST1","O75904",-4.20845399520131,0.291266230361654,"O75904","9606.ENSP00000399709",4,539.215165285843,0.000311123280611154,3,2563.43033057169,104.266491694497,0.369648339512507,0.0758630962060848,0.0140208079800143,0.427956572003405,0.166148856525365,-2.05145167995771
"BET1","O15155",-1.46768854317567,0.201446013242571,"O15155","9606.ENSP00000222547",3,446.556585664007,0.00078881952885657,3,2378.11317132801,86.1376851669731,0.249765559675005,0.064545200611073,0.0201943250604303,0.427956572003405,0.154856037296219,-1.21148196155604
"BEX3","Q00994",1.54461778535067,0.01,"Q00994","9606.ENSP00000361728",1,0,0,2,1,0.7556,0.01,0.01,0.01,0.01,0.01,1.24282653067541
"BGN","P13247",4.30765093448759,1.81055612014694,"P13247","9606.ENSP00000327336",18,6280.16430063118,0.158301065623305,7,14045.3286012623,1192.29879976696,2.04800725723754,0.777098353591781,2.0558070082465,2.09978286001703,0.865830430037226,2.07548811957274
"BHLHE41","Q9C0J9",5.39840421874208,0.594402436406864,"Q9C0J9","9606.ENSP00000242728",7,1585.20258477178,0.00253290948793478,6,4655.40516954356,302.855179095597,0.729296679025015,0.203626509543015,0.0427341067558055,1.68182628801362,0.293629192317525,2.32344662489632
"BICRAL","Q5TFZ3",-1.18560638810964,0.399313697913061,"Q5TFZ3","9606.ENSP00000313933",5,1108.6208917861,0.00329211380739316,4,3702.2417835722,211.900794608159,0.48953111935001,0.145413855456154,0.0525456990614124,0.84591314400681,0.235545516431567,-1.08885554051474
"BIRC3","Q13489",2.32911937811679,0.821907408390875,"Q13489","9606.ENSP00000263464",9,1396.16180355062,0.0666989729138034,6,4277.32360710124,268.842687262635,0.96906223870002,0.180535891989923,0.871985519128524,1.68182628801362,0.27058973522699,1.52614526769793
"BMF","Q2M396",-1.07955172500076,0.0285258684398244,"Q2M396","9606.ENSP00000346697",1,0,0.021367978351024,2,1485,0.831233150308003,0.01,0.01,0.286149498365404,0.01,0.100431689134722,-1.03901478574694
"BMP7","P18075",5.03264697883713,0.924148124578484,"P18075","9606.ENSP00000379204",9,7401.82673863419,0.0407110411920146,3,16288.6534772684,1396.19349586594,0.96906223870002,0.914105184669652,0.536129960374533,0.427956572003405,1.00253370349758,2.24335618635052
"BOC","Q6UXJ5",5.48566804386066,0.205465520289817,"Q6UXJ5","9606.ENSP00000273395",3,275.241013234693,0.0149185512615445,2,2035.48202646939,53.9689835916497,0.249765559675005,0.0436196503763519,0.202800197544971,0.01,0.133976850517425,2.34215030343073
"BOD1","Q96IK1",-1.84612114861195,0.132231269419673,"Q96IK1","9606.ENSP00000309644",2,1484,0.000113661328610766,2,4453,280.141257623265,0.129882779837503,0.191264995983591,0.0114689044683492,0.01,0.281295067404166,-1.35872040855062
"BRIP1","Q3MJE2",1.74803483932435,0.849720168627659,"Q3MJE2","9606.ENSP00000259008",10,1042.69421025014,0.0114437883742023,5,3570.38842050029,203.210724683043,1.08894501853752,0.137361160264896,0.157894029422038,1.26386971601022,0.227510663102263,1.32213268597533
"BSCL2","Q567S1",1.29435046157528,0.454664882444113,"Q567S1","9606.ENSP00000354032",5,3910.26663635745,0.00298077078638926,2,9305.5332727149,737.805132897317,0.48953111935001,0.487624303324868,0.048522051262009,0.01,0.576997749637354,1.13769524107965
"BST2","Q10589",2.52746792478807,0.568766744252845,"Q10589","9606.ENSP00000252593",7,0,0.00495639179001086,8,1485,5.30169242519736,0.729296679025015,0.01,0.0740540290723533,2.51773943202043,0.100431689134722,1.58980122178468
"BTG2","P78543",3.06475303806156,0.0121770553478578,"P78543","9606.ENSP00000290551",1,0,0.00250644052971603,2,1485,0.829968106966328,0.01,0.01,0.0423920346414349,0.01,0.100431689134722,1.7506436068091
"BTNL9","Q6P660",2.05873098515279,0.102448366111951,"Q6P660","9606.ENSP00000330200",2,54.1950311551015,0.00356638852509113,2,1593.39006231021,11.738500446114,0.129882779837503,0.0166197183993666,0.0560902938968418,0.01,0.107036740630766,1.4348278590663
"C1GALT1","Q96QH4",2.28194528235731,0.745512431238065,"Q96QH4","9606.ENSP00000389176",7,8835.83333333333,4.17664078756401e-07,3,19156.6666666667,1663.91254336135,0.729296679025015,1.08926367498541,0.0100053976901296,0.427956572003405,1.1773041059086,1.51061089707353
"C1R","P00736",4.0342350240158,0.520370346134888,"P00736","9606.ENSP00000444271",6,1296.31739644422,0.0313765365358234,5,4077.63479288845,247.882326084814,0.609413899187512,0.16834027470345,0.415495301542935,1.26386971601022,0.258421139020404,2.00854052087973
"C1S","P09871",3.7992072870632,0.581803949420885,"P09871","9606.ENSP00000385035",7,1023.73930582126,0.00780852815652018,5,3532.47861164252,197.447356206751,0.729296679025015,0.13504589026815,0.110913670819582,1.26386971601022,0.225200522906992,1.94915553177862
"C2CD4A","Q8NCU7",-3.74743396301652,0.102214555371324,"Q8NCU7","9606.ENSP00000347712",2,156.879818126604,0.000581005944587792,2,1798.75963625321,31.0142884267948,0.129882779837503,0.0291622773602597,0.0175086420207622,0.01,0.119551509814421,-1.93582901182323
"C3","P01024",2.83695123341832,2.04933552939874,"P01024","9606.ENSP00000245907",21,9252.38932545327,0.0601417283400918,5,19989.7786509065,1752.42262787981,2.40765559675005,1.14014441638606,0.787242836880207,1.26386971601022,1.22807211397679,1.68432515667799
"C5","P01031",-1.47048409596038,0.705701709611996,"P01031","9606.ENSP00000223642",8,1876.6662880585,0.0315013754200184,4,5238.33257611701,358.285078391591,0.849179458862517,0.239227700247618,0.417108659375886,0.84591314400681,0.329151503651325,-1.2126351866742
"C5AR2","Q9P296",-1.5408593199829,0.105834535934487,"Q9P296","9606.ENSP00000472620",2,0,0.00394447561532878,3,1485,1.57532455597952,0.129882779837503,0.01,0.0609765100185723,0.427956572003405,0.100431689134722,-1.24131354620132
"CAB39L","Q5TAW6",1.62716762115703,0.01,"Q5TAW6","9606.ENSP00000479669",1,0,0,2,1,0.7556,0.01,0.01,0.01,0.01,0.01,1.27560480602616
"CABLES1","Q8N3Y8",-1.42152738284151,0.01,"Q8N3Y8","9606.ENSP00000256925",1,0,0,2,1,0.7556,0.01,0.01,0.01,0.01,0.01,-1.19227823214278
"CACHD1","Q49AE9",2.52171681927808,0.196080658308883,"Q49AE9","9606.ENSP00000290039",3,0,0.00144684506086759,4,1485,2.32041703989823,0.249765559675005,0.01,0.0286983312696917,0.84591314400681,0.100431689134722,1.58799144181513
"CACNA1D","Q01668",-1.76845796417304,1.7147350924761,"Q01668","9606.ENSP00000288139",16,14714.4902080406,0.028000479784378,7,30913.980416081,2774.11177984556,1.80824169756254,1.80731941270961,0.371864764154259,2.09978286001703,1.89376889165417,-1.32983381073465
"CACNA1H","O95180",-4.37775415578752,1.45210291844471,"O95180","9606.ENSP00000334198",15,7531.72905334902,0.0166131853259425,7,16548.4581066981,1425.02812214102,1.68835891772503,0.929972261863078,0.224700834989879,2.09978286001703,1.01836562498299,-2.0923083319118
"CACNA1I","O95504",1.85275180038442,0.394595794386803,"O95504","9606.ENSP00000385019",5,478.764678230494,0.0145064829568526,4,2442.52935646099,93.6649383472403,0.48953111935001,0.0684792974909271,0.197474824514185,0.84591314400681,0.158781417639338,1.36115825692108
"CACNA2D1","P54289",6.70348848001255,0.56231913696061,"P54289","9606.ENSP00000349320",7,0.6,0.00246373294572145,7,1486.2,5.40386724256867,0.729296679025015,0.0100732877342252,0.0418401023199602,2.09978286001703,0.100504814489818,2.58910959212092
"CACNA2D3","Q8IZS8",3.38284652176037,0.381614414128836,"Q8IZS8","9606.ENSP00000419101",5,0,0.00226794818647945,6,1485,3.81099211128487,0.48953111935001,0.01,0.0393098740426707,1.68182628801362,0.100431689134722,1.83925162002385
"CACNB3","P54284",1.15492553545289,0.650743481423041,"P54284","9606.ENSP00000301050",8,12.044610786108,0.0025234378268267,7,1509.08922157222,8.28722358374324,0.849179458862517,0.0114712037235632,0.042611699552807,2.09978286001703,0.10189963320259,1.07467461840917
"CACNB4","O00305",1.39763783571778,1.03322317874674,"O00305","9606.ENSP00000438949",12,1300.99060529918,0.0030910378273879,7,4086.98121059837,253.18808374267,1.32871057821253,0.168911089517686,0.0499470895860746,2.09978286001703,0.258990689115328,1.18221733861324
"CACNG4","Q9UBN1",1.53463118320663,0.596245899764433,"Q9UBN1","9606.ENSP00000262138",7,1484,0.00237436197925085,7,4453,283.867709248458,0.729296679025015,0.191264995983591,0.0406851148357041,2.09978286001703,0.281295067404166,1.23880231805023
"CADM1","Q86WB8",-1.08978684584133,0.601892608771185,"Q86WB8","9606.ENSP00000329797",6,5921.50674935246,0.0179943574529051,2,13328.0134987049,1116.09110387,0.609413899187512,0.733289688098505,0.242550440776227,0.01,0.822118828712351,-1.04392856357192
"CADM2","Q3KQY9",-2.98385599234414,0.0106758498909317,"Q3KQY9","9606.ENSP00000384193",1,0,0.000774507860103582,2,1485,0.829851946242177,0.01,0.01,0.0200093679212014,0.01,0.100431689134722,-1.72738414730023
"CALCR","O14585",-5.84070544085224,0.0994384353645471,"O14585","9606.ENSP00000352561",2,40.3767341848942,0.000459290919863182,2,1565.75346836979,9.14432134583034,0.129882779837503,0.0149318656063716,0.0159356554485616,0.01,0.105352627509498,-2.41675514706232
"CALD1","Q05682",7.27666321288108,0.846094077335879,"Q05682","9606.ENSP00000354826",9,3204.47856406426,0.0517414290008283,5,7893.95712812851,608.288616343786,0.96906223870002,0.401414955555668,0.678681399267853,1.26386971601022,0.49097941062305,2.69752909398232
"CALM3","P02593",1.34936054078352,8.95175912304194,"P02593","9606.ENSP00000291295",63,141204.298426865,0.26438884423192,5,283893.59685373,26553.3174432509,7.44273234992515,17.2575718242665,3.42683455068434,1.26386971601022,17.3097891282517,1.16161979183531
"CALR","P27797",-1.12801649744324,2.81924604594134,"P27797","9606.ENSP00000320866",27,16214.3855042599,0.139464818156324,8,33913.7710085199,3063.77456076502,3.12695227577506,1.99052595910113,1.81237638492579,2.51773943202043,2.0765695185576,-1.06208121038047
"CAMK1","Q14012",3.29552768874573,0.229254291255779,"Q14012","9606.ENSP00000256460",3,1441.74266819575,0.0115138337158997,2,4368.48533639149,272.944445906533,0.249765559675005,0.1861034224797,0.158799261805505,0.01,0.276144930081545,1.81535883195189
"CAMK2D","Q13557",-5.55855125786767,0.403184701935401,"Q13557","9606.ENSP00000425824",5,1075.63788294284,0.0135921289324181,3,3636.27576588567,205.699625010117,0.48953111935001,0.141385105479401,0.185658151873094,0.427956572003405,0.2315256927086,-2.35765800273654
"CAMK2G","O00561",1.02549228619524,0.322345225394317,"O00561","9606.ENSP00000319060",4,1449.28190016289,0.0120988621461313,3,4383.56380032576,275.105009769262,0.369648339512507,0.187024311194149,0.166359888500459,0.427956572003405,0.277063778439451,1.01266593020366
"CAMKMT","Q4ZG15",-1.27229062446114,0.100956508868348,"Q4ZG15","9606.ENSP00000367755",2,0.5,0.00326527767807025,2,1486,1.65884900217387,0.129882779837503,0.0100610731118543,0.0521988818038857,0.01,0.100492626930635,-1.12795860937409
"CAMTA1","Q5VUE1",1.0119194774542,0.0198682644557221,"Q5VUE1","9606.ENSP00000306522",1,0,0.0113797471522533,2,1485,0.830563239641502,0.01,0.01,0.157066391401005,0.01,0.100431689134722,1.00594208454274
"CARD14","Q9BVB5",1.26877162295283,0.101990020243745,"Q9BVB5","9606.ENSP00000498071",2,73.600421434151,0.00252439588680383,2,1632.2008428683,15.381210422851,0.129882779837503,0.0189900135415445,0.0426240810602075,0.01,0.109401784055636,1.12639763092472
"CARD16","Q5EG05",3.36833476133604,0.195212836595772,"Q5EG05","9606.ENSP00000364858",3,1.77173913043478,0.00536056665195087,3,1488.54347826087,2.64298040277056,0.249765559675005,0.0102164112441794,0.0792773910368365,0.427956572003405,0.100647620889805,1.83530236237412
"CARD8","Q6PGP8",1.20896800692876,0.288914588992991,"Q6PGP8","9606.ENSP00000499211",4,7.11346401162191,0.0067084088361768,4,1499.22692802324,4.39107939724231,0.369648339512507,0.0108688827665068,0.0966962566372823,0.84591314400681,0.10129864677107,1.09953081217798
"CASP1","P29466",2.38964143912557,1.84423199602464,"P29466","9606.ENSP00000433138",17,13724.7558172503,0.111846449432602,5,28934.5116345005,2589.03885355558,1.92812447740004,1.68642709440003,1.45544984075596,1.26386971601022,1.77314442702629,1.54584651214976
"CAVIN1","O00535",1.69903466441452,0.423254901829554,"O00535","9606.ENSP00000349541",4,4852.46083554082,0.0434779786799567,2,11189.9216710816,913.941574115753,0.369648339512507,0.602709766755283,0.57188853269951,0.01,0.691828225277634,1.30347023917484
"CBLB","Q13191",-1.6644293217581,0.757530577736621,"Q13191","9606.ENSP00000499037",8,105.721062459213,0.128207516996546,6,1696.44212491842,25.8703067230084,0.849179458862517,0.022913428545856,1.66689242677342,1.68182628801362,0.113316506190388,-1.29012763777779
"CBX4","O00257",-1.18990444837262,0.432134607810995,"O00257","9606.ENSP00000269397",5,2615.60797897429,0.00130313425055192,4,6716.21595794859,494.792277214269,0.48953111935001,0.329486637333844,0.0268410817196211,0.84591314400681,0.419210459556423,-1.09082741456778
"CBX6","O95503",1.91360887918068,0.420772639867445,"O95503","9606.ENSP00000384490",5,2152.49170691648,0.000442621451826088,4,5789.98341383295,407.856032908982,0.48953111935001,0.272918733563968,0.0157202272428212,0.84591314400681,0.362767889815232,1.38333252661126
"CCDC170","Q5VXB7",-2.45350662422133,0.153552212110085,"Q5VXB7","9606.ENSP00000239374",2,1484,0.0247115183521736,2,4453,280.142907401536,0.129882779837503,0.191264995983591,0.329359804877058,0.01,0.281295067404166,-1.56636733374433
"CCDC80","Q5PR20",1.33448018966714,0.0104247468044084,"Q5PR20","9606.ENSP00000206423",1,0,0.000484811578369625,2,1485,0.829832516312561,0.01,0.01,0.0162654721925107,0.01,0.100431689134722,1.15519703499755
"CCHCR1","Q2TB67",1.34760239824161,0.103961115662857,"Q2TB67","9606.ENSP00000379566",2,0,0.00178312071391901,3,1485,1.57517959390628,0.129882779837503,0.01,0.033044196441265,0.427956572003405,0.100431689134722,1.16086278183152
"CCL2","P13500",10.5572539586665,2.63540089244364,"P13500","9606.ENSP00000225831",25,9578.97366706367,0.306150620158675,8,20642.9473341273,1816.71629030329,2.88718671610006,1.18003546043613,3.96654370255499,2.51773943202043,1.26787477389158,3.24919281648019
"CCL28","Q9NRJ3",1.20582921816681,0.0163276466892642,"Q9NRJ3","9606.ENSP00000354416",1,0,0.00729495545898618,2,1485,0.830289272662634,0.01,0.01,0.104276503724577,0.01,0.100431689134722,1.09810255357449
"CCN2","P29279",1.73814157817251,2.01368445919446,"P29279","9606.ENSP00000356954",19,8313.91713842593,0.23721150974309,7,18112.8342768518,1574.81514500127,2.16789003707504,1.0255135826851,3.07560772132733,2.09978286001703,1.1136952607708,1.31838597465708
"CCND1","P24385",1.00941201185406,4.51117135314257,"P24385","9606.ENSP00000227507",39,31603.8832419791,0.459644528017354,9,64692.7664839581,5961.54248054282,4.56554563382509,3.87029499253587,5.95022531066035,2.93569600402384,3.95217366324349,1.00469498448736
"CCND3","P30281",1.07625704228391,1.21067946174632,"P30281","9606.ENSP00000362082",12,6770.92920489661,0.0681233424144974,6,15026.8584097932,1279.99902937577,1.32871057821253,0.837043433376526,0.89039338704387,1.68182628801362,0.925642693191895,1.03742809017489
"CCNE1","P24864",2.30239334013451,1.15746342963477,"P24864","9606.ENSP00000262643",12,1623.48111525688,0.137897655323483,7,4731.96223051377,313.735043751765,1.32871057821253,0.208302087490886,1.79212312450796,2.09978286001703,0.298294410874618,1.51736394452172
"CCNO","P22674",-1.95246549572624,0.290518417338134,"P22674","9606.ENSP00000282572",3,4447.33490411549,0.00270702444780343,2,10379.669808231,837.15362976069,0.249765559675005,0.553225164105243,0.0449842849446718,0.01,0.642453262621207,-1.39730651459379
"CCR1","P32246",4.93568846288079,0.938430719216295,"P32246","9606.ENSP00000296140",10,1572.34765586516,0.0898577232260611,7,4629.69531173032,302.663108716505,1.08894501853752,0.20205632852103,1.17127809498389,2.09978286001703,0.292062490249153,2.22164093923406
"CCR2","O95950",2.86394344007784,1.56278396950374,"O95950","9606.ENSP00000292301",16,2735.87618098885,0.169485737839333,7,6956.7523619777,525.495844103664,1.80824169756254,0.344176944042147,2.20035234478226,2.09978286001703,0.433868217854769,1.6923189534121
"CCR5","O14692",3.60006781386043,1.85467191580066,"O14692","9606.ENSP00000292303",19,3966.59838540133,0.168730245548211,7,9418.19677080266,758.731875645107,2.16789003707504,0.49450501374548,2.19058872494959,2.09978286001703,0.583863214890657,1.89738446653819
"CCZ1B","O95766",-1.01447504087698,0.0100226826799782,"O95766","9606.ENSP00000314544",1,0,2.09523583227745e-05,2,1485,0.829801405274673,0.01,0.01,0.0102707782245637,0.01,0.100431689134722,-1.00721151744655
"CD151","P48509",1.54080359444759,1.14687941908327,"P48509","9606.ENSP00000324101",11,4858.12404670207,0.151718361082171,5,11201.2480934042,920.187591797391,1.20882779837502,0.603401506612695,1.97073529359669,1.26386971601022,0.692518432489548,1.24129109980197
"CD24","P25063",1.8588208881732,0.963074423138135,"P25063","9606.ENSP00000481841",10,587.888675381743,0.154247922766238,5,2660.77735076349,117.844207550841,1.08894501853752,0.0818083816589423,2.00342613494182,1.26386971601022,0.172080969374541,1.36338581779818
"CD36","P16671",8.89425863131843,2.3966020122937,"P16671","9606.ENSP00000415743",23,9625.22925116231,0.237692759720205,7,20735.4585023246,1823.91456708158,2.64742115642505,1.18568540535922,3.08182716509433,2.09978286001703,1.27351220057885,2.98232436722071
"CD40","P25942",3.47039196501409,1.93777694028055,"P25942","9606.ENSP00000361359",20,2358.82648558362,0.200513644705534,8,6202.65297116724,457.668326323908,2.28777281691255,0.298121747597914,2.60134212377179,2.51773943202043,0.387915063079529,1.86289880697103
"CD44","O95370",2.56316392183408,6.32494943186099,"O95370","9606.ENSP00000398632",56,40937.0588911162,0.582234621670899,8,83359.1177822325,7726.05863551641,6.60355289106264,5.01030715328721,7.53452085377953,2.51773943202043,5.08965996909596,1.60098842026858
"CD55","P08174",-1.82815119535685,0.620650322923315,"P08174","9606.ENSP00000356030",6,6347.91041144203,0.0184346592417031,4,14180.8208228841,1196.15620884849,0.609413899187512,0.785373285198273,0.248240689807209,0.84591314400681,0.874087027386194,-1.35209141531068
"CDC123","O75794",1.01943248288001,0.0101001559936382,"O75794","9606.ENSP00000281141",1,0,0.000110332904024728,2,1485,0.829807400027873,0.01,0.01,0.011425889506209,0.01,0.100431689134722,1.00966949190317
"CDC14B","O43183",1.64446110359612,0.0101143200262573,"O43183","9606.ENSP00000364389",1,0,0.00012667387235343,2,1485,0.829808496016619,0.01,0.01,0.0116370723393553,0.01,0.100431689134722,1.28236543293872
"CDC20B","Q86Y31",-3.33124055495924,0.417682071730415,"Q86Y31","9606.ENSP00000370781",5,1461.38966445097,0.0151541664702061,4,4407.77932890194,278.123344200682,0.48953111935001,0.188503228879493,0.205845175437136,0.84591314400681,0.278539419377749,-1.82516863740292
"CDC42BPA","O75039",1.0183753322392,0.104127874757946,"O75039","9606.ENSP00000355731",2,0,0.00197550978591975,3,1485,1.57519249744134,0.129882779837503,0.01,0.0355305404861355,0.427956572003405,0.100431689134722,1.00914584289844
"CDC42EP3","O95353",2.45637346327806,0.01,"O95353","9606.ENSP00000480549",1,0,0,2,1,0.7556,0.01,0.01,0.01,0.01,0.01,1.56728219005961
"CDC42EP5","Q6NZY7",8.62408026466687,0.01,"Q6NZY7","9606.ENSP00000301200",1,0,0,2,1,0.7556,0.01,0.01,0.01,0.01,0.01,2.93667844080125
"CDC45","O60856",2.00769946801408,3.18711395572807,"O60856","9606.ENSP00000405726",34,6359.84958634234,0.093075075037561,12,14204.6991726847,1219.06391689347,3.96613173463758,0.786831610326542,1.21285760588638,4.18956572003405,0.875542121393079,1.4169331205156
"CDC6","Q8TB30",1.17028045201362,2.91623174366911,"Q8TB30","9606.ENSP00000209728",30,8971.46329151079,0.118101381497699,12,19427.9265830216,1706.37784014206,3.48660061528757,1.10583036219854,1.53628558121354,4.18956572003405,1.19383408733078,1.08179501386058
"CDC7","O00311",2.9047687440414,1.34004926284736,"O00311","9606.ENSP00000393139",15,291.988281077685,0.0539932082054598,12,2068.97656215537,66.0379414483774,1.68835891772503,0.0456652659008102,0.707782313148123,4.18956572003405,0.136017933697255,1.70433821292647
"CDCA3","Q99618",1.02991562478126,1.03495116784908,"Q99618","9606.ENSP00000442068",12,968.719995899011,0.018833728619037,6,3422.43999179802,190.805010808341,1.32871057821253,0.128325489330094,0.25339807093861,1.68182628801362,0.218495011948372,1.0148475869712
"CDCA7L","Q6PIL4",-3.04643525300183,0.032874112961372,"Q6PIL4","9606.ENSP00000383986",1,0,0.0263845246922238,2,1485,0.831569610071107,0.01,0.01,0.350980935990983,0.01,0.100431689134722,-1.74540403717931
"CDH18","Q13634",-2.35925228499897,0.113727994975439,"Q13634","9606.ENSP00000371710",2,0,0.0130511168989716,3,1485,1.57593533841041,0.129882779837503,0.01,0.17866637196806,0.427956572003405,0.100431689134722,-1.53598576979052
"CDH19","Q9H159",1.23247055457663,0.202359745264629,"Q9H159","9606.ENSP00000262150",3,1.33333333333333,0.0136175110096003,3,1487.66666666667,2.56123665979675,0.249765559675005,0.0101628616316115,0.185986177658509,0.427956572003405,0.100594189923823,1.1101669039278
"CDH2","P19022",2.60161838015326,2.34967725732183,"P19022","9606.ENSP00000269141",22,9271.44595228097,0.289602733402557,8,20027.8919045619,1756.78116781751,2.52753837658755,1.14247211138969,3.75268675494672,2.51773943202043,1.23039465164961,1.61295330997313
"CDH3","P22223",3.19129223970781,0.203320629184251,"P22223","9606.ENSP00000264012",3,39.1643179935807,0.0137255866906885,3,1563.32863598716,9.66287634885431,0.249765559675005,0.0147837735470394,0.187382895898659,0.427956572003405,0.105204863568642,1.7864188309878
"CDK18","Q07002",1.79572829793273,0.01,"Q07002","9606.ENSP00000423665",1,0,0,2,1,0.7556,0.01,0.01,0.01,0.01,0.01,1.34004787150785
"CDKN1A","P38936",2.66845281019462,3.35815551526705,"P38936","9606.ENSP00000384849",31,18629.9221626782,0.290710410302846,8,38744.8443253564,3520.16912632517,3.60648339512507,2.28557464015666,3.76700183966559,2.51773943202043,2.37096447837917,1.63353996283979
"CDKN2B","O15125",3.46740105988563,0.53037502437571,"O15125","9606.ENSP00000276925",6,323.102383233436,0.0736186302195869,4,2131.20476646687,65.1829469821094,0.609413899187512,0.0494657359832193,0.961411849615284,0.84591314400681,0.139809983311614,1.86209587827416
"CEACAM1","O60430",7.05393386608706,0.0111987759419445,"O60430","9606.ENSP00000161559",1,0,0.00137780483545227,2,1485,0.829892409370314,0.01,0.01,0.0278060885267294,0.01,0.100431689134722,2.65592429600075
"CEACAM6","P40199",-3.33881711673597,0.159879195069146,"P40199","9606.ENSP00000199764",2,1484,0.0320109245968832,2,4453,280.143396972713,0.129882779837503,0.191264995983591,0.423693828420527,0.01,0.281295067404166,-1.82724303712888
"CEBPB","P17676",-2.86352816449079,2.69246565990445,"P17676","9606.ENSP00000305422",26,11723.0007380328,0.223555514808962,6,24931.0014760655,2219.90190241189,3.00706949593756,1.44192027068406,2.89912419589549,1.68182628801362,1.52917934205642,-1.69219625472071
"CEBPG","P53567",-1.29100065623531,0.505624987582306,"P53567","9606.ENSP00000466022",6,13.2817311514363,0.0433347091455892,6,1511.56346230287,7.04196303069003,0.609413899187512,0.0116223133044611,0.570036985988039,1.68182628801362,0.102050407979274,-1.1362220981108
"CECR2","Q658Z4",8.39257792076129,0.102974409759632,"Q658Z4","9606.ENSP00000383428",2,188.788535750749,0.00061377719986097,2,1862.5770715015,37.0041950971674,0.129882779837503,0.0330598067214337,0.0179321619979836,0.01,0.123440403659265,2.8969946359566
"CEMP1","Q6PRD7",-2.83480935461072,0.0101094163740582,"Q6PRD7","9606.ENSP00000457380",1,0,0.000121016555158918,2,1485,0.829808116580354,0.01,0.01,0.0115639598867079,0.01,0.100431689134722,-1.68368920962591
"CENPI","Q5JWZ9",1.72591206630552,0.481615531041943,"Q5JWZ9","9606.ENSP00000362018",6,739.530273031343,0.0063520728256508,4,2964.06054606268,143.350278886968,0.609413899187512,0.100330830168983,0.0920911410320632,0.84591314400681,0.190562378833491,1.31373972548048
"CEP57","Q14704",-1.10036663052028,0.0100677133928671,"Q14704","9606.ENSP00000317902",1,0,7.29040498306458e-05,2,1485,0.829804889674622,0.01,0.01,0.010942176955574,0.01,0.100431689134722,-1.04898361785124
"CEP63","Q96CR0",-1.33893290018502,0.133600902932807,"Q96CR0","9606.ENSP00000336524",2,1484,0.00169380015361202,2,4453,280.141363603176,0.129882779837503,0.191264995983591,0.0318898603820791,0.01,0.281295067404166,-1.15712268156191
"CFAP126","Q5VTH2",-2.84323552732947,0.5697522029665,"Q5VTH2","9606.ENSP00000356951",7,0,0.00609331021304168,8,1485,5.30176867831599,0.729296679025015,0.01,0.0887470171990145,2.51773943202043,0.100431689134722,-1.68618964749801
"CFAP20","Q9Y6A4",-1.43870898399621,0.691889828866824,"Q9Y6A4","9606.ENSP00000262498",8,1484,0.00610415204422349,8,4453,284.613219405478,0.849179458862517,0.191264995983591,0.0888871318225428,2.51773943202043,0.281295067404166,-1.19946195604371
"CFAP52","Q5DX23",-2.24559738567857,0.5697522029665,"Q5DX23","9606.ENSP00000339449",7,0,0.00609331021304169,8,1485,5.30176867831599,0.729296679025015,0.01,0.0887470171990145,2.51773943202043,0.100431689134722,-1.49853174330028
"CFB","O15006",5.4770794971136,0.739062683789718,"O15006","9606.ENSP00000416561",9,204.932502368883,0.00758688855001562,5,1894.86500473777,45.2108681973018,0.96906223870002,0.0350317312795168,0.108049306903226,1.26386971601022,0.125407959145266,2.3403161105102
"CFH","P08603",2.63363797857699,1.03741217096568,"P08603","9606.ENSP00000356399",12,1640.32922250872,0.00887315022542521,5,4765.65844501746,316.868536771523,1.32871057821253,0.210360020168336,0.124672335558344,1.26386971601022,0.30034778391708,1.62284872325704
"CFHR1","Q03591",6.72204104340863,0.290229759322677,"Q03591","9606.ENSP00000314299",4,0,0.00345205999180159,5,1485,3.06581152966365,0.369648339512507,0.01,0.0546127667953954,1.26386971601022,0.100431689134722,2.59268992426951
"CFHR3","Q02985",3.63578912914082,0.471920147514115,"Q02985","9606.ENSP00000356395",6,232.990358060544,0.00360090691936066,5,1950.98071612109,48.2727115279523,0.609413899187512,0.0384588923976145,0.0565363930600532,1.26386971601022,0.128827526913049,1.90677453547629
"CFHR4","Q5DVJ7",4.24183971564591,0.197487702565958,"Q5DVJ7","9606.ENSP00000356386",3,0,0.00307014446014352,4,1485,2.32052591458894,0.249765559675005,0.01,0.0496770737339,0.84591314400681,0.100431689134722,2.05957270219964
"CGGBP1","O15183",-1.31465401872451,0.010018516635764,"O15183","9606.ENSP00000381429",1,0,1.6146015497097e-05,2,1485,0.829801082913259,0.01,0.01,0.0102086633563025,0.01,0.100431689134722,-1.14658362918913
"CHAC1","Q0VIA0",-1.47053052288439,0.297490778099493,"Q0VIA0","9606.ENSP00000484644",4,79.0607603382997,0.0146999697502681,4,1643.1215206766,17.8975618576768,0.369648339512507,0.0196569733188555,0.199975354983857,0.84591314400681,0.110067266091148,-1.21265432951208
"CHDH","Q8NE62",-1.8491787951528,0.383147812040941,"Q8NE62","9606.ENSP00000319851",5,278.020189894069,0.00164618459016175,5,2041.04037978813,55.9906104565151,0.48953111935001,0.0439591163103139,0.0312744996893092,1.26386971601022,0.134315564317575,-1.35984513645959
"CHN1","P15882",2.09907607747421,0.100848876826155,"P15882","9606.ENSP00000386741",2,45.6273951700385,0.00194764891076427,2,1576.25479034008,10.1300752501321,0.129882779837503,0.0155732140176811,0.0351704799052132,0.01,0.105992554924539,1.4488188559907
"CHRD","Q9H2D3",6.96497229542982,0.448067894324172,"Q9H2D3","9606.ENSP00000204604",5,3214.72436078504,0.00880262696047492,3,7914.44872157006,607.248617398759,0.48953111935001,0.402666440933998,0.123760926724097,0.427956572003405,0.492228123162121,2.63912339526401
"CHRM4","P08173",-2.49903179878334,0.111118199490514,"P08173","9606.ENSP00000409378",2,0,0.0100402098705603,3,1485.00000000001,1.57573339687602,0.129882779837503,0.01,0.139754854375624,0.427956572003405,0.100431689134723,-1.58083262832703
"CHRNA3","P32297",6.42463003266571,0.0253348422969037,"P32297","9606.ENSP00000315602",1,0,0.0176865086354607,2,1485,0.83098623413418,0.01,0.01,0.238571950386864,0.01,0.100431689134722,2.53468539125977
"CHST15","O60338",1.3439273613663,0.01,"O60338","9606.ENSP00000333947",1,0,0,2,1,0.7556,0.01,0.01,0.01,0.01,0.01,1.15927881088472
"CHST3","O75099",2.04830772143537,0.01,"O75099","9606.ENSP00000362207",1,0,0,2,1,0.7556,0.01,0.01,0.01,0.01,0.01,1.43119101500651
"CIART","Q5TB12",-3.40735807601618,0.010099018642295,"Q5TB12","9606.ENSP00000290363",1,0,0.000109020747891149,2,1485,0.829807312021561,0.01,0.01,0.0114089318300025,0.01,0.100431689134722,-1.84590305162979
"CIB2","O75838",2.61070927192932,0.103255461557084,"O75838","9606.ENSP00000258930",2,0,0.000969011363599244,3,1485,1.57512499159216,0.129882779837503,0.01,0.022523037864061,0.427956572003405,0.100431689134722,1.61576894138033
"CIPC","Q8N389",-1.14251992126979,0.0100991870806796,"Q8N389","9606.ENSP00000355319",1,0,0.000109215074350366,2,1485,0.829807325055037,0.01,0.01,0.0114114432119101,0.01,0.100431689134722,-1.06888723505793
"CISH","Q9NS38",-3.12878332430637,0.48110272369478,"Q9NS38","9606.ENSP00000409346",5,1998.82594026056,0.0741090115143476,4,5482.65188052113,379.014835997115,0.48953111935001,0.254149040453658,0.967749302149696,0.84591314400681,0.344039783560682,-1.76883671499276
"CKS1B","P33551",-1.02933279860503,0.806617297214233,"P33551","9606.ENSP00000311083",8,5669.44080702214,0.0476221570542163,4,12823.8816140443,1070.26579231227,0.849179458862517,0.702500785117302,0.625445905343221,0.84591314400681,0.791398142811721,-1.0145603967261
"CLCA2","Q9UQC9",9.8997602551805,0.0101061719398713,"Q9UQC9","9606.ENSP00000359596",1,0,0.000117273468869931,2,1485,0.829807865531557,0.01,0.01,0.0115155860357024,0.01,0.100431689134722,3.14638844632707
"CLCN2","O14864",2.18460526484202,0.378301675590096,"O14864","9606.ENSP00000265593",5,73.9057777714807,0.00145330134464039,5,1632.81155554296,17.6742400761835,0.48953111935001,0.0190273116650348,0.0287817691829971,1.26386971601022,0.109438999539965,1.47804102271961
"CLDN1","O95832",-2.82058070553948,0.330646188802906,"O95832","9606.ENSP00000295522",4,1563.34314783533,0.0186591369408994,3,4611.68629567066,296.517027179963,0.369648339512507,0.200956461868832,0.251141731871598,0.427956572003405,0.290965060503917,-1.67945845603262
"CLDN16","Q9Y5I7",-3.28060906112445,0.0107006512926502,"Q9Y5I7","9606.ENSP00000264734",1,0,0.000803121104007109,2,1485,0.829853865332446,0.01,0.01,0.0203791517547847,0.01,0.100431689134722,-1.81124516869596
"CLEC19A","Q0VF32",2.19887675975241,0.01,"Q0VF32","9606.ENSP00000490375",1,0,0,2,1,0.7556,0.01,0.01,0.01,0.01,0.01,1.48286100486607
"CLEC2B","Q8IZE9",7.94398509375965,0.0105263573748655,"Q8IZE9","9606.ENSP00000228438",1,0,0.000602039147547872,2,1485,0.829840378765626,0.01,0.01,0.0177804650426236,0.01,0.100431689134722,2.81850760044383
"CLEC7A","Q68D78",10.1844302857311,0.5193920373205,"Q68D78","9606.ENSP00000302569",6,140.476159323089,0.0657774115584242,4,1765.95231864617,30.8998263191234,0.609413899187512,0.0271586323824057,0.860075702400882,0.84591314400681,0.117552304189635,3.19130542031487
"CLGN","O14967",-3.90652606676325,0.117387481622258,"O14967","9606.ENSP00000392782",2,0,0.0172730469808235,3,1485,1.576218503261,0.129882779837503,0.01,0.233228570370012,0.427956572003405,0.100431689134722,-1.97649337635198
"CLSPN","Q1RMC6",2.77678432111797,1.41688526060575,"Q1RMC6","9606.ENSP00000312995",16,93.5266172831996,0.0462347516391511,12,1672.0532345664,29.5171675611947,1.80824169756254,0.0214239231173842,0.607515743532601,4.18956572003405,0.111830300967574,1.66636860301614
"CLTA","P09496",-1.39326580472996,1.03658419925222,"P09496","9606.ENSP00000242285",12,1454.2674601514,0.0128385756050351,5,4393.53492030281,281.941288702887,1.32871057821253,0.187633278519819,0.175919590277329,1.26386971601022,0.277671396513635,-1.18036680939865
"CLTCL1","P53675",1.01398548719955,1.25997434346781,"P53675","9606.ENSP00000441158",14,3485.45504552376,0.0135404788130234,5,8455.91009104754,664.705809305635,1.56847613788753,0.435735171716882,0.184990650515359,1.26386971601022,0.525223585590052,1.00696846385552
"CLU","P10909",1.62521848702245,1.92368827874304,"P10909","9606.ENSP00000315130",18,15290.7075222542,0.0604487326316631,5,32066.4150445084,2883.73083037405,2.04800725723754,1.87770218167633,0.791210413022449,1.26386971601022,1.96399571784422,1.27484057317864
"CLUAP1","O75138",-1.09654005862109,0.0100000030468898,"O75138","9606.ENSP00000344392",1,0,0,2,2,0.75565,0.01,0.01,0.01,0.01,0.0100609377959129,-1.04715808673814
"CMPK2","Q5EBM0",4.17921524534041,2.08655954279316,"Q5EBM0","9606.ENSP00000256722",22,6766.14953088618,0.0225304779212914,14,15017.2990617723,1286.53075105711,2.52753837658755,0.836459614245593,0.301173084963335,5.02547886404086,0.925060167593137,2.0443129029922
"CNGA1","P29973",2.88738619660713,0.510428606837225,"P29973","9606.ENSP00000384264",5,5818.25237769218,0.0118940690223862,3,13121.5047553844,1095.98310407559,0.48953111935001,0.720677556518796,0.163713240443171,0.427956572003405,0.809534641057655,1.69923106039383
"CNN2","Q92578",1.3864839213943,0.200212653863359,"Q92578","9606.ENSP00000456436",3,6.06400429180495,0.0110153142823773,3,1497.12800858361,3.44910368278654,0.249765559675005,0.0107406952247968,0.152356635870982,0.427956572003405,0.10117074324662,1.1774905186006
"CNTN1","Q12860",8.97015061406043,0.124406808929149,"Q12860","9606.ENSP00000447006",2,941.708379919395,0.00542824973336781,2,3368.41675983879,178.342631151179,0.129882779837503,0.125026122441916,0.0801520947020158,0.01,0.215202955264686,2.99502097055437
"CNTNAP2","Q14DG2",-1.36971347637325,0.672128903591693,"Q14DG2","9606.ENSP00000354778",8,1581.26488552559,0.000580894268901957,4,4647.52977105118,302.830253271442,0.849179458862517,0.203145534449993,0.0175071987777883,0.84591314400681,0.293149282891464,-1.17034758784442
"COL17A1","Q02802",5.19572401066838,0.307246049799731,"Q02802","9606.ENSP00000497653",4,1.68333333333333,0.0280009237339767,4,1488.36666666667,3.37316335528817,0.369648339512507,0.0102056128099096,0.371870501545835,0.84591314400681,0.100636846380962,2.27941308469272
"COL18A1","P39060",3.16045067321272,1.15341941935318,"P39060","9606.ENSP00000352798",11,6072.70223589093,0.117218823587486,7,13630.4044717819,1148.20647558794,1.20882779837502,0.751757645820967,1.52487982629464,2.09978286001703,0.840545868115612,1.77776564068854
"COL21A1","Q49A51",5.090923544427,0.0100648297048343,"Q49A51","9606.ENSP00000244728",1,0,6.95771544413834e-05,2,1485,0.829804666539748,0.01,0.01,0.0108991817560392,0.01,0.100431689134722,2.25630750218737
"COL26A1","Q32M90",2.58568885033221,0.133533905403256,"Q32M90","9606.ENSP00000318234",2,1484,0.00161650546374944,2,4453,280.141358419022,0.129882779837503,0.191264995983591,0.0308909409016671,0.01,0.281295067404166,1.60800772707478
"COL27A1","Q5T1U7",5.3208594669073,0.199995644302228,"Q5T1U7","9606.ENSP00000348385",3,4.6665053900348,0.0108019102433136,3,1494.33301078007,3.18675087593735,0.249765559675005,0.0105699960113086,0.149598704476235,0.427956572003405,0.101000422240891,2.30669882449081
"COL3A1","P02461",7.70529263161558,1.62412259958927,"P02461","9606.ENSP00000304408",17,3501.00398598936,0.118364640533558,7,8487.00797197871,669.857176966364,1.92812447740004,0.437634416077425,1.53968781466296,2.09978286001703,0.527118621911558,2.77584088730164
"COL4A5","P29400",1.74750581786657,1.07408315530117,"P29400","9606.ENSP00000331902",11,3309.8059783563,0.103719263822778,6,8104.6119567126,629.54439470807,1.20882779837502,0.414280301464435,1.35041799392392,1.68182628801362,0.503816251575371,1.32193260715763
"COL4A6","Q12823",2.11539289582617,0.729627584069488,"Q12823","9606.ENSP00000378340",8,19.0715197335837,0.0983075460538492,6,1523.14303946717,9.60244917150217,0.849179458862517,0.0123295141158417,1.28047955039712,1.68182628801362,0.102756041889269,1.45443903131969
"COL5A1","P20908",7.11702046048827,1.09677441492913,"P20908","9606.ENSP00000360882",12,1434.69192877448,0.0728738474140592,7,4354.38385754897,278.291176518492,1.32871057821253,0.185242201285039,0.951786634035271,2.09978286001703,0.275285617041769,2.66777443958223
"COL5A2","P05997",3.5431705269742,0.997448969516635,"P05997","9606.ENSP00000364000",11,744.873291790984,0.0781781084155667,7,2974.74658358197,148.063807740735,1.20882779837502,0.100983459733677,1.02033635786515,2.09978286001703,0.191213562406959,1.88233114168953
"COL6A1","O00117",3.15412125646364,1.81291796621168,"O00117","9606.ENSP00000355180",19,1359.72358522061,0.179577667611706,9,4204.44717044121,269.390645691779,2.16789003707504,0.176085101222242,2.33077560235011,2.93569600402384,0.266148805802943,1.77598458790149
"COL6A2","P12110",4.63574157253696,1.63263639543594,"P12110","9606.ENSP00000300527",17,1208.709957959,0.178886181594534,9,3902.419915918,239.572381204263,1.92812447740004,0.157639356923696,2.3218391688873,2.93569600402384,0.247743930606678,2.15307723329586
"COL9A3","Q13681",-1.77669633226571,0.324993579335738,"Q13681","9606.ENSP00000496793",4,4.38919573356362,0.0484045930550188,4,1493.77839146713,3.88247631916076,0.369648339512507,0.0105361236839728,0.635557732750342,0.84591314400681,0.100966624962389,-1.3329277295734
"COLGALT1","Q8NBJ5",1.34179367667914,0.207135798257742,"Q8NBJ5","9606.ENSP00000252599",3,0,0.014201100620111,4,1485,2.32127246781859,0.249765559675005,0.01,0.193528209737836,0.84591314400681,0.100431689134722,1.15835818151345
"COLQ","Q6DK18",1.15885328665112,0.010254496198167,"Q6DK18","9606.ENSP00000373298",1,0,0.000288394368712907,2,1485,0.82981934261031,0.01,0.01,0.0137270704295552,0.01,0.100431689134722,1.07650048149136
"COMT","P21964",1.6529497750348,0.689367710726641,"P21964","9606.ENSP00000354511",7,5864.97873729949,0.0137947743339354,3,13214.957474599,1106.22464378138,0.729296679025015,0.72638500489248,0.188277043798935,0.427956572003405,0.815229443788661,1.28567094352902
"COX10","O15334",-1.14267869084776,0.225667561632159,"O15334","9606.ENSP00000261643",3,1484,0.00129651257542959,3,4453,280.886596957099,0.249765559675005,0.191264995983591,0.0267555063678807,0.427956572003405,0.281295067404166,-1.06896150110645
"COX5A","P20674",-1.20358577592055,0.849928380038316,"P20674","9606.ENSP00000317780",9,5036.0013643808,0.0126897547805292,4,11557.0027287616,952.089167223417,0.96906223870002,0.625128549250569,0.173996301356006,0.84591314400681,0.714197335854023,-1.09708056947544
"COX8A","P10176",-1.15026057538008,0.620040160784651,"P10176","9606.ENSP00000321260",6,5052.37646008332,0.051992844725871,4,11589.7529201666,952.960826246937,0.609413899187512,0.6271287053535,0.68193057545154,0.84591314400681,0.71619306033397,-1.07250201649231
"CP","P00450",3.12651908424237,0.529009004001327,"P00450","9606.ENSP00000264613",6,2567.59813779273,0.00772219197798575,5,6620.19627558546,486.525560353867,0.609413899187512,0.323622416532665,0.10979790347831,1.26386971601022,0.413359231748959,1.76819656267123
"CPE","P16870",1.25582140185256,0.143440537507602,"P16870","9606.ENSP00000386104",2,1484,0.0130457336937621,2,4453,280.142124977359,0.129882779837503,0.191264995983591,0.178596802007168,0.01,0.281295067404166,1.12063437474163
"CRABP2","P29373",1.97166445641062,0.107675343044531,"P29373","9606.ENSP00000482841",2,278.570288574366,0.00366282026438057,2,2042.14057714873,53.8582302365351,0.129882779837503,0.0440263087867791,0.0573365314207583,0.01,0.134382607919799,1.40415969761656
"CREB3","O14671",-1.08229752926207,0.605415284612846,"O14671","9606.ENSP00000342136",7,1567.39129160676,0.0206711955826295,5,4619.78258321353,299.50256967751,0.729296679025015,0.201450927343542,0.277144612231543,1.26386971601022,0.291458430421856,-1.04033529655687
"CREB3L1","Q8N2D5",4.73534259130878,0.575968387448606,"Q8N2D5","9606.ENSP00000481956",7,142.580677454174,0.0243794888788334,5,1770.16135490835,32.0373699040167,0.729296679025015,0.0274156913248441,0.325068815294459,1.26386971601022,0.117808793582369,2.17608423350494
"CREB5","Q02930",5.57746720909572,0.907181172060114,"Q02930","9606.ENSP00000350359",10,2038.6966181748,0.0513956248892229,5,5562.39323634959,390.182976268335,1.08894501853752,0.259019093197585,0.674212392870345,1.26386971601022,0.348899046027973,2.36166619341001
"CREBRF","Q5HYG4",-1.10737800038324,0.0107757165970944,"Q5HYG4","9606.ENSP00000296953",1,0,0.000889723542415253,2,1485,0.82985967375799,0.01,0.01,0.0214983601108941,0.01,0.100431689134722,-1.05232029362891
"CRELD2","Q4W0V0",-1.78030029535759,0.489190627815649,"Q4W0V0","9606.ENSP00000383938",6,0,0.0197639508638086,7,1485,4.55742556818444,0.609413899187512,0.01,0.265419816844661,2.09978286001703,0.100431689134722,-1.33427894210978
"CREM","O75519",1.57721601013695,0.510606231658187,"O75519","9606.ENSP00000265372",6,213.603253417774,0.0487455522191078,5,1912.20650683555,44.6363920957718,0.609413899187512,0.0360908307768563,0.63996412537109,1.26386971601022,0.126464712060923,1.25587260904001
"CRPPA","NA",-1.36149388748526,0.0102933313449049,NA,"9606.ENSP00000385478",1,0,0.000333198268841457,2,1485,0.829822347607891,0.01,0.01,0.0143060945347869,0.01,0.100431689134722,-1.16683070215231
"CRYAB","O43416",3.62617361956073,0.221995910465028,"O43416","9606.ENSP00000433560",3,267.633949879682,0.0292289736950232,3,2020.26789975936,52.5522354586796,0.249765559675005,0.042690476314025,0.387741229938556,0.427956572003405,0.133049735168977,1.90425145912002
"CRYBG1","O00296",2.53801508336168,0.0101751988575639,"O00296","9606.ENSP00000358062",1,0,0.000196909452927253,2,1485,0.829813206717008,0.01,0.01,0.0125447632787714,0.01,0.100431689134722,1.59311489961072
"CSAG1","Q6PB30",-9.0028135997559,0.379495705769269,"Q6PB30","9606.ENSP00000359310",5,367.497080261983,2.82121415980448e-05,4,2219.99416052397,72.7768137989677,0.48953111935001,0.0548883805779446,0.0103646001798641,0.84591314400681,0.145220613285894,-3.00046889664864
"CSAG3","O75605",-10.2731052143195,0.010007770417414,"O75605","9606.ENSP00000492276",1,0,3.74816112667181e-06,2,1485,0.829800251389167,0.01,0.01,0.0100484394357725,0.01,0.100431689134722,-3.20516851574445
"CSF1","P09603",-2.72205693038495,1.39426002021069,"P09603","9606.ENSP00000327513",14,595.570687539961,0.234968437783017,7,2676.14137507992,122.252148798124,1.56847613788753,0.0827467104345524,3.04661933569739,2.09978286001703,0.173017219152736,-1.64986573101721
"CSNK2A2","P19784",-1.39642151040811,0.617675577621259,"P19784","9606.ENSP00000262506",6,6274.79988121491,0.0268597749169025,2,14034.5997624298,1182.41188518677,0.609413899187512,0.776443110017695,0.357122841836595,0.01,0.865176638246067,-1.18170280121869
"CSTA","P01040",2.13509433243179,0.314839944612539,"P01040","9606.ENSP00000264474",4,1352.91225359551,0.00598868409427248,3,4190.82450719103,257.014089905992,0.369648339512507,0.17525312278581,0.0873948794469351,0.427956572003405,0.265318670730013,1.46119619915732
"CTF1","Q16619",-1.31978986250733,0.509547183836228,"Q16619","9606.ENSP00000279804",6,564.989424546272,0.0332690788187933,6,2614.97884909254,110.607856132943,0.609413899187512,0.0790113246436331,0.439953609834531,1.68182628801362,0.169290109626601,-1.14882107506231
"CTNNA3","Q5SW23",3.43814914480208,0.423283935012173,"Q5SW23","9606.ENSP00000389714",5,1522.41360475393,0.0249649252529917,3,4529.82720950785,289.569126281944,0.48953111935001,0.195957072743319,0.332634714060962,0.427956572003405,0.285976748217712,1.85422467484447
"CTSF","O95240",-1.13903483281056,0.119206593390975,"O95240","9606.ENSP00000310832",2,54.2032989056396,0.0229000466424968,2,1593.40659781128,11.741349176695,0.129882779837503,0.0166207282738735,0.305949213771399,0.01,0.107037748267756,-1.06725574854885
"CTSV","O60233",1.15874086373315,0.125507145283105,"O60233","9606.ENSP00000259470",2,377.243055663003,0.0216257415367799,2,2239.48611132601,72.3822868475438,0.129882779837503,0.0560788146695363,0.289480706085397,0.01,0.146408409805813,1.07644826337969
"CX3CR1","P49238",2.52401245600652,1.11454720467729,"P49238","9606.ENSP00000351059",12,448.197466678887,0.119467383526312,7,2381.39493335777,93.1095611223739,1.32871057821253,0.0647456280305959,1.55393913592847,2.09978286001703,0.155056020641023,1.58871408881728
"CXCL16","Q8TC80",1.13461721867267,0.414638265615186,"Q8TC80","9606.ENSP00000293778",5,0,0.0403673882076711,6,1485,3.81354744072709,0.48953111935001,0.01,0.531688754113497,1.68182628801362,0.100431689134722,1.06518412430559
"CXCR4","O60835",2.61025635117778,3.28440040225794,"O60835","9606.ENSP00000386884",31,11645.7341637812,0.390325715694527,8,24776.4683275624,2209.10403637076,3.60648339512507,1.43248245042033,5.05438224419089,2.51773943202043,1.51976243259116,1.61562877889006
"CYB5R2","Q6BCY4",1.71582834218159,0.104838315125037,"Q6BCY4","9606.ENSP00000437041",2,231.056096402288,0.00164633269131839,2,1947.11219280457,44.9387308361711,0.129882779837503,0.0382226296403942,0.0312764136775884,0.01,0.128591787628703,1.30989630970607
"CYCS","P00001",-1.14332819762558,2.6225460396967,"P00001","9606.ENSP00000307786",24,18340.1725750789,0.171194310822927,6,38165.3451501578,3460.60394779625,2.76730393626256,2.25018282221028,2.22243312213,1.68182628801362,2.33565107590924,-1.06926526064657
"CYFIP2","PIR121",2.74592651395823,0.0100179960245175,"PIR121","9606.ENSP00000479719",1,0,1.55453890993678e-05,2,1485,0.829801042629247,0.01,0.01,0.0102009011489606,0.01,0.100431689134722,1.65708373776289
"CYP1B1","Q16678",1.61504374317792,1.05975067220829,"Q16678","9606.ENSP00000478561",12,2543.37458797172,0.00580093901647944,6,6571.74917594342,486.39829672303,1.32871057821253,0.320663601397211,0.0849685521546931,1.68182628801362,0.410406972278401,1.27084371312051
"CYP2J2","P51589",-1.83057654750201,0.671420884833127,"P51589","9606.ENSP00000360247",8,443.556211691337,0.0199287250727933,6,2372.11242338268,89.2814586782885,0.849179458862517,0.0641787162605979,0.267549279651445,1.68182628801362,0.154490364942601,-1.3529880071538
"CYP2S1","Q96SQ9",-3.04610875059713,0.286870832090552,"Q96SQ9","9606.ENSP00000308032",4,344.61688564477,0.000386587413548681,3,2174.23377128954,67.7365077016542,0.369648339512507,0.0520936512077339,0.0149960702211556,0.427956572003405,0.142432076025833,-1.74531050263188
"CYP39A1","Q5VTT0",1.19773926265748,0.288693592651845,"Q5VTT0","9606.ENSP00000275016",4,0,0.00167979275755492,5,1485,3.06569266370025,0.369648339512507,0.01,0.0317088355171606,1.26386971601022,0.100431689134722,1.09441274785041
"CYP4F22","Q6NT55",6.09364602246233,0.102411022869974,"Q6NT55","9606.ENSP00000269703",2,0,0,3,2,1.50091,0.129882779837503,0.01,0.01,0.427956572003405,0.0100609377959129,2.46853114674746
"CYP4F8","P98187",1.99587667055054,0.391469761976841,"P98187","9606.ENSP00000477567",5,0,0.0136380100455047,6,1485,3.81175470133375,0.48953111935001,0.01,0.186251097361673,1.68182628801362,0.100431689134722,1.41275499310763
"CYP4X1","Q5VVE5",-2.96457293272503,0.01,"Q5VVE5","9606.ENSP00000360968",1,0,0,2,1,0.7556,0.01,0.01,0.01,0.01,0.01,-1.72179352209405
"CYP4Z1","Q5VVE4",-3.06754551397485,0.01,"Q5VVE4","9606.ENSP00000334246",1,0,0,2,1,0.7556,0.01,0.01,0.01,0.01,0.01,-1.75144098215579
"CYP7B1","O75881",-8.43862646908261,0.285528501753059,"O75881","9606.ENSP00000310721",4,62.0399275749676,0.0013492944666417,4,1609.07985514994,14.7015157015528,0.369648339512507,0.0175779428724386,0.027437634201481,0.84591314400681,0.10799284202475,-2.90493140522846
"CYS1","Q717R9",4.62113219455167,0.01,"Q717R9","9606.ENSP00000371234",1,0,0,2,1,0.7556,0.01,0.01,0.01,0.01,0.01,2.14968188217505
"CYSLTR1","Q5JS94",2.18444479904715,0.0107976804591106,"Q5JS94","9606.ENSP00000362401",1,0,0.000915063132010496,2,1485,0.829861373284264,0.01,0.01,0.0218258368071242,0.01,0.100431689134722,1.47798673845443
"DAB2","P98082",1.86133849212099,0.980750966398991,"P98082","9606.ENSP00000313391",11,2646.7063159872,0.0185407543290123,5,6778.41263197439,505.051323165509,1.20882779837502,0.333285181763588,0.249611811803787,1.26386971601022,0.423000587784668,1.36430879646838
"DACH1","O75523",-1.08358885894577,0.102648751704959,"O75523","9606.ENSP00000482245",2,0,0.000269053467081679,3,1485,1.57507804541604,0.129882779837503,0.01,0.0134771178979839,0.427956572003405,0.100431689134722,-1.04095574302934
"DAPK2","O75892",1.31428644272892,0.0198682644557221,"O75892","9606.ENSP00000484390",1,0,0.0113797471522533,2,1485,0.830563239641502,0.01,0.01,0.157066391401005,0.01,0.100431689134722,1.14642332614481
"DBI","P07108",1.4483088502448,0.104903971449688,"P07108","9606.ENSP00000486361",2,0,0.00287088836918007,3,1485,1.57525255048292,0.129882779837503,0.01,0.0471019836312291,0.427956572003405,0.100431689134722,1.20345704129595
"DBP","Q10586",-1.74981375354665,0.0100991870806796,"Q10586","9606.ENSP00000222122",1,0,0.000109215074350366,2,1485,0.829807325055037,0.01,0.01,0.0114114432119101,0.01,0.100431689134722,-1.32280525911664
"DCC","P43146",-6.81655439834309,0.776322027341438,"P43146","9606.ENSP00000389140",8,4973.4916708252,0.0360377505690055,3,11431.9833416504,939.611153499238,0.849179458862517,0.61749322623757,0.475734594932866,0.427956572003405,0.706578929957085,-2.61085319356395
"DCP1B","Q86XH9",-1.21346351998723,0.0100959635785889,"Q86XH9","9606.ENSP00000280665",1,0,0.00010549613730843,2,1485,0.829807075625929,0.01,0.01,0.011363381454185,0.01,0.100431689134722,-1.10157320228264
"DCP2","Q6P2D4",1.6990637236397,0.134257247388655,"Q6P2D4","9606.ENSP00000373715",2,1484,0.00245102122575601,2,4453,280.141414389994,0.129882779837503,0.191264995983591,0.0416758221510948,0.01,0.281295067404166,1.30348138599663
"DDIT3","P35638",-2.57410733377958,1.19682426748611,"P35638","9606.ENSP00000448665",13,1360.36780225912,0.0935758862174003,6,4205.73560451823,265.06511997477,1.44859335805003,0.176163789900745,1.21932984925057,1.68182628801362,0.266227320135775,-1.60440248497052
"DDIT4","Q9H0S3",2.32452032662077,0.0987470709525203,"Q9H0S3","9606.ENSP00000307305",2,13.9133167794508,0.000361527942650944,2,1512.8266335589,4.17660207351762,0.129882779837503,0.0116994591038717,0.0146722136445515,0.01,0.102127382851477,1.52463776898671
"DDR1","Q08345",1.65129198503885,0.198875262930405,"Q08345","9606.ENSP00000427552",3,30.2902717280426,0.00883167753859746,3,1545.58054345609,7.99671214940068,0.249765559675005,0.0136998423066884,0.124136362455263,0.427956572003405,0.104123333928141,1.28502606395312
"DDR2","Q16832",-2.39380447626185,0.213456507004007,"Q16832","9606.ENSP00000356899",3,35.1596987007976,0.0255252019784637,3,1555.31939740159,8.91192061541042,0.249765559675005,0.0142946244230353,0.339875461601195,0.427956572003405,0.104716798222298,-1.54719244965255
"DDX11","Q13333",1.58704944574901,0.0105066808362819,"Q13333","9606.ENSP00000440402",1,0,0.000579338430706845,2,1485,0.829838856228547,0.01,0.01,0.0174870918715541,0.01,0.100431689134722,1.25978150714678
"DDX60","Q6PK35",2.03954260778632,1.67332037070754,"Q6PK35","9606.ENSP00000377344",18,4480.83671822263,0.0128260888797083,14,10446.6734364453,854.591298990534,2.04800725723754,0.557317284185818,0.175758217831206,5.02547886404086,0.646536316042751,1.42812555743055
"DDX60L","Q5H9U9",2.6065898352958,0.290131673062249,"Q5H9U9","9606.ENSP00000260184",4,254.3144204978,0.00157499261587274,4,1993.6288409956,50.7952986506017,0.369648339512507,0.0410635460984522,0.0303544487764622,0.84591314400681,0.131426409642719,1.6144936776884
"DEGS1","O15121",1.76762748680938,0.502973124387642,"O15121","9606.ENSP00000316476",6,1484,0.00138015922719066,6,4453,283.122382567279,0.609413899187512,0.191264995983591,0.0278365155557554,1.68182628801362,0.281295067404166,1.32952152551562
"DENND2B","P78523",1.26320257076395,0.105033043787742,"P78523","9606.ENSP00000433528",2,0,0.00301979843208179,3,1485,1.57526253788084,0.129882779837503,0.01,0.0490264258267585,0.427956572003405,0.100431689134722,1.12392284911552
"DEPDC1B","Q86WJ3",1.49947404879239,0.106797629756099,"Q86WJ3","9606.ENSP00000265036",2,0,0.005055591782577,3,1485,1.57539907854086,0.129882779837503,0.01,0.0753360421732173,0.427956572003405,0.100431689134722,1.22453013388499
"DERL3","Q6ICJ6",-3.56899681253539,0.584900620016875,"Q6ICJ6","9606.ENSP00000384744",7,940.71403622948,0.0135768545663252,5,3366.42807245896,181.862239480634,0.729296679025015,0.124904667115124,0.185460753295413,1.26386971601022,0.215081769039,-1.8891788725622
"DGCR2","P98153",1.32260336609421,0.192308261170033,"P98153","9606.ENSP00000263196",3,32.6032626265741,0.00119419275782123,3,1550.20652525315,8.43039455476877,0.249765559675005,0.0139823654104164,0.0254331741452802,0.427956572003405,0.104405231062787,1.15004494090197
"DGKA","O75481",1.71918593169289,0.496449097759813,"O75481","9606.ENSP00000377703",6,1218.15994597445,0.0157692567110113,3,3921.31989194889,233.188982702371,0.609413899187512,0.158793637273875,0.213794306546195,0.427956572003405,0.248895653488807,1.31117730749616
"DGLUCY","Q7Z3D6",-1.6590917089549,0.0100248025151142,"Q7Z3D6","9606.ENSP00000428263",1,0,2.33980007291444e-05,2,1485,0.829801569303909,0.01,0.01,0.0103023845334342,0.01,0.100431689134722,-1.28805733915649
"DHCR7","O60492",2.32397758227258,1.54096985418399,"O60492","9606.ENSP00000347717",17,3253.10493110632,0.0141024501178508,10,7991.20986221265,623.345443518609,1.92812447740004,0.407354482662526,0.192253297986003,3.35365257602724,0.49690577788464,1.52445976735123
"DHFR","P00374",1.08937628092003,0.924902329278755,"P00374","9606.ENSP00000396308",9,8197.05393584086,0.0155885385474899,4,17879.1078716817,1545.48215035933,0.96906223870002,1.01123918379884,0.211458791721998,0.84591314400681,1.09945248879309,1.04373190088261
"DHRS11","Q6UWP2",1.31093759968448,0.800479239151629,"Q6UWP2","9606.ENSP00000482704",6,14132.616668126,0.0249871346579296,3,29750.2333362521,2657.49141682774,0.609413899187512,1.73624575713309,0.332921737752761,0.427956572003405,1.82285270960934,1.14496183328724
"DHRS3","O75911",-1.48388065375808,0.190849061793001,"O75911","9606.ENSP00000480439",3,13.4138698772573,1.82114064709311e-05,3,1511.82773975452,4.82808287479777,0.249765559675005,0.0116384535508258,0.01023535547813,0.427956572003405,0.102066512464687,-1.21814640079018
"DIO2","Q6B0A3",9.0853097439985,0.393682823568048,"Q6B0A3","9606.ENSP00000451419",4,4861.25899326713,0.00912815184572921,2,11207.5179865342,915.590860441249,0.369648339512507,0.603784428497144,0.127967854131627,0.01,0.692900505957504,3.01418475611541
"DISP3","PTCHD2",3.45805625756063,0.0109166322714898,"PTCHD2","9606.ENSP00000294484",1,0,0.00105229719881907,2,1485,0.829870577573125,0.01,0.01,0.0235993840321014,0.01,0.100431689134722,1.85958496916937
"DKK1","O94907",6.59231297757768,0.20803923053949,"O94907","9606.ENSP00000363081",3,660.492090477968,0.00273756864148125,3,2805.98418095594,126.297788833253,0.249765559675005,0.0906766146412956,0.0453790234465339,0.427956572003405,0.180929553557965,2.56754999514667
"DLL1","O00548",2.60654746908183,0.26324068948033,"O00548","9606.ENSP00000355718",3,2966,0.00545095823903839,3,7417,559.087915595769,0.249765559675005,0.372285699519765,0.0804455685321808,0.427956572003405,0.461914694489959,1.6144805570467
"DLX1","P56177",2.78144992577756,0.0100531913680993,"P56177","9606.ENSP00000354478",1,0,5.61500678835333e-05,2,1485,0.829803765985053,0.01,0.01,0.0107256565326161,0.01,0.100431689134722,1.66776794722094
"DMD","P11532",-5.51773268373582,1.28165916140169,"P11532","9606.ENSP00000354923",12,11334.8786426512,0.0441978364430744,3,24154.7572853023,2136.71114314737,1.32871057821253,1.39451262239532,0.581191628992186,0.427956572003405,1.48187673198113,-2.34898545839173
"DMGDH","Q8TCC6",-2.53118910773094,0.197136393629621,"Q8TCC6","9606.ENSP00000255189",3,0,0.00266484122789054,4,1485,2.32049873090115,0.249765559675005,0.01,0.0444391292529625,0.84591314400681,0.100431689134722,-1.5909711209607
"DMPK","Q09013",3.01146264323329,0.0100625334066341,"Q09013","9606.ENSP00000345997",1,0,6.69279275459404e-05,2,1485,0.8298044888561,0.01,0.01,0.0108649444189259,0.01,0.100431689134722,1.73535663286637
"DMTN","Q08495",1.35005286365699,0.193200431939314,"Q08495","9606.ENSP00000427866",3,14.6661157710405,0.00269785719450977,3,1514.33223154208,5.06333419782177,0.249765559675005,0.0117914106579061,0.0448658117621908,0.427956572003405,0.102219130674103,1.16191775253543
"DNA2","P51530",1.31426461212032,1.02319875505091,"P51530","9606.ENSP00000351185",12,561.964827008839,0.0209939958610057,5,2608.92965401768,114.438785393402,1.32871057821253,0.0786418814761973,0.281316328127235,1.26386971601022,0.168921485011692,1.146413804924
"DNAAF5","Q69YL1",-1.45986786082399,0.0100087639559022,"Q69YL1","9606.ENSP00000297440",1,0,4.89440114223116e-06,2,1485,0.829800328267485,0.01,0.01,0.0100632528916879,0.01,0.100431689134722,-1.2082499165421
"DNAH12","Q6ZR08",-2.52165445448409,0.102419974590759,"Q6ZR08","9606.ENSP00000312554",2,0,5.11453965939217e-06,3,1485,1.57506034303217,0.129882779837503,0.01,0.0100660978562459,0.427956572003405,0.100431689134722,-1.58797180531774
"DNAH5","Q8TE73",-2.44453953931446,0.471280769795374,"Q8TE73","9606.ENSP00000265104",5,4555.9114192779,0.000113712988864318,3,10596.8228385558,859.015669253577,0.48953111935001,0.566487375415772,0.011469572100676,0.427956572003405,0.655686089665004,-1.56350233108699
"DNAH8","O00438",3.66545579791724,0.102419974590759,"O00438","9606.ENSP00000333363",2,0,5.11453965938957e-06,3,1485,1.57506034303217,0.129882779837503,0.01,0.0100660978562458,0.427956572003405,0.100431689134722,1.91453801161461
"DNAJA4","Q6AW87",-1.48595489070289,0.515343777690674,"Q6AW87","9606.ENSP00000378324",6,0,0.0499366993525971,7,1485,4.55944925442558,0.609413899187512,0.01,0.655357939329007,2.09978286001703,0.100431689134722,-1.21899749413315
"DNAJB11","Q542Y5",-1.44168518454265,1.32203048476753,"Q542Y5","9606.ENSP00000414398",15,320.485348678421,0.0522985131122271,8,2125.97069735684,71.3461373151877,1.68835891772503,0.0491460750950093,0.68588088699584,2.51773943202043,0.139491030676393,-1.20070195491748
"DNAJB4","Q13431",1.65867216367938,0.789537165155486,"Q13431","9606.ENSP00000359799",9,308.47492560772,0.0531571510835704,7,2101.94985121544,64.6714882852044,0.96906223870002,0.0476790472717804,0.696977512103221,2.09978286001703,0.138027253256574,1.28789446915474
"DNAJB5","O75953",-1.59719153691434,0.400866136921693,"O75953","9606.ENSP00000404079",5,0,0.0244785573322428,6,1485,3.81248177684027,0.48953111935001,0.01,0.326349128446383,1.68182628801362,0.100431689134722,-1.26380043397458
"DNAJB9","Q6FIF1",-1.20822350852119,0.677247759897576,"Q6FIF1","9606.ENSP00000249356",8,42.7149919521098,0.0372519411337153,6,1570.42998390422,14.0367067769419,0.849179458862517,0.0152174749626943,0.491426211138036,1.68182628801362,0.105637604058719,-1.09919220726913
"DNAJC11","Q4VWF5",1.2995544408012,0.199847284643175,"Q4VWF5","9606.ENSP00000366800",3,0,0.00579238162449065,4,1485,2.32070849503555,0.249765559675005,0.01,0.0848579605270624,0.84591314400681,0.100431689134722,1.13998001772014
"DNAJC18","Q9H819",1.22020510956246,0.0126090575881208,"Q9H819","9606.ENSP00000302843",1,0,0.00300483919314032,2,1485,0.830001534564684,0.01,0.01,0.0488330998011631,0.01,0.100431689134722,1.10462894655285
"DNAJC30","Q96LL9",-1.23365079689399,0.0100611541723795,"Q96LL9","9606.ENSP00000378605",1,0,6.53367123971138e-05,2,1485,0.8298043821333,0.01,0.01,0.0108443803179182,0.01,0.100431689134722,-1.11069833748592
"DNAJC6","O75061",-1.14550908162919,0.381474609238654,"O75061","9606.ENSP00000360108",5,202.078708565878,0.0116477511383112,3,1889.15741713176,41.7149663866555,0.48953111935001,0.0346831511432367,0.160529946309851,0.427956572003405,0.125060151336576,-1.07028457973998
"DNM1L","O00429",1.79521789276656,0.994739174019831,"O00429","9606.ENSP00000449089",11,2499.35010426606,0.0385759061988017,5,6483.70020853213,477.390958858854,1.20882779837502,0.315286176961843,0.508536500308625,1.26386971601022,0.405041462271951,1.3398574150881
"DNMT1","P26358",1.36207432028935,1.5371069429194,"P26358","9606.ENSP00000352516",14,13982.9473322616,0.0655702185627455,3,29450.8946645232,2635.27797100671,1.56847613788753,1.71796421295227,0.85739803955035,0.427956572003405,1.80461167072269,1.16707939759442
"DOCK3","O15017",4.01577358987318,0.0226214808704385,"O15017","9606.ENSP00000266037",1,0,0.0145561181367583,2,1485,0.830776278843432,0.01,0.01,0.198116285760873,0.01,0.100431689134722,2.00393951751872
"DONSON","Q8NC53",1.37096734758541,0.199843856162561,"Q8NC53","9606.ENSP00000307143",3,0.279287276191301,0.0107428189267862,3,1485.55857455238,2.36317832835205,0.249765559675005,0.0100341138861166,0.148835036657561,0.427956572003405,0.100465727436797,1.17088314856155
"DPF1","Q08AJ0",3.41833433905553,0.196860105887558,"Q08AJ0","9606.ENSP00000347716",3,0,0.00234608954437767,4,1485,2.32047735222574,0.249765559675005,0.01,0.0403197354544851,0.84591314400681,0.100431689134722,1.84887380290152
"DPYSL3","Q14195",1.77924374535472,0.194481283681158,"Q14195","9606.ENSP00000343690",3,75.2087164545447,0.0025744390028975,3,1635.41743290909,16.4283829204711,0.249765559675005,0.0191864607048949,0.043270814278432,0.427956572003405,0.109597795963076,1.333882957892
"DSCAM","O60468",-5.83095219849217,0.103820499210934,"O60468","9606.ENSP00000383303",2,0,0.00162089226887411,3,1485,1.57516871324447,0.129882779837503,0.01,0.0309476338660039,0.427956572003405,0.100431689134722,-2.41473646564013
"DUSP1","P28562",-2.97785967765142,1.14631721439432,"P28562","9606.ENSP00000239223",12,4524.79233089096,0.0582328329374566,5,10534.5846617819,858.343262030957,1.32871057821253,0.562686296284053,0.762573188717424,1.26386971601022,0.651893432350768,-1.72564761108733
"DUSP10","Q6GSI4",1.11849428642222,0.0141440090962695,"Q6GSI4","9606.ENSP00000355866",1,0,0.00477570450072941,2,1485,0.830120306500864,0.01,0.01,0.0717189132520171,0.01,0.100431689134722,1.05758890237285
"DUSP15","Q5QP62",2.89046835246211,0.01,"Q5QP62","9606.ENSP00000278979",1,0,0,2,1,0.7556,0.01,0.01,0.01,0.01,0.01,1.70013774514364
"DUSP16","Q547C7",1.34541061452077,0.0141440090962695,"Q547C7","9606.ENSP00000298573",1,0,0.00477570450072941,2,1485,0.830120306500864,0.01,0.01,0.0717189132520171,0.01,0.100431689134722,1.15991836545542
"DUSP23","Q9BVJ7",-1.5217572895022,0.01,"Q9BVJ7","9606.ENSP00000357087",1,0,0,2,1,0.7556,0.01,0.01,0.01,0.01,0.01,-1.2335952697308
"DUSP6","O75109",-1.46594147431151,0.326532188261236,"O75109","9606.ENSP00000279488",4,1022.59851518729,0.0282135509026492,3,3530.19703037459,195.009085553818,0.369648339512507,0.134906547000169,0.374618393040445,0.427956572003405,0.225061488373328,-1.21076070068016
"DYNC1I1","O14576",1.44490810818708,0.594223668121423,"O14576","9606.ENSP00000320130",7,1764.53592650394,0.00750751334815754,4,5014.07185300788,336.499387652239,0.729296679025015,0.225531400020646,0.107023499884159,0.84591314400681,0.315485549475225,1.20204330545413
"E2F1","Q01094",1.39205062940955,3.30606565628857,"Q01094","9606.ENSP00000345571",29,25908.1367987355,0.241437146028956,8,53301.2735974711,4884.96233304802,3.36671783545007,3.17458107329186,3.13021781693147,2.51773943202043,3.25800119458365,1.17985195232688
"E2F2","Q14209",2.15250836416733,0.632223242092462,"Q14209","9606.ENSP00000355249",7,60.8636795580649,0.081517969916213,7,1606.72735911613,16.7218673368822,0.729296679025015,0.0174342686190291,1.0634991252015,2.09978286001703,0.107849486101555,1.46714292560995
"E2F3","O00716",1.179379536749,0.722428913284377,"O00716","9606.ENSP00000262904",8,91.7866385686419,0.0831176509307821,7,1668.57327713728,23.2618024929534,0.849179458862517,0.0212113912880675,1.0841726349955,2.09978286001703,0.111618240031973,1.08599242020789
"EBP","Q15125",1.55446692956063,0.381365096951365,"Q15125","9606.ENSP00000417052",5,0,0.00198031229842324,6,1485,3.81097281954585,0.48953111935001,0.01,0.0355926058531509,1.68182628801362,0.100431689134722,1.24678263123956
"ECE1","P42892",1.44682149624617,0.0996666982609182,"P42892","9606.ENSP00000364028",2,17.3954650570694,0.00133040696356303,2,1519.79093011414,4.83033593090812,0.129882779837503,0.0121247903663763,0.0271935411752308,0.01,0.102551771733637,1.20283893196312
"ECPAS","O15074",-1.0606201009504,0.571407911173345,"O15074","9606.ENSP00000259335",7,0,0.0080034918750853,8,1485,5.30189679420006,0.729296679025015,0.01,0.113433288361156,2.51773943202043,0.100431689134722,-1.02986411771185
"EDA","O75910",1.32537378074225,0.132210214960955,"O75910","9606.ENSP00000363680",2,1484,8.93709127145777e-05,2,4453,280.141255994107,0.129882779837503,0.191264995983591,0.011154986789539,0.01,0.281295067404166,1.15124879185268
"EDARADD","Q5VYJ7",-1.23542889009409,0.0100078558087344,"Q5VYJ7","9606.ENSP00000335076",1,0,3.84667663422548e-06,2,1485,0.829800257996602,0.01,0.01,0.0100497126029175,0.01,0.100431689134722,-1.11149848857031
"EDNRB","O15343",7.67382579110343,0.306635414746571,"O15343","9606.ENSP00000366416",4,659.147531322681,0.0148706970685457,3,2803.29506264536,126.781171957546,0.369648339512507,0.0905123818179244,0.202181752918427,0.427956572003405,0.18076568461517,2.77016710526701
"EFCAB6","Q5THR3",3.25097946324564,0.204987094560266,"Q5THR3","9606.ENSP00000262726",3,237.980514481476,0.015351997740053,2,1960.96102896295,46.9744718369511,0.249765559675005,0.0390684211601467,0.208401851835426,0.01,0.129435705180154,1.80304727149502
"EFHB","Q6ZWK9",-1.8666756728952,0.5697522029665,"Q6ZWK9","9606.ENSP00000295824",7,0,0.00609331021304168,8,1485,5.30176867831599,0.729296679025015,0.01,0.0887470171990143,2.51773943202043,0.100431689134722,-1.36626339806613
"EFHC2","Q5JST6",1.04013182120484,0.659984859562657,"Q5JST6","9606.ENSP00000404232",8,68.6334775455189,0.00672681909701894,8,1622.26695509104,18.9206575726017,0.849179458862517,0.0183833201021755,0.0969341820138815,2.51773943202043,0.108796434829643,1.01986853133374
"EFNA3","P52797",-1.45908735848628,0.847577936473442,"P52797","9606.ENSP00000357393",9,1334.5154015616,0.107868802392414,4,4154.03080312319,257.252605941719,0.96906223870002,0.173006016781741,1.40404463916047,0.84591314400681,0.263076543500648,-1.20792688457799
"EFNA5","P52803",-2.39673992606451,1.36051132266055,"P52803","9606.ENSP00000328777",13,6798.88435461751,0.143553704666547,5,15082.768709235,1285.97650919577,1.44859335805003,0.840458049348143,1.86521919205157,1.26386971601022,0.929049743608706,-1.54814079658942
"EFNB2","P52799",4.19001413059687,1.39579176375543,"P52799","9606.ENSP00000493716",15,3377.16036158736,0.0714439862573386,5,8239.32072317474,645.115584825338,1.68835891772503,0.422507385026332,0.933307794592716,1.26386971601022,0.512025106893718,2.04695240066712
"EFNB3","O00680",1.46862565845425,0.667947718833693,"O00680","9606.ENSP00000226091",8,189.818276312769,0.0275939696800623,5,1864.63655262554,41.6399975569794,0.849179458862517,0.033185585642484,0.366611222637924,1.26386971601022,0.123565903899689,1.21186866386348
"EGF","P01133",5.17132999281416,6.19078506029944,"P01133","9606.ENSP00000265171",56,32972.6494058284,0.633117578055265,9,67430.2988116568,6230.99338965808,6.60355289106264,4.0374846105902,8.19210776490714,2.93569600402384,4.11899284953372,2.27405584645896
"EGFR","O00688",-1.33534200279783,13.351363205972,"O00688","9606.ENSP00000275493",105,143130.612747391,1,9,287746.225494782,26945.8844049402,12.4778091031003,17.4928638441946,12.9335201303997,2.93569600402384,17.5445598261083,-1.15556999043668
"EGLN2","Q8WWY4",-1.21353868402528,0.492226555392534,"Q8WWY4","9606.ENSP00000469686",6,587.905738378735,0.022603868005001,4,2660.81147675747,114.888411249883,0.609413899187512,0.08181046583959,0.302121543187529,0.84591314400681,0.172083048937397,-1.10160731843306
"EGLN3","Q2TA79",7.05921481758695,0.703968984340358,"Q2TA79","9606.ENSP00000250457",8,1860.31815681815,0.0299346877570049,4,5205.63631363629,355.21610211741,0.849179458862517,0.237230837751916,0.396861539824883,0.84591314400681,0.327159065481161,2.65691829335923
"EGR1","P18146",1.23919473186012,1.49763523026646,"P18146","9606.ENSP00000239938",16,1774.72430191429,0.129666490728965,5,5034.44860382857,345.045162686884,1.80824169756254,0.226775871602746,1.68574750317406,1.26386971601022,0.316727263758104,1.11319123777549
"EGR3","Q06889",-10.59712502933,0.315710315397137,"Q06889","9606.ENSP00000318057",4,0,0.0328488406267548,5,1485,3.06778317174084,0.369648339512507,0.01,0.434522653100157,1.26386971601022,0.100431689134722,-3.2553225691673
"EHD2","Q96CB6",1.13706713368223,0.289990146663965,"Q96CB6","9606.ENSP00000263277",4,107.898238012486,0.00528388593839812,4,1700.79647602497,23.3103016299337,0.369648339512507,0.023179362318039,0.0782864062916241,0.84591314400681,0.113581850749452,1.06633350021568
"EHD3","Q8N514",3.00408557209056,0.0116265854937995,"Q8N514","9606.ENSP00000327116",1,0,0.00187136641678784,2,1485,0.829925512545574,0.01,0.01,0.0341846415587116,0.01,0.100431689134722,1.73322980937052
"EIF1","P41567",-1.68445803523764,0.383539186175645,"P41567","9606.ENSP00000419449",5,302.364320675718,0.00145389776256554,5,2089.72864135144,60.5604777901688,0.48953111935001,0.046932659954761,0.0287894770020589,1.26386971601022,0.137282519664073,-1.29786672475938
"EIF2A","Q5QTR2",-1.1465421333919,0.0126691726727928,"Q5QTR2","9606.ENSP00000417229",1,0,0.00307419364332546,2,1485,0.830006186167658,0.01,0.01,0.0497294034342635,0.01,0.100431689134722,-1.07076707709562
"EIF2AK1","Q549K6",-1.10136781066539,0.102923059070674,"Q549K6","9606.ENSP00000199389",2,31.6427785076125,0.00471046369362919,2,1548.28555701523,7.50506831224895,0.129882779837503,0.0138650459023532,0.0708757723681339,0.01,0.104288171492349,-1.04946072373643
"EIF2AK2","P19525",1.11269935851912,2.77347171106387,"P19525","9606.ENSP00000233057",26,19508.3487674481,0.0714235996133707,14,40501.6975348961,3681.43955100618,3.00706949593756,2.39287113273448,0.933044327389006,5.02547886404086,2.478023240711,1.05484565625456
"EIF4E1B","NA",4.32245448495547,0.132445805426656,NA,"9606.ENSP00000497422",2,1484,0.000361170367155727,2,4453,280.141274223697,0.129882779837503,0.191264995983591,0.0146675925104409,0.01,0.281295067404166,2.07905134254916
"EIF4G1","O43177",1.15295384519428,0.699796077281191,"O43177","9606.ENSP00000416255",7,6149.58301849142,0.00837562663480767,5,13784.1660369829,1159.67077598449,0.729296679025015,0.761148343091381,0.118242579419649,1.26386971601022,0.849915758995078,1.07375688365397
"EIF5A2","Q9GZV4",1.07330691833242,0.659252713630943,"Q9GZV4","9606.ENSP00000295822",8,0,0.00273547143501105,9,1485,6.04680346806914,0.849179458862517,0.01,0.0453519201564986,2.93569600402384,0.100431689134722,1.03600526945205
"EIF5AL1","Q6IS14",-1.66342005099201,0.659252713630943,"Q6IS14","9606.ENSP00000430706",8,0,0.00273547143501105,9,1485,6.04680346806914,0.849179458862517,0.01,0.0453519201564986,2.93569600402384,0.100431689134722,-1.28973642694622
"ELL2","O00472",2.59789679722588,0.132562353636713,"O00472","9606.ENSP00000237853",2,1484,0.000495631410879613,2,4453,280.141283241999,0.129882779837503,0.191264995983591,0.0164053025157611,0.01,0.281295067404166,1.61179924222152
"ELOVL4","Q5TCS2",2.57860057839436,0.211639865748648,"Q5TCS2","9606.ENSP00000358831",3,632.226444032564,0.00763912492098914,3,2749.45288806513,120.992090429901,0.249765559675005,0.0872240726673065,0.108724384695041,0.427956572003405,0.177484661169093,1.60580216041527
"ELOVL6","Q4W5L0",1.86464491629302,0.668309382626443,"Q4W5L0","9606.ENSP00000378105",8,613.930330352756,0.0118332304957741,6,2712.86066070551,121.263545268589,0.849179458862517,0.0849892714727744,0.162926992519796,1.68182628801362,0.175254811486256,1.36552001680423
"EMB","Q6PCB8",6.26909733268908,0.315985402372667,"Q6PCB8","9606.ENSP00000302289",3,4448,0.0320705588976304,2,10381,837.280450972386,0.249765559675005,0.553306403055939,0.424464513506696,0.01,0.642534321575752,2.50381655332196
"EMD","P50402",-1.02360724188104,0.304368170143108,"P50402","9606.ENSP00000358857",4,983.816695744842,0.00366867931831537,3,3452.63339148969,187.727316183544,0.369648339512507,0.130169494206724,0.0574122510222298,0.427956572003405,0.220334931176699,-1.01173476854413
"EME2","Q8TEP2",2.22049546860876,0.105843568855487,"Q8TEP2","9606.ENSP00000457353",2,0,0.00395489684775244,3,1485,1.57532525493158,0.129882779837503,0.01,0.0611111890255831,0.427956572003405,0.100431689134722,1.49013270167752
"ENC1","O14682",2.51949619386577,0.47310093990365,"O14682","9606.ENSP00000499185",6,0,0.0012013643703382,7,1485,4.55618057550832,0.609413899187512,0.01,0.0255258566240108,2.09978286001703,0.100431689134722,1.58729209469013
"ENG","P17813",2.02449675391379,1.35187814504485,"P17813","9606.ENSP00000362299",14,2116.58233209551,0.155771068702886,5,5718.16466419103,407.750562946548,1.56847613788753,0.26853253903385,2.02311054211563,1.26386971601022,0.358391413506834,1.4228481134379
"ENO1","P06733",1.01477206354913,1.53237179500118,"P06733","9606.ENSP00000495530",14,9865.90010535396,0.159064560727974,5,21216.8002107079,1862.45271623713,1.56847613788753,1.21508244135546,2.06567405260116,1.26386971601022,1.30284410336867,1.00735895466766
"EPAS1","Q86VA2",1.60830645083069,1.20951496652365,"Q86VA2","9606.ENSP00000263734",11,6952.1045913755,0.1636407635692,6,15389.209182751,1313.28070927902,1.20882779837502,0.859173322663872,2.12481470214054,1.68182628801362,0.947723550643272,1.26819022659485
"EPB41L2","O43491",2.88902748507399,0.0100334703308018,"O43491","9606.ENSP00000357110",1,0,3.33980131153493e-05,2,1485,0.82980224000474,0.01,0.01,0.0104316198948116,0.01,0.100431689134722,1.69971394213085
"EPB41L3","O95713",-8.08435352422103,0.132805324306912,"O95713","9606.ENSP00000343158",2,1484,0.000775945367596542,2,4453,280.141302042656,0.129882779837503,0.191264995983591,0.0200279455782243,0.01,0.281295067404166,-2.84329975982502
"EPGN","Q6UW88",1.972544789114,0.361904260337988,"Q6UW88","9606.ENSP00000411898",4,0,0.0861425467029103,5,1485,3.07135758060736,0.369648339512507,0.01,1.12326493639896,1.26386971601022,0.100431689134722,1.40447313577512
"EPHA2","P29317",3.08041400703021,2.45652220838789,"P29317","9606.ENSP00000351209",24,9386.14663957821,0.22141646659415,5,20257.2932791564,1779.74727758404,2.76730393626256,1.15648236719983,2.87148016323147,1.26386971601022,1.24437386579679,1.75511082471456
"EPHA4","P54764",-4.21589383061251,0.709216380013624,"P54764","9606.ENSP00000281821",8,1397.09657603581,0.0432773147029521,5,4279.19315207162,268.271331862939,0.849179458862517,0.180650070919016,0.569295247753246,1.26386971601022,0.270703661176845,-2.05326418919059
"EPHA6","Q9UF33",-1.1307677172123,0.522032886915258,"Q9UF33","9606.ENSP00000374323",6,1622.78198217844,0.0246608087526085,5,4730.56396435689,309.165807694981,0.609413899187512,0.208216691025485,0.328704458346274,1.26386971601022,0.298209203616918,-1.06337562376251
"EPHB6","O15197",2.53988672552056,0.396710629092337,"O15197","9606.ENSP00000481994",5,1.19449112978525,0.0246145592105178,5,1487.38898225957,4.02643077336954,0.48953111935001,0.0101459025807567,0.328106751458043,1.26386971601022,0.100577268448095,1.59370220728986
"EPHX1","P07099",1.52063744487708,0.565675199897203,"P07099","9606.ENSP00000480004",7,332.713932177384,0.00251418690729601,6,2150.42786435477,67.7380079748544,0.729296679025015,0.0506397503907132,0.0424921451080275,1.68182628801362,0.14098139652752,1.23314129153033
"ERCC6L","Q2NKX8",1.41282511343658,0.474945901619641,"Q2NKX8","9606.ENSP00000334675",6,31.4241103367224,0.0124223919006623,5,1547.84822067344,10.4352871622343,0.609413899187512,0.0138383364110337,0.170541031795924,1.26386971601022,0.104261521179609,1.18862320078172
"ERGIC2","Q53GY2",1.07148022508436,0.192337033125408,"Q53GY2","9606.ENSP00000353270",3,2.33876152832675,0.00202777197511831,3,1489.67752305665,2.74919831676387,0.249765559675005,0.0102856708888401,0.036205951940302,0.427956572003405,0.100716727080126,1.03512328979903
"ERO1B","Q5T1H4",-1.40414638477569,0.392609057364392,"Q5T1H4","9606.ENSP00000346635",5,71.5329533081374,0.0180224033366394,5,1628.06590661627,17.2299247575953,0.48953111935001,0.018737480117314,0.242912892319242,1.26386971601022,0.109149810154197,-1.184966828555
"ERP27","Q96DN0",-2.86568715152341,0.111162645213421,"Q96DN0","9606.ENSP00000266397",2,0,0.0100914866622691,3,1485,1.57573683601044,0.129882779837503,0.01,0.140417531025494,0.427956572003405,0.100431689134722,-1.69283405906291
"ERP44","O60319",-1.419228810777,0.198664591098509,"O60319","9606.ENSP00000262455",3,13.61841478958,0.00902953610955934,3,1512.23682957916,4.86708443528683,0.249765559675005,0.0116634379394449,0.126693391680061,0.427956572003405,0.102091441496931,-1.19131390102567
"ERV3-1","Q14264",-1.28333435515286,0.234374046673192,"Q14264","9606.ENSP00000391594",3,592.345214427815,0.0349221397028098,3,2669.69042885562,113.507415880299,0.249765559675005,0.08235273107423,0.461316975445894,0.427956572003405,0.172624112708275,-1.13284348219551
"ESCO2","Q49AP4",1.83549186677025,0.555974259182862,"Q49AP4","9606.ENSP00000306999",6,3902.20600236916,0.0134599315841028,3,9289.41200473832,737.03795352235,0.609413899187512,0.486639727322501,0.183949696780956,0.427956572003405,0.576015355099539,1.3548032575877
"ESPL1","Q14674",1.80640498465725,1.71545111454099,"Q14674","9606.ENSP00000257934",19,3403.04352130558,0.0279776953501851,6,8291.08704261117,652.921626283511,2.16789003707504,0.425668915243559,0.371570309060308,1.68182628801362,0.515179632302696,1.34402566368996
"ESR1","P03372",-1.3571743946305,7.24623977634331,"P03372","9606.ENSP00000405330",56,81286.4886909787,0.573065982480662,9,164057.977381957,15300.463272606,6.60355289106264,9.93883763213645,7.41602976063612,2.93569600402384,10.0072706057866,-1.16497828075484
"ETS2","P15036",1.25022310960113,0.123142405016035,"P15036","9606.ENSP00000353344",2,0,0.023912471178767,3,1485,1.57666380944196,0.129882779837503,0.01,0.319033302646398,0.427956572003405,0.100431689134722,1.11813376194493
"ETV5","P41161",6.97206363239594,0.0105472575704229,"P41161","9606.ENSP00000306894",1,0,0.000626151590864711,2,1485,0.829841995987199,0.01,0.01,0.0180920826892219,0.01,0.100431689134722,2.64046655581849
"EVC","P57679",4.46255002623373,0.0106967743233396,"P57679","9606.ENSP00000264956",1,0,0.000798648265344705,2,1485,0.829853565339157,0.01,0.01,0.0203213469342911,0.01,0.100431689134722,2.11247485813056
"EXO1","O60545",1.56607591956578,3.50000614501634,"O60545","9606.ENSP00000355506",37,9317.11862161047,0.0708912273029104,12,20119.2372432209,1776.40588232333,4.32578007415009,1.14805085547498,0.926164203117905,4.18956572003405,1.23596103525441,1.2514295503806
"EXOSC6","Q5RKV6",-1.31451045939117,0.10734684977686,"Q5RKV6","9606.ENSP00000398597",2,290.444105704932,0.00296982038823305,2,2065.88821140987,56.0871367087832,0.129882779837503,0.0454766507102845,0.0483805335710013,0.01,0.135829736409818,-1.14652102439998
"EXTL3","O00225",1.75218916117586,0.0100000091406694,"O00225","9606.ENSP00000220562",1,0,0,2,4,0.75575,0.01,0.01,0.01,0.01,0.0101828133877387,1.32370282207747
"EYA2","O00167",4.18069386114807,0.102648751704959,"O00167","9606.ENSP00000333640",2,0,0.000269053467081683,3,1485,1.57507804541604,0.129882779837503,0.01,0.013477117897984,0.427956572003405,0.100431689134722,2.04467451227526
"EZR","P15311",1.04065845664271,2.31966268109287,"P15311","9606.ENSP00000338934",22,12308.3125001505,0.189546421299643,5,26101.625000301,2326.82417540673,2.52753837658755,1.51341389211898,2.45960699131117,1.26386971601022,1.6005145594671,1.02012668656531
"F2R","P25116",3.18355232696769,0.240381237772778,"P25116","9606.ENSP00000321326",3,2116.6455219093,0.0015404455973121,3,5718.29104381861,399.646830690501,0.249765559675005,0.268540257430981,0.0299079796866486,0.427956572003405,0.358399114802787,1.78425119503048
"F2RL1","P55085",1.54185327109913,0.0100619917102941,"P55085","9606.ENSP00000296677",1,0,6.63029753890086e-05,2,1485,0.829804446940559,0.01,0.01,0.0108568678371453,0.01,0.100431689134722,1.24171384428907
"F8A1","P23610",-1.34266013117616,0.0136247812579684,"P23610","9606.ENSP00000479624",1,0,0.00417667413351551,2,1485,0.830080129534135,0.01,0.01,0.0639773322426074,0.01,0.100431689134722,-1.1587321222682
"FAM107B","Q5T9K7",1.037889439213,0.102430550349816,"Q5T9K7","9606.ENSP00000181796",2,0,1.73157360585271e-05,3,1485,1.57506116136642,0.129882779837503,0.01,0.0102237802635251,0.427956572003405,0.100431689134722,1.01876858962818
"FANCA","O15360",1.47254675388347,0.547520029597559,"O15360","9606.ENSP00000373952",6,2967.77095799072,0.0284187155538206,3,7420.54191598144,561.62681027727,0.609413899187512,0.372502015350678,0.377269842539905,0.427956572003405,0.462130531043176,1.21348537440031
"FANCF","Q52LM0",-1.40971698042885,0.19360156339353,"Q52LM0","9606.ENSP00000330875",3,56.6247251283186,0.00205098891393484,3,1598.24945025664,12.9397609609144,0.249765559675005,0.0169164963429627,0.0365059965164636,0.427956572003405,0.107332861021708,-1.18731502998524
"FAS","P25445",3.95927308236668,0.936824476960726,"P25445","9606.ENSP00000498466",10,947.773733504075,0.114445859710531,5,3380.54746700815,185.399161137196,1.08894501853752,0.125766982477742,1.48904337180995,1.26386971601022,0.215942173822452,1.98979222090315
"FASN","P49327",2.38431749325263,1.99022936505705,"P49327","9606.ENSP00000304592",19,13790.5526493204,0.0702763292661651,6,29066.1052986408,2602.86767676383,2.16789003707504,1.69446392896938,0.918217555961883,1.68182628801362,1.7811634548751,1.54412353561904
"FAT1","Q14517",4.70463852227053,0.342224246912119,"Q14517","9606.ENSP00000406229",4,2501.90594160327,0.0121569121543125,2,6488.81188320654,472.693308721864,0.369648339512507,0.315598362840997,0.167110098949759,0.01,0.405352956460033,2.16901787043596
"FAT2","O75091",7.48922251834583,0.0100251486032505,"O75091","9606.ENSP00000261800",1,0,2.37972807524302e-05,2,1485,0.82980159608362,0.01,0.01,0.0103075446368528,0.01,0.100431689134722,2.7366443901877
"FAU","P35544",-1.24306541154173,3.95880632132554,"P35544","9606.ENSP00000431822",36,35993.0413528083,0.0112637628200743,9,73471.0827056166,6783.24025820975,4.20589729431259,4.40641408103371,0.155567465549279,2.93569600402384,4.48710490561768,-1.11492843337217
"FBLIM1","Q5VVD3",1.64563963837538,0.20585590365894,"Q5VVD3","9606.ENSP00000416387",3,102.421535755801,0.0149775975903309,3,1689.8430715116,21.5376052395493,0.249765559675005,0.0225104038190084,0.203563283963668,0.427956572003405,0.112914374420665,1.28282486660315
"FBLN1","P23142",5.75843279690103,0.445895867716408,"P23142","9606.ENSP00000331544",5,1401.39261841443,0.0542527521949689,3,4287.78523682887,266.853031060847,0.48953111935001,0.181174816272457,0.711136535121268,0.427956572003405,0.271227243884248,2.39967347714247
"FBN2","P35556",6.19397808239175,0.35508037002131,"P35556","9606.ENSP00000424571",4,1484,0.0439852772318587,4,4453,281.634720092544,0.369648339512507,0.191264995983591,0.578444615747138,0.84591314400681,0.281295067404166,2.48877039567569
"FBXO2","Q5TGY0",3.50526709932559,0.153324072363796,"Q5TGY0","9606.ENSP00000346240",2,1484,0.0244483147526852,2,4453,280.142889748471,0.129882779837503,0.191264995983591,0.325958287860676,0.01,0.281295067404166,1.87223585568848
"FBXO32","Q969P5",2.52238310721427,0.0221755407979582,"Q969P5","9606.ENSP00000428205",1,0,0.0140416394711935,2,1485,0.830741772759333,0.01,0.01,0.191467410369785,0.01,0.100431689134722,1.58820121748293
"FCAR","P24071",7.40017540546544,0.01,"P24071","9606.ENSP00000347714",1,0,0,2,1,0.7556,0.01,0.01,0.01,0.01,0.01,2.72032634172179
"FCGRT","P55899",-1.62798001631324,0.01,"P55899","9606.ENSP00000410798",1,0,0,2,1,0.7556,0.01,0.01,0.01,0.01,0.01,-1.27592320157337
"FCN2","Q15485",4.0745299296717,0.401579819729091,"Q15485","9606.ENSP00000291744",5,741.266921379416,0.010659914080733,5,2967.53384275882,142.951891441781,0.48953111935001,0.10054295520661,0.147763614210684,1.26386971601022,0.190774033878705,2.01854648935111
"FDFT1","P37268",1.20875902071633,1.25490180721698,"P37268","9606.ENSP00000491537",14,2461.44113529823,0.00996084276789199,10,6407.88227059646,472.529127991909,1.56847613788753,0.310655739557736,0.138729152026599,3.35365257602724,0.400421284243492,1.09943577380233
"FDPS","P14324",1.28475900440877,1.067142501749,"P14324","9606.ENSP00000349078",12,1936.80555998564,0.0105232660150145,10,5358.61111997128,372.574635515956,1.32871057821253,0.246573485210104,0.14599764018259,3.35365257602724,0.336481013009416,1.13347210129265
"FERMT1","Q5JWV4",1.14594251278297,0.104681436206097,"Q5JWV4","9606.ENSP00000217289",2,7.4967540205398,0.0073776678252192,2,1499.99350804108,2.97255548491677,0.129882779837503,0.0109157001936814,0.105345438654623,0.01,0.101345360467748,1.0704870446591
"FGD3","Q4VX84",-2.2134748041647,0.120776744206529,"Q4VX84","9606.ENSP00000336914",2,895.429681017526,0.00246416559132665,2,3275.85936203505,169.654994992196,0.129882779837503,0.119373354132904,0.0418456936241484,0.01,0.209562711447094,-1.4877751188149
"FGF13","O95830",-2.803082136549,1.24668699191246,"O95830","9606.ENSP00000396198",11,9420.82135809916,0.151160973958152,4,20326.6427161983,1776.6868037089,1.20882779837502,1.16071775312532,1.96353188987901,0.84591314400681,1.24859986763792,-1.67424076421195
"FGFBP1","Q14512",7.03937470762452,0.0156439916749018,"Q14512","9606.ENSP00000371770",1,0,0.00650622634222491,2,1485,0.830236372600773,0.01,0.01,0.0940833471066806,0.01,0.100431689134722,2.65318199670217
"FGFR1","P11362",3.09574698142338,3.69482318768552,"P11362","9606.ENSP00000393312",35,17379.9007206436,0.315494867107139,6,36244.8014412872,3288.43606351996,4.08601451447509,2.13288924145733,4.08730426609689,1.68182628801362,2.21861737533631,1.75947349551603
"FGFR4","O43785",2.58565789597235,1.52065815567186,"O43785","9606.ENSP00000292408",16,259.069393549121,0.191349656288572,6,2003.13878709824,60.5408503784883,1.80824169756254,0.0416443481005073,2.48291113499043,1.68182628801362,0.132005924797465,1.60799810198033
"FHDC1","Q9C0D6",-1.20002226456419,0.01,"Q9C0D6","9606.ENSP00000427567",1,0,0,2,1,0.7556,0.01,0.01,0.01,0.01,0.01,-1.0954552772999
"FICD","O75406",-1.45068692310977,0.111651490475783,"O75406","9606.ENSP00000446479",2,52.7217877746352,0.0142229455444007,2,1590.44357554927,11.4626579340122,0.129882779837503,0.0164397672838389,0.193810523056642,0.01,0.106857188221869,-1.20444465340246
"FJX1","Q86VR8",1.46956001730753,0.223574690457882,"Q86VR8","9606.ENSP00000400223",3,1608.435699317,0.000552888870887861,2,4701.87139863401,304.235326558045,0.249765559675005,0.206464346749704,0.0171452704527933,0.01,0.29646074190268,1.2122541059149
"FKBP4","Q02790",-1.01714737383024,0.641177362704041,"Q02790","9606.ENSP00000001008",7,274.145169495099,0.0911695556420763,6,2033.29033899019,56.7494259597169,0.729296679025015,0.0434857972017857,1.18823158761997,1.68182628801362,0.133843293913113,-1.00853724464208
"FKRP","Q9H9S5",1.13525320176833,0.353359072900488,"Q9H9S5","9606.ENSP00000326570",4,2967,0.00774128845047556,3,7419,560.010759208217,0.369648339512507,0.372407845743474,0.110044697124952,0.427956572003405,0.462036570081785,1.06548261448431
"FLCN","Q6ZRX1",-1.04822583412899,0.197309117641813,"Q6ZRX1","9606.ENSP00000285071",3,7.30957993807789,0.00763257923226891,3,1499.61915987616,3.68269626306509,0.249765559675005,0.0108928375863325,0.108639791355098,0.427956572003405,0.101322548515673,-1.02382900629401
"FLNA","P21333",3.06036503018082,2.53864090738865,"P21333","9606.ENSP00000358866",24,11787.1498813919,0.237773293229229,8,25059.2997627838,2230.49557318966,2.76730393626256,1.44975584629952,3.08286794151938,2.51773943202043,1.53699755686842,1.74938990227474
"FMNL1","O95466",1.715822010634,0.0986396916097438,"O95466","9606.ENSP00000329219",2,13.6948543887571,0.00024342250164613,2,1512.38970877751,4.13558439220467,0.129882779837503,0.0116727747478261,0.013145875600216,0.01,0.10210075761832,1.30989389289133
"FMOD","Q06828",3.74498264159042,0.232115440341735,"Q06828","9606.ENSP00000347041",3,0,0.0430199794756955,4,1485,2.32320535002343,0.249765559675005,0.01,0.565969570763533,0.84591314400681,0.100431689134722,1.93519576311815
"FN1","O95609",1.13558372974587,9.23480972515301,"O95609","9606.ENSP00000346839",77,80917.0166374615,0.742340947763481,9,163319.033274923,15246.5517019916,9.12109126765019,9.89370801603346,9.60365818204136,2.93569600402384,9.96224098060112,1.06563771036214
"FNIP1","Q86T47",-1.33126370983903,0.248252016351666,"Q86T47","9606.ENSP00000421985",3,1530.72575379071,0.0261163516502744,3,4546.45150758143,289.659620125298,0.249765559675005,0.196972370359066,0.347515196284919,0.427956572003405,0.286989796300915,-1.15380401708394
"FOS","P01100",-8.26535272050423,5.47371039395231,"P01100","9606.ENSP00000306245",48,39455.0026872031,0.447616440528014,9,80395.0053744063,7441.96854607644,5.64449065236262,4.8292795846553,5.79478007986166,2.93569600402384,4.90903349212499,-2.87495264665424
"FOSB","P53539",-6.3827589010264,0.887194602100766,"P53539","9606.ENSP00000245919",10,427.263015655416,0.0709537411193155,5,2339.52603131083,87.6859721662517,1.08894501853752,0.0621885638926659,0.926972101682644,1.26386971601022,0.15250462203299,-2.52641225872311
"FOXA1","P55317",-1.18486730154349,1.24769136313968,"P55317","9606.ENSP00000250448",13,2216.35582396966,0.129623234269444,6,5917.71164793932,425.753609105908,1.44859335805003,0.2807194942925,1.68518847744868,1.68182628801362,0.370551366877519,-1.08851610072772
"FOXJ1","O00630",-2.40378590427964,0.132137113069252,"O00630","9606.ENSP00000323880",2,1484,5.0336530358641e-06,2,4453,280.141250337607,0.129882779837503,0.191264995983591,0.0100650525163384,0.01,0.281295067404166,-1.55041475234198
"FOXN1","O15352",-3.27640381398322,0.01,"O15352","9606.ENSP00000226247",1,0,0,2,1,0.7556,0.01,0.01,0.01,0.01,0.01,-1.81008392456903
"FOXO1","O43523",-1.2605059632562,2.77421346189376,"O43523","9606.ENSP00000368880",26,11031.4351870361,0.326233332009936,8,23547.8703740723,2090.10868378,3.00706949593756,1.35744815018285,4.22608303343778,2.51773943202043,1.44489438124239,-1.12272256735856
"FOXP1","Q548T7",-2.71096044155671,0.452348299063355,"Q548T7","9606.ENSP00000484803",5,2558.2142488091,0.0311031939626125,3,6601.42849761822,484.010034877664,0.48953111935001,0.322476209929615,0.41196275329555,0.427956572003405,0.412215564725453,-1.64649945082187
"FRAS1","Q86UZ4",6.55090810400079,0.123651515881556,"Q86UZ4","9606.ENSP00000422834",2,109.584449366823,0.026563501320188,2,1704.16889873365,22.1377444491736,0.129882779837503,0.0233853266673459,0.353293944045349,0.01,0.113787358756205,2.55947418506239
"FRK","P42685",6.09964124725395,0.0100000060937796,"P42685","9606.ENSP00000476145",1,0,0,2,3,0.7557,0.01,0.01,0.01,0.01,0.0101218755918258,2.46974517860729
"FRMD6","Q5HYF2",1.2087392123035,0.103589298491957,"Q5HYF2","9606.ENSP00000343899",2,106.251224939515,0.00350598048638064,2,1697.50244987903,21.510485091757,0.129882779837503,0.0229781858907769,0.0553096093925288,0.01,0.113381120056439,1.09942676532068
"FSIP1","Q6X2C8",-4.7667348585965,0.0109367344093644,"Q6X2C8","9606.ENSP00000280236",1,0,0.00107548892727529,2,1485,0.829872133042352,0.01,0.01,0.0238991028016643,0.01,0.100431689134722,-2.18328533604669
"FST","P19883",6.00216597646769,0.507096022257692,"P19883","9606.ENSP00000256759",5,5943.23226612121,0.0047440239679695,3,13371.4645322424,1119.44384917796,0.48953111935001,0.735943377929926,0.0713094892491526,0.427956572003405,0.824766638926262,2.44993183098381
"FSTL1","Q12841",1.46939075793809,0.207527158768405,"Q12841","9606.ENSP00000295633",3,64.0774801687435,0.0179197754106578,3,1613.15496033749,14.3398564566133,0.249765559675005,0.017826822227376,0.241586578251878,0.427956572003405,0.108241169952992,1.2121842920687
"FSTL3","O95633",1.15582385555656,0.0100121678099807,"O95633","9606.ENSP00000166139",1,0,8.82140930348673e-06,2,1485,0.829800591651922,0.01,0.01,0.0101140036607121,0.01,0.100431689134722,1.07509248697801
"FUNDC1","Q8IVP5",1.32302722743838,0.577083942708651,"Q8IVP5","9606.ENSP00000367284",7,436.498713730776,0.0178934438246066,5,2357.99742746155,87.2112286548187,0.729296679025015,0.0633166695358841,0.24124628146948,1.26386971601022,0.153630228201848,1.15022920647947
"FURIN","P09958",1.44261103357033,1.29164672686325,"P09958","9606.ENSP00000483552",12,12024.3235317633,0.037487145814634,3,25533.6470635265,2266.13328764547,1.32871057821253,1.47872571205557,0.494465883566652,0.427956572003405,1.56590323587291,1.20108743793711
"FUT2","Q0VAG5",1.92737239924457,1.0345753809748,"Q0VAG5","9606.ENSP00000387498",5,29125.7298382772,0.000202004261572876,3,59736.4596765544,5471.26198878983,0.48953111935001,3.56759791250302,0.0126106061408636,0.427956572003405,3.65014725053228,1.38829838264134
"FUT8","O00235",1.79583053264403,0.350539498127454,"O00235","9606.ENSP00000353910",4,3322.79137136048,4.07608545622578e-05,2,8130.58274272097,626.789108965621,0.369648339512507,0.415866418183268,0.0105267737244676,0.01,0.505398854032847,1.34008601688251
"FUT9","Q5T0W4",2.10452366247373,0.195588314458478,"Q5T0W4","9606.ENSP00000302599",3,220.437571925251,1.08433440186405e-05,3,1925.8751438505,43.6905717290712,0.249765559675005,0.0369256169741666,0.0101401341747058,0.427956572003405,0.127297648673748,1.45069764681471
"FYN","P06241",1.68170214430336,3.29612937325583,"P06241","9606.ENSP00000346671",31,14316.5308528387,0.338186358553564,7,30118.0617056774,2710.45220385395,3.60648339512507,1.75871018028219,4.38055821259356,2.09978286001703,1.84526735971635,1.29680458986825
"FZD5","Q13467",1.98696202062461,0.416747424002703,"Q13467","9606.ENSP00000354607",5,2083.04804688385,0.00259706075447383,3,5651.0960937677,394.809923545902,0.48953111935001,0.264436452730478,0.0435631669403137,0.427956572003405,0.354304402650208,1.40959640345193
"GAB2","O60317",-2.71667225111029,0.665778156565663,"O60317","9606.ENSP00000354952",7,7.57817859573494,0.126601079565035,6,1500.15635719147,6.71184682039779,0.729296679025015,0.0109256458980586,1.64613160028906,1.68182628801362,0.101355284136039,-1.64823306941412
"GABARAPL1","Q9H0R8",1.00044409828881,1.17094039690313,"Q9H0R8","9606.ENSP00000411256",12,6830.17986259904,0.0355949705601891,3,15145.3597251981,1291.08851116177,1.32871057821253,0.844280677467129,0.47001231857559,0.427956572003405,0.932863902165443,1.00022202449697
"GABBR1","O95375",1.76729824932151,0.349865024593464,"O95375","9606.ENSP00000366233",4,3001.58413314064,0.00775737893180453,2,7488.16826628128,566.492603760566,0.369648339512507,0.376632167006839,0.110252642784315,0.01,0.466251531776081,1.32939770171364
"GABRA1","P14867",-2.07405947101431,0.732420480540495,"P14867","9606.ENSP00000393097",8,3925.81615309948,0.00317239304743071,5,9336.63230619897,742.959881032237,0.849179458862517,0.489523618075401,0.0509984854100109,1.26386971601022,0.578892856192894,-1.44015952970992
"GABRQ","Q32MB4",3.47916234448861,0.102539219447847,"Q32MB4","9606.ENSP00000469332",2,0,0.000142686690573652,3,1485,1.57506956999634,0.129882779837503,0.01,0.0118440143179687,0.427956572003405,0.100431689134722,1.86525128186221
"GADD45B","O75293",-1.58804664037697,0.307414332645623,"O75293","9606.ENSP00000215631",4,438.367556772033,0.0216081518675693,3,2361.73511354406,85.3368070159918,0.369648339512507,0.0635449416560777,0.289253385641266,0.427956572003405,0.153857994553531,-1.26017722578095
"GAGE1","Q13065",4.86204321147039,0.632973361162473,"Q13065","9606.ENSP00000484668",6,7338.13562896937,0.00150207451314703,5,16161.2712579387,1382.05044101427,0.609413899187512,0.906325556140283,0.0294120902080161,1.26386971601022,0.994771311813139,2.20500412958126
"GAGE10","NA",-3.57718030220068,0.288533066882237,NA,"9606.ENSP00000385415",4,0,0.00149459503966911,5,1485,3.06568024248931,0.369648339512507,0.01,0.0293154290819593,1.26386971601022,0.100431689134722,-1.89134351776738
"GALNT11","Q6PCD1",1.784495080423,0.102415572596754,"Q6PCD1","9606.ENSP00000416787",2,0,3.5982827530612e-08,3,1485,1.57506000241337,0.129882779837503,0.01,0.010000465024796,0.427956572003405,0.100431689134722,1.3358499468215
"GALNT12","Q5TCF7",6.05081732610637,0.102415572596754,"Q5TCF7","9606.ENSP00000364150",2,0,3.59828275297479e-08,3,1485,1.57506000241337,0.129882779837503,0.01,0.010000465024796,0.427956572003405,0.100431689134722,2.4598409147964
"GALNT2","Q10471",2.40292897515056,0.309027137791689,"Q10471","9606.ENSP00000355632",3,5169.5,3.61174436031976e-08,3,11824,972.728570002423,0.249765559675005,0.641434903461708,0.0100004667645095,0.427956572003405,0.730467561078046,1.55013837290435
"GALNT5","Q7Z7M9",-4.02439213795985,0.102415572596754,"Q7Z7M9","9606.ENSP00000259056",2,0,3.59828275331377e-08,3,1485,1.57506000241337,0.129882779837503,0.01,0.010000465024796,0.427956572003405,0.100431689134722,-2.00608876622144
"GALNT6","Q8IYH4",2.57299124942186,0.309027137791689,"Q8IYH4","9606.ENSP00000348668",3,5169.5,3.61174436027083e-08,3,11824,972.728570002423,0.249765559675005,0.641434903461708,0.0100004667645095,0.427956572003405,0.730467561078046,1.60405462794191
"GARS1","P41250",-2.08966343791177,0.601752658580732,"P41250","9606.ENSP00000373918",7,1981.30592847465,0.000537339171640554,6,5447.6118569493,377.211564932599,0.729296679025015,0.252009037174678,0.016944313601549,1.68182628801362,0.341904521755479,-1.44556682236131
"GATA4","P43694",-1.4528783810212,0.583782876803983,"P43694","9606.ENSP00000435712",7,1317.83030005153,0.0122375344718032,3,4120.66060010306,252.63383469711,0.729296679025015,0.170967994640091,0.168152023092809,0.427956572003405,0.261043036879435,-1.20535404799636
"GBE1","Q04446",-1.55017728069282,0.102507490680739,"Q04446","9606.ENSP00000410833",2,0,0.000106081382440808,3,1485,1.57506711487832,0.129882779837503,0.01,0.0113709448814344,0.427956572003405,0.100431689134722,-1.24506115540275
"GBP1","P32455",5.33326132057356,1.23369308988479,"P32455","9606.ENSP00000359504",14,1456.47127845242,0.00710845126233221,11,4397.94255690484,283.886285154915,1.56847613788753,0.187902466603028,0.101866212984716,3.77160914803065,0.277939988173348,2.30938548548603
"GBP2","P32456",6.37684610825041,0.468915204032685,"P32456","9606.ENSP00000359497",6,166.140338872693,0.00190205784412212,5,1817.28067774538,35.7235119842016,0.609413899187512,0.0302934149989698,0.0345812828376968,1.26386971601022,0.120680141260965,2.52524179203703
"GBP3","Q05D54",2.94781540543559,0.102751702886757,"Q05D54","9606.ENSP00000359512",2,0,0.000387827692361251,3,1485.00000000001,1.57508601160333,0.129882779837503,0.01,0.0150120989893571,0.427956572003405,0.100431689134722,1.71692032588457
"GBP4","Q05D63",4.57536615053534,0.284530428033747,"Q05D63","9606.ENSP00000359490",4,4.51314476611823,0.00171919481043789,4,1494.02628953223,3.90261284189165,0.369648339512507,0.0105512635902317,0.0322180487407728,0.84591314400681,0.100981731324088,2.13901055409629
"GCLM","P48507",1.01394560777711,0.333039455731763,"P48507","9606.ENSP00000359258",4,2320.67180941857,0.00139166783944565,3,6126.34361883713,438.681605403216,0.369648339512507,0.293461297987527,0.0279852473379058,0.427956572003405,0.383264939340993,1.0069486619372
"GCNT1","Q02742",7.00914282352252,0.746085511026406,"Q02742","9606.ENSP00000415454",7,8860.83333333333,4.18335004278138e-07,3,19206.6666666667,1668.60554336139,0.729296679025015,1.09231733057813,0.010005406360849,0.427956572003405,1.18035099570424,2.64747857848227
"GCNT2","Q06430",9.55394541794684,0.102423482264722,"Q06430","9606.ENSP00000419411",2,0,9.16132426323749e-06,3,1485,1.57506061445002,0.129882779837503,0.01,0.0101183965585371,0.427956572003405,0.100431689134722,3.09094571578778
"GDAP1","Q8TB36",2.01168348935197,0.16610488538107,"Q8TB36","9606.ENSP00000220822",2,2966,6.08856012326694e-12,2,7417,558.342290000001,0.129882779837503,0.372285699519765,0.0100000000786856,0.01,0.461914694489959,1.41833828452593
"GDF11","O95390",2.40884631460811,0.25441570213461,"O95390","9606.ENSP00000257868",3,2967,0.000204950266384868,2,7419,559.264993746015,0.249765559675005,0.372407845743474,0.0126486788933556,0.01,0.462036570081785,1.55204584810118
"GDF15","O14629",-2.57612184759812,0.109713056676719,"O14629","9606.ENSP00000252809",2,6.7642271860665,0.0132019939779005,2,1498.52845437213,2.8354361851045,0.129882779837503,0.0108262248070852,0.180616234934813,0.01,0.101256083326268,-1.60503017030775
"GDF9","O60383",-3.08296270897716,0.0101815102646377,"O60383","9606.ENSP00000367942",1,0,0.000204190889356757,2,1485,0.829813695082949,0.01,0.01,0.0126388650690463,0.01,0.100431689134722,-1.75583675464924
"GEM","P55040",2.69704925935706,0.01,"P55040","9606.ENSP00000297596",1,0,0,2,1,0.7556,0.01,0.01,0.01,0.01,0.01,1.64226954528088
"GFRA1","O15507",-6.66643427526416,0.300172135908646,"O15507","9606.ENSP00000347591",4,161.005591996239,0.0205880761376987,3,1807.01118399248,33.2703505718005,0.369648339512507,0.0296662250583113,0.276070416411751,0.427956572003405,0.120054340946522,-2.58194389467784
"GINS1","Q14691",1.38170676045539,1.23649971338481,"Q14691","9606.ENSP00000262460",14,50.9331027326344,0.0425559938185356,12,1586.86620546527,20.0513262754755,1.56847613788753,0.0162212861605545,0.55997324278301,4.18956572003405,0.106639191173785,1.17546023346406
"GINS2","Q6IAG9",1.36136977587911,1.05647643567005,"Q6IAG9","9606.ENSP00000253462",12,13.5795672125321,0.0391566061342832,12,1512.15913442506,11.5691525907099,1.32871057821253,0.0116586928546082,0.516041187614542,4.18956572003405,0.102086706925487,1.16677751772954
"GIPC1","O14908",1.08987710395972,0.393801759795535,"O14908","9606.ENSP00000376753",5,308.691043863989,0.0230500128531735,3,2102.38208772798,61.7289987185102,0.48953111935001,0.0477054453006581,0.30788730511396,0.427956572003405,0.138053592796961,1.0439717927031
"GJA5","P36382",6.63037517962039,0.221976661782832,"P36382","9606.ENSP00000484552",3,1550.65526154261,0.000237332650298305,2,4586.31052308522,293.388761614679,0.249765559675005,0.199406684471331,0.0130671732837313,0.01,0.289418716852973,2.5749514907315
"GJB2","P29033",4.10780517079062,0.495338839899919,"P29033","9606.ENSP00000372295",6,1713.43109983951,0.00139025080362194,3,4911.86219967902,326.160319305995,0.609413899187512,0.219289138430303,0.0279669342469125,0.427956572003405,0.309257118480344,2.026772106279
"GKAP1","Q5VSY0",-1.17077186977086,0.0105833105626748,"Q5VSY0","9606.ENSP00000365550",1,0,0.000667745734311399,2,1485,0.8298447857064,0.01,0.01,0.018629625439362,0.01,0.100431689134722,-1.08202212074008
"GLCE","O94923",1.67110933002443,0.190544198829195,"O94923","9606.ENSP00000261858",3,1,0,3,6,2.4237,0.249765559675005,0.0101221462237087,0.01,0.427956572003405,0.0103046889795644,1.29271393975018
"GLDC","P23378",3.76749267520809,0.625573597248209,"P23378","9606.ENSP00000370737",7,3289.4631583102,0.00334702008560925,4,8063.92631662039,622.758448562627,0.729296679025015,0.411795502816219,0.0532552814532233,0.84591314400681,0.501336958342847,1.94100300752165
"GLI3","O75219",-1.02091950313375,0.0106967743233396,"O75219","9606.ENSP00000379258",1,0,0.000798648265344706,2,1485,0.829853565339157,0.01,0.01,0.0203213469342911,0.01,0.100431689134722,-1.01040561317411
"GLIPR1","P48060",5.15694295279259,0.01,"P48060","9606.ENSP00000266659",1,0,0,2,1,0.7556,0.01,0.01,0.01,0.01,0.01,2.27089034363013
"GLIPR2","Q5VZR0",3.33251477531501,0.01,"Q5VZR0","9606.ENSP00000367196",1,0,0,2,1,0.7556,0.01,0.01,0.01,0.01,0.01,1.82551767324094
"GLO1","P78375",1.60029738502608,0.010408513350696,"P78375","9606.ENSP00000362463",1,0,0.000466083130044641,2,1485,0.829831260195532,0.01,0.01,0.0160234347135716,0.01,0.100431689134722,1.26502861035871
"GLRB","P48167",1.93867759903087,0.0101891929663928,"P48167","9606.ENSP00000264428",1,0,0.000213054381092114,2,1485,0.82981428955734,0.01,0.01,0.0127534125829138,0.01,0.100431689134722,1.39236403251121
"GLRX","P35754",1.38386115966181,0.597453163686455,"P35754","9606.ENSP00000369314",6,5749.82803700896,0.0124510875872172,3,12984.6560740179,1083.87349420177,0.609413899187512,0.712319781694589,0.170911881078772,0.427956572003405,0.8011953840416,1.1763762831942
"GLS2","Q8IX91",1.09365282761737,0.416707761984873,"Q8IX91","9606.ENSP00000310447",5,2158.96369001376,0.0005436122865781,3,5802.92738002753,409.06067034946,0.48953111935001,0.273709261859207,0.0170253843287247,0.427956572003405,0.3635566665855,1.04577857485099
"GLYATL1","Q7Z510",6.49247984866432,0.120138979751976,"Q7Z510","9606.ENSP00000300079",2,938.828423947135,0.00058064242640147,2,3362.65684789427,177.801680687044,0.129882779837503,0.124674346695457,0.0175039440861635,0.01,0.214851958926135,2.54803450696107
"GNAI1","P04898",-1.03347066669797,4.29476334278301,"P04898","9606.ENSP00000497260",39,33257.2284355869,0.176174404303028,7,67999.4568711739,6271.86884794567,4.56554563382509,4.07224486442185,2.28679346047136,2.09978286001703,4.15367608720674,-1.01659759329735
"GNAL","P38405",4.07709423331958,0.930118234316223,"P38405","9606.ENSP00000334051",11,561.664985024671,0.0202295259784226,4,2608.32997004934,113.637187783139,1.20882779837502,0.0786052569101219,0.271436686210589,0.84591314400681,0.168884941592416,2.01918157512384
"GNAO1","P09471",3.99842575786923,0.679686723576753,"P09471","9606.ENSP00000262494",8,1427.27669237675,0.0133727340836815,4,4339.55338475349,273.924447602238,0.849179458862517,0.184336458161148,0.182822798128941,0.84591314400681,0.274381880717267,1.99960640073721
"GNAT3","NA",12.8012828443334,0.609747145660016,NA,"9606.ENSP00000381339",7,2468.26731319245,0.0117675280692741,3,6421.53462638492,468.593839280595,0.729296679025015,0.311489531409878,0.162077885888307,0.427956572003405,0.401253228714259,3.57788804245373
"GNG11","P50152",-5.50908703622444,0.787167965828884,"P50152","9606.ENSP00000248564",9,692.546579648849,0.0501900882075722,5,2870.0931592977,136.748640180898,0.96906223870002,0.0945919494464276,0.658632615297096,1.26386971601022,0.184836213396339,-2.34714444298267
"GNG12","Q69YP5",1.28776432392776,1.20876522664515,"Q69YP5","9606.ENSP00000360021",13,3448.41845878421,0.0570925960975681,5,8381.83691756842,657.021252283393,1.44859335805003,0.431211292507589,0.747837314963701,1.26386971601022,0.520709729661961,1.13479704085257
"GNPAT","O15228",-1.54202847735499,0.471139573140332,"O15228","9606.ENSP00000355607",6,51.1294649636205,0.00254813790772833,6,1587.25892992724,14.1440040665803,0.609413899187512,0.0162452710655485,0.0429309115455617,1.68182628801362,0.106663122936898,-1.24178439245909
"GNRH1","P01148",2.18963376999853,0.235953458975001,"P01148","9606.ENSP00000276414",3,69.6386144135037,0.0505679735980871,3,1624.27722882701,15.3859822916921,0.249765559675005,0.0185060937749101,0.6635162247484,0.427956572003405,0.108918936480295,1.47974111587079
"GOLGA5","O95287",-1.36263178619934,0.010074848002936,"O95287","9606.ENSP00000163416",1,0,8.11352111326121e-05,2,1485,0.829805441738611,0.01,0.01,0.0110485525343566,0.01,0.100431689134722,-1.16731820263343
"GOT1","P17174",-1.62206526897451,0.520736298461725,"P17174","9606.ENSP00000359539",6,2849.87905133263,0.000636277835752958,3,7184.75810266526,539.494278191316,0.609413899187512,0.358101964146584,0.0182229494188805,0.427956572003405,0.447762385147753,-1.27360326199901
"GPAT3","Q53EU6",1.17470479844852,0.195409069527146,"Q53EU6","9606.ENSP00000264409",3,0,0.000672036691853454,4,1485,2.32036507350092,0.249765559675005,0.01,0.0186850797155354,0.84591314400681,0.100431689134722,1.08383799455847
"GPC4","O75487",1.55868281690005,0.670697889461099,"O75487","9606.ENSP00000359864",6,9136.87556787662,0.00737813688671967,3,19758.7511357532,1719.68971645344,0.609413899187512,1.12603484711168,0.105351500580366,0.427956572003405,1.21399380640811,1.24847219308243
"GPC5","O60436",5.73338995297341,0.0100163912949363,"O60436","9606.ENSP00000366267",1,0,1.3694021203834e-05,2,1485,0.829800918458002,0.01,0.01,0.0101769749586939,0.01,0.100431689134722,2.39444982260506
"GPC6","Q96SG5",-4.23468896625443,0.132408522296056,"Q96SG5","9606.ENSP00000366246",2,1484,0.000318157019706141,2,4453,280.141271338791,0.129882779837503,0.191264995983591,0.0141117086488003,0.01,0.281295067404166,-2.05783599109706
"GPD1","P21695",3.17842688237436,0.612135572087121,"P21695","9606.ENSP00000301149",7,2036.28640631757,0.0110620185018965,6,5557.57281263514,387.533206123515,0.729296679025015,0.258724694920886,0.152960218792114,1.68182628801362,0.348605300031448,1.7828143151698
"GPD1L","Q14702",-1.62965764381401,0.569612634437455,"Q14702","9606.ENSP00000282541",7,525.478496269302,0.00195886753640279,6,2535.9569925386,103.923734700919,0.729296679025015,0.0741852139593791,0.035315464039488,1.68182628801362,0.164474691859259,-1.27658044940928
"GPHN","Q9P2G2",-1.34923423431285,0.564577666339657,"Q9P2G2","9606.ENSP00000417901",6,4786.92073314092,0.00494995194724852,2,11058.8414662818,903.105742018491,0.609413899187512,0.594704290745659,0.0739708036347776,0.01,0.683840486509325,-1.16156542403467
"GPNMB","Q14956",-3.80162258286414,0.372229666481573,"Q14956","9606.ENSP00000371420",4,1398.98988394009,0.0709803133597612,3,4282.97976788017,265.66814166285,0.369648339512507,0.180881331329841,0.927315508566954,0.427956572003405,0.270934409198187,-1.9497750082674
"GPR161","O75963",2.20194522497828,0.0106967743233396,"O75963","9606.ENSP00000441039",1,0,0.000798648265344705,2,1485,0.829853565339157,0.01,0.01,0.0203213469342911,0.01,0.100431689134722,1.48389528774044
"GPR37","O00348",1.41908342448363,0.0138887660893712,"O00348","9606.ENSP00000306449",1,0,0.0044812320151027,2,1485,0.830100556231253,0.01,0.01,0.0679132921561714,0.01,0.100431689134722,1.19125288015754
"GPRASP1","O43168",1.31802617964296,0.0103101379189174,"O43168","9606.ENSP00000498934",1,0,0.000352587922977267,2,1485,0.829823648071994,0.01,0.01,0.0145566771203325,0.01,0.100431689134722,1.14805321289693
"GPX3","O43787",2.95197923542008,1.89941708043184,"O43787","9606.ENSP00000373477",18,12568.8355810204,0.0994689427950045,6,26622.6711620408,2372.79393665114,2.04800725723754,1.54523580263617,1.29548888456082,1.68182628801362,1.63226596413239,1.71813248482766
"GRAMD1C","Q6AW94",-1.54628032627782,0.0156647865132281,"Q6AW94","9606.ENSP00000350881",1,0,0.00653021723547035,2,1485,0.830237981669983,0.01,0.01,0.0943933938984843,0.01,0.100431689134722,-1.2434952055709
"GRB10","O00427",-2.35673210369883,0.648963262798498,"O00427","9606.ENSP00000493728",7,182.660757489665,0.107533313099068,5,1850.32151497933,39.5667796552695,0.729296679025015,0.0323113217471185,1.39970893652438,1.26386971601022,0.122693577057119,-1.53516517147141
"GREB1","O60321",-5.18637756004305,0.134424416754118,"O60321","9606.ENSP00000370896",2,0,0.0369284675022467,3,1485,1.57753679231538,0.129882779837503,0.01,0.487245793150096,0.427956572003405,0.100431689134722,-2.27736197387307
"GRIK1","P39086",-3.14775442678611,0.346821948294296,"P39086","9606.ENSP00000327687",4,2966,0.000225889252639218,3,7417,559.822535150392,0.369648339512507,0.372285699519765,0.0129192843037239,0.427956572003405,0.461914694489959,-1.77419120355899
"GRIK2","Q13002",2.36431729953339,0.419649014024157,"Q13002","9606.ENSP00000397026",4,5962.38127705628,0.00500277744129709,3,13409.7625541126,1122.30354886529,0.369648339512507,0.7382823573034,0.0746534949705126,0.427956572003405,0.827100435966852,1.53763366883448
"GRIK4","Q16099",-5.6059679097816,0.102610610998992,"Q16099","9606.ENSP00000435648",2,0,0.000225050739539552,3,1485,1.5750750941531,0.129882779837503,0.01,0.0129084477628008,0.427956572003405,0.100431689134722,-2.36769252855636
"GRIP1","Q1RLM0",6.21882363053891,0.837368580894939,"Q1RLM0","9606.ENSP00000381098",8,7101.26520088587,0.0501950175453094,3,15687.5304017717,1339.03775009012,0.849179458862517,0.87739272784164,0.658696319692572,0.427956572003405,0.96590258820444,2.49375693092549
"GRK3","P35626",2.48968820551371,0.215618304582843,"P35626","9606.ENSP00000317578",3,154.566980983493,0.0248613711135207,3,1794.13396196699,31.327011122382,0.249765559675005,0.0288797730371758,0.331296430054923,0.427956572003405,0.119269631418808,1.57787458484941
"GRK5","P34947",3.53321581438168,0.217803546985537,"P34947","9606.ENSP00000376609",3,295.310821497152,0.0286220934735066,2,2075.62164299431,57.7374070952547,0.249765559675005,0.0460711016661674,0.379898201179045,0.01,0.136422870277242,1.87968503063191
"GRM4","Q14833",3.03784876632873,0.102424347863637,"Q14833","9606.ENSP00000440556",2,0,1.01599610809019e-05,3,1485,1.57506068142859,0.129882779837503,0.01,0.0101313024615532,0.427956572003405,0.100431689134722,1.74294255967566
"GRM6","O15303",-6.21398576442537,0.102424347863637,"O15303","9606.ENSP00000497110",2,0,1.01599610809026e-05,3,1485,1.57506068142859,0.129882779837503,0.01,0.0101313024615532,0.427956572003405,0.100431689134722,-2.49278674668038
"GSDME","O14590",5.63313981220443,0.235546515822491,"O14590","9606.ENSP00000339587",3,1502.45130179001,0.0122058396167291,3,4489.90260358003,284.351007017684,0.249765559675005,0.193518752819749,0.167742413995229,0.427956572003405,0.283543830729781,2.37342364785649
"GSE1","Q14687",-1.15711335208001,0.0187689462491131,"Q14687","9606.ENSP00000253458",1,0,0.0101114696439738,2,1485,0.830478176269021,0.01,0.01,0.14067578149182,0.01,0.100431689134722,-1.07569203403205
"GSTA4","O15217",1.24533618260512,0.590168135516021,"O15217","9606.ENSP00000360002",7,1294.19854718645,0.0053438098763773,6,4073.39709437291,248.228089687169,0.729296679025015,0.168081465268007,0.0790608345103908,1.68182628801362,0.258162903013124,1.11594631708032
"GSTCD","Q8NEC7",-1.02929642848297,0.01,"Q8NEC7","9606.ENSP00000422354",1,0,0,2,1,0.7556,0.01,0.01,0.01,0.01,0.01,-1.01454247248845
"GSTM3","O60550",-1.54324949794244,0.474799539307837,"O60550","9606.ENSP00000354357",6,105.683868211151,0.00532785712774721,6,1696.3677364223,24.3851430799747,0.609413899187512,0.0229088854089115,0.0788546688423348,1.68182628801362,0.113311973119393,-1.24227593470309
"GSTM4","Q03013",-1.37684129859638,0.474799539307837,"Q03013","9606.ENSP00000358851",6,105.683868211151,0.0053278571277472,6,1696.3677364223,24.3851430799747,0.609413899187512,0.0229088854089115,0.0788546688423346,1.68182628801362,0.113311973119393,-1.17338880964341
"GTF2IRD2","Q69G40",-2.14069310095718,0.01,"Q69G40","9606.ENSP00000406723",1,0,0,2,1,0.7556,0.01,0.01,0.01,0.01,0.01,-1.46311076168456
"GTF2IRD2B","Q69GU6",-2.49254319440144,0.01,"Q69GU6","9606.ENSP00000480524",1,0,0,2,1,0.7556,0.01,0.01,0.01,0.01,0.01,-1.57877902012962
"GTSE1","Q20WK2",1.45870646727072,0.111456374058329,"Q20WK2","9606.ENSP00000415430",2,78.2275011946532,0.0133233081131935,2,1641.4550023893,16.2505301185354,0.129882779837503,0.0195551938610884,0.182184040604374,0.01,0.109965712139872,1.2077692110957
"GUCY1A2","P33402",2.1853054387554,0.765462460736392,"P33402","9606.ENSP00000282249",9,1522.14542376528,0.00817049262101168,4,4529.29084753055,292.467826944158,0.96906223870002,0.195924315448285,0.115591525862927,0.84591314400681,0.285944063501004,1.47827786249927
"H1-0","P07305",-1.11656180847717,0.50888962645211,"P07305","9606.ENSP00000344504",6,1875.83088286603,0.00776706235349964,4,5236.66176573205,356.656724268483,0.609413899187512,0.239125658658091,0.110377786679522,0.84591314400681,0.329049688149078,-1.05667488305399
"H1-10","Q92522",-1.55086662939338,0.195747405870252,"Q92522","9606.ENSP00000329662",3,0,0.00106237351299821,4,1485,2.32039125339152,0.249765559675005,0.01,0.0237296054812359,0.84591314400681,0.100431689134722,-1.24533795790275
"H2AC13","P02261",2.30702697114434,0.593977436784521,"P02261","9606.ENSP00000351589",7,1815.21761560877,0.000921313748101886,5,5115.43523121754,346.023202594591,0.729296679025015,0.231721976955975,0.0219066167700088,1.26386971601022,0.321662410329606,1.51889004577169
"H2AJ","Q9BTM1",-1.26504935701726,0.102757040635005,"Q9BTM1","9606.ENSP00000438553",2,0,0.000393985823834469,3,1485,1.5750864246292,0.129882779837503,0.01,0.0150916837254169,0.427956572003405,0.100431689134722,-1.12474412957671
"H3C10","P68431",2.40979703877974,1.25418675299792,"P68431","9606.ENSP00000358160",12,11291.704357935,0.00868308927408495,4,24068.40871587,2128.61437444635,1.32871057821253,1.38923904655592,0.122216079027695,0.84591314400681,1.47661484047969,1.55235209884219
"H4C8","P62805",1.0704231131457,1.77822009795296,"P62805","9606.ENSP00000489236",18,10544.0026381659,0.00823226894698733,7,22573.0052763318,1992.69646737479,2.04800725723754,1.29791010502569,0.116389893455255,2.09978286001703,1.38548825087368,1.0346125425229
"HACD1","Q6JIC5",3.9880168414056,0.501002016090563,"Q6JIC5","9606.ENSP00000355308",6,1531.5025950924,0.00281161142891125,5,4548.00519018479,292.029375725523,0.609413899187512,0.197067258590487,0.0463359169003965,1.26386971601022,0.287084474294312,1.99700196329538
"HACD4","Q5VWC8",1.04026291742675,0.37886945913512,"Q5VWC8","9606.ENSP00000419503",5,47.5025950923976,0.00280661761220416,5,1580.0051901848,12.7179253905881,0.48953111935001,0.015802262606896,0.0462713792096549,1.26386971601022,0.106221096024868,1.01993280044655
"HAS3","O00219",2.2453653300909,0.0317263631984413,"O00219","9606.ENSP00000304440",1,0,0.0250603719576408,2,1485,0.831480799147199,0.01,0.01,0.333868221469876,0.01,0.100431689134722,1.4984543136482
"HDAC10","Q08AP4",2.70061981646856,0.0100388936924836,"Q08AP4","9606.ENSP00000216271",1,0,3.96549163477421e-05,2,1485,0.829802659655239,0.01,0.01,0.0105124811096894,0.01,0.100431689134722,1.64335626583786
"HDAC7","Q6P1W9",1.08387825202542,0.348637860812386,"Q6P1W9","9606.ENSP00000080059",4,37.0908296753449,0.0797798139987877,3,1559.18165935069,10.0130413787806,0.369648339512507,0.014530504779063,1.04103603221288,0.427956572003405,0.104952155952714,1.041094737296
"HDDC3","Q8N4P3",-1.47270729858806,1.12807007089533,"Q8N4P3","9606.ENSP00000377814",12,5102.47948290707,0.0119799352667553,7,11689.9589658141,966.804172025574,1.32871057821253,0.633248600387808,0.164822934580798,2.09978286001703,0.722299395892876,-1.21355152284032
"HELLS","Q3LID1",1.17398062908452,0.662783889947572,"Q3LID1","9606.ENSP00000377601",8,225.669651985507,0.0206883505100842,5,1936.33930397101,48.3695546383882,0.849179458862517,0.0375646957956681,0.277366314281838,1.26386971601022,0.127935311527572,1.08350386666801
"HEPHL1","Q3C1W7",3.41358769736013,0.0120467658843699,"Q3C1W7","9606.ENSP00000313699",1,0,0.00235612627574108,2,1485,0.829958025389314,0.01,0.01,0.0404494453543035,0.01,0.100431689134722,1.84758969940843
"HERC6","Q5GC90",1.99263594676108,1.30650842017001,"Q5GC90","9606.ENSP00000264346",15,57.7797666951792,0.0115677176121243,14,1600.55953339035,22.0900536508393,1.68835891772503,0.0170575803085812,0.159495631423067,5.02547886404086,0.107473632396252,1.41160757534135
"HERPUD1","O60644",-2.79549341900435,0.480397861802835,"O60644","9606.ENSP00000409555",6,87.0161331962357,0.022203862598274,4,1659.03226639247,20.8613877366618,0.609413899187512,0.0206286920716465,0.296952065261423,0.84591314400681,0.111036831866404,-1.67197291216226
"HES1","Q14469",-2.08922985852316,0.573265862726698,"Q14469","9606.ENSP00000232424",7,839.640755135675,0.00778869440113706,4,3164.28151027135,162.878084941802,0.729296679025015,0.112558947511676,0.110657348882626,0.84591314400681,0.20276340308792,-1.44541684593862
"HEY2","Q5TF93",-4.49961186378867,0.388361793810844,"Q5TF93","9606.ENSP00000357348",5,400.737789599217,0.00937787530701072,4,2286.47557919843,79.0173868376618,0.48953111935001,0.0589486076968836,0.131195160310532,0.84591314400681,0.149271844409078,-2.12122885700451
"HHEX","Q03014",2.01944411147029,0.223695047934815,"Q03014","9606.ENSP00000282728",3,1537.66406094136,0.00256339517790383,2,4560.32812188273,290.950209446827,0.249765559675005,0.197819858376448,0.0431280891838098,0.01,0.287835406591169,1.4210714659968
"HIBADH","P31937",-1.35182140829425,0.194991585891241,"P31937","9606.ENSP00000265395",3,0,0.000190388064267493,4,1485,2.32033276932747,0.249765559675005,0.01,0.0124604839811488,0.84591314400681,0.100431689134722,-1.16267854899549
"HIP1","O00291",-1.35028634732916,0.438897736300895,"O00291","9606.ENSP00000336747",5,2484.44987664583,0.00761259165585493,5,6453.89975329166,470.181991420478,0.48953111935001,0.313466170425634,0.108381481508954,1.26386971601022,0.403225488212396,-1.16201822159946
"HIPK2","Q75MR7",1.0072936676859,0.201522905221936,"Q75MR7","9606.ENSP00000385571",3,260.396746331607,0.00580077506565285,3,2005.79349266322,51.1920962793529,0.249765559675005,0.0418064792304171,0.0849664333328854,0.427956572003405,0.132167696703392,1.00364020828477
"HLA-C","O02863",1.07612022657997,1.57402700894054,"O02863","9606.ENSP00000365402",15,12167.2865482453,0.0396446209020883,6,25819.5730964906,2295.20622980133,1.68835891772503,1.49618810464885,0.522348056290203,1.68182628801362,1.58332693811586,1.03736214822981
"HLA-DMA","P28067",1.15779406624051,0.470723442702209,"P28067","9606.ENSP00000363976",6,1.3047619047619,0.00338573129873468,6,1487.60952380952,4.79096698576011,0.609413899187512,0.0101593717395055,0.053755566595322,1.68182628801362,0.100590707764056,1.07600839506042
"HLA-DMB","O77936",3.62797775711103,0.470723442702209,"O77936","9606.ENSP00000398890",6,1.3047619047619,0.00338573129873467,6,1487.60952380952,4.79096698576011,0.609413899187512,0.0101593717395055,0.053755566595322,1.68182628801362,0.100590707764056,1.90472511326727
"HLA-DPA1","O19722",4.78492674588649,0.592856892803349,"O19722","9606.ENSP00000393566",7,1485.30476190476,0.00339175553283476,6,4455.60952380952,284.102417389806,0.729296679025015,0.191424367723097,0.0538334209059847,1.68182628801362,0.281454086033501,2.1874475412879
"HLA-DQB1","O19708",8.00965048664136,0.472293933581198,"O19708","9606.ENSP00000364080",6,42.0631517543475,0.00411968811195616,6,1569.1263035087,12.4421811548078,0.609413899187512,0.0151378551440762,0.0632408722458339,1.68182628801362,0.10555816064884,2.83013259170685
"HLA-E","P13747",1.45941727360168,0.888706254476001,"P13747","9606.ENSP00000365817",10,2459.62786490395,0.0139873436793396,6,6404.25572980789,469.20797093091,1.08894501853752,0.310434255426512,0.190765717610765,1.68182628801362,0.400200290841048,1.2080634393945
"HLA-F","P30511",1.43639053266593,0.859530801493818,"P30511","9606.ENSP00000259951",10,1181.38950950422,0.0141325014566791,6,3847.77901900844,229.257076591005,1.08894501853752,0.154302267314919,0.192641667068295,1.68182628801362,0.244414234782306,1.19849511165709
"HLF","Q16534",-2.91983547332625,0.100137544416055,"Q16534","9606.ENSP00000226067",2,62.4537861689195,0.000681992140083665,2,1609.90757233784,13.2886404808424,0.129882779837503,0.0176284941368391,0.0188137391511456,0.01,0.108043281285819,-1.70875260740876
"HMGA2","P52926",-1.60414583244583,0.802720820634105,"P52926","9606.ENSP00000437621",8,5551.81864220914,0.0462374882593513,4,12588.6372844183,1048.18566666384,0.849179458862517,0.688133681860961,0.607551110298847,0.84591314400681,0.777062871863308,-1.2665487880243
"HMGCLL1","Q6ZSA9",4.08343139209291,0.554762762636615,"Q6ZSA9","9606.ENSP00000381654",7,62.3763012436578,0.00203578535938342,5,1609.75260248732,16.9799058095835,0.729296679025015,0.0176190296458241,0.0363095130731647,1.26386971601022,0.108033837764696,2.02075020526856
"HMGCS1","Q01581",1.72743707746622,1.75805082632778,"Q01581","9606.ENSP00000322706",19,4959.677533811,0.0161103723303958,10,11404.355067622,945.173327169674,2.16789003707504,0.615805881567493,0.218202721120105,3.35365257602724,0.704895323832921,1.31432000573156
"HNMT","P50135",4.04167791425377,0.180892355431126,"P50135","9606.ENSP00000280097",2,3504.17157605286,0.00282755838657857,2,8493.34315210572,659.368047900984,0.129882779837503,0.438021325241938,0.0465420077288287,0.01,0.527504673825209,2.01039247766544
"HOMER3","O14580",1.41183769573316,0.0100985545367371,"O14580","9606.ENSP00000439937",1,0,0.000108485311802691,2,1485,0.829807276109863,0.01,0.01,0.0114020121109348,0.01,0.100431689134722,1.18820776623163
"HOXB3","O95615",1.20064087451843,0.194549906541278,"O95615","9606.ENSP00000417207",3,135.265700263058,0.00106532165087457,3,1755.53140052611,27.7021787045043,0.249765559675005,0.0265221944844345,0.0237677058004282,0.427956572003405,0.116917276408009,1.09573759382364
"HOXB4","P17483",2.30283453450847,0.191549392473,"P17483","9606.ENSP00000328928",3,35.7833697065314,0.000234587838920199,3,1556.56673941306,9.02729989511643,0.249765559675005,0.0143708034812222,0.0130317006586322,0.427956572003405,0.104792808495226,1.51750931941404
"HOXC13","P31276",1.4880727360303,0.01,"P31276","9606.ENSP00000243056",1,0,0,2,1,0.7556,0.01,0.01,0.01,0.01,0.01,1.21986586804874
"HOXC4","P09017",1.96363476955581,0.35333058435274,"P09017","9606.ENSP00000399808",4,3099.87757357108,0.00419429639944981,3,7684.75514714215,584.954299422223,0.369648339512507,0.388638339570745,0.0642050739511527,0.427956572003405,0.478231103001132,1.40129753070353
"HOXC6","P09630",2.57646868287044,0.102580772945433,"P09630","9606.ENSP00000243108",2,0,0.000190626737469443,3,1485,1.57507278533528,0.129882779837503,0.01,0.0124635684790788,0.427956572003405,0.100431689134722,1.60513821301171
"HPGD","O00749",10.4575639227627,0.01,"O00749","9606.ENSP00000296522",1,0,0,2,1,0.7556,0.01,0.01,0.01,0.01,0.01,3.23381569090799
"HPRT1","P00492",1.57649723527675,0.809895602476943,"P00492","9606.ENSP00000298556",9,3786.44034824396,0.00451224382318496,3,9057.88069648791,717.510734808549,0.96906223870002,0.472499389835949,0.0683140738822027,0.427956572003405,0.561906347489933,1.25558641091593
"HPSE","Q53GE5",2.05633807217277,0.0182639398116837,"Q53GE5","9606.ENSP00000384262",1,0,0.00952884643053331,2,1485,0.830439099730096,0.01,0.01,0.133146238664485,0.01,0.100431689134722,1.43399374900059
"HPX","P02790",1.27874456940749,0.879441730862536,"P02790","9606.ENSP00000265983",10,2060.968747974,0.0188037643951984,5,5606.93749594799,394.361714538156,1.08894501853752,0.261739549746505,0.25301082768864,1.26386971601022,0.351613475028471,1.13081588660908
"HS6ST1","O60243",1.45554696817345,0.190544198829195,"O60243","9606.ENSP00000259241",3,1,0,3,6,2.4237,0.249765559675005,0.0101221462237087,0.01,0.427956572003405,0.0103046889795644,1.20646051247998
"HSD17B6","O14756",5.23603709862253,0.63691292829136,"O14756","9606.ENSP00000451406",7,3855.7155821147,0.00145384348412215,4,9196.43116422939,729.055226583853,0.729296679025015,0.480961098049791,0.0287887755335031,0.84591314400681,0.570349307616798,2.2882388639787
"HSP90AA1","P07900",1.1242537698681,8.50236985033238,"P07900","9606.ENSP00000335153",70,81763.2919445342,0.591476124644896,8,165011.583889069,15400.2493041317,8.28191180878767,9.99707734901024,7.65395360349912,2.51773943202043,10.0653812844981,1.06030833716806
"HSP90B1","P14625",-1.81620600781937,2.41485551049975,"P14625","9606.ENSP00000299767",24,9029.15159753321,0.16790169543276,8,19543.3031950664,1712.75944905565,2.76730393626256,1.11287677093133,2.17988094085352,2.51773943202043,1.20086488376869,-1.3476668756853
"HSPA1L","O75634",-1.49133617469999,1.2689061566193,"O75634","9606.ENSP00000364805",14,443.583941637534,0.0943678514494886,7,2372.16788327507,93.7117667759945,1.56847613788753,0.0641821033688094,1.22956482787004,2.09978286001703,0.154493744546205,-1.22120275740763
"HSPA5","P11021",-3.03465272263613,4.78916087819999,"P11021","9606.ENSP00000324173",45,29410.7472777592,0.233407829860102,8,60306.4945555186,5554.23135364412,5.28484231285011,3.60241171642685,3.02645078778994,2.51773943202043,3.68488391964982,-1.74202546555328
"HSPA9","P30036",-1.47312169592,2.71334910936611,"P30036","9606.ENSP00000297185",28,8751.32874311545,0.117972059270898,7,18987.6574862309,1663.53278404365,3.24683505561257,1.07894175840425,1.53461428281215,2.09978286001703,1.1670050589638,-1.21372224825946
"HSPH1","O95739",1.07217537598024,1.18632880092408,"O95739","9606.ENSP00000487365",13,1613.4567622286,0.0698122682998135,7,4711.91352445721,312.583675714389,1.44859335805003,0.20707765062336,0.912220254721506,2.09978286001703,0.297072686916626,1.03545901704521
"HTR2C","P28335",7.31056190256236,0.0110491554216655,"P28335","9606.ENSP00000276198",1,0,0.00120518844512401,2,1485,0.829880831989014,0.01,0.01,0.0255752771314853,0.01,0.100431689134722,2.70380507850739
"HTRA1","PRSS11",5.57118652702298,0.113147400111416,"PRSS11","9606.ENSP00000357980",2,421.858437892858,0.0061864565494051,2,2328.71687578571,80.756450886888,0.129882779837503,0.0615284151282298,0.08995079575208,0.01,0.151845935919609,2.36033610467301
"HTT","P42858",1.12995774537056,2.87577333863045,"P42858","9606.ENSP00000347184",27,20659.8320344799,0.0970378367919067,6,42804.6640689597,3898.25035784028,3.12695227577506,2.53352046546608,1.26407043719065,1.68182628801362,2.61836094535798,1.06299470618181
"HYDIN","Q4G0P3",-1.42675930277611,0.395754065523087,"Q4G0P3","9606.ENSP00000377197",4,5042.84996567802,0.00175353782996813,3,11570.699931356,949.68891316686,0.369648339512507,0.625965080036711,0.0326618814450106,0.427956572003405,0.7150320131903,-1.19447030217419
"HYLS1","Q96BX9",-1.16858730453901,0.0100469731979966,"Q96BX9","9606.ENSP00000414884",1,0,4.89761984465109e-05,2,1485,0.82980328483363,0.01,0.01,0.0106329448865339,0.01,0.100431689134722,-1.08101216669333
"HYOU1","ORP150",-2.2290391235519,1.25715093018682,"ORP150","9606.ENSP00000480150",14,699.905837619355,0.0690653560258427,8,2884.81167523871,141.837106051334,1.56847613788753,0.0954908550168224,0.902567518913202,2.51773943202043,0.185733127316893,-1.49299669241157
"HYPK","O75408",1.13251320101615,0.0136247812579684,"O75408","9606.ENSP00000384474",1,0,0.00417667413351551,2,1485,0.830080129534135,0.01,0.01,0.0639773322426074,0.01,0.100431689134722,1.06419603505
"IARS1","P41252",-1.53961836940353,0.786711086895335,"P41252","9606.ENSP00000364794",8,6102.80605343985,0.00327198852505359,6,13690.6121068797,1151.634721804,0.849179458862517,0.755434713453781,0.052285609569967,1.68182628801362,0.844214788695601,-1.2408135917226
"ICA1","P78506",-1.62490421363597,0.103490217702964,"P78506","9606.ENSP00000403982",2,0,0.00123984826774599,3,1485,1.57514315662332,0.129882779837503,0.01,0.0260232040468565,0.427956572003405,0.100431689134722,-1.2747173073415
"ICAM1","P05362",-1.729354714767,3.28900266312175,"P05362","9606.ENSP00000264832",28,25068.898041406,0.345598770904509,8,51622.7960828119,4726.6924496423,3.24683505561257,3.07207122829415,4.47635267282582,2.51773943202043,3.15571847435099,-1.31504932027928
"ICMT","O60725",1.97152173877936,0.0287163680212554,"O60725","9606.ENSP00000343552",1,0,0.0215877566945583,2,1485,0.831247890841504,0.01,0.01,0.288989808212295,0.01,0.100431689134722,1.40410887711009
"IDE","P14735",1.405322476198,0.311927163999367,"P14735","9606.ENSP00000265986",4,1033.43450396914,0.0160390195313421,2,3551.86900793828,197.032110822127,0.369648339512507,0.136230122110021,0.217280591785174,0.01,0.226382130919133,1.18546297968262
"IDI1","Q13907",1.83034443670507,1.06402070364537,"Q13907","9606.ENSP00000370748",12,1728.9542188143,0.0124185707372136,10,4942.9084376286,333.556908869359,1.32871057821253,0.221185228793252,0.170491648913173,3.35365257602724,0.311149007792379,1.35290222732652
"IFI27","P40305",3.53534299863398,1.12389509874458,"P40305","9606.ENSP00000483430",13,0.478521478521478,0.0106695330968354,13,1485.95704295704,9.85317365753286,1.44859335805003,0.0100584495915649,0.147887925758918,4.60752229203746,0.100490009223118,1.88025078078271
"IFI44","Q14496",4.71143826567311,1.7573216308712,"Q14496","9606.ENSP00000359783",20,427.526983060623,0.0136284464432102,14,2340.05396612125,95.1739893200432,2.28777281691255,0.0622208065143941,0.186127501954901,5.02547886404086,0.152536793216722,2.17058477504868
"IFI44L","Q53G44",4.6079318564678,1.6670292305963,"Q53G44","9606.ENSP00000359787",19,340.066454057147,0.0134239181280938,14,2165.13290811429,78.0209150977964,2.16789003707504,0.0515378331730612,0.183484276157258,5.02547886404086,0.141877489483028,2.14660938609422
"IFIT1","P09914",2.28522974244941,1.95856137280985,"P09914","9606.ENSP00000360869",22,1375.16567604666,0.0174314477135202,14,4235.33135209331,274.534919834676,2.52753837658755,0.17797129430281,0.235275665427689,5.02547886404086,0.268030819761394,1.51169763592109
"IFIT2","P09913",2.62739461810669,1.86714367254229,"P09913","9606.ENSP00000490935",21,1376.76533544526,0.013573351170401,14,4238.53067089051,274.099979134447,2.40765559675005,0.178166686657569,0.185415477087662,5.02547886404086,0.268225779197318,1.62092400133587
"IFIT3","O14879",5.40133468321513,1.97559142805636,"O14879","9606.ENSP00000360876",22,2120.83637802957,0.0173586729674963,14,5726.67275605914,414.512219129907,2.52753837658755,0.269052154680178,0.234335159532464,5.02547886404086,0.3589098778727,2.32407716808524
"IFIT5","Q13325",1.65359359113407,1.21751220806645,"Q13325","9606.ENSP00000360860",14,11.0894425068256,0.0117803720877095,14,1507.17888501365,12.5903902569372,1.56847613788753,0.0113545335252426,0.162243875819112,5.02547886404086,0.101783221503259,1.28592130052117
"IFITM3","Q01628",-1.5002934278953,0.942390856340724,"Q01628","9606.ENSP00000382707",11,0,0.00954813424133604,12,1485,8.28304039336357,1.20882779837502,0.01,0.133395505075665,4.18956572003405,0.100431689134722,-1.22486465697043
"IFNAR2","P48551",1.81123950931358,0.345370285672024,"P48551","9606.ENSP00000343957",4,1131.65105167205,0.0470629226386053,3,3748.30210334409,215.481691930098,0.369648339512507,0.148226902517628,0.618218628115461,0.427956572003405,0.238352330797509,1.34582298587652
"IFT27","O60897",1.07313193765648,0.0981331729123308,"O60897","9606.ENSP00000393541",2,1,0,2,4,1.67834,0.129882779837503,0.0101221462237087,0.01,0.01,0.0101828133877387,1.03592081630619
"IGF1R","P08069",-6.10216275084247,4.03721571775962,"P08069","9606.ENSP00000497069",38,13021.2290917199,0.510901671794861,8,27527.4581834399,2472.4648212728,4.44566285398759,1.60049396159841,6.61264804009576,2.51773943202043,1.68740169098704,-2.47025560435402
"IGF2","P01344",4.71449578532775,1.57799142604638,"P01344","9606.ENSP00000391826",16,3982.22986978858,0.16399256792292,5,9449.45973957717,759.440410138243,1.80824169756254,0.496414340534342,2.12936125278781,1.26386971601022,0.585768311301469,2.1712889686377
"IGF2BP2","Q9Y6M1",4.90993808546071,0.482793125283899,"Q9Y6M1","9606.ENSP00000410242",5,2968.77601969149,0.055369371822437,3,7422.55203938299,561.082318040255,0.48953111935001,0.372624779842022,0.725567191354851,0.427956572003405,0.46225302353278,2.21583800975178
"IGFBP4","P22692",-3.2662679914753,0.0161227090877512,"P22692","9606.ENSP00000269593",1,0,0.00705852004925952,2,1485,0.830273414939704,0.01,0.01,0.101220925947435,0.01,0.100431689134722,-1.80728193469511
"IGFBP5","P24593",-1.86629201245285,0.434251185202501,"P24593","9606.ENSP00000233813",5,100.327347249921,0.0653031962594177,5,1685.65469449984,22.6383795111283,0.48953111935001,0.0222546066012813,0.853947171438029,1.26386971601022,0.112659143957116,-1.36612298584456
"IGFBP6","P24592",-2.87855867855299,0.317288927127381,"P24592","9606.ENSP00000301464",4,0,0.0346700764979868,5,1485,3.06790532203072,0.369648339512507,0.01,0.458059431544231,1.26386971601022,0.100431689134722,-1.69663156830026
"IGFBP7","Q07822",6.23803722558764,0.612854761843481,"Q07822","9606.ENSP00000295666",7,204.327050002715,0.0653021355066864,5,1893.65410000543,43.6311436407382,0.729296679025015,0.034957777559354,0.853933462778752,1.26386971601022,0.125334169279817,2.49760629915678
"IGSF5","Q9NSI5",-1.63106554431843,0.099565972422733,"Q9NSI5","9606.ENSP00000369962",2,13.7303321678322,0.00131112944137575,2,1512.46066433566,4.14231589199709,0.129882779837503,0.0116771082245657,0.0269444077291793,0.01,0.102105081493641,-1.27713176466582
"IL10RB","Q08334",2.32312061383451,0.308710498122363,"Q08334","9606.ENSP00000290200",4,24.0219729774585,0.0340614535710457,3,1533.04394595492,7.55668926901952,0.369648339512507,0.0129341932852271,0.450193880896084,0.427956572003405,0.103359381308173,1.52417866860631
"IL11","P20809",2.97595657554032,0.90893004265526,"P20809","9606.ENSP00000264563",10,771.40510120341,0.0819667260048897,6,3027.81020240683,152.299353106217,1.08894501853752,0.104224220061562,1.06929863354715,1.68182628801362,0.194447142381307,1.72509610617505
"IL17RB","Q9BPZ0",-1.55205112118547,0.0998036682253783,"Q9BPZ0","9606.ENSP00000288167",2,48.7241229650466,0.000659900260021809,2,1582.44824593009,10.711306622509,0.129882779837503,0.0159514676236949,0.0185282342944478,0.01,0.106369970457279,-1.24581343755214
"IL17RD","Q2NKP7",1.11417142439187,0.238134914274868,"Q2NKP7","9606.ENSP00000296318",3,1747.03631185852,0.0136854624773186,2,4979.07262371702,330.254314346049,0.249765559675005,0.223393888175352,0.186864349819457,0.01,0.313352773583591,1.05554318925938
"IL31RA","Q2TBA1",3.91045531989601,0.0128399639868111,"Q2TBA1","9606.ENSP00000498630",1,0,0.00327123466463911,2,1485,0.830019401708957,0.01,0.01,0.0522758670397249,0.01,0.100431689134722,1.97748712256136
"IL32","P24001",3.16112977864412,0.0327131208373237,"P24001","9606.ENSP00000431775",1,0,0.0261987889437271,2,1485,0.831557152774456,0.01,0.01,0.34858057630635,0.01,0.100431689134722,1.77795663013588
"IL4R","P24394",1.88781322976064,0.431865473474522,"P24394","9606.ENSP00000379111",5,27.9162922436799,0.0743893782473646,3,1540.83258448736,9.02540567558263,0.48953111935001,0.0134098696775117,0.971372627267735,0.427956572003405,0.103834003773502,1.37397715765607
"IL6ST","P40189",-1.54408512385913,0.820159264336718,"P40189","9606.ENSP00000370698",9,117.921452364883,0.0984869224144944,6,1720.84290472977,28.8935405558222,0.96906223870002,0.0244036601006063,1.28279772440483,1.68182628801362,0.114803435930647,-1.2426122178134
"IMP3","Q53G10",-1.45708486107058,1.94272668045789,"Q53G10","9606.ENSP00000326981",20,9509.28589240611,0.0121589019925194,9,20503.5717848123,1799.95022322003,2.28777281691255,1.17152336192306,0.167135814663882,2.93569600402384,1.25938153511217,-1.20709770154308
"INF2","Q27J81",1.6515361258791,0.292336437555761,"Q27J81","9606.ENSP00000376410",4,335.896116441132,0.00692285946495231,3,2156.79223288226,66.0998832945136,0.369648339512507,0.051028442181675,0.0994677136552394,0.427956572003405,0.141369227117963,1.28512105495128
"ING3","O60394",-1.2077445569595,0.0995399557944767,"O60394","9606.ENSP00000320566",2,61.7504528506674,1.11579475415732e-05,2,1608.50090570133,13.1565657574908,0.129882779837503,0.0175425846280062,0.0101441999596675,0.01,0.107957562121407,-1.09897432042769
"INMT","O95050",-7.05508734315479,0.0100091192092805,"O95050","9606.ENSP00000013222",1,0,5.30425505593697e-06,2,1485,0.829800355756387,0.01,0.01,0.0100685496469922,0.01,0.100431689134722,-2.65614143884598
"INO80C","Q6PI98",-1.06006007510301,0.202910099158759,"Q6PI98","9606.ENSP00000391457",3,537.812584190058,6.45407785250621e-05,3,2560.62516838012,103.268212632908,0.249765559675005,0.0756917762217896,0.0108340940505003,0.427956572003405,0.165977916124233,-1.02959218873446
"INPP1","P49441",3.74223320149482,0.358343041986667,"P49441","9606.ENSP00000376142",4,2967,0.0134912668061154,3,7419,560.011144859265,0.369648339512507,0.372407845743474,0.184354658153425,0.427956572003405,0.462036570081785,1.93448525491791
"INPP5J","Q15735",1.28988527414903,0.0105078498817219,"Q15735","9606.ENSP00000333262",1,0,0.000580687152149682,2,1485,0.829838946687295,0.01,0.01,0.017504522100271,0.01,0.100431689134722,1.13573116279735
"INSIG1","O15503",3.6088093185413,0.753549249895877,"O15503","9606.ENSP00000344741",9,120.65954884435,0.0116433363387105,8,1726.3190976887,29.4222914276297,0.96906223870002,0.0247381082457231,0.16047289155834,2.51773943202043,0.115137143059558,1.89968663693287
"INSM1","Q01101",-9.60556173664798,0.02715280728357,"Q01101","9606.ENSP00000312631",1,0,0.0197838850725714,2,1485,0.831126905171817,0.01,0.01,0.265677436992891,0.01,0.100431689134722,-3.0992840684016
"IQCJ-SCHIP1","O75543",5.21027794263969,0.193525296128043,"O75543","9606.ENSP00000420182",3,167.459996447416,0.00399359179316285,2,1819.91999289483,33.7355983833105,0.249765559675005,0.0304546061883107,0.0616112639315392,0.01,0.120840975308893,2.28260332573132
"IRF3","Q14653",1.66387223038717,1.16264119383291,"Q14653","9606.ENSP00000471896",11,7741.86682234515,0.0886764264967177,6,16968.7336446903,1461.52984741856,1.20882779837502,0.955639796804509,1.15601158292224,1.68182628801362,1.04397628994434,1.28991171418325
"IRS2","Q96RR2",-3.5764094346789,1.31597938663976,"Q96RR2","9606.ENSP00000365016",13,3113.64410816009,0.179714993706239,7,7712.28821632018,594.20621546844,1.44859335805003,0.390319869784347,2.33255033889723,2.09978286001703,0.479908907551558,-1.89113971844465
"ITGA5","P08648",2.81141358714343,3.1072176305077,"P08648","9606.ENSP00000293379",31,6589.04234250513,0.314680096387687,9,14663.0846850103,1259.86706412913,3.60648339512507,0.814826639993198,4.0767745603024,2.93569600402384,0.903475124192599,1.67672704610602
"ITGA6","P23229",2.75107436125317,2.19339359529759,"P23229","9606.ENSP00000386896",23,1389.79766395134,0.211125734605603,9,4264.59532790269,277.978147679966,2.64742115642505,0.179758536370717,2.73848768122094,2.93569600402384,0.269814101946866,1.65863629565169
"ITGA7","O43197",1.2613559815118,1.59711419065619,"O43197","9606.ENSP00000452120",17,876.216886643991,0.151659407153904,8,3237.43377328798,177.144665757248,1.92812447740004,0.117026583853287,1.96997340131796,2.51773943202043,0.207221140762193,1.12310105578786
"ITGAM","P11215",5.98947383290603,2.67319777006152,"P11215","9606.ENSP00000496959",27,3689.58226253655,0.3022048627136,8,8864.1645250731,712.629411203503,3.12695227577506,0.460668540431143,3.91555062678389,2.51773943202043,0.550101710971231,2.44734015472023
"ITGAV","P06756",1.23626074746912,2.79089795219151,"P06756","9606.ENSP00000261023",28,5882.63367929043,0.273382658605449,9,13250.2673585809,1125.05235005131,3.24683505561257,0.728541489386467,3.54306629178972,2.93569600402384,0.817381150292457,1.11187263095605
"ITGB1","P05556",1.44883578427761,6.41594110767128,"P05556","9606.ENSP00000379350",59,33765.1870575982,0.566962228466695,9,69015.3741151964,6381.969030609,6.96320123057514,4.13429009190077,7.33714777276562,2.93569600402384,4.21558384488737,1.20367594653944
"ITGB6","P18564",7.18186004270764,1.99241345355749,"P18564","9606.ENSP00000283249",21,1307.05596358006,0.184748876158645,9,4099.11192716011,260.974166590373,2.40765559675005,0.169651950127135,2.39760582010497,2.93569600402384,0.259729908245445,2.67989925980579
"ITGB8","P26012",1.99738747553558,1.51043564967282,"P26012","9606.ENSP00000222573",16,100.038690448051,0.168876448921418,9,1685.0773808961,30.7169695143373,1.80824169756254,0.022219348262985,2.19247818718636,2.93569600402384,0.112623963738553,1.41328959365573
"ITM2C","Q4G0A8",3.30004784690621,0.0107702293373291,"Q4G0A8","9606.ENSP00000322730",1,0,0.000883392920307342,2,1485,0.829859249163165,0.01,0.01,0.0214165461886445,0.01,0.100431689134722,1.81660338183826
"ITSN1","O95216",1.22441751454178,0.651594257589046,"O95216","9606.ENSP00000370719",8,234.873495519732,0.00753552384121727,5,1954.74699103947,50.0964179865482,0.849179458862517,0.0386889105269786,0.107385494055078,1.26386971601022,0.129057035405378,1.10653400966341
"IVL","P07476",3.53911782702846,0.0995975775996952,"P07476","9606.ENSP00000357753",2,53.1905974269489,0.000304012727846609,2,1591.3811948539,11.5497293391205,0.129882779837503,0.0164970306125072,0.0139289146082234,0.01,0.106914324675698,1.8812543227933
"IVNS1ABP","Q1G4T6",1.75910498333442,0.01,"Q1G4T6","9606.ENSP00000356468",1,0,0,2,1,0.7556,0.01,0.01,0.01,0.01,0.01,1.32631255114864
"JAG1","O14902",3.22578014789401,0.650933637537207,"O14902","9606.ENSP00000254958",7,2576.21307925632,0.0514676135975865,4,6637.42615851264,488.870371170841,0.729296679025015,0.324674699099914,0.675142740392043,0.84591314400681,0.414409182838378,1.79604569760739
"JAK2","O14636",-1.48785519960517,3.53278713379206,"O14636","9606.ENSP00000371067",34,10359.2566048196,0.410915595405071,7,22203.5132096392,1969.80246996572,3.96613173463758,1.27534407470729,5.32047596911262,2.09978286001703,1.36297221872214,-1.21977670071418
"JAM2","P57087",2.68559561539733,0.240129671233278,"P57087","9606.ENSP00000383376",3,1396.29685395932,0.0252625764382237,2,4277.59370791863,264.414279786244,0.249765559675005,0.180552387887356,0.336481415145145,0.01,0.270606194575476,1.63877869628493
"JPH2","O95913",6.65491357992612,0.132558881218633,"O95913","9606.ENSP00000362071",2,1484,0.000491625300798195,2,4453,280.141282973309,0.129882779837503,0.191264995983591,0.0163535294714793,0.01,0.281295067404166,2.57971191801064
"KATNAL2","Q8IYT4",-1.83852746954469,0.291363302246884,"Q8IYT4","9606.ENSP00000245121",4,0,0.00475982237288323,5,1484.99999999999,3.06589924128655,0.369648339512507,0.01,0.0715136602530834,1.26386971601022,0.100431689134722,-1.355923106059
"KCNAB1","Q13031",3.86245144426321,0.673552989023567,"Q13031","9606.ENSP00000419952",8,1798.05607629789,0.00145230013936309,3,5081.11215259577,343.51606404841,0.849179458862517,0.229625759736124,0.0287688300864412,0.427956572003405,0.319570837569451,1.96531204755459
"KCNAB2","O43659",2.82342115279668,0.568737215930398,"O43659","9606.ENSP00000367323",7,1096.75260680939,0.000726131335564556,3,3678.50521361877,211.132358051887,0.729296679025015,0.143964189264351,0.0193841729324826,0.427956572003405,0.234099062176073,1.6803038870385
"KCNAB3","O43448",1.86980392089974,0.366943752057497,"O43448","9606.ENSP00000302719",5,2.75,0.000155093298077412,3,1490.5,4.2962104021075,0.48953111935001,0.0103359021151987,0.0120043513597936,0.427956572003405,0.100766847012243,1.36740773761879
"KCNB1","Q14193",7.34871277976807,0.483871660686793,"Q14193","9606.ENSP00000360806",6,1221.94544898487,0.00115862245419191,3,3928.89089796973,233.898617392248,0.609413899187512,0.159256022171435,0.0249734806102823,0.427956572003405,0.24935701390856,2.71085093278256
"KCNC1","P48547",5.38954464969533,0.498344628973409,"P48547","9606.ENSP00000265969",6,1873.95627230395,0.00061271084910503,3,5232.91254460791,356.294052531414,0.609413899187512,0.238896682057009,0.0179183809925232,0.427956572003405,0.328821218877382,2.32153928454707
"KCNC3","Q14003",1.34477696297711,0.376215457277906,"Q14003","9606.ENSP00000434241",5,389.956272303956,0.000611622588599536,3,2264.91254460791,76.9826024584256,0.48953111935001,0.0576316860734183,0.0179043168359733,0.427956572003405,0.147957840607938,1.15964518839907
"KCNE4","Q53SM4",-1.28145797206915,0.109175148023935,"Q53SM4","9606.ENSP00000281830",2,451.595038987329,0.000817266513100281,2,2388.19007797466,86.3382455327664,0.129882779837503,0.065160628657849,0.0205619602339531,0.01,0.155470101776885,-1.13201500523145
"KCNH1","O76035",-1.73371913079431,0.478362204582599,"O76035","9606.ENSP00000271751",5,4389.43596892885,0.0126861919610232,3,10263.8719378577,827.765740950218,0.48953111935001,0.546153027815444,0.173950257186398,0.427956572003405,0.63539679562925,-1.31670768616057
"KCNIP3","Q3YAC3",4.31420375398163,0.0100273804243884,"Q3YAC3","9606.ENSP00000295225",1,0,2.63721208075663e-05,2,1485,0.829801768778142,0.01,0.01,0.010340820634138,0.01,0.100431689134722,2.07706614097424
"KCNJ2","O15110",-8.40426508536259,0.105373237185837,"O15110","9606.ENSP00000243457",2,245.639364924889,0.00187779537838469,2,1976.27872984978,47.6763175274363,0.129882779837503,0.0400039208197588,0.0342677263733261,0.01,0.13036913211065,-2.89901105299076
"KCNK2","O95069",-4.23183654076992,0.0102204473176458,"O95069","9606.ENSP00000394033",1,0,0.000249112358201671,2,1485,0.829816707965865,0.01,0.01,0.0132194085759507,0.01,0.100431689134722,-2.05714281000856
"KCNK5","O95279",-7.94497912475765,0.01,"O95279","9606.ENSP00000352527",1,0,0,2,1,0.7556,0.01,0.01,0.01,0.01,0.01,-2.81868393488125
"KCNK9","Q2M290",6.68894059653356,0.01,"Q2M290","9606.ENSP00000498198",1,0,0,2,1,0.7556,0.01,0.01,0.01,0.01,0.01,2.58629862864549
"KCNMA1","Q12791",3.11298213403933,0.437600390688132,"Q12791","9606.ENSP00000286628",5,2974.49700985966,0.00307945751322846,3,7433.9940197193,562.15275523007,0.48953111935001,0.373323577186937,0.0497974311629186,0.427956572003405,0.462950272595353,1.76436451280322
"KCNMB3","Q9NPA1",1.1397636048551,0.282942480303788,"Q9NPA1","9606.ENSP00000319370",4,113.052695631198,0.00197849345477566,3,1711.1053912624,24.2673847214446,0.369648339512507,0.0238089598514308,0.0355690999906573,0.427956572003405,0.114210053322273,1.0675971172943
"KCNN2","Q0VFZ4",-3.99275533030135,0.537893206151511,"Q0VFZ4","9606.ENSP00000264773",6,2454.66824317329,0.0259202090557946,4,6394.33648634657,465.317291076912,0.609413899187512,0.309828456361089,0.34498034351673,0.84591314400681,0.399595834007392,-1.99818801174998
"KCNQ5","Q17RE1",-2.10096428820894,0.896147008421589,"Q17RE1","9606.ENSP00000345055",8,10731.8883928718,0.0170289136451194,4,22948.7767857436,2020.58640123913,0.849179458862517,1.32085964045166,0.230073508291539,0.84591314400681,1.4083869384241,-1.44947034747488
"KCNS3","O43651",1.54690626211693,0.376235823990876,"O43651","9606.ENSP00000385968",5,389.956272303956,0.000635119555922114,3,2264.91254460791,76.9826040343672,0.48953111935001,0.0576316860734183,0.0182079803661701,0.427956572003405,0.147957840607938,1.24374686416366
"KCNV1","Q6PIU1",2.83750503094732,0.28378157861489,"Q6PIU1","9606.ENSP00000435954",4,389.956272303956,0.000585250467791977,2,2264.91254460791,76.2373406896475,0.369648339512507,0.0576316860734183,0.0175634962018354,0.01,0.147957840607938,1.68448954610805
"KCP","Q6ZWJ8",2.58261305284919,0.0115233573867241,"Q6ZWJ8","9606.ENSP00000479679",1,0,0.00175227270430407,2,1485,0.829917524930278,0.01,0.01,0.0326455315680236,0.01,0.100431689134722,1.60705104239075
"KCTD1","Q719H9",-1.17543167749551,0.135885196492552,"Q719H9","9606.ENSP00000384367",2,1484,0.00432917735988025,2,4453,280.141540357926,0.129882779837503,0.191264995983591,0.0659482107584832,0.01,0.281295067404166,-1.08417326912976
"KCTD17","O95517",1.48674101697838,0.47310093990365,"O95517","9606.ENSP00000385096",6,0,0.00120136437033821,7,1485,4.55618057550832,0.609413899187512,0.01,0.0255258566240109,2.09978286001703,0.100431689134722,1.21931989936127
"KCTD7","Q8IVR0",-1.49495883598082,0.01,"Q8IVR0","9606.ENSP00000492240",1,0,0,2,1,0.7556,0.01,0.01,0.01,0.01,0.01,-1.22268509272863
"KDELR2","P33947",-1.13721614754997,0.133871255965485,"P33947","9606.ENSP00000258739",2,1484,0.00200570499479369,2,4453,280.141384522634,0.129882779837503,0.191264995983591,0.0359207688758595,0.01,0.281295067404166,-1.06640337000123
"KDELR3","O43731",-1.90682545837669,0.0100793498488706,"O43731","9606.ENSP00000386918",1,0,8.63289665986846e-05,2,1485,0.82980579008379,0.01,0.01,0.0111156741376747,0.01,0.100431689134722,-1.38087850963678
"KDM4C","O94877",-1.26679775945936,0.0206856824582058,"O94877","9606.ENSP00000370710",1,0,0.0123227979096957,2,1485,0.830626490055803,0.01,0.01,0.1692539268488,0.01,0.100431689134722,-1.12552110573696
"KIAA0319","Q5VV43",4.53437995482651,0.103390189816858,"Q5VV43","9606.ENSP00000367459",2,129.480180704937,0.00266194910705828,2,1743.96036140987,25.8709680588574,0.129882779837503,0.0258155151182177,0.0444017528711673,0.01,0.116212162787844,2.12940835793103
"KIAA1328","Q05DL0",-1.13545435482164,0.190567118950577,"Q05DL0","9606.ENSP00000280020",3,2,0,3,7,2.61137,0.249765559675005,0.0102442924474173,0.01,0.427956572003405,0.0103656267754774,-1.06557700558038
"KIF18B","Q86Y91",1.54627915127143,0.379896567895123,"Q86Y91","9606.ENSP00000465992",5,11.8115083421659,0.00493548594474688,5,1508.62301668433,6.01813736903369,0.48953111935001,0.0114427311402984,0.0737838519602412,1.26386971601022,0.101871223704279,1.24349473310965
"KIF20B","O43277",1.2351390336828,0.197430184360008,"O43277","9606.ENSP00000360793",3,0,0.00300378601498741,4,1485,2.32052146392803,0.249765559675005,0.01,0.0488194890321029,0.84591314400681,0.100431689134722,1.11136809099542
"KIF4A","O95239",1.32806718371405,1.38910221558843,"O95239","9606.ENSP00000363524",16,600.886523380896,0.0255726855337293,7,2686.77304676179,124.705933329081,1.80824169756254,0.0833960197083776,0.340489116283532,2.09978286001703,0.173665089791899,1.15241797266185
"KIF5C","O60282",3.9176836655479,0.104639474987166,"O60282","9606.ENSP00000393379",2,78.058890927024,0.00546314740609459,2,1641.11778185405,16.2183514181175,0.129882779837503,0.019534598753619,0.0806030954780044,0.01,0.109945162663716,1.97931393809772
"KIF9","Q6PJI1",-2.04118251215009,0.01,"Q6PJI1","9606.ENSP00000333942",1,0,0,2,1,0.7556,0.01,0.01,0.01,0.01,0.01,-1.42869958778957
"KIR3DL2","P43630",3.84912246272202,0.197354698417163,"P43630","9606.ENSP00000325525",3,0,0.00291669828831609,4,1484.99999999999,2.3205156229542,0.249765559675005,0.01,0.0476940090433554,0.84591314400681,0.100431689134722,1.96191805708649
"KIRREL1","Q5W0F8",3.62467125260233,0.208497256026672,"Q5W0F8","9606.ENSP00000352138",3,379.077832727008,0.0156701450669802,2,2243.15566545402,73.4612817561436,0.249765559675005,0.0563029257592517,0.212513435219403,0.01,0.146632024346357,1.90385694121232
"KLF2","Q6IPC4",-2.73822846056049,0.137456151997958,"Q6IPC4","9606.ENSP00000248071",2,0,0.0404261641634173,3,1485,1.57777138283044,0.129882779837503,0.01,0.532448346360767,0.427956572003405,0.100431689134722,-1.65475933614544
"KLF4","O43474",-3.89661204190637,1.09136434813376,"O43474","9606.ENSP00000363804",11,5037.79328100891,0.0829193290611016,5,11560.5865620178,953.910486110392,1.20882779837502,0.625347425099894,1.08160961832038,1.26386971601022,0.714415726753576,-1.97398379980849
"KLF6","Q5VUT7",-1.09184658848532,0.214473046350127,"Q5VUT7","9606.ENSP00000419923",3,14.7419218947318,0.0272379533473465,3,1514.48384378946,5.07921042761006,0.249765559675005,0.0118006700896489,0.362010238395321,0.427956572003405,0.102228369590292,-1.04491463215199
"KLF9","Q13886",-2.26429493637614,0.0206336162678984,"Q13886","9606.ENSP00000366330",1,0,0.012262729425692,2,1485,0.830622461262581,0.01,0.01,0.168477630586575,0.01,0.100431689134722,-1.50475743439803
"KLHL12","Q53G59",-1.26440246537917,0.47310093990365,"Q53G59","9606.ENSP00000356230",6,0,0.00120136437033821,7,1485,4.55618057550832,0.609413899187512,0.01,0.0255258566240109,2.09978286001703,0.100431689134722,-1.12445652000385
"KLHL13","Q6P2E3",-1.9399496223706,0.47310093990365,"Q6P2E3","9606.ENSP00000419803",6,0,0.00120136437033821,7,1485,4.55618057550832,0.609413899187512,0.01,0.0255258566240109,2.09978286001703,0.100431689134722,-1.39282074308599
"KLHL15","Q32MN3",1.0502137251494,0.0103959383879807,"Q32MN3","9606.ENSP00000332791",1,0,0.000451575463125783,2,1485,0.829830287166312,0.01,0.01,0.0158359445881007,0.01,0.100431689134722,1.02479935848409
"KLHL2","O95198",1.21864637493523,0.575034260713522,"O95198","9606.ENSP00000424198",7,602.770992957192,0.0012078864503976,7,2690.54198591439,118.443321810868,0.729296679025015,0.0836262005508158,0.0256101448569505,2.09978286001703,0.173894760636788,1.10392317438091
"KLHL21","O75057",1.14006259772102,0.47310093990365,"O75057","9606.ENSP00000366886",6,0,0.00120136437033821,7,1485,4.55618057550832,0.609413899187512,0.01,0.0255258566240109,2.09978286001703,0.100431689134722,1.0677371388694
"KMO","O15229",-1.0651914157737,0.226660296143813,"O15229","9606.ENSP00000355517",3,1748.02244778833,0.000421177510940867,2,4981.04489557667,330.438542147202,0.249765559675005,0.223514340955242,0.015443096041116,0.01,0.313472959483658,-1.03208110910611
"KNTC1","P50748",1.06165544453706,0.753303684077399,"P50748","9606.ENSP00000328236",9,80.1504654326436,0.0223549029013291,6,1645.30093086529,21.7980647143535,0.96906223870002,0.0197900766810857,0.298904037658458,1.68182628801362,0.110200074544436,1.03036665538878
"KPNA5","O15131",1.04041859314576,0.102411025916864,"O15131","9606.ENSP00000357552",2,0,0,3,3,1.50096,0.129882779837503,0.01,0.01,0.427956572003405,0.0101218755918258,1.02000911424642
"KRAS","P01116",1.02771499460468,4.98861101371195,"P01116","9606.ENSP00000256078",40,47378.5053394482,0.501554381276741,7,96242.0106788965,8923.47174157357,4.6854284136626,5.79710551217226,6.49184814292014,2.09978286001703,5.87471506720043,1.01376279010658
"KRT10","P13645",-1.50151008139963,0.103410205633673,"P13645","9606.ENSP00000269576",2,190.377566006331,0.00107452853002948,2,1865.75513201266,37.3025187593369,0.129882779837503,0.0332539007665117,0.0238866910885248,0.01,0.123634067662093,-1.22536120446162
"KRT20","P35900",4.75782167865041,0.103137983677964,"P35900","9606.ENSP00000167588",2,91.566722085617,0.00337365230787786,2,1668.13344417124,18.7539013407723,0.129882779837503,0.0211845293201348,0.0535994635138289,0.01,0.111591437580453,2.18124314982315
"KRT7","P08729",-1.26311689404988,0.206346370238735,"P08729","9606.ENSP00000329243",3,98.907420031462,0.0156363817335698,3,1682.81484006292,20.8779796204289,0.249765559675005,0.0220811678536054,0.212077094100404,0.427956572003405,0.112486089487017,-1.12388473343572
"L1CAM","P32004",5.49122012990798,1.21439924324591,"P32004","9606.ENSP00000359077",12,5137.55527056643,0.12553514803026,4,11760.1105411329,973.365345033109,1.32871057821253,0.637532975394004,1.63235601264178,0.84591314400681,0.726574278272615,2.34333525768465
"LACC1","Q8IV20",1.27545294185979,0.0101430969940926,"Q8IV20","9606.ENSP00000391747",1,0,0.000159873705525107,2,1485,0.82981072272943,0.01,0.01,0.0120661310516754,0.01,0.100431689134722,1.12935952728075
"LAMA2","P24043",6.24545762294014,1.36300886790555,"P24043","9606.ENSP00000400365",14,2637.41533201908,0.134991283921644,9,6759.83066403816,505.561099992035,1.56847613788753,0.332150323157346,1.75456257518987,2.93569600402384,0.42186824361491,2.4990913594625
"LAMB3","O14947",5.1428757151148,1.12231049635875,"O14947","9606.ENSP00000375778",12,142.189384974541,0.12659308630072,9,1769.37876994908,35.6867819457191,1.32871057821253,0.0273678964260913,1.64602829917678,2.93569600402384,0.117761104579837,2.26779093284959
"LAMC1","P11047",1.70310838255894,1.57828332435312,"P11047","9606.ENSP00000258341",16,3267.12361070156,0.163394154494661,9,8019.24722140311,625.241783046838,1.80824169756254,0.409066811436465,2.12162764480139,2.93569600402384,0.498614312756924,1.30503194694955
"LAMC2","Q02536",2.93659191697031,1.16296244932276,"Q02536","9606.ENSP00000264144",12,610.19090731039,0.161116100470542,9,2705.38181462078,123.542343177165,1.32871057821253,0.0845325150693003,2.09218716776256,2.93569600402384,0.17479906708988,1.71364871457668
"LAT2","Q9BXX8",5.28976478399577,0.128061247663867,"Q9BXX8","9606.ENSP00000381492",2,0,0.0295873135124121,3,1485,1.57704442111728,0.129882779837503,0.01,0.392372241782105,0.427956572003405,0.100431689134722,2.29994886551762
"LCA5","Q86VQ0",2.81534672810093,0.0100129509063193,"Q86VQ0","9606.ENSP00000376686",1,0,9.72486334174755e-06,2,1485,0.829800652246584,0.01,0.01,0.0101256794671625,0.01,0.100431689134722,1.67789949880824
"LDB3","O75112",2.70772916615133,0.289540346388746,"O75112","9606.ENSP00000401437",4,248.65086245354,0.00600434141638092,3,1982.30172490708,49.7221426109573,0.369648339512507,0.0403717638705913,0.0875972271643916,0.427956572003405,0.130736160154236,1.645517902106
"LDLR","P01130",2.82701555294694,0.0106962347082535,"P01130","9606.ENSP00000454071",1,0,0.000798025714319199,2,1485,0.829853523584659,0.01,0.01,0.0203133013835808,0.01,0.100431689134722,1.68137311532775
"LGALS8","O00214",-1.28203162463537,0.228260190880751,"O00214","9606.ENSP00000435460",3,209.977028336822,0.0379808546761553,3,1904.95405667364,41.7294651353113,0.249765559675005,0.0356479010769005,0.500846339977079,0.427956572003405,0.126022763733089,-1.13226835363149
"LGI1","O95970",-5.6988137669528,0.300947115429279,"O95970","9606.ENSP00000360472",4,957.293686999447,0.000423263279263291,3,3399.58737399889,182.748199311804,0.369648339512507,0.126929808847084,0.0154700515100182,0.427956572003405,0.217102423788854,-2.38721883516212
"LGR4","Q8N537",2.85126597871765,0.101939083016192,"Q8N537","9606.ENSP00000368516",2,162.091132693901,0.000125374792194097,2,1809.1822653878,31.9925258381865,0.129882779837503,0.0297988197552128,0.0116202836507651,0.01,0.120186641861501,1.68856921052045
"LHFPL6","Q53FC0",2.6343400225708,0.0117295364826017,"Q53FC0","9606.ENSP00000368908",1,0,0.00199014041940871,2,1485,0.82993347871793,0.01,0.01,0.0357196197725506,0.01,0.100431689134722,1.62306500873218
"LHX4","Q8NHE0",-1.15387792037837,0.0113315789453841,"Q8NHE0","9606.ENSP00000263726",1,0,0.00153101894696419,2,1485,0.829902685440773,0.01,0.01,0.0297861541811151,0.01,0.100431689134722,-1.07418709747342
"LHX6","Q5T7S7",-2.39296848598564,0.229000915718983,"Q5T7S7","9606.ENSP00000377854",3,1816.72714558304,0.00130455021123493,2,5118.45429116608,343.335847265031,0.249765559675005,0.231906360341908,0.0268593809160118,0.01,0.321846385188599,-1.54692226242486
"LIFR","P42702",2.45669822836035,0.936509807740114,"P42702","9606.ENSP00000398368",10,1181.43796351047,0.102941485920501,6,3847.87592702094,229.272128795646,1.08894501853752,0.154308185788806,1.34036636554686,1.68182628801362,0.244420140142994,1.56738579435962
"LIG4","P49917",1.14481291827361,0.657792113618855,"P49917","9606.ENSP00000484288",8,259.732975604394,0.0140285148766606,5,2004.46595120879,54.7634750729496,0.849179458862517,0.0417254021426797,0.191297794408135,1.26386971601022,0.132086799253176,1.06995930683069
"LIMA1","Q2TAN7",1.3413450613124,0.0158405602568405,"Q2TAN7","9606.ENSP00000378400",1,0,0.00673300645903595,2,1485,0.830251582743208,0.01,0.01,0.0970141445114624,0.01,0.100431689134722,1.15816452255817
"LIMS2","PINCH2",3.44272677266315,0.01,"PINCH2","9606.ENSP00000326888",1,0,0,2,1,0.7556,0.01,0.01,0.01,0.01,0.01,1.85545864213222
"LIN28A","Q9H9Z2",1.16207433285668,0.218784309707411,"Q9H9Z2","9606.ENSP00000363314",3,24.8824625129772,0.0319436545729356,3,1534.76492502595,6.98310832384829,0.249765559675005,0.0130392988325315,0.422824462911868,0.427956572003405,0.103464253979574,1.07799551615797
"LIPA","P38571",2.77415558240091,0.308910817882781,"P38571","9606.ENSP00000337354",4,1237.00708142719,0.00221354957879195,3,3959.01416285438,235.256117788282,0.369648339512507,0.161095743697152,0.0386068525411556,0.427956572003405,0.251192659276331,1.66557965357437
"LIPG","Q6P9C8",8.02745142691895,0.337570186861647,"Q6P9C8","9606.ENSP00000261292",4,2326.71558920181,0.00149713332178163,4,6138.43117840362,439.826440817695,0.369648339512507,0.294199522864976,0.0293482326219371,0.84591314400681,0.38400152857894,2.83327574141998
"LIPH","Q8TEC7",3.29411103531407,0.0989400141186272,"Q8TEC7","9606.ENSP00000296252",2,35.7869375082095,5.64831187992556e-06,2,1556.57387501642,8.28269428787336,0.129882779837503,0.0143712392747242,0.0100729960722831,0.01,0.104793243323167,1.81496860449818
"LMNB2","O75292",1.22023925312554,0.498912347047507,"O75292","9606.ENSP00000327054",5,4444.78849714853,0.0349309093424555,3,10374.5769942971,838.158009500812,0.48953111935001,0.552914130110203,0.461430310060391,0.427956572003405,0.642142917765078,1.10464440121043
"LMO4","O00158",1.28011664047425,0.0103959383879807,"O00158","9606.ENSP00000359575",1,0,0.000451575463125783,2,1485,0.829830287166312,0.01,0.01,0.0158359445881007,0.01,0.100431689134722,1.13142239701813
"LMX1B","O60663",-2.14281740680192,0.594680050329133,"O60663","9606.ENSP00000347684",7,2137.05490408977,0.00314405582321853,3,5759.10980817953,406.418067467556,0.729296679025015,0.271033186392552,0.0506322687224652,0.427956572003405,0.360886520334829,-1.46383653691316
"LPAR6","O15133",1.21608329838082,0.11327482872428,"O15133","9606.ENSP00000367691",2,658.825998099777,6.65465209447637e-05,2,2802.65199619956,125.239590826565,0.129882779837503,0.0904731077489499,0.0108600153030378,0.01,0.180726497563337,1.10276166889352
"LPCAT1","PFAAP3",1.11809946547095,0.652676253265757,"PFAAP3","9606.ENSP00000283415",8,173.893999773837,0.00543472183045655,6,1832.78799954767,38.6594961443379,0.849179458862517,0.0312404953979618,0.0802357369790281,1.68182628801362,0.121625123272109,1.05740222501702
"LPCAT2","Q6MZJ6",4.38266058463602,0.563066002128273,"Q6MZJ6","9606.ENSP00000262134",7,149.086526921358,0.0043602415313088,6,1783.17305384272,33.2675952750768,0.729296679025015,0.0282103562692773,0.0663496692032742,1.68182628801362,0.118601697836511,2.09348049540377
"LPCAT3","Q6P1A2",1.2246481875049,0.564445419324747,"Q6P1A2","9606.ENSP00000261407",7,284.925221946425,0.00235923195954217,6,2054.85044389285,58.7671008974705,0.729296679025015,0.0448025399000961,0.0404895817214255,1.68182628801362,0.135157119185532,1.10663823696134
"LPCAT4","O43412",2.6787509324047,0.559828746114942,"O43412","9606.ENSP00000317300",7,26.5793296311608,0.00386530317293233,6,1538.15865926233,10.2705110042453,0.729296679025015,0.0132465647431529,0.059953323365489,1.68182628801362,0.103671060663853,1.63668901517811
"LPIN1","Q14693",1.32274111875116,1.24619722420839,"Q14693","9606.ENSP00000397908",12,9951.6657124522,0.0249811675059706,6,21388.3314249044,1877.08399302843,1.32871057821253,1.22555838638658,0.332844621144298,1.68182628801362,1.31329683749206,1.15010482946171
"LRAT","O95237",3.59299952625331,0.726780425180046,"O95237","9606.ENSP00000337224",8,4166.42070012731,0.000225940466412645,3,9817.84140025463,788.105388981726,0.849179458862517,0.518912554901973,0.0129199461659558,0.427956572003405,0.608216677757882,1.89552091158428
"LRIG1","Q6IQ51",-2.69400304587967,0.34776377681956,"Q6IQ51","9606.ENSP00000273261",4,42.1119216383533,0.0786385985072745,3,1569.22384327671,10.9555242207536,0.369648339512507,0.0151438122012382,1.02628751083518,0.427956572003405,0.105564104507317,-1.64134184309048
"LRIG3","Q6UXL7",1.97826971706227,0.298832271708243,"Q6UXL7","9606.ENSP00000326759",3,2966,0.0465127754202412,3,7417,559.090669611848,0.249765559675005,0.372285699519765,0.611108789464248,0.427956572003405,0.461914694489959,1.40650976429681
"LRP1","Q07954",2.614634092225,1.37184741869457,"Q07954","9606.ENSP00000243077",14,4094.07971097979,0.131473731008376,4,9673.15942195957,778.954451288264,1.56847613788753,0.510076376258257,1.7091034093055,0.84591314400681,0.599400076892265,1.61698302162546
"LRP2","O00711",3.03458237273699,0.608268916812104,"O00711","9606.ENSP00000496870",7,1394.89316103086,0.0384489169447799,3,4274.78632206171,267.101832957572,0.729296679025015,0.180380932096898,0.50689535212793,0.427956572003405,0.270435118669078,1.74200527345269
"LRP4","O75096",2.4594488957838,0.01,"O75096","9606.ENSP00000367888",1,0,0,2,1,0.7556,0.01,0.01,0.01,0.01,0.01,1.56826301868781
"LRP8","O14968",3.77486789100556,0.202994799882413,"O14968","9606.ENSP00000303634",3,213.260631736243,0.00874546955441773,3,1911.52126347249,42.3439023481706,0.249765559675005,0.0360489808322967,0.123022251836315,0.427956572003405,0.126422954840715,1.94290192521536
"LRRC3","Q0VDJ2",1.67950471271529,0.0141772567143075,"Q0VDJ2","9606.ENSP00000291592",1,0,0.00481406209901887,2,1485,0.830122879144981,0.01,0.01,0.0722146284456647,0.01,0.100431689134722,1.29595706437956
"LRRC47","Q8N1G4",1.13477915948635,0.3973401318075,"Q8N1G4","9606.ENSP00000367498",5,1102.75610759204,0.00117032324922709,4,3690.51221518409,210.799715010759,0.48953111935001,0.144697494213984,0.0251246960704612,0.84591314400681,0.234830742386986,1.06526013700239
"LRRK2","Q5S007",2.74830150418066,1.28311561059777,"Q5S007","9606.ENSP00000298910",14,2248.42154281728,0.0630298804074874,7,5981.84308563455,432.513779431738,1.56847613788753,0.284636200760238,0.82456792826285,2.09978286001703,0.37445939533939,1.65780020031989
"LRRTM3","Q2NKX7",9.19051447697262,0.01093590582728,"Q2NKX7","9606.ENSP00000355187",1,0,0.00107453299657659,2,1485,0.82987206892808,0.01,0.01,0.0238867488120363,0.01,0.100431689134722,3.03158613220417
"LRRTM4","Q4FZ98",-3.49526287247564,0.102703206481366,"Q4FZ98","9606.ENSP00000387228",2,0,0.000331877650034338,3,1485,1.57508225903399,0.129882779837503,0.01,0.0142890274910485,0.427956572003405,0.100431689134722,-1.86956221412277
"LSS","P48449",1.25613552724613,1.28651896329866,"P48449","9606.ENSP00000380837",14,3856.78755461286,0.00953558552249956,10,9198.57510922572,734.463529303648,1.56847613788753,0.481092035442362,0.133233331455171,3.35365257602724,0.570479954899433,1.12077452114425
"LTBP2","Q14767",2.14544844132708,0.332056392359991,"Q14767","9606.ENSP00000261978",4,2084.55999817699,0.0114635840663145,2,5654.11999635398,394.349081720369,0.369648339512507,0.264621131871366,0.158149859447545,0.01,0.354488672608871,1.46473493893164
"LTBP3","O15107",1.78165107010235,0.227624430603426,"O15107","9606.ENSP00000301873",3,992.066059771983,0.0165639920997555,3,3469.13211954396,188.541781687347,0.249765559675005,0.131177122870637,0.224065085340973,0.427956572003405,0.221340327299693,1.33478502767388
"LZTFL1","Q8TC61",-1.50196419656987,0.0100000030468898,"Q8TC61","9606.ENSP00000296135",1,0,0,2,2,0.75565,0.01,0.01,0.01,0.01,0.0100609377959129,-1.22554648894682
"LZTR1","Q14776",1.29974871435537,0.795627429602379,"Q14776","9606.ENSP00000496779",7,9443.57031898248,0.0218982900549712,7,20372.140637965,1778.03955899771,0.729296679025015,1.16349645279051,0.293002992346752,2.09978286001703,1.251372410709,1.14006522372861
"MAD2L1","Q13257",1.13377926108879,2.99355873795893,"Q13257","9606.ENSP00000296509",31,10843.0719622138,0.0611253880882,11,23171.1439244277,2058.43707842656,3.60648339512507,1.33444029358523,0.799955183436347,3.77160914803065,1.42193750173896,1.06479071234153
"MAGEA1","O00346",-5.97270735877504,0.409519499591447,"O00346","9606.ENSP00000349085",5,1862.66033760128,8.66906221042678e-05,3,5210.32067520254,353.438574388852,0.48953111935001,0.237516926289818,0.0111203479998814,0.427956572003405,0.327444520150267,-2.44391230586841
"MAGEA11","P43364",-3.64915988313713,0.0206856824582058,"P43364","9606.ENSP00000347358",1,0,0.0123227979096957,2,1485,0.830626490055803,0.01,0.01,0.1692539268488,0.01,0.100431689134722,-1.91027743616919
"MAGEA12","P43365",-7.21236407162998,0.282965173839326,"P43365","9606.ENSP00000377447",4,0.9,8.92389726146297e-06,4,1486.8,3.22423859852579,0.369648339512507,0.0101099316013378,0.0101153281659001,0.84591314400681,0.100541377167365,-2.68558449348182
"MAGEA2","P43356",-4.89266390394508,0.194831195524227,"P43356","9606.ENSP00000485541",3,0,5.34655962825105e-06,4,1485,2.32032035859375,0.249765559675005,0.01,0.0100690963709841,0.84591314400681,0.100431689134722,-2.21193668624242
"MAGEA3","P43357",-9.11391906259331,0.652804154148156,"P43357","9606.ENSP00000473093",7,4600.63477416449,8.7082074409714e-05,4,10686.2695483289,868.891365646753,0.729296679025015,0.571950164326749,0.0111254069416309,0.84591314400681,0.661136775010239,-3.01892680643193
"MAGI1","O00309",-1.78419564187665,0.530914222113016,"O00309","9606.ENSP00000385450",6,3308.96012697684,0.00519926010400046,2,8102.92025395368,625.662993750467,0.609413899187512,0.414176983912614,0.0771927426172341,0.01,0.503713162937903,-1.33573786420714
"MAK","P20794",-2.45711628148471,0.491641313104762,"P20794","9606.ENSP00000346484",6,0,0.0225912933142175,7,1485,4.55761519804258,0.609413899187512,0.01,0.301959033918054,2.09978286001703,0.100431689134722,-1.56751914868199
"MAN2B1","O00754",1.03379717156986,0.01,"O00754","9606.ENSP00000395473",1,0,0,2,1,0.7556,0.01,0.01,0.01,0.01,0.01,1.01675816769272
"MANBA","O00462",1.10804728720107,0.01,"O00462","9606.ENSP00000495247",1,0,0,2,1,0.7556,0.01,0.01,0.01,0.01,0.01,1.05263825087305
"MANF","P55145",-2.86461119031185,0.685826314170368,"P55145","9606.ENSP00000499582",8,625.429822483081,0.0267765220181391,7,2735.85964496616,123.433522177856,0.849179458862517,0.0863938910110606,0.356046921323512,2.09978286001703,0.176656318895335,-1.69251623044267
"MAP1A","O95643",6.29898137837765,0.284087716376789,"O95643","9606.ENSP00000300231",4,24.5084395762067,0.00564141731131303,3,1534.01687915241,7.64610264710459,0.369648339512507,0.0129936133432245,0.0829069701867395,0.427956572003405,0.103418669712799,2.50977715711528
"MAP1LC3B2","NA",1.53021708720485,0.0109674251368262,NA,"9606.ENSP00000450524",1,0,0.00111089665464536,2,1485,0.829874507838627,0.01,0.01,0.0243566952791031,0.01,0.100431689134722,1.23701943687432
"MAP2","P11137",1.31281250165365,0.209746274821356,"P11137","9606.ENSP00000353508",3,437.23120826939,0.0155731876262924,2,2359.46241653877,84.377826910024,0.249765559675005,0.0634061409776629,0.211260403782881,0.01,0.153719501407251,1.14578030252472
"MAP2K3","P46734",1.28865629312743,0.665700968512693,"P46734","9606.ENSP00000345083",7,3925.36813972646,0.037786174708593,3,9335.73627945292,742.122551508189,0.729296679025015,0.489468894933715,0.498330389497303,0.427956572003405,0.57883825429791,1.13518998107252
"MAP3K4","Q5VTT8",1.03199374298621,0.100487693860913,"Q5VTT8","9606.ENSP00000375986",2,6.85154616487281,0.00255643319852858,2,1498.70309232975,2.85111370604455,0.129882779837503,0.0108368904906045,0.0430381159032063,0.01,0.101266725378488,1.01587092831039
"MAP3K5","Q5THN3",2.98501311505517,1.13970709877644,"Q5THN3","9606.ENSP00000351908",12,3965.03404937979,0.0703721125423686,4,9415.0680987596,753.255961607164,1.32871057821253,0.494313936007838,0.919455413060055,0.84591314400681,0.583672560512219,1.72771904980387
"MAPK13","O14739",-1.22503100784305,1.76917647362531,"O14739","9606.ENSP00000211287",17,10484.2320675753,0.110955276637321,5,22453.4641351505,1980.72767549564,1.92812447740004,1.29060935553913,1.44393275119649,1.26386971601022,1.37820367720919,-1.10681118888591
"MAPK4","P31152",4.02746175631232,0.0101143200262573,"P31152","9606.ENSP00000383234",1,0,0.000126673872353429,2,1485,0.829808496016619,0.01,0.01,0.0116370723393552,0.01,0.100431689134722,2.00685369579158
"MAPK6","Q16659",-1.06150561764881,0.256789033108994,"Q16659","9606.ENSP00000261845",3,2967,0.00294304945951938,2,7419,559.265177390327,0.249765559675005,0.372407845743474,0.0480345589348608,0.01,0.462036570081785,-1.03029394720575
"MAPRE3","O00265",1.47683957573354,0.01,"O00265","9606.ENSP00000233121",1,0,0,2,1,0.7556,0.01,0.01,0.01,0.01,0.01,1.21525288550719
"MAPT","P10636",-3.45716699421246,2.47279617557882,"P10636","9606.ENSP00000340820",23,16837.5339424721,0.134858522816566,7,35160.0678849441,3177.80150664198,2.64742115642505,2.06664118763867,1.75284683437586,2.09978286001703,2.15251610326001,-1.85934585115638
"MARCHF1","Q8TCQ1",-1.81286496898416,0.0101310602232381,"Q8TCQ1","9606.ENSP00000427223",1,0,0.000145986947664318,2,1485,0.82980979134458,0.01,0.01,0.0118866652569154,0.01,0.100431689134722,-1.34642674103872
"MARCKS","P29966",4.14025309169672,0.302074980362823,"P29966","9606.ENSP00000478061",4,32.6062077671952,0.0261790708266585,3,1550.21241553439,9.16759315233823,0.369648339512507,0.0139827251482216,0.348325748823482,0.427956572003405,0.104405590003543,2.0347611878785
"MARCKSL1","P49006",1.22812474789429,0.205896887303197,"P49006","9606.ENSP00000362638",3,10.4492669955337,0.0174572097290719,3,1505.89853399107,4.27273725545812,0.249765559675005,0.0112763385040276,0.23560860135427,0.427956572003405,0.101705199733948,1.10820789922031
"MARK1","Q2HIY1",5.17562184741988,0.0150357845219142,"Q2HIY1","9606.ENSP00000483424",1,0,0.00580454101774702,2,1485,0.83018931056606,0.01,0.01,0.0850151026905845,0.01,0.100431689134722,2.27499930712514
"MBOAT7","Q05DF0",1.80726386409324,0.0985442707307689,"Q05DF0","9606.ENSP00000245615",2,3.28723573732364,0.00040857932679661,2,1491.57447147465,2.18187729602584,0.129882779837503,0.0104015234317541,0.0152802831547212,0.01,0.10083232293568,1.34434514321778
"MBP","P02686",3.31619707441117,0.633970677306585,"P02686","9606.ENSP00000380958",7,1945.60273134577,0.0535366495581668,3,5376.20546269154,370.482045431313,0.729296679025015,0.247648026471061,0.701881968279123,0.427956572003405,0.337553173475324,1.82104285353508
"MCC","P23508",1.57493232225606,0.0104581423989035,"P23508","9606.ENSP00000386227",1,0,0.000523339896302607,2,1485,0.829835100406845,0.01,0.01,0.016763393684908,0.01,0.100431689134722,1.25496307605286
"MCEE","Q53TP1",-1.00136381471723,0.0100332934268994,"Q53TP1","9606.ENSP00000244217",1,0,3.31939200337186e-05,2,1485,0.829802226316217,0.01,0.01,0.0104289822937627,0.01,0.100431689134722,-1.0006816750182
"MCIDAS","NA",-1.40551693012635,0.166206066058496,NA,"9606.ENSP00000426359",2,2966,0.000116731609986904,2,7417,558.342297829189,0.129882779837503,0.372285699519765,0.0115085833115197,0.01,0.461914694489959,-1.18554499287305
"MCM10","Q3MIR3",3.51015626848748,3.08873635081043,"Q3MIR3","9606.ENSP00000418268",32,9618.83280393833,0.0966938318073863,12,20722.6656078767,1829.3705492106,3.72636617496258,1.18490410348566,1.25962468184824,4.18956572003405,1.27273262978785,1.87354110402934
"MCM3","P25205",1.4134634317996,2.90521380400748,"P25205","9606.ENSP00000480987",31,5349.67957947538,0.0995206347297111,12,12184.3591589508,1027.23032550809,3.60648339512507,0.663443158684032,1.29615692631958,4.18956572003405,0.752427053961526,1.18889168211389
"MCM4","P33991",1.23260627221952,2.43602008433103,"P33991","9606.ENSP00000262105",27,1498.7721301391,0.066666026686521,12,4482.54426027819,301.395895560121,3.12695227577506,0.193069355896214,0.871559737897019,4.18956572003405,0.283095429507396,1.11022802712754
"MCM5","O60785",2.24266925972834,2.43538834703246,"O60785","9606.ENSP00000216122",27,923.564709944197,0.0811493235027864,12,3332.12941988839,193.418930035852,3.12695227577506,0.12280994167023,1.05873491585658,4.18956572003405,0.212991684748567,1.4975544262992
"MCM6","Q13504",1.44388860423734,2.34076314708054,"Q13504","9606.ENSP00000264156",26,1222.43308239812,0.0657290835199101,12,3929.86616479624,248.786496677407,3.00706949593756,0.159315584751418,0.859451134022283,4.18956572003405,0.249416444519395,1.20161915940007
"MCM7","P33993",1.04842354112934,2.56219497128314,"P33993","9606.ENSP00000307288",28,2136.95579554836,0.0937033779371472,12,5758.91159109673,421.932516625897,3.24683505561257,0.271021080658481,1.22097749105717,4.18956572003405,0.36087444142269,1.02392555448594
"MDGA1","Q8NBE3",5.57654358290587,0.151727924617514,"Q8NBE3","9606.ENSP00000402584",2,1125.06929991143,0.032099249593631,2,3735.13859982286,212.764931876043,0.129882779837503,0.147422966394681,0.424835298294015,0.01,0.237550175906433,2.36147063985684
"MDGA2","Q7Z553",1.02781471914106,0.0101324827149411,"Q7Z553","9606.ENSP00000405456",1,0,0.000147628068699051,2,1485,0.829809901414568,0.01,0.01,0.0119078743176442,0.01,0.100431689134722,1.01381197425413
"MED19","Q8IV02",-1.05490172766564,0.472642333491872,"Q8IV02","9606.ENSP00000498791",6,0,0.000672272617181988,7,1485,4.55614508932443,0.609413899187512,0.01,0.018688128701268,2.09978286001703,0.100431689134722,-1.02708408987076
"MED8","Q5JUY8",-1.12242082239171,0.621672471098663,"Q5JUY8","9606.ENSP00000290663",7,2581.81698940215,0.00267562366659117,7,6648.6339788043,489.949934704651,0.729296679025015,0.32535919556223,0.0445784763165649,2.09978286001703,0.41509216270394,-1.0594436381383
"MEGF8","O75097",1.25356810991598,0.101984871483781,"O75097","9606.ENSP00000251268",2,116.307864244294,0.00138900040493678,2,1717.61572848859,23.398175436196,0.129882779837503,0.0242065664050553,0.0279507746943338,0.01,0.114606778923487,1.11962855890513
"MEI4","NA",2.32609688331432,0.0156647865132281,NA,"9606.ENSP00000473370",1,0,0.00653021723547035,2,1485,0.830237981669983,0.01,0.01,0.0943933938984843,0.01,0.100431689134722,1.52515470799336
"MEIS1","O00470",-1.86982919672956,0.375758643786125,"O00470","9606.ENSP00000272369",5,335.583316878237,0.00152256476980973,3,2156.16663375647,66.7757723628017,0.48953111935001,0.0509902348962896,0.0296768964524735,0.427956572003405,0.141331104486112,-1.36741697983079
"MERTK","Q12866",5.49471808747596,0.373816364227271,"Q12866","9606.ENSP00000295408",4,4244.58967726167,0.00251696842153119,2,9974.17935452334,799.829253028633,0.369648339512507,0.528460600270101,0.0425280920632388,0.01,0.617743568108546,2.34408150188426
"MFGE8","Q08431",3.30744800799368,0.928223071498365,"Q08431","9606.ENSP00000268150",7,14924.1602820981,0.0547405398883838,2,31333.3205641962,2806.80665960347,0.729296679025015,1.83292982048045,0.717440469196476,0.01,1.91932255601809,1.81863905379646
"MFNG","O00587",3.31011854143045,0.0128003976304803,"O00587","9606.ENSP00000349490",1,0,0.0032255871719321,2,1485,0.830016340131622,0.01,0.01,0.0516859407488236,0.01,0.100431689134722,1.81937311770578
"MGAT5","Q09328",1.12716759758817,0.0100060422786819,"Q09328","9606.ENSP00000281923",1,0,1.75441675678284e-06,2,1485,0.829800117668732,0.01,0.01,0.0100226732402734,0.01,0.100431689134722,1.06168149535921
"MGP","P08493",-3.7069054835299,0.100141132508382,"P08493","9606.ENSP00000228938",2,82.5094175670536,0.000155733734912071,2,1650.01883513411,17.0534483107489,0.129882779837503,0.0200782137762133,0.0120126280581185,0.01,0.110487573231907,-1.92533256439762
"MGST1","P10620",1.0762543856214,0.474799539307837,"P10620","9606.ENSP00000379512",6,105.683868211151,0.0053278571277472,6,1696.3677364223,24.3851430799747,0.609413899187512,0.0229088854089115,0.0788546688423346,1.68182628801362,0.113311973119393,1.03742680976607
"MICA","Q29983",1.79547697517167,0.0100708767898584,"Q29983","9606.ENSP00000413079",1,0,7.65536439424931e-05,2,1485,0.829805134452899,0.01,0.01,0.0109893425585463,0.01,0.100431689134722,1.339954094427
"MICB","O14499",-1.23838094328901,0.255779704262974,"O14499","9606.ENSP00000252229",3,2967,0.00177859219303402,2,7419,559.265099290179,0.249765559675005,0.372407845743474,0.032985672010447,0.01,0.462036570081785,-1.1128256571849
"MICOS10","Q5TGZ0",-1.24159330144815,0.199847284643175,"Q5TGZ0","9606.ENSP00000325562",3,0,0.00579238162449065,4,1485,2.32070849503555,0.249765559675005,0.01,0.0848579605270623,0.84591314400681,0.100431689134722,-1.11426805637071
"MIOS","O75216",-1.4161413137578,0.0102902907851512,"O75216","9606.ENSP00000339881",1,0,0.000329690391390619,2,1485,0.82982211233455,0.01,0.01,0.0142607604099361,0.01,0.100431689134722,-1.19001735859516
"MIS12","Q96N24",-1.17941557116883,0.38891358873949,"Q96N24","9606.ENSP00000370557",5,599.296559207211,0.0047633262010726,4,2683.59311841442,116.290529570666,0.48953111935001,0.0832018115887299,0.0715589420472221,0.84591314400681,0.173471311967249,-1.08600901062967
"MLPH","Q9BV36",-2.42719611730471,0.01,"Q9BV36","9606.ENSP00000264605",1,0,0,2,1,0.7556,0.01,0.01,0.01,0.01,0.01,-1.55794612143832
"MMP11","P24347",1.61753124135074,0.322836291313747,"P24347","9606.ENSP00000215743",4,1755.20518256175,0.00457485232151829,3,4995.4103651235,332.532423705837,0.369648339512507,0.224391684883716,0.0691231960707475,0.427956572003405,0.314348359535096,1.27182201638073
"MMP16","P51512",5.07146498014061,0.203873551533138,"P51512","9606.ENSP00000286614",3,125.494646456881,0.0120803693543234,3,1735.98929291376,25.8686952632582,0.249765559675005,0.0253286971603563,0.166120896533262,0.427956572003405,0.11572642344262,2.25199133660425
"MMP28","Q96F04",2.23696007903033,0.104515626476986,"Q96F04","9606.ENSP00000473853",2,0,0.00242285686076897,3,1485,1.57522250100965,0.129882779837503,0.01,0.0413118394132248,0.427956572003405,0.100431689134722,1.4956470436003
"MNS1","Q8IYT6",-2.46765965528506,0.5697522029665,"Q8IYT6","9606.ENSP00000260453",7,0,0.00609331021304169,8,1485,5.30176867831599,0.729296679025015,0.01,0.0887470171990145,2.51773943202043,0.100431689134722,-1.57087862525564
"MOV10L1","Q5TGD5",-6.76072026041926,0.0981331729123308,"Q5TGD5","9606.ENSP00000262794",2,1,0,2,4,1.67834,0.129882779837503,0.0101221462237087,0.01,0.01,0.0101828133877387,-2.60013850792977
"MPP1","Q00013",1.11502678000725,0.402663814427088,"Q00013","9606.ENSP00000358547",5,1487.5,0.00209893985146409,3,4460,283.013610775896,0.48953111935001,0.191692507766571,0.0371256914228943,0.427956572003405,0.281721631975557,1.05594828472196
"MRC2","Q7LGE7",4.98403444233511,0.111569391075756,"Q7LGE7","9606.ENSP00000307513",2,0,0.0105607471781817,3,1485,1.57576830931324,0.129882779837503,0.01,0.146482028749293,0.427956572003405,0.100431689134722,2.23249511585918
"MRPL15","Q96Q54",-1.06583116906249,0.309484310418082,"Q96Q54","9606.ENSP00000260102",4,1310.72744868778,0.000925551227738783,3,4106.45489737556,249.094818744391,0.369648339512507,0.170100408168446,0.0219613799233984,0.427956572003405,0.260177372665828,-1.0323909962134
"MRPS21","P82921",-2.44170447040979,0.224643842654792,"P82921","9606.ENSP00000461930",3,1484,0.000115453491728518,3,4453,280.886517743466,0.249765559675005,0.191264995983591,0.0114920655244785,0.427956572003405,0.281295067404166,-1.56259542761708
"MRRF","Q5RKT1",-1.36422072019896,0.689269931519599,"Q5RKT1","9606.ENSP00000343867",8,1721.89785863979,0.00175184267923722,7,4928.79571727958,329.26082351995,0.849179458862517,0.220323321044808,0.0326399741304156,2.09978286001703,0.310289009719974,-1.16799859597474
"MSMO1","Q15800",2.0557760688505,1.21396695291283,"Q15800","9606.ENSP00000261507",14,828.116288106596,0.00592997911899349,10,3141.23257621318,165.92111732707,1.56847613788753,0.11115127738382,0.0866362045171624,3.35365257602724,0.201358851848274,1.43379777822763
"MSRA","Q52TC4",1.6579740420887,0.132598133752071,"Q52TC4","9606.ENSP00000313921",2,1484,0.000536910737720182,2,4453,280.141286010603,0.129882779837503,0.191264995983591,0.0169387767271546,0.01,0.281295067404166,1.28762340848895
"MSRB3","Q6UXS2",1.63944629187744,0.0100245524956591,"Q6UXS2","9606.ENSP00000347324",1,0,2.31095546271421e-05,2,1485,0.829801549957829,0.01,0.01,0.0102986567944285,0.01,0.100431689134722,1.28040864253466
"MSX1","P28360",3.82669752136374,0.531017356362695,"P28360","9606.ENSP00000372170",6,2906.45473149889,0.0110012596445729,3,7297.90946299779,550.115360051457,0.609413899187512,0.365012469832639,0.152175000476392,0.427956572003405,0.454657579650963,1.95619465323974
"MSX2","P35548",-2.4493954380288,0.309330458563595,"P35548","9606.ENSP00000239243",4,997.433718337131,0.00903352445071502,3,3479.86743667426,190.283863484731,0.369648339512507,0.131832762094527,0.126744935087274,0.427956572003405,0.22199451386404,-1.56505445209705
"MTHFD2","P13995",-1.37724797565327,0.375893310673607,"P13995","9606.ENSP00000377617",5,85.0539611226312,0.00334173392441034,4,1655.10792224526,19.7568137120346,0.48953111935001,0.0203890201625891,0.0531869656425567,0.84591314400681,0.110797690983669,-1.17356208853783
"MVK","Q03426",2.11798590311805,0.94205323869355,"Q03426","9606.ENSP00000228510",11,366.277079907436,0.00939549752084283,10,2217.55415981487,77.0199835962427,1.20882779837502,0.0547393621417135,0.131422901345733,3.35365257602724,0.145071925020656,1.45533016979586
"MX1","P20591",2.49935194444626,1.82580611581336,"P20591","9606.ENSP00000381601",20,3247.00236480448,0.018073835269816,14,7979.00472960898,624.44620613323,2.28777281691255,0.406609077233825,0.243577573942995,5.02547886404086,0.496162024004947,1.58093388364165
"MXI1","P50539",-2.34080236832504,0.032874112961372,"P50539","9606.ENSP00000331152",1,0,0.0263845246922238,2,1485,0.831569610071107,0.01,0.01,0.350980935990983,0.01,0.100431689134722,-1.52996809389119
"MYB","P10242",-3.01636793902113,0.2283577919055,"P10242","9606.ENSP00000339992",3,113.193310985974,0.0406530311689628,3,1711.38662197195,23.5614049370875,0.249765559675005,0.0238261354860121,0.535380266673857,0.427956572003405,0.114227190901856,-1.73676939719156
"MYBL2","P10244",1.94843490114456,0.407156775131577,"P10244","9606.ENSP00000217026",5,109.431932860697,0.0387655168563561,4,1703.86386572139,24.3354224398255,0.48953111935001,0.0233666973520693,0.510986937458468,0.84591314400681,0.113768770716758,1.3958634966015
"MYC","P01106",-1.34663325180633,8.15372520981366,"P01106","9606.ENSP00000478887",66,80927.4535934818,0.612999032021932,9,163339.907186963,15240.4175824135,7.80238068943766,9.89498285079834,7.93210533025098,2.93569600402384,9.96351299079292,-1.1604452816942
"MYH10","P35580",1.29158694703472,0.562179212050035,"P35580","9606.ENSP00000353590",7,27.233255578922,0.00655972914771321,6,1539.46651115784,10.3934466983092,0.729296679025015,0.0133264393282571,0.0947747916904415,1.68182628801362,0.103750758275746,1.13648006891222
"MYH14","Q5CZ75",2.07683775006989,0.479290542734741,"Q5CZ75","9606.ENSP00000493594",6,319.197846812835,0.00486244121769405,6,2123.39569362568,64.4659559276378,0.609413899187512,0.0489888116041101,0.0728398569597543,1.68182628801362,0.139334115624549,1.44112378027354
"MYH9","O60805",1.9534257212744,1.3390781136699,"O60805","9606.ENSP00000216181",15,2028.46911087703,0.0367199160997125,6,5541.93822175406,391.947224298609,1.68835891772503,0.25776984180321,0.484550574901224,1.68182628801362,0.347652562523156,1.39765007111022
"MYL6","P16475",1.60983135710687,0.751637205940459,"P16475","9606.ENSP00000446955",9,562.48830433207,0.00767622744296199,6,2609.97660866414,112.341539333791,0.96906223870002,0.078705822254427,0.109203879884646,1.68182628801362,0.168985284120268,1.26879129769512
"MYL9","P24844",2.4915384330468,1.19934943285553,"P24844","9606.ENSP00000279022",13,3852.31728017164,0.0305862225789627,6,9189.63456034329,732.84965125177,1.44859335805003,0.480546008300426,0.40528166321211,1.68182628801362,0.569935137556286,1.57846077969863
"MYLK","O95796",5.65044745449154,0.891729481168945,"O95796","9606.ENSP00000353452",10,1963.12460426753,0.0306059161606988,6,5411.24920853508,376.005493451898,1.08894501853752,0.249788257080757,0.405536173612117,1.68182628801362,0.339688662107561,2.37706698569719
"MYO18A","Q5H9U3",1.86351117629726,0.30907525697864,"Q5H9U3","9606.ENSP00000437073",4,748.921095810283,0.0153113480858435,3,2982.84219162057,143.633495037622,0.369648339512507,0.101477883708947,0.207876515210956,0.427956572003405,0.191706890917406,1.3651048224577
"MYO1B","O43794",2.26656913096525,0.0198682644557221,"O43794","9606.ENSP00000376132",1,0,0.0113797471522533,2,1485,0.830563239641502,0.01,0.01,0.157066391401005,0.01,0.100431689134722,1.5055129129188
"MYO3B","Q53QE1",5.41304456186555,0.0100828282280568,"Q53QE1","9606.ENSP00000386213",1,0,9.03419539763037e-05,2,1485,0.829806059234853,0.01,0.01,0.0111675360608324,0.01,0.100431689134722,2.32659505756063
"MYO6","Q5JVM0",1.06905248218814,0.892982722238309,"Q5JVM0","9606.ENSP00000358994",10,3106.20409538692,0.0117450669683895,4,7697.40819077385,590.562530527675,1.08894501853752,0.389411100319761,0.161787609398874,0.84591314400681,0.479002151591637,1.0339499418193
"MYO7A","P78427",3.10582472102083,0.813253198637592,"P78427","9606.ENSP00000386331",8,7135.73113588178,0.021461732908222,3,15756.4622717635,1345.50576826615,0.849179458862517,0.881602611647976,0.287361137272669,0.427956572003405,0.970103144429894,1.76233501951837
"MYRIP","Q32M41",-2.52006287159031,0.0108052097360067,"Q32M41","9606.ENSP00000301972",1,0,0.000923749618310384,2,1485,0.8298619558869,0.01,0.01,0.0219380967876833,0.01,0.100431689134722,-1.58747058920482
"NALCN","Q6P2S6",6.58805856271209,0.14337120063687,"Q6P2S6","9606.ENSP00000251127",2,1543.02464049023,0.011404754639852,2,4571.04928098046,291.22212042972,0.129882779837503,0.198474632925232,0.157389576170397,0.01,0.288488730396217,2.56672136444767
"NASP","P49321",1.58641968450962,0.719545417035525,"P49321","9606.ENSP00000255120",7,6195.35295450845,0.0349116655327179,4,13875.7059090169,1168.25419814573,0.729296679025015,0.766738967935245,0.461181612297861,0.84591314400681,0.855493997034979,1.2595315337496
"NAV1","Q5SVH1",4.01815672963315,0.103328790424497,"Q5SVH1","9606.ENSP00000356265",2,0,0.00105361048393498,3,1485,1.57513066565516,0.129882779837503,0.01,0.0236163562987339,0.427956572003405,0.100431689134722,2.00453404302176
"NBL1","P41271",1.37837533699402,0.0115233573867241,"P41271","9606.ENSP00000289749",1,0,0.00175227270430407,2,1485,0.829917524930278,0.01,0.01,0.0326455315680236,0.01,0.100431689134722,1.17404230630502
"NBPF1","Q3BBV0",-1.12559778203455,0.102526445361058,"Q3BBV0","9606.ENSP00000474456",2,0,0.000127949295280441,3,1485,1.57506858155923,0.129882779837503,0.01,0.0116535552932273,0.427956572003405,0.100431689134722,-1.06094193150924
"NCAPG2","Q7Z3J9",1.20869709278773,0.929317539590596,"Q7Z3J9","9606.ENSP00000387007",11,82.0766895021402,0.0220655643190461,6,1649.15337900428,23.6295760907406,1.20882779837502,0.0200253576771913,0.295164764665822,1.68182628801362,0.110434834242895,1.09940760993716
"NCF2","P19878",3.67777158638021,0.0141440090962695,"P19878","9606.ENSP00000356505",1,0,0.00477570450072941,2,1485,0.830120306500864,0.01,0.01,0.0717189132520171,0.01,0.100431689134722,1.91775170091965
"NCOA6","Q14686",-1.04895381740465,0.589321317164579,"Q14686","9606.ENSP00000363929",6,4427.0951743657,0.0380508577613298,3,10339.1903487314,835.57179820296,0.609413899187512,0.550752957547422,0.501751026257521,0.427956572003405,0.639986533579556,-1.02418446453979
"NCOA7","Q3LID6",-1.00975918770116,0.0313843022475921,"Q3LID6","9606.ENSP00000376269",1,0,0.0246657380765547,2,1485,0.831454331052795,0.01,0.01,0.328768162563521,0.01,0.100431689134722,-1.0048677463732
"NDP","Q00604",7.6786734025218,0.111865950892507,"Q00604","9606.ENSP00000495811",2,581.34546613593,0.000490207923433195,2,2647.69093227186,110.694973781282,0.129882779837503,0.0810091533586309,0.0163352119665704,0.01,0.171283511875267,2.77104193445747
"NDRG1","O15207",-2.0381931281503,0.269563384965815,"O15207","9606.ENSP00000404854",3,1484,0.0519388881012736,3,4453,280.889993541225,0.249765559675005,0.191264995983591,0.681233265927388,0.427956572003405,0.281295067404166,-1.4276530139184
"NDST1","P52848",1.22591157988894,0.190590045165738,"P52848","9606.ENSP00000261797",3,3,0,3,10,2.79914,0.249765559675005,0.0103664386711259,0.01,0.427956572003405,0.010548440163216,1.10720891429257
"NDST2","P52849",1.37286453213718,0.102411028963754,"P52849","9606.ENSP00000310657",2,0,0,3,4,1.50101,0.129882779837503,0.01,0.01,0.427956572003405,0.0101828133877387,1.171693019582
"NDUFA4","O00483",-1.08174941040656,0.83526537026448,"O00483","9606.ENSP00000339720",9,4219.11842554912,0.0173766799179984,4,9923.23685109822,798.744216298002,0.96906223870002,0.525349383060281,0.234567872719765,0.84591314400681,0.614639244231535,-1.04007182944572
"NDUFA4L2","Q6IAH9",-1.89580740284859,0.290812496968778,"Q6IAH9","9606.ENSP00000377411",4,207.546026291408,0.00359730816928136,4,1900.09205258282,42.0160713268821,0.369648339512507,0.0353509633572254,0.056489884540959,0.84591314400681,0.125726483920074,-1.37688322048335
"NDUFA7","O95182",1.45168139151885,0.413439058645149,"O95182","9606.ENSP00000301457",5,1791.90951264038,0.00151798608927504,4,5068.81902528077,340.16761552418,0.48953111935001,0.228874980196576,0.0296177237824127,0.84591314400681,0.318821721485998,1.20485741543091
"NDUFAF3","Q9BU61",-1.29172466727355,0.435836920099028,"Q9BU61","9606.ENSP00000323076",5,2955.82658716807,0.00153871524281827,3,7396.65317433614,558.647840144821,0.48953111935001,0.371043055560116,0.0298856174155149,0.427956572003405,0.46067480378018,-1.13654065799405
"NDUFAF6","Q330K2",-1.07781335704491,0.19382510568267,"Q330K2","9606.ENSP00000379430",3,140.607248652144,8.78584108642564e-05,3,1766.21449730429,28.704828609644,0.249765559675005,0.0271746444489183,0.0111354399414291,0.427956572003405,0.117568280779196,-1.03817790240638
"NEBL","O76041",-1.41071737787233,0.101752083827102,"O76041","9606.ENSP00000366326",2,1.80411255411255,0.00414863923444773,2,1488.60822510823,1.90371625789146,0.129882779837503,0.0102203655356302,0.0636150226601513,0.01,0.100651566419975,-1.18773624086846
"NEK10","Q45VJ4",1.81017375459022,0.0101057141975606,"Q45VJ4","9606.ENSP00000343847",1,0,0.000116745374025571,2,1485,0.829807830112236,0.01,0.01,0.0115087611913505,0.01,0.100431689134722,1.34542697854258
"NF2","O95683",1.38846674139874,0.915257622528628,"O95683","9606.ENSP00000344666",9,5379.72993608139,0.0789693895013388,4,12244.4598721628,1016.61834007815,0.96906223870002,0.667113696264555,1.03056249490593,0.84591314400681,0.756089458957459,1.1783321863544
"NFAT5","O94916",1.10366394551071,0.120299538492103,"O94916","9606.ENSP00000338806",2,15.0440526969926,0.0251965901186291,2,1515.08810539399,4.3905295075787,0.129882779837503,0.0118375742262111,0.335628639615533,0.01,0.102265191960626,1.05055411355661
"NFATC2","Q13468",1.31267885461274,0.365038143259198,"Q13468","9606.ENSP00000379330",4,2414.80352579833,0.0358189427034524,3,6314.60705159667,456.35432023935,0.369648339512507,0.304959131674526,0.472906827077701,0.427956572003405,0.394737297984353,1.14572197963238
"NFIB","Q5W0Y9",1.0391168245403,0.236887384327148,"Q5W0Y9","9606.ENSP00000370340",3,2134.34533155758,0.00200328938254446,2,5753.69066311516,402.959180000608,0.249765559675005,0.27070222233988,0.0358895506623294,0.01,0.360556289578874,1.01937079835568
"NFIL3","Q14211",-1.40229534129933,0.744962799969479,"Q14211","9606.ENSP00000297689",8,3959.80658142148,0.0117816984445904,6,9404.61316284296,749.351431662955,0.849179458862517,0.493675420537172,0.162261017018964,1.68182628801362,0.583035459761048,-1.18418551810911
"NFIX","O60413",-1.12748212058407,0.0100792597279044,"O60413","9606.ENSP00000380781",1,0,8.62249945241678e-05,2,1485,0.829805783110383,0.01,0.01,0.0111143304524767,0.01,0.100431689134722,-1.06182960995824
"NHLRC1","Q6IMH1",-1.7475032729731,0.01,"Q6IMH1","9606.ENSP00000345464",1,0,0,2,1,0.7556,0.01,0.01,0.01,0.01,0.01,-1.32193164459177
"NIPAL4","Q0D2J8",4.00448120506609,0.102411022869974,"Q0D2J8","9606.ENSP00000311687",2,0,0,3,2,1.50091,0.129882779837503,0.01,0.01,0.427956572003405,0.0100609377959129,2.00111998767343
"NIPSNAP3B","Q5VX30",2.4711515513373,0.0113074234722713,"Q5VX30","9606.ENSP00000363894",1,0,0.00150315090742236,2,1485,0.829900816331361,0.01,0.01,0.0294260010111015,0.01,0.100431689134722,1.57198967914465
"NKD2","Q969F2",5.26282989933242,0.0169733011794084,"Q969F2","9606.ENSP00000296849",1,0,0.00803984357513552,2,1485,0.830339232308584,0.01,0.01,0.113903080288529,0.01,0.100431689134722,2.29408585265077
"NKX3-1","O15465",1.40153642859752,0.113639438267256,"O15465","9606.ENSP00000370253",2,0,0.0129489495005604,3,1485,1.575928486043,0.129882779837503,0.01,0.177346009538022,0.427956572003405,0.100431689134722,1.18386503816842
"NLGN2","Q8NFZ4",1.44686556392642,0.507867857521758,"Q8NFZ4","9606.ENSP00000305288",6,2182.87332906998,0.00342988415624023,3,5850.74665813996,414.284151375347,0.609413899187512,0.27662973398016,0.0543261769381097,0.427956572003405,0.366470667995817,1.20285725002031
"NLGN3","Q86V51",2.55374185529704,0.382709212951759,"Q86V51","9606.ENSP00000351591",5,436.76042094004,0.00190385652695851,4,2358.52084188008,85.7790539105217,0.48953111935001,0.063348636083213,0.0346045281515412,0.84591314400681,0.153662123922862,1.59804313311532
"NLRP1","Q9BZZ8",8.44360239864134,0.504032600723451,"Q9BZZ8","9606.ENSP00000460475",6,741.436300975936,0.0321641182137251,4,2967.87260195187,143.709809666611,0.609413899187512,0.100563644284698,0.425673629211632,0.84591314400681,0.190794677117275,2.90578774149822
"NLRP2","PYPAF2",3.69784724683615,0.20044954140652,"PYPAF2","9606.ENSP00000445135",3,0,0.00648720201640878,4,1485,2.32075509663924,0.249765559675005,0.01,0.0938374858490286,0.84591314400681,0.100431689134722,1.92297874320965
"NME4","O00746",1.04717541383308,0.849630455989308,"O00746","9606.ENSP00000219479",10,612.166061937088,0.0128026217881324,7,2709.33212387418,122.412651818673,1.08894501853752,0.0847737727481921,0.175454940400823,2.09978286001703,0.175039790228956,1.0233158915179
"NME6","O75414",-1.15607798670048,0.752464652485593,"O75414","9606.ENSP00000416658",9,224.866124740752,0.0125979388545292,7,1934.7322494815,48.973723880093,0.96906223870002,0.0374665479770743,0.172809716388053,2.09978286001703,0.127837381169069,-1.07521067084571
"NOD2","Q96RH5",-1.0123647761266,0.964881751702858,"Q96RH5","9606.ENSP00000300589",10,4631.19862324897,0.0543640731593068,4,10747.3972464979,876.837361754684,1.08894501853752,0.575683423074419,0.712575193844825,0.84591314400681,0.664861762205887,-1.00616339434835
"NOL8","Q5TCC7",-1.02383259450268,0.0102902907851512,"Q5TCC7","9606.ENSP00000441140",1,0,0.000329690391390618,2,1485,0.82982211233455,0.01,0.01,0.0142607604099361,0.01,0.100431689134722,-1.01184613183165
"NOP2","P46087",2.01468242976307,0.195550742958133,"P46087","9606.ENSP00000371858",3,0,0.000835484567965693,4,1485,2.32037603594997,0.249765559675005,0.01,0.020797401632743,0.84591314400681,0.100431689134722,1.4193950929051
"NOTCH3","Q9UEB3",1.44026980364035,0.951100549446109,"Q9UEB3","9606.ENSP00000263388",9,7095.66570246972,0.0749409677514294,4,15676.3314049394,1338.73353195832,0.96906223870002,0.876708770255444,0.978501105327235,0.84591314400681,0.965220146021043,1.2001124129182
"NOVA1","P51513",3.41160326015229,0.102430550349816,"P51513","9606.ENSP00000438875",2,0,1.73157360585285e-05,3,1485,1.57506116136642,0.129882779837503,0.01,0.0102237802635251,0.427956572003405,0.100431689134722,1.84705258727311
"NOVA2","O43267",7.61676544768981,0.258849603204836,"O43267","9606.ENSP00000263257",3,2966,0.000384985596500988,3,7417,559.087575820984,0.249765559675005,0.372285699519765,0.0149753691062944,0.427956572003405,0.461914694489959,2.7598488088462
"NPAS1","Q99632",1.83509384654628,0.010349461199618,"Q99632","9606.ENSP00000469142",1,0,0.000397954980635808,2,1485,0.829826690840551,0.01,0.01,0.0151429792032397,0.01,0.100431689134722,1.35465635736384
"NPAS2","Q4ZFV9",2.97450893808659,0.716511655027153,"Q4ZFV9","9606.ENSP00000338283",8,3068.20258477178,0.00253742432884193,6,7621.40516954355,581.978909398408,0.849179458862517,0.384769359302898,0.0427924543931547,1.68182628801362,0.474370694995143,1.72467647345425
"NPLOC4","Q8N3J1",1.48388914096819,0.563746404171645,"Q8N3J1","9606.ENSP00000331487",7,248.481326886644,0.00747836827674937,5,1981.96265377329,51.9159062573211,0.729296679025015,0.0403510557413106,0.106646842967113,1.26386971601022,0.130715497906685,1.21814988444288
"NPTXR","O95502",2.5334188087119,0.010021034778131,"O95502","9606.ENSP00000327545",1,0,1.90511828158877e-05,2,1485,0.829801277762831,0.01,0.01,0.010246208344629,0.01,0.100431689134722,1.59167170255424
"NPY1R","P25929",-3.69017346804727,0.138717612985938,"P25929","9606.ENSP00000354652",2,1484,0.00759692104960085,2,4453,280.141759525495,0.129882779837503,0.191264995983591,0.108178962113574,0.01,0.281295067404166,-1.9209824226284
"NPY5R","Q15761",-5.46560573906813,0.0102879453274829,"Q15761","9606.ENSP00000423917",1,0,0.000326984449480981,2,1485,0.829821930847027,0.01,0.01,0.0142257901151951,0.01,0.100431689134722,-2.33786349881
"NQO1","P15559",1.38082031033921,0.520354921810182,"P15559","9606.ENSP00000319788",5,5532.69699072636,0.03089789900188,3,12550.3939814527,1042.37992142124,0.48953111935001,0.685798044341267,0.409309619737853,0.427956572003405,0.774732409272158,1.17508310784353
"NR1D2","O00402",-1.67902095508873,0.195455271997781,"O00402","9606.ENSP00000310006",3,0,0.00072534023397655,4,1485,2.32036864856949,0.249765559675005,0.01,0.0193739491151848,0.84591314400681,0.100431689134722,-1.29577040986771
"NR3C1","P04150",-2.11138293138662,2.210234038054,"P04150","9606.ENSP00000231509",22,4137.01211065708,0.274438361156489,6,9759.02422131417,792.92364999343,2.52753837658755,0.515320406753588,3.5567096849598,1.68182628801362,0.604632488511437,-1.45305985127476
"NR3C2","P08235",-1.30741877382708,0.681097700287274,"P08235","9606.ENSP00000350815",7,2966,0.0660357371243574,6,7417,562.062729016889,0.729296679025015,0.372285699519765,0.863414178052417,1.68182628801362,0.461914694489959,-1.14342414432575
"NR4A2","P43354",-1.40237471865269,0.433268561604982,"P43354","9606.ENSP00000344479",5,1279.52216873165,0.0329841661561081,5,4044.04433746331,243.99466376233,0.48953111935001,0.166288801062034,0.436271535302912,1.26386971601022,0.256374210703087,-1.18421903322514
"NR5A2","O00482",-3.22417722289678,0.108282829561753,"O00482","9606.ENSP00000356331",2,38.7724188185125,0.0107054492471975,2,1562.54483763703,8.84384647509219,0.129882779837503,0.0147359045427303,0.14835208885113,0.01,0.105157100624745,-1.79559940490544
"NRARP","Q7Z6K4",-1.478980797993,0.107131556361842,"Q7Z6K4","9606.ENSP00000349041",2,0,0.00544084111342082,3,1485.00000000001,1.57542491721348,0.129882779837503,0.01,0.0803148196556003,0.427956572003405,0.100431689134722,-1.21613354447322
"NRG4","Q0P6N6",3.04005802781873,0.262524460919952,"Q0P6N6","9606.ENSP00000378367",3,0,0.0781027031277748,4,1485,2.32555834829878,0.249765559675005,0.01,1.01936185611043,0.84591314400681,0.100431689134722,1.74357621795513
"NRGN","Q92686",2.33012656941305,0.325981869483219,"Q92686","9606.ENSP00000284292",4,1807.94503924047,0.0117708918275295,2,5100.89007848095,342.422942239936,0.369648339512507,0.230833659215955,0.162121357485836,0.01,0.320776060780622,1.52647521087407
"NRIP1","P48552",-1.5140986890172,0.824072980357064,"P48552","9606.ENSP00000327213",9,1971.06042744034,0.0639169771373225,4,5427.12085488068,376.741890350757,0.96906223870002,0.250757587913334,0.836032340708486,0.84591314400681,0.340655845253371,-1.23048717547856
"NRP1","O14786",4.10711703414115,1.81701417130583,"O14786","9606.ENSP00000265371",18,8632.11283123536,0.118436599832345,4,18749.2256624707,1633.77303422225,2.04800725723754,1.06437998496212,1.54061778210941,0.84591314400681,1.15247554914836,2.02660233744589
"NSL1","Q53FM2",-1.03647001722817,0.429980546408686,"Q53FM2","9606.ENSP00000355944",5,1868.68574107079,0.0185713617048213,4,5222.37148214157,354.581192895038,0.48953111935001,0.238252906569939,0.250007366841193,0.84591314400681,0.328178869764104,-1.0180717151695
"NT5M","Q2I378",-2.46590981493173,0.620473888946001,"Q2I378","9606.ENSP00000373674",7,3005.99762775768,0.00496013870299093,4,7496.99525551538,569.546407359175,0.729296679025015,0.377171258707669,0.0741024523776781,0.84591314400681,0.466789429044555,-1.57032156418096
"NTF4","P34130",1.32137164181689,0.251063335142144,"P34130","9606.ENSP00000469455",3,7.52969615226372,0.0696427098712437,3,1500.05939230453,3.72817549825401,0.249765559675005,0.0109197239506723,0.910028962956605,0.427956572003405,0.101349375309548,1.14950930479787
"NTN4","Q658K9",7.74719288227424,0.103820499210934,"Q658K9","9606.ENSP00000340998",2,0,0.00162089226887411,3,1485,1.57516871324447,0.129882779837503,0.01,0.0309476338660039,0.427956572003405,0.100431689134722,2.78337796252579
"NUDT17","P0C025",-1.40527025994665,0.0104513056881706,"P0C025","9606.ENSP00000334437",1,0,0.000515452419863932,2,1485,0.8298345713938,0.01,0.01,0.0166614597243748,0.01,0.100431689134722,-1.18544095590909
"NUDT2","P50583",-1.23058473341451,0.871165567842239,"P50583","9606.ENSP00000368452",10,1958.11705406107,0.0119756500492534,5,5401.23410812215,375.053936595194,1.08894501853752,0.249176603733007,0.164767554486148,1.26386971601022,0.339078363962551,-1.10931723749995
"NUP188","Q14675",-1.00507949366648,0.0100045621239065,"Q14675","9606.ENSP00000361658",1,0,4.67701454020612e-08,2,1485,0.829800003136874,0.01,0.01,0.0100006044349156,0.01,0.100431689134722,-1.00253652984142
"NUP205","Q86YC1",1.8269155375506,0.132133691861342,"Q86YC1","9606.ENSP00000285968",2,1484,1.08662385229883e-06,2,4453,280.14125007288,0.129882779837503,0.191264995983591,0.0100140430052294,0.01,0.281295067404166,1.35163439492734
"OAS1","P00973",3.86213461478679,1.77531055487343,"P00973","9606.ENSP00000388001",20,1147.88275921469,0.0153314004646093,14,3780.76551842937,230.39928983681,2.28777281691255,0.150209544298305,0.208135662531597,5.02547886404086,0.240330579760611,1.96523144051452
"OAS2","P29728",5.13556093913035,1.9927185529175,"P29728","9606.ENSP00000342278",22,2934.20768028444,0.0156074540875079,14,7353.41536056888,567.198162534942,2.52753837658755,0.368402387723573,0.211703247084198,5.02547886404086,0.458039986709111,2.266177605381
"OAS3","Q2HJ14",3.21226511383359,1.67900901708161,"Q2HJ14","9606.ENSP00000228928",19,871.204164588193,0.0131982870371888,14,3227.40832917638,177.726070985607,2.16789003707504,0.11641429878367,0.180568328211903,5.02547886404086,0.206610212294984,1.79227930686977
"OBSCN","Q2A664",2.37811686882402,0.114377712408374,"Q2A664","9606.ENSP00000455507",2,0,0.0138006924103889,3,1485,1.57598561243996,0.129882779837503,0.01,0.188353526179115,0.427956572003405,0.100431689134722,1.5421144149589
"OLAH","Q5VUB6",2.38737436122436,0.0126263706410295,"Q5VUB6","9606.ENSP00000367462",1,0,0.0030248131692574,2,1485,0.830002874219262,0.01,0.01,0.0490912338835962,0.01,0.100431689134722,1.54511305774832
"OLFM2","O95897",4.81757707214727,0.0100931035974939,"O95897","9606.ENSP00000264833",1,0,0.000102196592485938,2,1485,0.829806854325458,0.01,0.01,0.0113207397202503,0.01,0.100431689134722,2.19489796394896
"OLR1","P78380",1.24745724878853,0.113927635941691,"P78380","9606.ENSP00000309124",2,0.205555555555556,0.0182377842648784,2,1485.41111111111,1.60458009707953,0.129882779837503,0.0100251078348735,0.245696372081043,0.01,0.100456741339709,1.11689625694983
"OPN3","Q6GMT1",-2.57611692893308,0.0100202347537591,"Q6GMT1","9606.ENSP00000355512",1,0,1.81281989966148e-05,2,1485,0.829801215858307,0.01,0.01,0.0102342801446607,0.01,0.100431689134722,-1.60502863804142
"OPRD1","P41143",2.92082461781706,0.233708358633273,"P41143","9606.ENSP00000234961",3,1761.66197931105,0.0081917737010207,2,5008.3239586221,332.999476178533,0.249765559675005,0.225180358223897,0.11586655232882,0.01,0.315135285460216,1.70904201756922
"OPTN","Q5T672",1.52746444205579,1.22626103056827,"Q5T672","9606.ENSP00000368022",13,4600.51575986953,0.0517704375175534,4,10686.0315197391,873.282310685952,1.44859335805003,0.571935627180053,0.679056291417702,0.84591314400681,0.661122270072607,1.23590632414265
"ORC1","Q13415",1.75448755891274,1.43145391543941,"Q13415","9606.ENSP00000360623",16,350.046818291674,0.0562585109986158,12,2185.09363658335,77.6718119880458,1.80824169756254,0.0527568969755453,0.737057999396925,4.18956572003405,0.143093852280748,1.324570707404
"ORC6","Q9Y5N6",1.42858841364465,0.994663822750966,"Q9Y5N6","9606.ENSP00000219097",11,1484,0.0355705908461142,11,4453,286.850975719528,1.20882779837502,0.191264995983591,0.469697246849968,3.77160914803065,0.281295067404166,1.19523571467918
"OSMR","Q6P4E8",1.33413794902515,0.745951986585446,"Q6P4E8","9606.ENSP00000274276",8,1574.65232756494,0.0760015086999604,6,4634.30465512989,301.61458235168,0.849179458862517,0.202337835466046,0.992207027624687,1.68182628801362,0.292343373476528,1.15504889464695
"OXCT1","P55809",6.5333470258317,0.288197660999443,"P55809","9606.ENSP00000196371",4,0,0.00110763907484066,5,1485,3.06565428935275,0.369648339512507,0.01,0.0243145958809206,1.26386971601022,0.100431689134722,2.55604128015017
"P2RX7","O14991",1.77067204431365,0.136313229835858,"O14991","9606.ENSP00000330696",2,1484,0.0048229971282102,2,4453,280.141573478417,0.129882779837503,0.191264995983591,0.0723301004752846,0.01,0.281295067404166,1.33066601531476
"P2RY6","PP2891",4.3105818930342,0.01018445657256,"PP2891","9606.ENSP00000480966",1,0,0.000207590028976148,2,1485,0.829813923063243,0.01,0.01,0.0126827939183435,0.01,0.100431689134722,2.07619408847877
"P3H1","Q32P28",1.09419070007851,0.295761988553038,"Q32P28","9606.ENSP00000236040",4,3.8018863216924,0.0146957960137269,4,1492.60377264339,3.76996574734674,0.369648339512507,0.0104643860571642,0.199921415615648,0.84591314400681,0.100895046280233,1.04603570688505
"PACC1","Q6IA87",-1.00105954151905,0.010004536258748,"Q6IA87","9606.ENSP00000438863",1,0,1.69296510002023e-08,2,1485,0.829800001135472,0.01,0.01,0.0100002187906855,0.01,0.100431689134722,-1.00052963050529
"PACRG","Q6IMB8",5.09541732106727,0.672098152885458,"Q6IMB8","9606.ENSP00000337946",8,458.5641976815,0.0103896216503277,8,2402.128395363,92.1186980206954,0.849179458862517,0.0660118850747682,0.144270484545247,2.51773943202043,0.156319472117265,2.2573031079293
"PAH","P00439",2.56231840939343,0.307136127154543,"P00439","9606.ENSP00000448059",4,1215.53045827626,0.000734076414569566,3,3916.06091655251,231.224426862124,0.369648339512507,0.158472455281252,0.0194868513209415,0.427956572003405,0.248575183119392,1.60072433897702
"PALLD","Q7L3E0",1.48185954812486,0.204867631382955,"Q7L3E0","9606.ENSP00000425556",3,137.822875816257,0.0129011974390611,3,1760.64575163251,28.18300553154,0.249765559675005,0.0268345438216179,0.176728884809968,0.427956572003405,0.117228933691958,1.21731653571487
"PAM","O43211",1.52782798619118,0.0104912280606551,"O43211","9606.ENSP00000306100",1,0,0.000561510646494663,2,1485,0.82983766051906,0.01,0.01,0.0172566941434076,0.01,0.100431689134722,1.23605339131899
"PAPSS2","O95340",1.60536091890932,0.0102910772591576,"O95340","9606.ENSP00000406157",1,0,0.000330597742226127,2,1485,0.829822173190571,0.01,0.01,0.0142724865767241,0.01,0.100431689134722,1.26702838125644
"PARD6B","Q9BYG5",-1.1479693624303,0.0101984940833179,"Q9BYG5","9606.ENSP00000360672",1,0,0.000223785029713366,2,1485,0.829815009261943,0.01,0.01,0.0128920903363828,0.01,0.100431689134722,-1.07143332150456
"PARK7","O14805",1.35477968061483,1.32369281429102,"O14805","9606.ENSP00000340278",14,3995.05878870129,0.0636514266917826,7,9475.11757740259,760.392564916195,1.56847613788753,0.497981344533794,0.832600494179914,2.09978286001703,0.587331843386441,1.16395003355592
"PARP11","PARP11",4.72785797454567,0.0100422642166369,"PARP11","9606.ENSP00000228820",1,0,4.3543471953446e-05,2,1485,0.829802920460664,0.01,0.01,0.0105627349363379,0.01,0.100431689134722,2.17436380915101
"PARP8","Q3KRB7",5.53841790386389,0.317831674759038,"Q3KRB7","9606.ENSP00000281631",4,1484,0.00101165764665855,4,4453.00000000002,281.631837851878,0.369648339512507,0.191264995983591,0.0230741779616646,0.84591314400681,0.281295067404168,2.35338435107058
"PARS2","Q7L3T8",-1.42480709407243,0.379830688406895,"Q7L3T8","9606.ENSP00000360327",5,0,0.000210073405113518,6,1485,3.81085408962328,0.48953111935001,0.01,0.0127148878798461,1.68182628801362,0.100431689134722,-1.19365283649495
"PAX2","Q02962",4.34913827495,0.293663725658017,"Q02962","9606.ENSP00000359319",4,529.656946495658,0.00332988058851311,3,2544.31389299132,102.472425331256,0.369648339512507,0.0746955958754829,0.0530337788174765,0.427956572003405,0.164983942953511,2.08545876846079
"PAX6","P26367",3.35704813752028,0.484455078106865,"P26367","9606.ENSP00000492024",6,991.687136111501,0.007921196721698,3,3468.374272223,190.674980465515,0.609413899187512,0.131130838776435,0.11236974528972,0.427956572003405,0.221294145754315,1.83222491455615
"PAX9","P55771",-2.44217052705685,0.439765366638586,"P55771","9606.ENSP00000355245",5,3107.01615821301,0.00207253270196057,3,7699.03231642601,587.029182224515,0.48953111935001,0.389510290727382,0.0367844180946992,0.427956572003405,0.479101122229166,-1.56274454952076
"PBDC1","Q9BVG4",1.16410535001196,0.01,"Q9BVG4","9606.ENSP00000362456",1,0,0,2,1,0.7556,0.01,0.01,0.01,0.01,0.01,1.07893713904563
"PBX1","P40424",-1.55066266109725,1.06697353697349,"P40424","9606.ENSP00000405890",11,6614.9333426348,0.0229937628766111,3,14714.8666852696,1249.94661927108,1.20882779837502,0.817989127887076,0.307160357409522,0.427956572003405,0.906630605156366,-1.24525606246155
"PBX3","P40426",-1.27216342025624,0.190757622767788,"P40426","9606.ENSP00000362588",3,0.666666666666667,0.000249835514422702,3,1486.33333333333,2.43519342313462,0.249765559675005,0.0100814308158058,0.0132287542999306,0.427956572003405,0.100512939529272,-1.12790222105298
"PCDHA10","O75280",1.78799443594292,0.0100000091406694,"O75280","9606.ENSP00000304234",1,0,0,2,4,0.75575,0.01,0.01,0.01,0.01,0.0101828133877387,1.33715909148572
"PCDHA11","O75279",2.49449083075368,0.274468288241808,"O75279","9606.ENSP00000381636",4,6,0,2,16,4.08698,0.369648339512507,0.0107328773422518,0.01,0.01,0.0109140669386933,1.57939571696066
"PCDHA12","O75278",2.93707673352289,0.0100000091406694,"O75278","9606.ENSP00000381628",1,0,0,2,4,0.75575,0.01,0.01,0.01,0.01,0.0101828133877387,1.71379016612971
"PCDHA3","O75286",1.62997325146952,0.0100000091406694,"O75286","9606.ENSP00000429808",1,0,0,2,4,0.75575,0.01,0.01,0.01,0.01,0.0101828133877387,1.27670405790438
"PCDHA4","O75285",2.4123757863339,0.0100000091406694,"O75285","9606.ENSP00000435300",1,0,0,2,4,0.75575,0.01,0.01,0.01,0.01,0.0101828133877387,1.55318247039229
"PCGF1","Q7Z506",-1.11753431635268,0.194898957074354,"Q7Z506","9606.ENSP00000233630",3,0,8.35226959240207e-05,4,1485,2.32032560186722,0.249765559675005,0.01,0.0110794072421194,0.84591314400681,0.100431689134722,-1.05713495654655
"PCLO","O43373",-1.40692441790847,0.0107410017385074,"O43373","9606.ENSP00000334319",1,0,0.000849673196587931,2,1485,0.829856987581295,0.01,0.01,0.0209807686603652,0.01,0.100431689134722,-1.18613844803567
"PCNA","P12004",1.26663152420729,2.41043756558391,"P12004","9606.ENSP00000368458",25,7231.37191176334,0.0938117671315788,11,15947.7438235267,1376.04111723144,2.88718671610006,0.893284771254472,1.22237826099333,3.77160914803065,0.981759420593136,1.12544725518671
"PCP4","P48539",-1.9753312408595,0.0198682644557221,"P48539","9606.ENSP00000329403",1,0,0.0113797471522533,2,1485,0.830563239641502,0.01,0.01,0.157066391401005,0.01,0.100431689134722,-1.40546477752361
"PDE1B","PDE1B1",2.09922791837958,0.808164294888524,"PDE1B1","9606.ENSP00000243052",9,2843.49621991716,0.0175287031776317,5,7171.99243983431,540.522716052971,0.96906223870002,0.357322325392615,0.236532548375924,1.26386971601022,0.446984473791468,1.4488712566614
"PDE1C","Q14123",2.45382232843509,0.918989772867034,"Q14123","9606.ENSP00000379496",10,3769.27942315072,0.019251569738165,5,9023.55884630143,715.045824516635,1.08894501853752,0.470403247640464,0.258798049052969,1.26386971601022,0.559814849587916,1.56646810642129
"PDE4B","O15443",2.9910618557889,0.467242600420262,"O15443","9606.ENSP00000342637",6,113.400795234857,0.00632893058568563,4,1711.80159046972,25.8132517628618,0.609413899187512,0.0238514789034923,0.0917920618280107,0.84591314400681,0.114252478167484,1.72946866285252
"PDE4D","O43433",6.80039617069057,0.556940903343931,"O43433","9606.ENSP00000345502",7,179.605002291177,0.006410203812576,4,1844.21000458235,38.9760809624695,0.729296679025015,0.0319380727890453,0.0928423980117909,0.84591314400681,0.122321155083828,2.60775692323701
"PDE5A","O75026",2.4712639777971,0.555306228750747,"O75026","9606.ENSP00000347046",7,265.197536032292,0.00722245845249532,3,2015.39507206459,55.0332758742702,0.729296679025015,0.042392877563175,0.103339587201799,0.427956572003405,0.132752795789394,1.57202543802481
"PDE6B","P35913",-2.60749426728701,0.757162954312412,"P35913","9606.ENSP00000420295",9,1382.96688121056,0.00723793801025866,3,4250.93376242112,266.330878389349,0.96906223870002,0.178924182053957,0.103539637578163,0.427956572003405,0.2689815962577,-1.61477375111407
"PDE7B","Q5W154",4.69492559721404,0.283851927245584,"Q5W154","9606.ENSP00000310661",4,0.329761904761905,0.00600882609292592,3,1485.65952380952,3.10730591672796,0.369648339512507,0.0100402791713897,0.0876551849719992,0.427956572003405,0.100471879062026,2.16677769907622
"PDE8B","O95263",-2.22383583845455,0.0115002518991714,"O95263","9606.ENSP00000264917",1,0,0.00172561602746134,2,1485,0.829915737066962,0.01,0.01,0.032301033468237,0.01,0.100431689134722,-1.49125311012402
"PDE9A","O75490",3.24806398598174,0.46235788481766,"O75490","9606.ENSP00000291539",6,79.3895269823664,0.00655471271818391,3,1643.77905396474,19.4183816297118,0.609413899187512,0.0196971309229096,0.0947099617624369,0.427956572003405,0.110107334720466,1.80223860406488
"PDGFRL","Q15198",1.95368622595581,0.0100358221113657,"Q15198","9606.ENSP00000444211",1,0,3.61112497157491e-05,2,1485,0.829802421981518,0.01,0.01,0.0104666844626354,0.01,0.100431689134722,1.39774326181735
"PDHB","P11177",-2.21807173317854,0.366502736329218,"P11177","9606.ENSP00000307241",4,3454.94981029462,0.0149623565064826,2,8394.89962058923,651.598891913756,0.369648339512507,0.432009072430298,0.203366315509745,0.01,0.521505741992714,-1.48931921802498
"PDIA3","P30101",-1.46869452177681,1.65459293907355,"P30101","9606.ENSP00000300289",17,5526.34383739127,0.0949935102689123,8,12537.6876747825,1050.06269636982,1.92812447740004,0.685022030652744,1.23765054221762,2.51773943202043,0.773958114949485,-1.2118970755707
"PDIA4","P13667",-1.50011924086456,1.04307470114788,"P13667","9606.ENSP00000499129",12,143.01072012138,0.04011923264517,8,1771.02144024276,35.824873178119,1.32871057821253,0.0274682194126769,0.528481710706044,2.51773943202043,0.117861205286945,-1.2247935503033
"PDIA6","Q15084",-1.22821783849353,1.18660218903768,"Q15084","9606.ENSP00000385385",12,6364.5418193129,0.0411694219374743,8,14214.0836386258,1203.73076155455,1.32871057821253,0.787404748864657,0.542053853165869,2.51773943202043,0.876113990063352,-1.10824989893685
"PDLIM1","O00151",1.68988797555315,0.331279795656137,"O00151","9606.ENSP00000360305",4,698.34743405839,0.0373043142598601,4,2881.69486811678,134.151572321798,0.369648339512507,0.0953005019068365,0.492103056288059,0.84591314400681,0.185543195960597,1.29995691296025
"PDLIM3","O43590",-6.4381312677387,0.192774993962503,"O43590","9606.ENSP00000284767",3,32.5308791587979,0.00173457415023276,3,1550.06175831759,8.4168429735778,0.249765559675005,0.0139735240431687,0.0324168039482041,0.427956572003405,0.104396409284813,-2.53734728954054
"PDLIM7","PDLIM7",1.97747956381671,0.108569069412279,"PDLIM7","9606.ENSP00000348099",2,36.6887552138695,0.0110907878927113,2,1558.37751042774,8.45272698789156,0.129882779837503,0.0144813929019441,0.153332020593449,0.01,0.104903152889763,1.40622884475348
"PDPR","Q6AI20",-1.02298747901199,0.0101293912460543,"Q6AI20","9606.ENSP00000288050",1,0,0.000144061457654904,2,1485,0.829809662201965,0.01,0.01,0.0118617811480178,0.01,0.100431689134722,-1.01142843494337
"PET117","PET117",-2.73327104723588,0.0100528915022971,"PET117","9606.ENSP00000397881",1,0,5.58041143186897e-05,2,1485,0.829803742781947,0.01,0.01,0.0107211855947568,0.01,0.100431689134722,-1.65326073177702
"PEX11A","O75192",-1.35931246172494,0.0114437003851979,"O75192","9606.ENSP00000300056",1,0,0.00166037284964387,2,1485,0.829911361207026,0.01,0.01,0.0314578619463418,0.01,0.100431689134722,-1.1658955621002
"PFDN5","Q54AA8",1.94233608658738,0.125734808296241,"Q54AA8","9606.ENSP00000447942",2,185.246031697476,0.0269660129516365,2,1855.49206339495,36.3409636807389,0.129882779837503,0.0326271032288539,0.358495811217094,0.01,0.123008658881228,1.39367718162686
"PFKFB2","O60824",-1.33085479484926,0.0102080103213359,"O60824","9606.ENSP00000356047",1,0,0.000234763862383509,2,1485,0.82981574561225,0.01,0.01,0.0130339755014037,0.01,0.100431689134722,-1.15362680050754
"PFKFB3","O43622",-2.7124734086433,0.229271480483394,"O43622","9606.ENSP00000492001",3,1484,0.00545433439008427,3,4453,280.886875822208,0.249765559675005,0.191264995983591,0.0804892002881856,0.427956572003405,0.281295067404166,-1.64695883635363
"PFN2","P35080",3.1076891812291,0.12367475543913,"P35080","9606.ENSP00000239940",2,947.279074738433,0.0044363590879723,2,3379.55814947687,179.388295456503,0.129882779837503,0.125706561777495,0.0673333759790917,0.01,0.215881886992638,1.76286391455186
"PGK1","P00558",1.15418596994815,0.589004373902548,"P00558","9606.ENSP00000362413",6,4307.59367436051,0.0408455788526394,3,10100.187348721,813.139164063929,0.609413899187512,0.536156300594273,0.537868660539915,0.427956572003405,0.625422217542357,1.07433047520218
"PGM2L1","PGM2L1",5.27998155609415,0.102507490680739,"PGM2L1","9606.ENSP00000298198",2,0,0.000106081382440809,3,1485,1.57506711487832,0.129882779837503,0.01,0.0113709448814344,0.427956572003405,0.100431689134722,2.29782104527184
"PGM5","Q15124",5.84396296227146,0.538889335099022,"Q15124","9606.ENSP00000379678",6,3584.5532871111,0.00214989692724892,3,8654.10657422221,677.407427250083,0.609413899187512,0.44783964770294,0.037784236217586,0.427956572003405,0.537301242432401,2.41742899839302
"PGR","P06401",-4.54195785233846,2.22406994572654,"P06401","9606.ENSP00000325120",21,7813.36696442732,0.284903418029415,8,17111.7339288546,1482.33529503454,2.40765559675005,0.964373269154476,3.69195505812283,2.51773943202043,1.05269041207623,-2.13118695856052
"PHC1","P78364",1.85059799185391,0.285085215809791,"P78364","9606.ENSP00000437659",4,86.358133018004,0.000194750421970899,4,1657.71626603601,19.2664517920505,0.369648339512507,0.0205483198346759,0.0125168609987447,0.84591314400681,0.11095663770526,1.36036685928977
"PHKG2","P11800",1.51491043126239,0.12419500985215,"P11800","9606.ENSP00000455607",2,704.012284179318,0.0114700891062296,2,2893.02456835863,133.722725285018,0.129882779837503,0.0959924419569831,0.158233927461837,0.01,0.186233602921689,1.23081697715883
"PHLPP2","PHLPP2",1.34432336991594,0.0104985149525526,"PHLPP2","9606.ENSP00000457991",1,0,0.000569917494524041,2,1485,0.829838224366358,0.01,0.01,0.0173653402131485,0.01,0.100431689134722,1.15944959783336
"PIEZO1","PIEZO1",1.39781545514965,0.32428925024295,"PIEZO1","9606.ENSP00000301015",4,1772.72845039062,0.00578769700131589,3,5030.45690078124,335.821972888165,0.369648339512507,0.226532085876047,0.0847974187051599,0.427956572003405,0.316484018172461,1.18229245753733
"PIGA","P37287",-1.3241986811395,0.385545177030699,"P37287","9606.ENSP00000369820",4,4446,0.000798313956469447,4,10377,837.658463542917,0.369648339512507,0.553062110608522,0.0203170264868119,0.84591314400681,0.6422905703921,-1.15073832001003
"PIGL","Q9Y2B2",1.45275296319554,0.194859149836271,"Q9Y2B2","9606.ENSP00000225609",3,0,3.75972992331555e-05,4,1485,2.32032252165086,0.249765559675005,0.01,0.0104858894534883,0.84591314400681,0.100431689134722,1.20530202156785
"PIGO","Q6P154",-1.0137375749969,0.194859149836271,"Q6P154","9606.ENSP00000367880",3,0,3.75972992331577e-05,4,1485,2.32032252165086,0.249765559675005,0.01,0.0104858894534884,0.84591314400681,0.100431689134722,-1.00684535803514
"PIGV","Q5JYG7",-1.08101242463098,0.194859149836271,"Q5JYG7","9606.ENSP00000363260",3,0,3.75972992331598e-05,4,1485,2.32032252165086,0.249765559675005,0.01,0.0104858894534884,0.84591314400681,0.100431689134722,-1.03971747346622
"PIK3C2G","O75747",2.45606106403439,0.231120572315952,"O75747","9606.ENSP00000445381",3,0,0.0418722055798188,4,1485,2.32312836882824,0.249765559675005,0.01,0.551136291715024,0.84591314400681,0.100431689134722,1.5671825241606
"PIK3CD","O00329",2.47140549567912,1.98194007055137,"O00329","9606.ENSP00000366563",20,2119.77532205479,0.262748217063777,7,5724.5506441096,412.787525979045,2.28777281691255,0.268922550699716,3.40563187245036,2.09978286001703,0.358780561047815,1.57207044870105
"PIK3R1","P27986",2.73492131635019,3.27896293101016,"P27986","9606.ENSP00000428056",32,7222.81414742678,0.404332024138902,7,15930.6282948536,1379.55911030381,3.72636617496258,0.892239472657373,5.23539305332436,2.09978286001703,0.980716437999913,1.65375975170222
"PIK3R3","O60482",2.38170448734306,2.47864790893902,"O60482","9606.ENSP00000262741",25,3808.24461022791,0.282881964171575,7,9101.48922045583,733.423181125321,2.88718671610006,0.475162698098043,3.66583075849837,2.09978286001703,0.564563754823552,1.54327719070265
"PIM3","Q68BM2",-1.25353453926551,0.0100985545367371,"Q68BM2","9606.ENSP00000353824",1,0,0.000108485311802691,2,1485,0.829807276109863,0.01,0.01,0.0114020121109348,0.01,0.100431689134722,-1.11961356693527
"PINK1","Q8N6T9",1.24647672410271,1.76929411612185,"Q8N6T9","9606.ENSP00000364204",18,7177.5202953511,0.0869655350731496,7,15840.0405907022,1360.74568262175,2.04800725723754,0.886706999669112,1.13390084316883,2.09978286001703,0.975196222972122,1.11645722000563
"PIP","P12273",-5.53531416282442,0.528409053045819,"P12273","9606.ENSP00000291009",6,2705.34087079576,0.013310798870507,3,6895.68174159152,512.362421021061,0.609413899187512,0.34044717121229,0.1820223771547,0.427956572003405,0.430146708853402,-2.35272483788998
"PIR","O00625",3.38520613952402,0.10046481351713,"O00625","9606.ENSP00000369786",2,2.78571428571429,0.00263756262511449,2,1490.57142857143,2.08788118703955,0.129882779837503,0.0103402644803312,0.044086593680857,0.01,0.100771199711951,1.83989296958383
"PITRM1","O95204",1.08501344301409,0.225878989306465,"O95204","9606.ENSP00000370377",3,1484,0.00154043554726677,3,4453,280.886613317012,0.249765559675005,0.191264995983591,0.0299078498046855,0.427956572003405,0.281295067404166,1.04163978563325
"PKHD1","P08F94",4.9933555340258,0.01,"P08F94","9606.ENSP00000360158",1,0,0,2,1,0.7556,0.01,0.01,0.01,0.01,0.01,2.23458173581228
"PKIA","P04541",-2.48998824349269,0.0100432629027687,"P04541","9606.ENSP00000379696",1,0,4.46956507776703e-05,2,1485,0.829802997737298,0.01,0.01,0.0105776251425666,0.01,0.100431689134722,-1.57796965860966
"PKM","P14618",1.20006111027854,2.41255585473247,"P14618","9606.ENSP00000320171",20,27601.7778241715,0.0856417316997197,7,56688.5556483429,5196.25715714442,2.28777281691255,3.38145292886686,1.11679264362362,2.09978286001703,3.46441469689906,1.0954730075536
"PKNOX2","PKNOX2",3.63872485070981,0.317379098441081,"PKNOX2","9606.ENSP00000298282",4,1647.10100263471,0.00113787769876622,3,4779.20200526941,312.238876532044,0.369648339512507,0.21118716753851,0.0247053853459382,0.427956572003405,0.301173098627648,1.90754419364528
"PKP2","Q4VC01",1.03348172477707,0.21687971900574,"Q4VC01","9606.ENSP00000070846",3,293.711559718027,0.0226367938643297,3,2072.42311943605,57.4470822400325,0.249765559675005,0.0458757578791257,0.302547061193374,0.427956572003405,0.136227959301427,1.01660303205188
"PLA2G3","O95768",7.09249779192101,0.61979085619209,"O95768","9606.ENSP00000215885",7,2647.98823968732,0.0136401640771708,4,6780.97647937463,502.341467199908,0.729296679025015,0.33344176390264,0.186278935033271,0.84591314400681,0.423156822994295,2.66317438255947
"PLA2G4A","P47712",4.95593900062488,1.19749497773578,"P47712","9606.ENSP00000356436",13,3239.95609501563,0.0446414573690046,6,7964.91219003126,617.89815225888,1.44859335805003,0.405748401987884,0.586924772958712,1.68182628801362,0.495303255704266,2.22619383716353
"PLA2G4C","O75457",1.35877478318129,0.584618233250498,"O75457","9606.ENSP00000472546",7,457.202266812639,0.0260381812180553,5,2399.40453362528,91.098245906883,0.729296679025015,0.0658455303621845,0.346504959130533,1.26386971601022,0.156153485986597,1.16566495322682
"PLAAT3","P53816",-1.06288682309779,1.16037277094444,"P53816","9606.ENSP00000320337",13,2666.63595676663,0.0169759839037577,6,6818.27191353325,510.272640383472,1.44859335805003,0.335719512124665,0.229389469713554,1.68182628801362,0.425429524549536,-1.03096402609295
"PLAC1","Q9HBJ0",-2.18611714817203,0.121425899143672,"Q9HBJ0","9606.ENSP00000352173",2,1009.56258824573,0.000194694933398051,2,3504.12517649146,191.079872123678,0.129882779837503,0.133314257751716,0.0125161438910565,0.01,0.223472727062328,-1.47855238262702
"PLAU","P00749",5.00742200548682,0.990831817861277,"P00749","9606.ENSP00000361850",10,2188.71172273088,0.14393557562105,5,5862.42344546176,418.350018350098,1.08894501853752,0.277342871718364,1.87015430901932,1.26386971601022,0.367182225678551,2.23772697295421
"PLAUR","Q03405",2.83857838782528,0.645511124550503,"Q03405","9606.ENSP00000339328",7,638.260503621631,0.101425213446402,3,2761.52100724326,125.070974328918,0.729296679025015,0.0879611102597438,1.32077078770467,0.427956572003405,0.178220065752623,1.68480811602547
"PLCD4","Q53FS8",4.4818483295089,0.401646461879946,"Q53FS8","9606.ENSP00000388631",5,326.398172295236,0.0266703359816124,4,2137.79634459047,65.0635136826959,0.48953111935001,0.0498683041712583,0.354674623942891,0.84591314400681,0.140211659554054,2.11703763063128
"PLCG1","P19174",1.31963178861876,3.12741513212879,"P19174","9606.ENSP00000244007",29,16631.8467227534,0.285614659863624,7,34748.6934455067,3143.60983297051,3.36671783545007,2.04151727048491,3.70114680628481,2.09978286001703,2.1274478516258,1.14875227469579
"PLCL1","Q15111",-6.65148978747462,0.102539219447847,"Q15111","9606.ENSP00000402861",2,0,0.000142686690573655,3,1485,1.57506956999634,0.129882779837503,0.01,0.0118440143179688,0.427956572003405,0.100431689134722,-2.57904823287092
"PLD1","Q13393",1.63735266837582,0.998619505384989,"Q13393","9606.ENSP00000342793",11,3395.69346278127,0.0143858471068695,6,8276.38692556255,645.661201692065,1.20882779837502,0.424771133350777,0.19591578467848,1.68182628801362,0.514283839570092,1.27959082068285
"PLD6","Q8N2A8",-2.05513546597244,0.0100000030468898,"Q8N2A8","9606.ENSP00000317177",1,0,0,2,2,0.75565,0.01,0.01,0.01,0.01,0.0100609377959129,-1.43357436708824
"PLIN2","Q5SYF3",-1.04598127494437,0.40731253609671,"Q5SYF3","9606.ENSP00000276914",5,518.821593564058,0.0281183608952003,4,2522.64318712811,101.18533544231,0.48953111935001,0.0733720984323379,0.373388203062965,0.84591314400681,0.163663377902331,-1.02273225965761
"PLK2","O60679",1.31204572668479,0.0110483053865552,"O60679","9606.ENSP00000274289",1,0,0.00120420776418463,2,1485,0.829880766214744,0.01,0.01,0.0255626032816237,0.01,0.100431689134722,1.14544564545193
"PLPP4","Q08EQ2",3.77262499927172,0.654485176168357,"Q08EQ2","9606.ENSP00000381302",8,351.011430294749,0.00283755937270998,6,2187.0228605895,71.9078060100374,0.849179458862517,0.0528747206890648,0.0466712556744219,1.68182628801362,0.143211414939505,1.94232463797165
"PLXNA1","PLXNA1",2.09707660507242,0.694696240267578,"PLXNA1","9606.ENSP00000377061",8,1576.11614370162,0.0267528746931789,4,4637.23228740324,301.865486810973,0.849179458862517,0.202516635079344,0.355741314643359,0.84591314400681,0.292521776934509,1.4481286562569
"PLXNA2","O75051",2.46365148368138,0.502322989476544,"O75051","9606.ENSP00000356000",6,1077.09830285794,0.0213147187969615,4,3639.19660571588,206.719552990683,0.609413899187512,0.141563490257061,0.285461197446341,0.84591314400681,0.231703682250067,1.56960233297526
"PMEPA1","PMEPA1",7.38246952929542,0.0206856824582058,"PMEPA1","9606.ENSP00000345826",1,0,0.0123227979096957,2,1485,0.830626490055803,0.01,0.01,0.1692539268488,0.01,0.100431689134722,2.7170700265719
"PMS2","P54278",-1.22318063182874,0.961035796234051,"P54278","9606.ENSP00000265849",10,4721.35496945899,0.042580931121776,5,10927.709938918,893.771010769893,1.08894501853752,0.58669568030734,0.560295520523436,1.26386971601022,0.675849620257083,-1.10597496889791
"PNMA2","O94959",5.9718271627665,0.102453004228206,"O94959","9606.ENSP00000429344",2,0,4.32206549120607e-05,3,1485,1.57506289880932,0.129882779837503,0.01,0.0105585630038051,0.427956572003405,0.100431689134722,2.44373221993869
"PNPLA3","PNPLA3",2.94069985762057,0.597753507014076,"PNPLA3","9606.ENSP00000216180",7,1941.49662211022,0.00689990748580356,4,5367.99324422042,369.718408679325,0.729296679025015,0.247146480733803,0.099171093290678,0.84591314400681,0.337052738982139,1.71484689043091
"POLE","Q07864",1.04777310263235,1.60548722236819,"Q07864","9606.ENSP00000322570",18,450.345202382139,0.0510826409524231,12,2385.69040476428,97.9694175039038,2.04800725723754,0.0650079658362722,0.670167538662621,4.18956572003405,0.155317777200942,1.0236078851945
"POLQ","O75417",1.33382477713277,0.195510353021451,"O75417","9606.ENSP00000264233",3,1.85760351966874,0.00570153895519497,3,1488.71520703934,2.65912173492994,0.249765559675005,0.0102268992550754,0.0836839534617204,0.427956572003405,0.100658085663059,1.15491332018155
"POLR2C","O15161",-1.168695844083,1.36363157005404,"O15161","9606.ENSP00000219252",15,4207.50220417789,0.00245788646747226,7,9900.00440835577,801.003308618719,1.68835891772503,0.523930505486022,0.0417645452406148,2.09978286001703,0.613223510377138,-1.08106236826697
"POLR2H","P52434",1.12422625028628,0.771995681882876,"P52434","9606.ENSP00000415536",9,1525.00945474648,0.000746755087213147,7,4535.01890949297,293.035834929874,0.96906223870002,0.196274146017224,0.0196507044020776,2.09978286001703,0.286293118971846,1.06029535992868
"POU2F3","POU2F3",-1.76370265682694,0.117892140758098,"POU2F3","9606.ENSP00000260264",2,860.322050519544,6.46822866743756e-05,2,3205.64410103908,163.06442966177,0.129882779837503,0.115085089644218,0.0108359228339166,0.01,0.205283948202552,-1.32804467425872
"POU3F2","P20265",2.37966922295602,0.132336490224198,"P20265","9606.ENSP00000329170",2,1484,0.000235054005435522,2,4453,280.141265765072,0.129882779837503,0.191264995983591,0.013037725170977,0.01,0.281295067404166,1.5426176528732
"PPARG","O00684",7.91235212957354,3.67472252988077,"O00684","9606.ENSP00000287820",32,30689.3383719409,0.250237718627396,5,62863.6767438817,5784.66412262453,3.72636617496258,3.75858679024861,3.24395219406645,1.26386971601022,3.84071296595636,2.81289035150209
"PPARGC1A","Q3LIG1",-3.12215093462136,3.01606665610257,"Q3LIG1","9606.ENSP00000264867",28,20523.6914524637,0.165803363594648,5,42532.3829049273,3873.42333988808,3.24683505561257,2.51689140747931,2.15276310710341,1.26386971601022,2.60176873135324,-1.76696093183221
"PPARGC1B","Q86YN3",-2.2422169210346,0.594137230404093,"Q86YN3","9606.ENSP00000312649",6,4240.27101228624,0.0485477655656157,3,9965.54202457246,800.501870525009,0.609413899187512,0.527933091651889,0.637408025573161,0.427956572003405,0.617217228258768,-1.4974033928887
"PPFIA4","O75335",-2.25804104858771,0.0100050564503582,"O75335","9606.ENSP00000402576",1,0,6.17071916705644e-07,2,1485,0.829800041387013,0.01,0.01,0.0100079747413374,0.01,0.100431689134722,-1.50267795904103
"PPFIBP2","O75337",1.5074802347107,0.132145176685872,"O75337","9606.ENSP00000299492",2,1484,1.43366042043086e-05,2,4453,280.141250961556,0.129882779837503,0.191264995983591,0.010185279393036,0.01,0.281295067404166,1.22779486670645
"PPIF","P30405",1.51106699618242,0.715100611380726,"P30405","9606.ENSP00000225174",8,669.3420152048,0.0742741413528123,4,2823.6840304096,131.649034660906,0.849179458862517,0.0917575995267837,0.969883360941223,0.84591314400681,0.182008143371661,1.22925465066536
"PPM1F","P49593",1.08254857616923,0.099003344995789,"P49593","9606.ENSP00000263212",2,0.333333333333333,0.00101633073541205,2,1485.66666666667,1.62741149863576,0.129882779837503,0.0100407154079029,0.0231345707182415,0.01,0.100472314331997,1.04045594628952
"PPP1R15A","O75807",-1.94626646712207,0.827354987833222,"O75807","9606.ENSP00000200453",9,2580.73267250447,0.0466180355967818,5,6646.46534500894,491.198693954187,0.96906223870002,0.325226750347874,0.6124691214747,1.26386971601022,0.414960010940308,-1.395086544671
"PPP1R15B","Q53GQ4",-1.05444276611461,0.103778495977496,"Q53GQ4","9606.ENSP00000356156",2,168.836776935123,0.00206909806780454,2,1822.67355387025,33.2589485406688,0.129882779837503,0.0306227747257599,0.0367400305310432,0.01,0.121008771245646,-1.02686063616959
"PPP1R1A","Q13522",6.20384220942066,0.205962863392325,"Q13522","9606.ENSP00000257905",3,247.941530044235,0.0112525257864743,3,1980.88306008847,48.8543687268083,0.249765559675005,0.0402851215954406,0.155422243519343,0.427956572003405,0.13064970984705,2.49075133432076
"PPP1R1B","Q547V9",7.28329646297251,0.0990222961711544,"Q547V9","9606.ENSP00000254079",2,0.761419999034097,0.00102687328077828,2,1486.52283999807,1.70777263460962,0.129882779837503,0.0100930045775383,0.0232708175155077,0.01,0.100524487647732,2.69875831874077
"PPP2R2C","Q7Z4V7",2.03442803516723,0.334833539523185,"Q7Z4V7","9606.ENSP00000372042",4,1579.68664834461,0.0230578352610699,3,4644.37329668922,299.585324116261,0.369648339512507,0.20295275873822,0.307988398159877,0.427956572003405,0.29295693430099,1.42633377411012
"PPP2R5A","Q15172",-1.12017286390205,0.522279700941155,"Q15172","9606.ENSP00000261461",6,1919.72940079121,0.0270159432352389,3,5324.45880158242,364.888355075838,0.609413899187512,0.244487696849057,0.359141086242346,0.427956572003405,0.334399846001484,-1.05838219179182
"PPP6R2","O75170",1.02905223396965,0.01,"O75170","9606.ENSP00000478417",1,0,0,2,1,0.7556,0.01,0.01,0.01,0.01,0.01,1.0144221182376
"PRAG1","Q86YV5",-2.38476731494876,0.01,"Q86YV5","9606.ENSP00000481109",1,0,0,2,1,0.7556,0.01,0.01,0.01,0.01,0.01,-1.54426918474363
"PRAME","O43481",2.3779325410176,0.0981304206106593,"O43481","9606.ENSP00000445675",2,0.4,7.47947347792841e-06,2,1485.8,1.63985850164829,0.129882779837503,0.0100488584894835,0.0100966611260568,0.01,0.100480439371452,1.54205464916701
"PRDM1","O75626",2.82557376424752,0.21371337028277,"O75626","9606.ENSP00000358092",3,336.817028577208,0.0228055914868771,2,2158.63405715442,65.5285621755346,0.249765559675005,0.0511409281214642,0.304728520666329,0.01,0.141481463829567,1.68094430730096
"PREX1","Q5JS95",-2.43393913662385,0.41075074093515,"Q5JS95","9606.ENSP00000361009",5,11.3552538154581,0.0455056247078631,4,1507.71050763092,5.92492030848695,0.48953111935001,0.0113870013728111,0.598092856958484,0.84591314400681,0.101815617413813,-1.5601086938492
"PRG4","Q6DNC4",8.79268626420744,0.229681706349026,"Q6DNC4","9606.ENSP00000399679",3,220.129129893059,0.039352363544486,3,1925.25825978612,43.635309626548,0.249765559675005,0.0368879419447014,0.518571062445972,0.427956572003405,0.127260057118531,2.965246408683
"PRICKLE2","Q0VF44",1.6726105536865,0.0100293204734917,"Q0VF44","9606.ENSP00000492363",1,0,2.86103450340567e-05,2,1485,0.829801918895841,0.01,0.01,0.0103697463699853,0.01,0.100431689134722,1.29329445745603
"PRKAR2A","P13861",-1.02794825406722,0.386754662622616,"P13861","9606.ENSP00000265563",5,623.069852294294,0.00164386824161701,4,2731.13970458858,120.753042926928,0.48953111935001,0.0861056295644353,0.0312445643122622,0.84591314400681,0.176368696131885,-1.01387782995153
"PRKAR2B","P31323",2.03224925128155,0.67103124832652,"P31323","9606.ENSP00000265717",8,1338.07925182666,0.00574590428292971,4,4161.15850365332,257.1797925307,0.849179458862517,0.173441327633481,0.084257309667792,0.84591314400681,0.263510889860881,1.42556979881083
"PRKCA","P17252",3.84200010615956,3.78692849799043,"P17252","9606.ENSP00000408695",32,37054.2973782385,0.211359296208408,5,75593.5947564771,6979.49161971094,3.72636617496258,4.53604249692804,2.74150611929648,1.26386971601022,4.61644611179566,1.96010206524037
"PRKCE","Q02156",-2.27917890613864,1.2239944998326,"Q02156","9606.ENSP00000306124",13,2110.00964778543,0.115020314805529,4,5705.01929557087,405.768745494796,1.44859335805003,0.267729710465745,1.49646735379417,0.84591314400681,0.357590363716658,-1.50969497122387
"PRKCG","P05129",3.16253670040984,1.52332531678676,"P05129","9606.ENSP00000263431",16,4454.18425527627,0.0934048859532693,4,10393.3685105525,848.020663066162,1.80824169756254,0.554061786484386,1.21711992389477,0.84591314400681,0.643288031347549,1.77835224306374
"PRKG1","P14619",7.46576466398272,1.11408031419714,"P14619","9606.ENSP00000363092",12,5109.0293640174,0.0155139231630844,3,11703.0587280348,967.992792732173,1.32871057821253,0.634048643631175,0.210494498299595,0.427956572003405,0.723097666529585,2.73235514967998
"PRKN","O60260",1.91824731635199,2.81093659654591,"O60260","9606.ENSP00000355865",28,13157.2678406614,0.104113715125338,9,27799.5356813228,2490.63532195584,3.24683505561257,1.61711058105965,1.35551569327301,2.93569600402384,1.70398149402552,1.38500805642133
"PRKX","P51817",1.27850702643926,0.102691236913042,"P51817","9606.ENSP00000262848",2,0,0.00031806842337206,3,1485,1.57508133284916,0.129882779837503,0.01,0.0141105636722933,0.427956572003405,0.100431689134722,1.13071085005817
"PROCR","Q14218",5.95610004158303,0.746556322097114,"Q14218","9606.ENSP00000216968",7,7588.86015132185,0.0341826207785314,3,16662.7203026437,1429.83303023451,0.729296679025015,0.936950609736786,0.45175978774117,0.427956572003405,1.02532851136008,2.44051224983261
"PROM1","O43490",1.45944999419077,1.0146679917462,"O43490","9606.ENSP00000426809",10,2172.51088933129,0.171863694043938,5,5830.02177866258,415.31067104323,1.08894501853752,0.275364001097672,2.2310839096617,1.26386971601022,0.365207739519905,1.20807698189758
"PROS1","P07225",6.37997980898078,0.323373771017358,"P07225","9606.ENSP00000377783",4,2018.26210824033,0.00319982675329043,2,5521.52421648066,381.903087571255,0.369648339512507,0.256523094975753,0.0513530254599405,0.01,0.346408578036041,2.52586219120933
"PRPF31","PRPF31",1.02425574107232,0.505115576621074,"PRPF31","9606.ENSP00000324122",6,2164.82326115921,0.000731950631266505,3,5814.64652231841,410.895611676735,0.609413899187512,0.274424986347175,0.0194593787176315,0.427956572003405,0.364270805286696,1.01205520653387
"PRPSAP2","O60256",-1.09347457869868,0.01,"O60256","9606.ENSP00000268835",1,0,0,2,1,0.7556,0.01,0.01,0.01,0.01,0.01,-1.04569334830947
"PRR5-ARHGAP8","NA",1.74741831684039,0.01,NA,"9606.ENSP00000354732",1,0,0,2,1,0.7556,0.01,0.01,0.01,0.01,0.01,1.32189951087077
"PRUNE1","PRUNE1",-1.02169713554708,0.0104514655598312,"PRUNE1","9606.ENSP00000271620",1,0,0.000515636862939837,2,1485,0.829834583764397,0.01,0.01,0.0166638433781792,0.01,0.100431689134722,-1.01079035192619
"PSMA1","P25786",1.69282894271027,0.941059087563597,"P25786","9606.ENSP00000414359",11,92.3228873589669,0.0204554141943282,9,1669.64577471793,25.5837543596553,1.20882779837502,0.0212768920527741,0.274355957116065,2.93569600402384,0.11168359567066,1.30108759993717
"PSMA2","P25787",1.53292564224606,1.22561470090597,"P25787","9606.ENSP00000223321",14,942.409612429664,0.021307062576569,9,3369.81922485933,187.367001509984,1.56847613788753,0.125111775344987,0.285362252127976,2.93569600402384,0.215288418391883,1.23811374366254
"PSMB1","P20618",1.36239705820291,0.941059087563597,"P20618","9606.ENSP00000262193",11,92.3228873589669,0.0204554141943282,9,1669.64577471793,25.5837543596553,1.20882779837502,0.0212768920527741,0.274355957116065,2.93569600402384,0.11168359567066,1.16721765673884
"PSMD1","Q24JU0",1.14853025851167,1.32847284893549,"Q24JU0","9606.ENSP00000309474",15,1598.0617051261,0.0209820415154409,9,4681.1234102522,311.180960551797,1.68835891772503,0.205197202534511,0.281161835901683,2.93569600402384,0.295196405221066,1.07169503988386
"PSMD11","O00231",1.03836854189556,1.22130474041892,"O00231","9606.ENSP00000261712",14,615.266504432603,0.0249864208966813,9,2715.53300886521,125.955944051338,1.56847613788753,0.085152480090845,0.332912513444901,2.93569600402384,0.175417658493019,1.01900370062898
"PSMD14","O00176",1.08055891325831,1.8232615748369,"O00176","9606.ENSP00000386541",19,7092.55444534302,0.0398986617582512,9,15670.108890686,1345.54828648304,2.16789003707504,0.876328741946431,0.525631158408769,2.93569600402384,0.964840959717404,1.03949935702641
"PSMD2","Q12932",1.43059805405412,1.78010331238477,"Q12932","9606.ENSP00000310129",19,5080.79934471711,0.0433107577361101,9,11646.5986894342,967.901847842817,2.16789003707504,0.630600453378423,0.569727449465485,2.93569600402384,0.719657116220108,1.19607610713287
"PSMD7","P51665",1.07596622824151,1.35401216455398,"P51665","9606.ENSP00000219313",15,2531.1170523552,0.0257707174377814,9,6547.23410471041,486.334431510137,1.68835891772503,0.31916638970968,0.343048385582011,2.93569600402384,0.408913077870814,1.03728791964503
"PSME2","Q15129",1.08631501312907,0.814182052863478,"Q15129","9606.ENSP00000216802",9,1674.26950863756,0.0355460053773239,9,4833.53901727511,321.077846232023,0.96906223870002,0.214505697950563,0.469379516049142,2.93569600402384,0.304484276375767,1.04226436815669
"PSME4","Q14997",1.22877552998205,0.753399033378727,"Q14997","9606.ENSP00000384211",9,0.285714285714286,0.00969170038539956,9,1485.57142857143,6.83587430805913,0.96906223870002,0.0100348989210596,0.135250885028514,2.93569600402384,0.100466510732387,1.10850147946769
"PSORS1C1","Q2M3K9",4.75966028667605,0.0114835716856175,"Q2M3K9","9606.ENSP00000259881",1,0,0.0017063721547077,2,1485,0.829914446380416,0.01,0.01,0.0320523348913185,0.01,0.100431689134722,2.18166456786465
"PTAFR","P25105",4.58771311681535,0.0133569076485288,"P25105","9606.ENSP00000442658",1,0,0.00386762978960168,2,1485,0.830059401929989,0.01,0.01,0.059983391442851,0.01,0.100431689134722,2.14189474923848
"PTCHD1","PTCHD1",1.28862494052833,0.286044658228695,"PTCHD1","9606.ENSP00000368666",4,91.664910209994,0.00116130917247733,4,1668.32982041999,20.2627048336263,0.369648339512507,0.0211965226287404,0.0250082024681286,0.84591314400681,0.111603404316222,1.13517617158234
"PTGER4","P35408",-1.29753629394421,0.301736200111608,"P35408","9606.ENSP00000302846",4,273.95982013243,0.0194053031272799,3,2032.91964026486,54.4740389489405,0.369648339512507,0.0434631574770689,0.260784825601911,0.427956572003405,0.133820704349844,-1.13909450615136
"PTGFRN","Q5VVU9",1.69892150653665,0.233153710649363,"Q5VVU9","9606.ENSP00000376899",3,1490.7737207132,0.0147158812258819,2,4466.5474414264,282.148769846435,0.249765559675005,0.192092380389165,0.200180987259256,0.01,0.28212061862495,1.30342683206103
"PTGS1","P23219",8.07161671437733,0.749613668705421,"P23219","9606.ENSP00000354612",9,81.731485947317,0.018055939793432,6,1648.46297189463,22.0945655539123,0.96906223870002,0.0199831923665589,0.243346301393703,1.68182628801362,0.110392762355351,2.84105908322536
"PTGS2","P35354",6.82854706638038,2.40414343519169,"P35354","9606.ENSP00000356438",22,14034.853241366,0.236388957860254,6,29554.7064827321,2650.94383507664,2.52753837658755,1.72430432373754,3.0649774555112,1.68182628801362,1.81093773411405,2.6131488794901
"PTHLH","P12272",3.59457250695735,0.107004567684067,"P12272","9606.ENSP00000441765",2,8.39056354693859,0.0100342141419501,2,1501.78112709388,3.14051958377381,0.129882779837503,0.0110248756520458,0.139677368456234,0.01,0.101454294032757,1.89593578661234
"PTK2B","Q13475",1.15383285064182,0.858441574948669,"Q13475","9606.ENSP00000380638",9,445.129586730417,0.13399956218935,6,2375.25917346084,90.31943337167,0.96906223870002,0.0643708980800989,1.74174603941881,1.68182628801362,0.154682120956653,1.07416611873668
"PTK7","Q13308",1.83701402916934,0.102970901750047,"Q13308","9606.ENSP00000418754",2,0,0.000640716243173559,3,1485,1.57510297283843,0.129882779837503,0.01,0.0182803092665276,0.427956572003405,0.100431689134722,1.35536490627777
"PTN","P21246",5.87046166542642,0.224444109962895,"P21246","9606.ENSP00000341170",3,1486.41666666667,0.00478288982655372,2,4457.83333333333,281.330197455087,0.249765559675005,0.191560182690887,0.0718117729549511,0.01,0.281589600084412,2.42290356090093
"PTPRS","O75255",1.80012183838048,0.258804083067058,"O75255","9606.ENSP00000467537",3,2966,0.000332469258128817,3,7417,559.087572298713,0.249765559675005,0.372285699519765,0.0142966731501669,0.427956572003405,0.461914694489959,1.34168619221504
"PXDN","Q4KMG2",1.36850254004488,1.69739833929863,"Q4KMG2","9606.ENSP00000252804",16,3348.60471555514,0.298661630544913,9,8182.20943111026,640.546488439571,1.80824169756254,0.419019420697935,3.86975959452519,2.93569600402384,0.508544870633571,1.16983013298721
"PXDNL","Q6ZMR2",-5.39338657431279,1.57142942383965,"Q6ZMR2","9606.ENSP00000348645",15,1941.14405615032,0.292206465411801,9,5367.28811230063,375.602570508173,1.68835891772503,0.247103416133193,3.78633613798236,2.93569600402384,0.337009769797119,-2.32236658913118
"PXK","Q3BCH4",-4.88644732490797,0.132247850745498,"Q3BCH4","9606.ENSP00000348472",2,1484,0.000132791115123374,2,4453,280.1412589063,0.129882779837503,0.191264995983591,0.0117161286494352,0.01,0.281295067404166,-2.21053100519038
"PXN","O14970",1.67132911837806,1.9100677401852,"O14970","9606.ENSP00000267257",19,3541.88742362266,0.248833938170526,6,8568.77484724533,679.000216454679,2.16789003707504,0.442628173596559,3.22581040907343,1.68182628801362,0.53210131506899,1.29279894739208
"PYGO1","Q9Y3Y4",1.59741496543822,0.0103284677788457,"Q9Y3Y4","9606.ENSP00000302327",1,0,0.000373734983889307,2,1485,0.829825066405369,0.01,0.01,0.014829971587728,0.01,0.100431689134722,1.26388882637605
"PYROXD2","Q5TAA9",1.40979562297309,0.106794066615433,"Q5TAA9","9606.ENSP00000359607",2,362.271226439268,0.000432513251287129,2,2209.54245287854,69.5703536358432,0.129882779837503,0.0542500622678468,0.0155895937096739,0.01,0.144583709258456,1.18734814733215
"QPRT","Q15274",2.28376397753917,0.109164615386485,"Q15274","9606.ENSP00000378782",2,473.28023685174,0.000231621035444084,2,2431.56047370348,90.4089515966316,0.129882779837503,0.0678093936873611,0.0129933591141857,0.01,0.158112998100469,1.51121275058781
"RAB38","P57729",-2.37870175188061,0.10290421391937,"P57729","9606.ENSP00000243662",2,71.4236722276589,0.00363666325941995,2,1627.84734445532,14.9726656615809,0.129882779837503,0.0187241318460107,0.0569984908405988,0.01,0.109136491457838,-1.54230404002603
"RAB39B","Q5JT79",-1.88230089871265,0.01,"Q5JT79","9606.ENSP00000358466",1,0,0,2,1,0.7556,0.01,0.01,0.01,0.01,0.01,-1.37196971494004
"RAB3IL1","Q86V32",-3.78297339512055,0.01,"Q86V32","9606.ENSP00000378313",1,0,0,2,1,0.7556,0.01,0.01,0.01,0.01,0.01,-1.94498673391891
"RAB6B","Q92929",1.27176249446299,0.132132749997208,"Q92929","9606.ENSP00000285208",2,1484,2.62536713507393e-13,2,4453,280.14125,0.129882779837503,0.191264995983591,0.010000000003393,0.01,0.281295067404166,1.12772447630748
"RAB7B","Q96AH8",5.20213755098288,0.220967279081908,"Q96AH8","9606.ENSP00000479762",3,1497.18930171786,0.000486791993422758,2,4479.37860343572,283.352148367616,0.249765559675005,0.192876019381781,0.0162910661263164,0.01,0.282902521356799,2.28081949110027
"RABGAP1","Q05CW2",-1.07944394962716,0.0100045215844665,"Q05CW2","9606.ENSP00000362751",1,0,1.12951789642514e-14,2,1485,0.829800000000001,0.01,0.01,0.010000000000146,0.01,0.100431689134722,-1.03896292023689
"RAD51AP1","O43403",1.14425540398283,1.12026521185328,"O43403","9606.ENSP00000228843",13,773.744797104635,0.0207641442285102,6,3032.48959420927,154.939365963636,1.44859335805003,0.104510005080523,0.278345835927674,1.68182628801362,0.19473229420396,1.06969874449904
"RAD54L","Q5TE31",2.24919625414432,0.384383230515325,"Q5TE31","9606.ENSP00000361043",5,77.5042380426568,0.0133361713428792,4,1640.00847608532,18.3402500223795,0.48953111935001,0.0194668499983244,0.18235027881216,0.84591314400681,0.109877564015177,1.4997320607843
"RAET1G","Q6H3X2",2.27196794967478,0.0100708767898584,"Q6H3X2","9606.ENSP00000356329",1,0,7.65536439424927e-05,2,1485,0.829805134452899,0.01,0.01,0.0109893425585462,0.01,0.100431689134722,1.50730486288434
"RAPGEF4","O95636",4.10239318288532,0.887738142736998,"O95636","9606.ENSP00000380271",10,2575.08058180142,0.0197406947109755,4,6635.16116360284,490.860560824156,1.08894501853752,0.324536368812438,0.265119265485367,0.84591314400681,0.414271159040821,2.02543654131284
"RAPGEF5","Q8IXU5",-1.81411322980708,0.255323539309537,"Q8IXU5","9606.ENSP00000343656",2,6040.27016172279,0.0216278998069012,2,13565.5403234456,1135.44573534184,0.129882779837503,0.747796190434291,0.289508598532756,0.01,0.836593189882234,-1.34689020703511
"RAPH1","Q70E73",-1.88499549381663,0.0138407895747752,"Q70E73","9606.ENSP00000316543",1,0,0.00442588176799328,2,1485,0.830096843890179,0.01,0.01,0.0671979721234302,0.01,0.100431689134722,-1.37295138071843
"RASGRP1","O95267",-4.52676616589938,0.223833969367023,"O95267","9606.ENSP00000310244",3,146.244638091395,0.0345598349088972,3,1777.48927618279,29.7653913906441,0.249765559675005,0.0278632302804976,0.456634722148424,0.427956572003405,0.118255340953457,-2.12761983584929
"RASSF8","O95647",5.59895412206224,0.100755593211785,"O95647","9606.ENSP00000384491",2,21.2003313344698,0.00248603444543138,2,1527.40066266894,5.54466293643692,0.129882779837503,0.0125895404138771,0.0421283162003996,0.01,0.103015492063013,2.36621092087376
"RBBP8","O75371",1.80649505410865,1.09801859716917,"O75371","9606.ENSP00000382628",12,4223.02647965837,0.0104915788709488,5,9931.05295931675,801.692574431665,1.32871057821253,0.525826737111775,0.145588130738383,1.26386971601022,0.615115540638989,1.34405917061291
"RBM18","Q96H35",-1.68163130940232,0.0101185181473052,"Q96H35","9606.ENSP00000409315",1,0,0.000131517222049646,2,1485,0.829808820860083,0.01,0.01,0.0116996654666529,0.01,0.100431689134722,-1.29677727825649
"RBMS2","Q15434",1.64759060119044,0.102880919939661,"Q15434","9606.ENSP00000262031",2,0,0.000536904712007825,3,1485,1.57509601019903,0.129882779837503,0.01,0.0169386988537396,0.427956572003405,0.100431689134722,1.2835850580271
"RCL1","Q5VYW8",-1.3978859954235,0.196119412006548,"Q5VYW8","9606.ENSP00000371169",3,161.294242388491,0.00218769210072538,3,1807.58848477698,32.5883319096768,0.249765559675005,0.0297014826136969,0.038272682902841,0.427956572003405,0.120089520383909,-1.1823222891511
"RDH11","Q0QD40",1.47374221903637,0.282262489879816,"Q0QD40","9606.ENSP00000370750",4,155.805256250722,6.33435703475157e-05,3,1796.61051250144,32.2927669518387,0.369648339512507,0.0290310236849794,0.0108186219065175,0.427956572003405,0.119420546949844,1.21397784948341
"RDH16","O75452",5.23083606174369,0.0984356787662335,"O75452","9606.ENSP00000381206",2,13.4138698772573,1.54849910793557e-05,2,1511.82773975452,4.08282269193709,0.129882779837503,0.0116384535508258,0.0102001205939331,0.01,0.102066512464687,2.28710211003875
"RDH5","O00179",2.59726275192905,0.35159175647061,"O00179","9606.ENSP00000257895",4,3141.26401281451,0.00109370033374623,3,7767.52802562903,592.723153840022,0.369648339512507,0.393693536837077,0.0241344582797944,0.427956572003405,0.483275099777487,1.61160254154958
"RECQL","P46063",1.64525658330799,0.201016414521026,"P46063","9606.ENSP00000416739",3,0,0.00714120048278102,4,1485,2.32079896031638,0.249765559675005,0.01,0.102289448194441,0.84591314400681,0.100431689134722,1.2826755565255
"RENBP","P51606",-5.7189034006691,0.0146879507400021,"P51606","9606.ENSP00000377303",1,0,0.00540324705248126,2,1485,0.83016239577981,0.01,0.01,0.0798289720522645,0.01,0.100431689134722,-2.39142288202424
"RET","P07949",3.97389650269221,1.27384052272138,"P07949","9606.ENSP00000347942",13,2872.43864162937,0.147402171341133,5,7229.87728325874,548.904378070298,1.44859335805003,0.360857532909744,1.91495492859176,1.26386971601022,0.450511848566515,1.99346344403207
"RETREG1","Q69YN8",-1.07221922266861,0.103763584164877,"Q69YN8","9606.ENSP00000304642",2,182.833394323873,0.00168173514243058,2,1850.66678864775,35.8863675764535,0.129882779837503,0.0323324086844901,0.0317339379672023,0.01,0.122714617273459,-1.03548018941388
"REXO2","Q32Q18",-1.09680581529382,0.118385096144117,"Q32Q18","9606.ENSP00000480535",2,765.397279445508,0.00314381466385329,2,3015.79455889101,145.24535815316,0.129882779837503,0.10349038732112,0.0506291520945539,0.01,0.193714935548978,-1.04728497329706
"RFX3","P48380",-1.26662635657988,0.0100047093785348,"P48380","9606.ENSP00000371434",1,0,2.16657018814483e-07,2,1485,0.829800014531186,0.01,0.01,0.010002799971344,0.01,0.100431689134722,-1.12544495937379
"RGL3","Q0P6G0",1.20497629706436,0.0287163680212554,"Q0P6G0","9606.ENSP00000377075",1,0,0.0215877566945583,2,1485,0.831247890841504,0.01,0.01,0.288989808212295,0.01,0.100431689134722,1.09771412356057
"RGPD5","Q53QN2",3.80023829730004,0.0118771828456531,"Q53QN2","9606.ENSP00000016946",1,0,0.00216047923515063,2,1485,0.829944903342302,0.01,0.01,0.0379209968867797,0.01,0.100431689134722,1.94941998997139
"RGPD6","Q99666",2.91290551877971,0.0118771828456531,"Q99666","9606.ENSP00000330842",1,0,0.00216047923515063,2,1485,0.829944903342302,0.01,0.01,0.0379209968867798,0.01,0.100431689134722,1.70672362108799
"RGS16","O15492",-1.61056484672532,0.198122878233568,"O15492","9606.ENSP00000356529",3,3.77349758822245,0.00866492687679263,3,1492.54699517645,3.01897212390674,0.249765559675005,0.010460918480575,0.121981356920671,0.427956572003405,0.10089158638654,-1.26908031531709
"RGS20","O76081",2.48068717569254,0.109487111467398,"O76081","9606.ENSP00000297313",2,0,0.00815843238219921,3,1485,1.57560718605987,0.129882779837503,0.01,0.115435665123856,0.427956572003405,0.100431689134722,1.57501973819141
"RGS5","O15539",4.1041286793817,0.109487111467398,"O15539","9606.ENSP00000433001",2,0,0.00815843238219922,3,1485,1.57560718605987,0.129882779837503,0.01,0.115435665123857,0.427956572003405,0.100431689134722,2.02586492130687
"RGS6","O75576",5.16768426910213,0.0991391944632139,"O75576","9606.ENSP00000451030",2,3.77349758822245,0.00108207979604102,2,1492.54699517645,2.27320354235304,0.129882779837503,0.010460918480575,0.0239842800268349,0.01,0.10089158638654,2.27325411450241
"RHBDL2","Q6P175",2.25387585486616,0.106110420950209,"Q6P175","9606.ENSP00000289248",2,0,0.00426276267562562,3,1485,1.57534590349265,0.129882779837503,0.01,0.0650898992495643,0.427956572003405,0.100431689134722,1.50129139572108
"RHOF","Q8WVB1",1.37496616099207,0.0141185624409231,"Q8WVB1","9606.ENSP00000267205",1,0,0.00474634683118228,2,1485,0.830118337481967,0.01,0.01,0.0713395088186431,0.01,0.100431689134722,1.17258951086562
"RIMBP2","O15034",5.35778736197613,0.10295124543974,"O15034","9606.ENSP00000261655",2,0,0.000618038863586963,3,1485,1.57510145186658,0.129882779837503,0.01,0.0179872376949355,0.427956572003405,0.100431689134722,2.31468947420083
"RIMS1","O15048",2.31218532162258,0.285160764866108,"O15048","9606.ENSP00000428417",4,204.987337769956,0.00210638199309224,3,1894.97467553991,41.5253643212165,0.369648339512507,0.0350384292166834,0.0372218700900391,0.427956572003405,0.125414642242225,1.52058716344134
"RIOX2","Q6AHW4",-1.0829814101596,0.01,"Q6AHW4","9606.ENSP00000328251",1,0,0,2,1,0.7556,0.01,0.01,0.01,0.01,0.01,-1.04066392757681
"RIPOR3","Q5QPB6",-4.90710991434678,0.0104247468044084,"Q5QPB6","9606.ENSP00000045083",1,0,0.000484811578369625,2,1485,0.829832516312561,0.01,0.01,0.0162654721925107,0.01,0.100431689134722,-2.21519974592513
"RMND1","Q0VDG6",-1.21750778694887,0.0109264517955915,"Q0VDG6","9606.ENSP00000412708",1,0,0.00106362593101442,2,1485,0.829871337391193,0.01,0.01,0.02374579113068,0.01,0.100431689134722,-1.10340735313341
"RND1","Q92730",1.82005643750848,0.194538060411002,"Q92730","9606.ENSP00000308461",3,95.8551776363708,0.00209391876002467,3,1676.71035527274,20.3041043850308,0.249765559675005,0.0217083479712016,0.0370608012466004,0.427956572003405,0.112114095638719,1.34909467329335
"RND2","O00690",1.14139660607657,0.01,"O00690","9606.ENSP00000466680",1,0,0,2,1,0.7556,0.01,0.01,0.01,0.01,0.01,1.06836164573452
"RND3","P52199",-1.51316423031165,0.0182650633644761,"P52199","9606.ENSP00000364886",1,0,0.00953014266735298,2,1485,0.830439186668699,0.01,0.01,0.133162990607117,0.01,0.100431689134722,-1.23010740600634
"RNF13","O43567",-1.23098696234417,0.0102026422275666,"O43567","9606.ENSP00000341361",1,0,0.000228570721444838,2,1485,0.829815330238287,0.01,0.01,0.0129539383198124,0.01,0.100431689134722,-1.10949851840558
"RNF43","Q65ZA4",1.92217194802499,0.306356283983827,"Q65ZA4","9606.ENSP00000463069",4,1305.27804129837,0.00242265964387939,2,4095.55608259674,248.061666400313,0.369648339512507,0.169434783634379,0.0413092906767823,0.01,0.259513222915144,1.3864241587714
"RNF7","Q9BXN8",-1.05166976073921,0.108046642392017,"Q9BXN8","9606.ENSP00000273480",2,311.540266980354,0.00321925119748891,2,2108.08053396071,60.0473248327298,0.129882779837503,0.0480534671448253,0.0516040576555614,0.01,0.138400843550511,-1.02550951274925
"RNF8","O76064",1.06963289207321,0.207247307413131,"O76064","9606.ENSP00000362578",3,590.910710163443,0.00366410375351091,3,2666.82142032689,113.23603426332,0.249765559675005,0.0821775117954431,0.0573531186183714,0.427956572003405,0.172449281652079,1.03423057974187
"RNLS","Q5VYX0",-3.30825502655117,0.0104548201981079,"Q5VYX0","9606.ENSP00000332530",1,0,0.000519507091094993,2,1485,0.8298348433406,0.01,0.01,0.0167138603496516,0.01,0.100431689134722,-1.81886091457021
"ROBO1","Q1RMC7",1.1308375325204,0.796651595248855,"Q1RMC7","9606.ENSP00000420321",9,2747.32157246859,0.0117518093563575,4,6979.64314493718,522.458133777657,0.96906223870002,0.345574955390264,0.161874744785507,0.84591314400681,0.43526313171504,1.06340845046501
"ROBO3","Q96MS0",2.60043970620301,0.38166194088374,"Q96MS0","9606.ENSP00000380903",5,576.078273501472,0.00197295646713824,3,2637.15654700295,111.921515827887,0.48953111935001,0.0803657856687861,0.0354975426194634,0.427956572003405,0.170641569655683,1.61258789100099
"ROM1","Q03395",1.44149443527625,0.397850224539403,"Q03395","9606.ENSP00000278833",5,1239.42391003415,0.00310623070734136,3,3963.84782006828,236.444834726504,0.48953111935001,0.161390950184843,0.0501434350759918,0.427956572003405,0.251487211693144,1.20062251989385
"RORA","P35397",2.23536812661559,1.35870358221349,"P35397","9606.ENSP00000261523",12,14440.7324224237,0.0360597813913138,6,30366.4648448474,2719.77233886692,1.32871057821253,1.77388093298568,0.476019310708457,1.68182628801362,1.86040449951521,1.49511475366127
"RORB","Q58EY0",2.17042052746315,0.381814233836295,"Q58EY0","9606.ENSP00000366093",5,0,0.00249847910933473,6,1485,3.81100757299386,0.48953111935001,0.01,0.0422891450648705,1.68182628801362,0.100431689134722,1.47323471567268
"RORC","P51449",-3.7684314108052,0.477186995058566,"P51449","9606.ENSP00000327025",6,217.086922707929,0.00513604938123636,6,1919.17384541586,45.2977116055645,0.609413899187512,0.0365163478252986,0.0763758375691351,1.68182628801362,0.126889286317387,-1.94124480960161
"RPGR","O00702",-1.32710596455002,0.432913724459043,"O00702","9606.ENSP00000495537",5,2853.4674484084,0.000873264322694266,3,7191.9348968168,539.432937985063,0.48953111935001,0.358540273298556,0.0212856490534992,0.427956572003405,0.448199723165069,-1.15200085266896
"RPL23","P23131",-1.01455548585919,2.17460482819749,"P23131","9606.ENSP00000420311",23,8236.74626497302,0.00837253121226604,9,17958.492529946,1563.2737404064,2.64742115642505,1.01608745191253,0.11820257566412,2.93569600402384,1.10429001489702,-1.00725145115765
"RPL24","P38663",-1.02403070713079,1.54497399040254,"P38663","9606.ENSP00000377640",17,3864.03994817798,0.00752678662873797,9,9213.07989635598,738.01943389355,1.92812447740004,0.48197788792919,0.107272578513719,2.93569600402384,0.571363844657336,-1.01194402371415
"RPL26","P61254",-2.16832281096881,1.48223196529862,"P61254","9606.ENSP00000463784",17,1237.63638729237,0.00460040060334737,9,3960.27277458474,244.990761171392,1.92812447740004,0.161172611032141,0.0694533698052627,2.93569600402384,0.251269356301089,-1.47252260117419
"RPL34","P49207",-1.20211833090362,1.64602466639121,"P49207","9606.ENSP00000378163",18,4427.24942119576,0.00756126337275491,9,10339.4988423915,844.480088480803,2.04800725723754,0.550771798215233,0.107718139409052,2.93569600402384,0.640005332503259,-1.09641157003363
"RPN1","P04843",-1.4410686717509,0.795516886880493,"P04843","9606.ENSP00000296255",8,6250.21932747252,0.0194562093622777,4,13985.438654945,1179.2876470811,0.849179458862517,0.773440688201395,0.261442713354668,0.84591314400681,0.862180868711307,-1.20044519731261
"RPS29","P30054",-1.34603405079886,1.47848908567951,"P30054","9606.ENSP00000379339",17,1089.67086527412,0.00419540641921069,9,3664.34173054823,217.214646215166,1.92812447740004,0.143099181278537,0.0642194193138776,2.93569600402384,0.233235970735305,-1.16018707577651
"RPS6KA1","Q15418",1.30796500879683,0.624455066604513,"Q15418","9606.ENSP00000435412",7,418.514433406252,0.0779826521046517,4,2322.02886681251,83.8289597354983,0.729296679025015,0.0611199576081262,1.01781037429642,0.84591314400681,0.151438383393736,1.14366297867721
"RPS6KA6","Q6FHX2",2.44935442076942,0.216735478873132,"Q6FHX2","9606.ENSP00000262752",3,50.4240673520722,0.0289044475825961,3,1585.84813470415,11.7775745446304,0.249765559675005,0.0161591094110847,0.383547210191764,0.427956572003405,0.106577152185519,1.56504134794242
"RPSA","P08865",-1.08730539379534,1.98728486619655,"P08865","9606.ENSP00000389351",21,7771.35911512984,0.00787491888523733,9,17027.7182302597,1474.44129126298,2.40765559675005,0.959242168996668,0.111771672738629,2.93569600402384,1.04757068058177,-1.0427393700227
"RRAGD","Q7L8F9",-1.73685265333258,0.441566236154512,"Q7L8F9","9606.ENSP00000358423",5,2974.30957993808,0.00765978895382364,3,7433.61915987615,562.117878088021,0.48953111935001,0.373300683329806,0.108991436739353,0.427956572003405,0.462927429462736,-1.31789705718337
"RRM2","P31350",1.8115117235124,3.6892471068593,"P31350","9606.ENSP00000353770",37,17322.0348673295,0.0824785817978721,11,36129.069734659,3279.07924713359,4.32578007415009,2.12582114599334,1.07591361219162,3.77160914803065,2.21156494021715,1.34592411506459
"RRM2B","Q17R22",1.03201234376676,1.44046020829501,"Q17R22","9606.ENSP00000251810",16,2088.70789871784,0.0355531439750206,9,5662.41579743569,404.02101129668,1.80824169756254,0.26512778225875,0.469471771860179,2.93569600402384,0.354994200442122,1.01588008335963
"RRP36","Q96EU6",1.0017786030856,0.102950780008948,"Q96EU6","9606.ENSP00000244496",2,0,0.000617501898582088,3,1485,1.57510141585234,0.129882779837503,0.01,0.0179802982168857,0.427956572003405,0.100431689134722,1.00088890646545
"RSAD2","Q8WVI4",3.3547465330455,1.99861905423342,"Q8WVI4","9606.ENSP00000371471",22,3111.65580718271,0.0177219779534472,14,7708.31161436542,600.5088667374,2.52753837658755,0.390077006328364,0.239030338831874,5.02547886404086,0.479666582193212,1.83159671681446
"RSL24D1","Q561V8",-1.65837941670124,0.664654255010014,"Q561V8","9606.ENSP00000260443",8,770.438878050259,0.00347725175394073,6,3025.87775610052,150.64276940687,0.849179458862517,0.104106199552145,0.0549383330405207,1.68182628801362,0.19432938336268,-1.28778081081419
"RSU1","Q15404",1.01974589074633,0.01,"Q15404","9606.ENSP00000367154",1,0,0,2,1,0.7556,0.01,0.01,0.01,0.01,0.01,1.00982468317344
"RTN1","Q16799",1.65429859837727,0.100440088861589,"Q16799","9606.ENSP00000267484",2,24.4574417962467,0.00203590013394709,2,1533.91488359249,6.15605752181342,0.129882779837503,0.0129873841569849,0.0363109963645488,0.01,0.103412454328184,1.28619539665529
"RUNX1","O60472",-4.81983002818,2.76040129684154,"O60472","9606.ENSP00000300305",20,42495.553774478,0.107948681710352,4,86476.1075489561,7992.08740466309,2.28777281691255,5.20067141795905,1.40507696113385,0.84591314400681,5.27960245536311,-2.19541112964747
"RUNX1T1","O14784",-3.48066283381418,0.301193235647133,"O14784","9606.ENSP00000402257",4,709.021071991856,0.00727311186515516,3,2903.04214398371,136.142923441924,0.369648339512507,0.0966042464736424,0.103994207599982,0.427956572003405,0.186844051900672,-1.86565346026913
"S100A1","P23297",2.55093456617332,0.530607123137288,"P23297","9606.ENSP00000292169",6,1718.34508393508,0.041949122801709,3,4921.69016787016,327.08549268396,0.609413899187512,0.219889363030941,0.552130332980496,0.427956572003405,0.309856013200214,1.5971645394803
"S100A2","O00266",2.54087246879655,0.0115695473789197,"O00266","9606.ENSP00000499289",1,0,0.00180556185011923,2,1485,0.829921099033287,0.01,0.01,0.0333342149166976,0.01,0.100431689134722,1.59401143935561
"S100A4","P26447",3.20873489889438,0.829828071529861,"P26447","9606.ENSP00000357704",9,806.814233423482,0.101346641013861,4,3098.62846684696,158.192105217469,0.96906223870002,0.108549311847043,1.31975535529102,0.84591314400681,0.198762651326664,1.79129419663393
"S100A6","P06703",1.58810661527111,0.396056266892851,"P06703","9606.ENSP00000357709",5,400.643957148261,0.0182574290835105,4,2286.28791429652,79.0003681616401,0.48953111935001,0.058937146417338,0.245950252290093,0.84591314400681,0.149260408523585,1.26020102177038
"SALL2","Q8N656",1.20848498241359,0.010013290911609,"Q8N656","9606.ENSP00000483562",1,0,1.01171256175741e-05,2,1485,0.829800678555615,0.01,0.01,0.0101307488765806,0.01,0.100431689134722,1.09931113994792
"SAMD9","Q5K649",1.25229253229871,1.02452809675976,"Q5K649","9606.ENSP00000369292",12,34.4568834903818,0.00670762951796704,11,1553.91376698076,15.4757760495263,1.32871057821253,0.014208778199118,0.0966861851027104,3.77160914803065,0.104631142202584,1.11905877070809
"SAMD9L","Q2TV71",1.49807197339521,1.01812837841235,"Q2TV71","9606.ENSP00000326247",12,165.027120927162,0.00579476216104559,9,1815.05424185432,39.9657797951451,1.32871057821253,0.0301574396307586,0.0848887254391513,2.93569600402384,0.120544467165023,1.22395750473422
"SARS1","P49591",-1.09804645351473,0.67249995080313,"P49591","9606.ENSP00000358939",8,1233.71160156271,0.000276922698048714,6,3952.42320312543,237.608110418558,0.849179458862517,0.160693213276399,0.0135788160627972,1.68182628801362,0.250791020717498,-1.04787711756424
"SAT1","P21673",2.03008710514124,0.0987242966722969,"P21673","9606.ENSP00000368572",2,25.4444899797409,3.0296096211393e-05,2,1535.88897995948,6.34121169095614,0.129882779837503,0.0131079483652172,0.0103915322092605,0.01,0.103532751409708,1.42481125246162
"SATB1","Q01826",-1.50136441061671,0.103660999135091,"Q01826","9606.ENSP00000399518",2,0,0.00143687788837503,3,1485,1.57515637139997,0.129882779837503,0.01,0.0285695203153409,0.427956572003405,0.100431689134722,-1.22530176308398
"SATB2","Q3ZB87",-1.10371472545647,0.373380218895588,"Q3ZB87","9606.ENSP00000401112",5,203.179243535008,0.0022801913733837,3,1891.35848707001,41.9209305288271,0.48953111935001,0.0348175773337752,0.0394680991150881,0.427956572003405,0.125194279687264,-1.05057828145097
"SCARB1","Q14016",3.19498680688256,2.38095711202337,"Q14016","9606.ENSP00000261693",23,11083.8178707366,0.186030776367986,6,23652.6357414732,2097.70706777885,2.64742115642505,1.36384649718459,2.41417248326556,1.68182628801362,1.45127855181981,1.7874526026954
"SCD","O00767",2.42500707393379,1.1305708833796,"O00767","9606.ENSP00000359380",12,4696.30036146612,0.0305688375894335,6,10877.6007229322,890.547184106357,1.32871057821253,0.58363535455451,0.405056987949964,1.68182628801362,0.672796075079988,1.55724342154134
"SCD5","Q4W5Q5",5.29198583991826,0.495706656791969,"Q4W5Q5","9606.ENSP00000316329",6,939.672308731006,0.012354126506647,5,3364.34461746202,180.931634386249,0.609413899187512,0.124777424035052,0.169658802602158,1.26386971601022,0.214954807883602,2.30043166382274
"SCFD1","O60754",-1.11661746537407,0.102515296877867,"O60754","9606.ENSP00000390783",2,0,0.000115087350124042,3,1485.00000000001,1.57506771890857,0.129882779837503,0.01,0.0114873336860824,0.427956572003405,0.100431689134722,-1.05670121859212
"SCGB1D2","O95969",3.82350921732333,0.100126864275106,"O95969","9606.ENSP00000244926",2,83.2322233147708,0.000120156987128917,2,1651.46444662954,17.1891310195779,0.129882779837503,0.0201665017687718,0.0115528512419688,0.01,0.110575665610185,1.9553795583782
"SCGB2A2","Q13296",6.79196616971227,0.107130163578072,"Q13296","9606.ENSP00000227918",2,371.428458829312,0.000578091265979812,2,2227.85691765862,71.2893590640196,0.129882779837503,0.0553685836239128,0.0174709741130983,0.01,0.145699752375478,2.60614009019321
"SCHIP1","P0DPB3",6.25676293029824,0.193525296128043,"P0DPB3","9606.ENSP00000404860",3,167.459996447416,0.00399359179316285,2,1819.91999289483,33.7355983833105,0.249765559675005,0.0304546061883107,0.0616112639315393,0.01,0.120840975308893,2.50135222035967
"SCN1A","P35498",8.13135738460533,0.870125201774806,"P35498","9606.ENSP00000303540",9,5872.37787295163,0.00890984642734845,5,13229.7557459033,1109.10380189388,0.96906223870002,0.727288781371097,0.125146579662608,1.26386971601022,0.816131217825266,2.85155350372483
"SCN8A","O95788",4.05689463567427,0.512607295696435,"O95788","9606.ENSP00000346534",6,1743.00103260773,0.0155689802452677,4,4971.00206521545,331.722428052627,0.609413899187512,0.222900994053258,0.211206029609512,0.84591314400681,0.312860971536719,2.01417343733708
"SCNN1A","O43271",1.45404038551183,0.104989992440438,"O43271","9606.ENSP00000353292",2,0,0.00297013032401452,3,1485,1.57525920664083,0.129882779837503,0.01,0.0483845390323123,0.427956572003405,0.100431689134722,1.20583596957125
"SCNN1B","O60891",-2.16578419650071,0.104989992440438,"O60891","9606.ENSP00000345751",2,0,0.00297013032401452,3,1485,1.57525920664083,0.129882779837503,0.01,0.0483845390323122,0.427956572003405,0.100431689134722,-1.47166035364846
"SCUBE1","Q5R336",4.62163096064276,0.0102608360392862,"Q5R336","9606.ENSP00000354080",1,0,0.000295708609347842,2,1485,0.829819833176429,0.01,0.01,0.0138215961656394,0.01,0.100431689134722,2.1497978883241
"SCUBE3","Q5CZB3",4.65653200697621,0.138087775320972,"Q5CZB3","9606.ENSP00000274938",2,1484,0.00687028071967531,2,4453,280.141710789728,0.129882779837503,0.191264995983591,0.0987882111822209,0.01,0.281295067404166,2.15789990661666
"SDC1","P18827",2.0292309713536,2.14814217975931,"P18827","9606.ENSP00000370542",20,11309.4000683022,0.221386350762047,5,24103.8001366043,2137.84052920423,2.28777281691255,1.39140051075311,2.87109096066905,1.26386971601022,1.47877151565347,1.42451078316508
"SDC3","O75056",1.14113520549798,0.615174604010013,"O75056","9606.ENSP00000344468",6,4892.0348200945,0.0506199269146576,4,11269.069640189,922.861401506638,0.609413899187512,0.607543579525619,0.66418764448094,0.84591314400681,0.69665132806602,1.06823930160708
"SDCBP","O00173",2.37274050638707,1.33005303059536,"O00173","9606.ENSP00000428184",11,16481.0332176641,0.0655849681551061,3,34447.0664353281,3102.01374440372,1.20882779837502,2.02309597035398,0.857588656204138,0.427956572003405,2.10906736643772,1.54037024977343
"SDF2L1","Q9BRI5",-3.30047065432778,0.862934470488321,"Q9BRI5","9606.ENSP00000248958",10,70.5286762029359,0.0375139373155718,8,1626.05735240587,20.7484291565909,1.08894501853752,0.0186148114613566,0.494812124068345,2.51773943202043,0.109027413287643,-1.81671975118007
"SDR16C5","Q330K3",-2.16579888535012,0.190900938163397,"Q330K3","9606.ENSP00000431010",3,13.4138698772573,7.80608962629665e-05,3,1511.82773975451,4.82808688890305,0.249765559675005,0.0116384535508258,0.0110088215642515,0.427956572003405,0.102066512464687,-1.47166534421047
"SEC61A2","Q8TC24",1.60050949337765,0.578124248638895,"Q8TC24","9606.ENSP00000298428",7,687.029333725991,0.00254446452075622,7,2859.05866745198,134.260387184278,0.729296679025015,0.0939180386916786,0.0428834384550809,2.09978286001703,0.184163795784242,1.26511244297796
"SECISBP2","Q4V370",-1.3168484634259,0.984231625815392,"Q4V370","9606.ENSP00000364965",11,2826.74908600621,0.00290956425207115,8,7138.49817201244,538.878773569561,1.20882779837502,0.355276726227451,0.0476018121823329,2.51773943202043,0.444943406934687,-1.14754017943857
"SEL1L","Q6UWT6",-1.07051726142182,1.2518800148256,"Q6UWT6","9606.ENSP00000337053",14,2444.80863663548,0.0317233800070954,5,6374.61727327096,469.356884956309,1.56847613788753,0.308624142655242,0.419977740126018,1.26386971601022,0.398394188625427,-1.03465804081436
"SEL1L3","O94847",4.04341558203487,0.192160861100891,"O94847","9606.ENSP00000382767",3,2.82900432900433,0.00181155813115234,3,1490.65800865801,2.84121219384455,0.249765559675005,0.0103455521956433,0.0334117079753365,0.427956572003405,0.100776475711597,2.01082460250388
"SELENOK","Q8IZQ3",-1.78057257669531,0.195183708787434,"Q8IZQ3","9606.ENSP00000418813",3,0,0.000412039217320582,4,1485,2.32034763547031,0.249765559675005,0.01,0.0153249971195567,0.84591314400681,0.100431689134722,-1.33438097134788
"SELENOS","Q3B771",-1.48102409646429,0.811367402088587,"Q3B771","9606.ENSP00000381282",9,3409.64995652932,0.00625141875931793,5,8304.29991305865,646.800339122341,0.96906223870002,0.426475866358315,0.0907903361796037,1.26386971601022,0.515984795505448,-1.21697333432754
"SELENOW","O15532",1.78365655338679,0.195183708787434,"O15532","9606.ENSP00000473185",3,0,0.000412039217320582,4,1485,2.32034763547031,0.249765559675005,0.01,0.0153249971195567,0.84591314400681,0.100431689134722,1.33553605469369
"SEMA3F","Q13274",1.5416819817622,0.107832228516615,"Q13274","9606.ENSP00000002829",2,0,0.00624920281363939,3,1485,1.57547913403271,0.129882779837503,0.01,0.0907616983610192,0.427956572003405,0.100431689134722,1.24164486942209
"SEMA3G","Q7L9D9",-4.65633217836297,0.0144231201478229,"Q7L9D9","9606.ENSP00000231721",1,0,0.00509771342123055,2,1485,0.830141903639162,0.01,0.01,0.0758804020182818,0.01,0.100431689134722,-2.15785360447899
"SEMA6A","Q9H2E6",-5.23905866552968,0.201038451731118,"Q9H2E6","9606.ENSP00000257414",3,0,0.00716662469365651,4,1485,2.3208006655182,0.249765559675005,0.01,0.10261801849549,0.84591314400681,0.100431689134722,-2.2888990072805
"SEPTIN10","Q86VP5",1.14086149719415,0.010279319569964,"Q86VP5","9606.ENSP00000349116",1,0,0.000317032959377998,2,1485,0.829821263400585,0.01,0.01,0.0140971818325217,0.01,0.100431689134722,1.06811118203778
"SEPTIN4","O43236",-2.28606199163225,0.226987152252655,"O43236","9606.ENSP00000354874",3,1499.69142620713,0.00736571530034205,2,4484.38285241427,283.822308546129,0.249765559675005,0.193181644439395,0.105190969958764,0.01,0.283207469259751,-1.51197288058756
"SERPINA1","P01009",-2.48934395419067,0.640116049799347,"P01009","9606.ENSP00000416066",7,2395.10308890795,0.0388153375706905,5,6275.20617781591,454.881845194492,0.729296679025015,0.302552797702956,0.511630796463079,1.26386971601022,0.392336295579112,-1.57776549404234
"SERPING1","P05155",3.32837973360243,0.565287797755096,"P05155","9606.ENSP00000278407",7,281.670311994387,0.00837893871808707,5,2048.34062398877,58.1462029430062,0.729296679025015,0.0444049649409431,0.118285383194584,1.26386971601022,0.134760425108788,1.82438475481529
"SERTAD4","Q9NUC0",-1.96918346497861,0.0108647566629977,"Q9NUC0","9606.ENSP00000355979",1,0,0.000992448588031633,2,1485,0.829866563526799,0.01,0.01,0.0228259293058136,0.01,0.100431689134722,-1.40327597605696
"SETBP1","Q6P6C3",-1.02533541701835,0.799810056322137,"Q6P6C3","9606.ENSP00000497406",2,30434.7298382772,0.00465499013121623,2,62354.4596765544,5714.77256745159,0.129882779837503,3.7274873193376,0.0701588586675849,0.01,3.80968240023221,-1.01258847367445
"SETX","O75120",-1.0691243137422,0.109166532035833,"O75120","9606.ENSP00000224140",2,0,0.00778858161448946,3,1485,1.57558238016888,0.129882779837503,0.01,0.110655891282116,0.427956572003405,0.100431689134722,-1.03398467771152
"SGCZ","Q08AT0",-7.70645416704225,0.104142084753392,"Q08AT0","9606.ENSP00000371512",2,0,0.00199190378131429,3,1485,1.57519359698661,0.129882779837503,0.01,0.0357424086156345,0.427956572003405,0.100431689134722,-2.77605010168085
"SGK3","Q96BR1",-2.88336981658129,0.144326358950649,"Q96BR1","9606.ENSP00000379842",2,1484,0.0140677011330477,2,4453,280.142193520715,0.129882779837503,0.191264995983591,0.191804218781388,0.01,0.281295067404166,-1.69804882632429
"SGMS1","Q68U43",1.3386758646017,0.380842771187039,"Q68U43","9606.ENSP00000354829",5,0,0.0013777078705998,6,1485,3.81093240286688,0.48953111935001,0.01,0.0278048353995067,1.68182628801362,0.100431689134722,1.15701160953627
"SGMS2","Q8NHU3",-1.25673626197188,0.380842771187039,"Q8NHU3","9606.ENSP00000378176",5,0,0.0013777078705998,6,1485,3.81093240286688,0.48953111935001,0.01,0.0278048353995067,1.68182628801362,0.100431689134722,-1.12104248892354
"SH3BGRL","O75368",1.32825295045728,0.0473122336398602,"O75368","9606.ENSP00000362308",1,0,0.0430417069423363,2,1485,0.832686807284623,0.01,0.01,0.566250366116049,0.01,0.100431689134722,1.15249856852722
"SH3BP1","Q5R3N0",1.45084958315433,0.115119039744822,"Q5R3N0","9606.ENSP00000497104",2,555.831712808936,0.00491802434819998,2,2596.66342561787,105.905828980387,0.129882779837503,0.0778927447371054,0.0735581866657584,0.01,0.168174008088843,1.20451217642427
"SH3KBP1","Q5JPT1",5.37561461152888,1.23977778812228,"Q5JPT1","9606.ENSP00000380921",12,6498.76664359046,0.1138534066164,5,14482.5332871809,1228.90145048278,1.32871057821253,0.803799804278114,1.48138679232163,1.26386971601022,0.892472719959888,2.31853717061618
"SH3PXD2A","O43302",2.49498126955984,0.153324072363796,"O43302","9606.ENSP00000348215",2,1484,0.0244483147526852,2,4453,280.142889748471,0.129882779837503,0.191264995983591,0.325958287860675,0.01,0.281295067404166,1.57955097086477
"SHANK3","Q8TET3",3.49873160105175,0.825139439066924,"Q8TET3","9606.ENSP00000489407",9,4339.13421686944,0.00252046955173114,4,10163.2684337389,821.272584238625,0.96906223870002,0.54000885875546,0.0425733389898569,0.84591314400681,0.62926623982714,1.87048966879043
"SHC1","O15290",1.33495694483601,3.41421578486208,"O15290","9606.ENSP00000401303",33,9375.26873063098,0.401795659435532,7,20235.5374612619,1784.35268454893,3.84624895480008,1.15515367170008,5.20261429302233,2.09978286001703,1.24304811420602,1.15540336888725
"SHCBP1","Q8NEM2",1.71459422480321,0.620980410750188,"Q8NEM2","9606.ENSP00000306473",7,1684.07530924949,0.0305809543837053,6,4853.15061849897,321.417448116924,0.729296679025015,0.21570343946575,0.40521357958465,1.68182628801362,0.305679364128672,1.30942515051576
"SHOX2","O60465",1.73023002237467,0.0101579887141012,"O60465","9606.ENSP00000374240",1,0,0.000177054202885185,2,1485,0.829811875025387,0.01,0.01,0.0122881635551585,0.01,0.100431689134722,1.31538208227673
"SIAH1","O43269",-1.1085999039241,0.72226280157058,"O43269","9606.ENSP00000349156",8,3355.66163696147,0.0114938101890863,4,8196.32327392295,635.920743380257,0.849179458862517,0.419881396998728,0.15854048735365,0.84591314400681,0.509404937106437,-1.0529007094328
"SIAH2","O43255",-3.5410156042178,0.391238958314549,"O43255","9606.ENSP00000322457",5,301.242307214305,0.0153285355002013,4,2087.48461442861,60.3404939951454,0.48953111935001,0.0467956102474992,0.208098637106398,0.84591314400681,0.137145773609426,-1.88175864664356
"SIGMAR1","O00673",-1.37545305266288,0.563412664608162,"O00673","9606.ENSP00000277010",6,3829.87987419931,0.0189925622013417,4,9144.75974839862,723.471553815841,0.609413899187512,0.477805363891088,0.255450759936908,0.84591314400681,0.567200565424372,-1.17279710634998
"SIRPA","O00683",4.69292871950262,0.689513141337015,"O00683","9606.ENSP00000478763",8,183.597378403704,0.062561959401175,3,1852.19475680741,40.4539759045604,0.849179458862517,0.0324257264548149,0.818520741718334,0.427956572003405,0.122807728285334,2.16631685574909
"SIX1","Q15475",1.426952159191,0.44254148218726,"Q15475","9606.ENSP00000494686",5,3080.29719832397,0.00598194088688633,3,7645.59439664794,582.013761278151,0.48953111935001,0.386246670675513,0.0873077334705367,0.427956572003405,0.47584473317972,1.19455102829096
"SKA2","Q8WVK7",1.15946058673852,0.168389574197981,"Q8WVK7","9606.ENSP00000333433",2,2966,0.00263583321842561,2,7417,558.342466785334,0.129882779837503,0.372285699519765,0.0440642436586997,0.01,0.461914694489959,1.0767825159885
"SLC16A1","P53985",1.61792619884037,0.133331449871436,"P53985","9606.ENSP00000441065",2,1484,0.00138293360449116,2,4453,280.141342753357,0.129882779837503,0.191264995983591,0.0278723702766478,0.01,0.281295067404166,1.27197727921546
"SLC16A10","Q6ZMG0",3.24840765182717,0.0100211352215175,"Q6ZMG0","9606.ENSP00000357844",1,0,1.91670638112323e-05,2,1485,0.82980128553497,0.01,0.01,0.0102477059350052,0.01,0.100431689134722,1.80233394570129
"SLC16A2","P36021",2.71759110933751,0.345203993130706,"P36021","9606.ENSP00000465734",4,3074.73824510596,0.000445313747359392,2,7634.47649021192,580.224603238484,0.369648339512507,0.385567665532161,0.0157550211783429,0.01,0.475167232466344,1.64851178622948
"SLC16A7","O60669",3.94041966865454,0.0112010007612654,"O60669","9606.ENSP00000448071",1,0,0.00138037159754874,2,1485,0.829892581523048,0.01,0.01,0.0278392601283531,0.01,0.100431689134722,1.98504903431994
"SLC1A1","O75587",-4.06351301727515,0.0111712566896224,"O75587","9606.ENSP00000262352",1,0,0.00134605602191046,2,1485,0.82989027997739,0.01,0.01,0.0273957820958056,0.01,0.100431689134722,-2.01581572006847
"SLC1A3","P43003",6.84223637758662,0.101793016462846,"P43003","9606.ENSP00000265113",2,152.168777334603,0.000219268538838273,2,1789.33755466921,30.1299075875927,0.129882779837503,0.0285868415177796,0.0128337213756398,0.01,0.118977348929781,2.61576688135365
"SLC1A4","P43007",-1.46412694056965,0.103869031043831,"P43007","9606.ENSP00000234256",2,0,0.00167688318372386,3,1485,1.57517246855513,0.129882779837503,0.01,0.0316712335811841,0.427956572003405,0.100431689134722,-1.21001113241559
"SLC25A1","P53007",1.53377039120019,0.29902994331758,"P53007","9606.ENSP00000215882",4,825.291799621266,0.00170239839025777,3,3135.58359924253,157.968890804764,0.369648339512507,0.110806276781428,0.0320009798664564,0.427956572003405,0.20101461564252,1.2384548401941
"SLC27A2","O14975",3.15948969538399,0.102900267462448,"O14975","9606.ENSP00000267842",2,0,0.00055922584509147,3,1485,1.57509750727743,0.129882779837503,0.01,0.0172271664664795,0.427956572003405,0.100431689134722,1.77749534328054
"SLC31A1","O15431",-1.88410954525856,0.0100369757109577,"O15431","9606.ENSP00000363329",1,0,3.74421513667039e-05,2,1485,0.829802511245092,0.01,0.01,0.0104838843969131,0.01,0.100431689134722,-1.37262869897819
"SLC35C1","Q96A29",-1.05801790273179,0.204490559288493,"Q96A29","9606.ENSP00000313318",2,4605.27016172279,0.00093265614202363,2,10695.5403234456,866.06614731185,0.129882779837503,0.572516359412422,0.0220532004261834,0.01,0.661701715612252,-1.02859997216206
"SLC39A11","Q8N1S5",1.09204226788756,0.0981331729123308,"Q8N1S5","9606.ENSP00000445829",2,1,0,2,4,1.67834,0.129882779837503,0.0101221462237087,0.01,0.01,0.0101828133877387,1.0450082621145
"SLC39A2","Q4QQJ1",6.04706500070685,0.0100000030468898,"Q4QQJ1","9606.ENSP00000298681",1,0,0,2,2,0.75565,0.01,0.01,0.01,0.01,0.0100609377959129,2.45907807942466
"SLC39A8","PP3105",2.51356332924879,0.0100000030468898,"PP3105","9606.ENSP00000378310",1,0,0,2,2,0.75565,0.01,0.01,0.01,0.01,0.0100609377959129,1.58542212967045
"SLC3A2","P08195",-1.95035527379366,0.491522181195912,"P08195","9606.ENSP00000367123",5,4467.67233021653,0.0257997211673174,3,10420.3446604331,842.453150215547,0.48953111935001,0.555709303903438,0.343423215864526,0.427956572003405,0.644931898463484,-1.39655120700734
"SLC40A1","Q4PNE6",-1.21056296671137,0.010292618899208,"Q4PNE6","9606.ENSP00000261024",1,0,0.000332376324068919,2,1485,0.829822292480055,0.01,0.01,0.014295472114973,0.01,0.100431689134722,-1.10025586420222
"SLC43A1","O75387",-1.49530188342081,0.103422078627139,"O75387","9606.ENSP00000278426",2,0,0.00116123658208103,3,1485,1.57513788413756,0.129882779837503,0.01,0.0250072643446808,0.427956572003405,0.100431689134722,-1.22282536914345
"SLC4A11","Q2TB62",1.72060884221331,0.01192897425443,"Q2TB62","9606.ENSP00000369399",1,0,0.00222023070517905,2,1485,0.829948910873396,0.01,0.01,0.038693196212513,0.01,0.100431689134722,1.31171980324051
"SLC4A7","O60350",1.79357864547671,0.134483786242812,"O60350","9606.ENSP00000390394",2,1484,0.00271237788459421,2,4453,280.141431919185,0.129882779837503,0.191264995983591,0.0450534701928043,0.01,0.281295067404166,1.33924555085194
"SLC5A8","Q2TB99",9.09660058986558,0.0100561156731648,"Q2TB99","9606.ENSP00000445340",1,0,5.95238229252122e-05,2,1485,0.829803992262804,0.01,0.01,0.0107692573238123,0.01,0.100431689134722,3.01605712642609
"SLC7A1","P30825",-1.04953546451949,0.397270957167996,"P30825","9606.ENSP00000370128",5,834.005134670783,0.0131597742349076,3,3153.01026934157,160.340296506457,0.48953111935001,0.111870577753635,0.180070607236344,0.427956572003405,0.202076558508456,-1.02446838141521
"SLC7A8","Q86U05",2.23619928038414,0.203712275761879,"Q86U05","9606.ENSP00000320378",3,530.643156627609,0.00117961270614554,3,2546.28631325522,101.922442478759,0.249765559675005,0.0748160577188839,0.0252447485539471,0.427956572003405,0.165104137897007,1.49539268434219
"SLC9A1","P19634",1.40135037832321,0.899229573125833,"P19634","9606.ENSP00000263980",8,9131.83931377584,0.0629006876526907,4,19748.6786275517,1720.22826473112,0.849179458862517,1.12541968769163,0.822898303095533,0.84591314400681,1.213380009959,1.18378645807562
"SLC9A5","Q14940",3.14266258720698,0.0101060912295662,"Q14940","9606.ENSP00000299798",1,0,0.000117180353824563,2,1485,0.829807859286331,0.01,0.01,0.0115143826615391,0.01,0.100431689134722,1.77275564791287
"SLC9A7","O75827",1.66772225903492,0.0101060912295662,"O75827","9606.ENSP00000480916",1,0,0.000117180353824562,2,1485,0.829807859286331,0.01,0.01,0.0115143826615391,0.01,0.100431689134722,1.29140321318902
"SLC9A8","Q2M1U9",-1.22166494824436,0.0101060912295662,"Q2M1U9","9606.ENSP00000416418",1,0,0.000117180353824562,2,1485,0.829807859286331,0.01,0.01,0.0115143826615391,0.01,0.100431689134722,-1.10528953140992
"SLC9B2","Q6ZMD8",1.30069448026337,0.378680233252944,"Q6ZMD8","9606.ENSP00000378265",4,4449,0.00272248389176467,2,10383,838.201172596995,0.369648339512507,0.553428549279648,0.0451840753799097,0.01,0.642656197167577,1.14047993417831
"SLCO2A1","Q86V98",3.79344371389513,0.01,"Q86V98","9606.ENSP00000311291",1,0,0,2,1,0.7556,0.01,0.01,0.01,0.01,0.01,1.94767649107729
"SLCO4A1","Q96BD0",3.05704137029382,0.0100211352215175,"Q96BD0","9606.ENSP00000217159",1,0,1.91670638112322e-05,2,1485,0.82980128553497,0.01,0.01,0.0102477059350052,0.01,0.100431689134722,1.74843969592715
"SLIT1","O75093",5.57751077325469,0.487068757132242,"O75093","9606.ENSP00000266058",6,964.29704512673,0.00669917287385413,4,3413.59409025346,185.543520624714,0.609413899187512,0.12778524259561,0.0965768954922817,0.84591314400681,0.217955962205384,2.361675416575
"SLIT3","O75094",11.7041976300214,0.377235795073888,"O75094","9606.ENSP00000332164",5,185.46984636435,0.00223491871611924,4,1855.9396927287,38.6068094555141,0.48953111935001,0.0326544413452232,0.0388830170175741,0.84591314400681,0.123035936426212,3.42113981445094
"SMAD6","O43541",1.18982629873198,0.200466609469033,"O43541","9606.ENSP00000288840",3,27.3744776839585,0.0107447175590318,3,1539.74895536792,7.44948759903938,0.249765559675005,0.0133436890750914,0.148859573669607,0.427956572003405,0.103767969803376,1.09079159271237
"SMAD9","O14989",1.10190356348864,0.291026958920999,"O14989","9606.ENSP00000369154",4,128.025514508784,0.010909536797271,3,1741.05102901757,27.078681286222,0.369648339512507,0.0256378331356011,0.150989618412868,0.427956572003405,0.116034874484279,1.04971594419092
"SMARCD3","Q2YD86",3.0835307652479,0.599894140239648,"Q2YD86","9606.ENSP00000262188",7,1777.15356863651,0.0137158161590334,4,5039.307137273,338.868387824235,0.729296679025015,0.227072597359246,0.18725662623613,0.84591314400681,0.317023332077577,1.75599850946631
"SMARCE1","O43539",1.14177507063286,0.859328847941791,"O43539","9606.ENSP00000323967",8,8351.69387928428,0.037499423738685,4,18188.3877585686,1573.7776601056,0.849179458862517,1.03012786892497,0.494624557565285,0.84591314400681,1.11829932342016,1.06853875485771
"SMCR8","Q3ZCN0",-1.46504605580842,0.01,"Q3ZCN0","9606.ENSP00000385025",1,0,0,2,1,0.7556,0.01,0.01,0.01,0.01,0.01,-1.21039086902059
"SMIM3","Q3MIG3",1.25406275808348,0.0101157273226585,"Q3MIG3","9606.ENSP00000436897",1,0,0.000128297462650041,2,1485,0.82980860491082,0.01,0.01,0.0116580548412371,0.01,0.100431689134722,1.11984943545259
"SMO","Q99835",1.49206941495555,0.772756137791698,"Q99835","9606.ENSP00000249373",8,5478.99022797523,0.0185552182308818,3,12442.9804559505,1034.502170094,0.849179458862517,0.679237966083602,0.24979873633076,0.427956572003405,0.76818686577682,1.22150293284771
"SMPD3","Q2M1S8",-3.33508732663238,0.694144729167975,"Q2M1S8","9606.ENSP00000219334",6,8874,0.0264953889463916,6,19233,1670.37486704574,0.609413899187512,1.09392558919029,0.352413692411462,1.68182628801362,1.18195569099661,-1.82622214602506
"SMYD2","Q4V765",-1.18078849920898,0.130347014133351,"Q4V765","9606.ENSP00000355924",2,438.150815251299,0.0255986851452592,2,2361.30163050261,83.8161579427866,0.129882779837503,0.0635184674977992,0.340825122786521,0.01,0.153831579052419,-1.08664092468901
"SMYD3","Q86TL8",-1.00070584840812,0.258045263433788,"Q86TL8","9606.ENSP00000419184",3,1044.8491847487,0.0502644232218138,3,3574.69836949742,198.452490195892,0.249765559675005,0.137624382262084,0.659593285350042,0.427956572003405,0.227773301894646,-1.00035286194828
"SNAI1","O95863",-3.32729552062903,2.00340461266959,"O95863","9606.ENSP00000244050",18,11795.7387933449,0.234922598620921,7,25076.4775866899,2227.6875825454,2.04800725723754,1.45080494946035,3.04602693236328,2.09978286001703,1.53804433559585,-1.82408758578886
"SNAI2","O43623",7.33674268091008,1.03440838078475,"O43623","9606.ENSP00000020945",10,4651.69891125149,0.124110856361183,6,10788.397822503,880.710933735267,1.08894501853752,0.578187455838866,1.6139491505849,1.68182628801362,0.667360246938793,2.70864222091255
"SNAPC3","Q2VPI6",-1.65615373397276,0.0100323813082264,"Q2VPI6","9606.ENSP00000370200",1,0,3.21416136215237e-05,2,1485,0.829802155738026,0.01,0.01,0.0104153827906613,0.01,0.100431689134722,-1.28691636634739
"SNCB","Q16143",2.25406946549729,0.110808805137207,"Q16143","9606.ENSP00000377296",2,0,0.0096832632675398,3,1485,1.57570945646735,0.129882779837503,0.01,0.135141847766011,0.427956572003405,0.100431689134722,1.50135587569946
"SNCG","O15104",6.84758063015104,0.0143379800492373,"O15104","9606.ENSP00000361087",1,0,0.00499948774695383,2,1485,0.830135315643188,0.01,0.01,0.0746109805394445,0.01,0.100431689134722,2.61678822799076
"SNX22","Q8WUS9",2.1784067694662,0.01,"Q8WUS9","9606.ENSP00000323435",1,0,0,2,1,0.7556,0.01,0.01,0.01,0.01,0.01,1.47594267147007
"SNX24","Q6UY33",-1.33863064619728,0.01,"Q6UY33","9606.ENSP00000261369",1,0,0,2,1,0.7556,0.01,0.01,0.01,0.01,0.01,-1.1569920683381
"SOAT1","P35610",1.46823278550003,0.216074645633802,"P35610","9606.ENSP00000356591",3,785.109534060632,0.00871230906822869,3,3055.21906812126,149.691376068431,0.249765559675005,0.10589816478314,0.122593701625517,0.427956572003405,0.196117378246417,1.21170655915532
"SOD1","P00441",1.18383142281393,2.17568873168345,"P00441","9606.ENSP00000270142",21,11590.9192276579,0.129183854674528,8,24666.8384553158,2191.44696177708,2.40765559675005,1.42578701297004,1.6795101464089,2.51773943202043,1.51308182981024,1.08804017518377
"SOD3","P08294",2.89785048441463,0.104720862254448,"P08294","9606.ENSP00000371554",2,22.7039382805843,0.0070209791397759,2,1530.40787656117,5.8272241911022,0.129882779837503,0.012773200324287,0.10073576524801,0.01,0.103198745049444,1.70230740009395
"SORBS2","O60592",-2.80985681116826,0.195888651079807,"O60592","9606.ENSP00000347852",3,143.155179840583,0.00736295505065729,2,1771.31035968117,29.1733241930695,0.249765559675005,0.0274858646218555,0.105155297816398,0.01,0.117878811400718,-1.67626275123212
"SOX5","P35711",5.98450885394705,0.189338485515504,"P35711","9606.ENSP00000398273",3,78.5817494671461,0.00151379487416851,2,1642.16349893429,17.0512075401949,0.249765559675005,0.0195984639498287,0.0295635585296127,0.01,0.110008886357735,2.44632558216339
"SOX9","P48436",1.18010094876547,0.812690989866364,"P48436","9606.ENSP00000245479",9,2885.63721065061,0.0265984308953842,4,7256.27442130123,548.423741140094,0.96906223870002,0.362469688274046,0.353745357113544,0.84591314400681,0.452120431977233,1.08632451356189
"SP4","O60402",-2.12555204837092,0.0100133759226354,"O60402","9606.ENSP00000222584",1,0,1.02152023819824e-05,2,1485,0.829800685133624,0.01,0.01,0.0101320163736197,0.01,0.100431689134722,-1.45792731244425
"SPARC","P09486",11.5565924332412,0.819664983364775,"P09486","9606.ENSP00000231061",8,5759.38815518646,0.0602964246623261,4,13003.7763103729,1087.1515585728,0.849179458862517,0.713487514028178,0.789242057914701,0.84591314400681,0.802360529102407,3.39949885030738
"SPARCL1","Q14515",1.93686635664599,0.0101829602608985,"Q14515","9606.ENSP00000414856",1,0,0.000205863742252003,2,1485,0.829813807281193,0.01,0.01,0.0126604842171132,0.01,0.100431689134722,1.39171346068291
"SPC25","Q9HBM1",1.17026291367984,0.755541858512667,"Q9HBM1","9606.ENSP00000282074",9,498.60421312673,0.0138705042810623,6,2482.20842625346,100.349633182872,0.96906223870002,0.0709026217586378,0.189255741295104,1.68182628801362,0.161199372696365,1.08178690770403
"SPEG","Q15772",3.80531042572993,0.0100228629996181,"Q15772","9606.ENSP00000311684",1,0,2.11603921223874e-05,2,1485,0.8298014192275,0.01,0.01,0.0102734667535609,0.01,0.100431689134722,1.95072048887839
"SPIN1","Q7KZJ8",-1.52879375759635,0.254563206177416,"Q7KZJ8","9606.ENSP00000365019",3,2967,0.000375124888023919,2,7419,559.265005159627,0.249765559675005,0.372407845743474,0.014847934041791,0.01,0.462036570081785,-1.23644399695107
"SPR","P35270",1.19511000447383,0.321951489513469,"P35270","9606.ENSP00000234454",4,1860.43176727426,0.000771203616022762,3,5205.86353454852,352.285303077351,0.369648339512507,0.237244714840104,0.0199666654563072,0.427956572003405,0.327172911822738,1.0932108691711
"SPRED1","Q05D53",1.66540049361822,0.0287163680212554,"Q05D53","9606.ENSP00000299084",1,0,0.0215877566945583,2,1485,0.831247890841504,0.01,0.01,0.288989808212295,0.01,0.100431689134722,1.29050396885024
"SPRY2","O43597",1.09510759869561,0.35464935828817,"O43597","9606.ENSP00000366306",4,239.254748599049,0.076406972548757,4,1963.5094971981,47.9733160226624,0.369648339512507,0.039224064045729,0.99744704783676,0.84591314400681,0.129591003217357,1.04647388820534
"SPRY4","Q6QIX2",8.94372767357936,0.10007020254699,"Q6QIX2","9606.ENSP00000344967",2,17.1127277925924,0.00180340505507359,2,1519.22545558519,4.7772922156025,0.129882779837503,0.0120902550772187,0.0333063415325082,0.01,0.102517312962198,2.99060657285096
"SQLE","Q14534",1.93982134435893,1.33588702544048,"Q14534","9606.ENSP00000265896",15,2012.98766321895,0.0136006869343727,10,5510.97532643789,389.080656337534,1.68835891772503,0.255878841434233,0.18576875138363,3.35365257602724,0.345765751927507,1.39277469260427
"SQOR","Q9UQM8",-1.0361765042618,0.0102910772591576,"Q9UQM8","9606.ENSP00000456019",1,0,0.000330597742226126,2,1485,0.829822173190571,0.01,0.01,0.014272486576724,0.01,0.100431689134722,-1.01792755354288
"SRCIN1","Q75T46",2.17142806590572,0.01,"Q75T46","9606.ENSP00000484715",1,0,0,2,1,0.7556,0.01,0.01,0.01,0.01,0.01,1.47357662369682
"SREBF1","P36956",2.16622056224077,3.29854687892751,"P36956","9606.ENSP00000348069",29,30075.4666593202,0.117590388139934,9,61635.9333186404,5667.25547807493,3.36671783545007,3.68360467871045,1.52968174826796,2.93569600402384,3.76589698767561,1.47180860244828
"SRGAP1","Q7Z6B7",1.39416978881142,0.283809921070562,"Q7Z6B7","9606.ENSP00000347198",4,2.43797178970646,0.000942830520260822,4,1489.87594357941,3.51300930000669,0.369648339512507,0.0102977890476208,0.022184689208146,0.84591314400681,0.100728818389447,1.18074967237405
"SRGAP3","O43295",2.1433666835713,0.686374181188922,"O43295","9606.ENSP00000373347",8,2178.56693012795,0.00121914388667166,4,5842.1338602559,414.955835891599,0.849179458862517,0.276103723611609,0.0257556305612549,0.84591314400681,0.365945823076119,1.46402414036494
"SRGN","P10124",1.01888057776137,0.0317263631984413,"P10124","9606.ENSP00000242465",1,0,0.0250603719576408,2,1485,0.831480799147199,0.01,0.01,0.333868221469876,0.01,0.100431689134722,1.00939614510923
"SRPK1","Q12890",1.35016541445647,0.01,"Q12890","9606.ENSP00000362931",1,0,0,2,1,0.7556,0.01,0.01,0.01,0.01,0.01,1.16196618473021
"SRPRB","Q549N5",-1.00444584265728,0.384421692815208,"Q549N5","9606.ENSP00000418401",5,318.503415040928,0.002045221017466,5,2122.00683008186,63.5901482444568,0.48953111935001,0.0489039893855485,0.0364314549903385,1.26386971601022,0.139249481341365,-1.00222045611596
"SRSF8","Q6PF01",-1.58718834911432,0.01,"Q6PF01","9606.ENSP00000480140",1,0,0,2,1,0.7556,0.01,0.01,0.01,0.01,0.01,-1.25983663588353
"SSH2","Q76I76",1.46444106702406,0.01,"Q76I76","9606.ENSP00000444743",1,0,0,2,1,0.7556,0.01,0.01,0.01,0.01,0.01,1.21014092857983
"SSPN","Q14714",4.04806800372352,0.192540735796849,"Q14714","9606.ENSP00000242729",3,9.22675373296082,0.00208062049597965,3,1503.45350746592,4.04221575796807,0.249765559675005,0.0111270131255706,0.0368889408635152,0.427956572003405,0.101556205206557,2.01198111415677
"SSTR2","P30874",4.14411540002575,0.0165771855317263,"P30874","9606.ENSP00000350198",1,0,0.0075828470807516,2,1485,0.830308581553706,0.01,0.01,0.107997076893836,0.01,0.100431689134722,2.03571004812221
"SSX2","Q16385",-8.46567840332301,0.480068270091483,"Q16385","9606.ENSP00000338796",5,4925.88279932145,0.000467417412690095,3,11336.7655986429,928.466720438308,0.48953111935001,0.611677982368358,0.0160406783421998,0.427956572003405,0.70077657056641,-2.90958388834607
"SSX2B","Q16385",-8.80049230471264,0.0100219598586991,"Q16385","9606.ENSP00000477922",1,0,2.01184432967497e-05,2,1485,0.829801349343992,0.01,0.01,0.0102600011069379,0.01,0.100431689134722,-2.96656237162016
"ST3GAL4","O60497",1.01001208718259,0.582203996933187,"O60497","9606.ENSP00000436047",4,13242.5,9.1214465576982e-06,3,27970,2488.92710061178,0.369648339512507,1.62752136746139,0.0101178811982068,0.427956572003405,1.7143692138875,1.0049935756922
"ST3GAL5","O94902",6.21082541909775,0.190571634568462,"O94902","9606.ENSP00000491316",3,2,1.4675932237273e-10,3,1489,2.68547000000984,0.249765559675005,0.0102442924474173,0.0100000018966471,0.427956572003405,0.100675440318374,2.49215276800957
"ST8SIA1","Q17RL0",1.2867892067641,0.292442194363529,"Q17RL0","9606.ENSP00000379353",3,4446,1.41194892847991e-10,3,10377,836.91315000001,0.249765559675005,0.553062110608522,0.0100000018247351,0.427956572003405,0.6422905703921,1.13436731562757
"STAC3","Q96HU5",1.86587957160526,0.474114015964957,"Q96HU5","9606.ENSP00000329200",6,0,0.00237014477896537,7,1485,4.55625896561032,0.609413899187512,0.01,0.0406306137629208,2.09978286001703,0.100431689134722,1.36597202445923
"STAT5A","P42229",-1.97358839082654,1.88965467116515,"P42229","9606.ENSP00000341208",18,6209.93218860856,0.251414020970325,7,13904.8643772171,1179.12107278399,2.04800725723754,0.768519766325137,3.25915416107473,2.09978286001703,0.857270849819293,-1.40484461447754
"STC2","O76061",-3.131495039429,0.0100087620285764,"O76061","9606.ENSP00000265087",1,0,4.8921775967365e-06,2,1485,0.829800328118351,0.01,0.01,0.0100632241556529,0.01,0.100431689134722,-1.76960307397704
"STING1","Q86WV6",2.03390213272983,0.106374183425388,"Q86WV6","9606.ENSP00000498596",2,0,0.00456706402603133,3,1485,1.57536631298423,0.129882779837503,0.01,0.0690225438772403,0.427956572003405,0.100431689134722,1.42614940757616
"STK26","Q3ZB77",1.94782815027688,0.01,"Q3ZB77","9606.ENSP00000377867",1,0,0,2,1,0.7556,0.01,0.01,0.01,0.01,0.01,1.39564614078099
"STK38L","Q8TBX7",1.41180430121107,0.0119422426662169,"Q8TBX7","9606.ENSP00000373684",1,0,0.00223553840056581,2,1485,0.829949937560526,0.01,0.01,0.0388910255219938,0.01,0.100431689134722,1.18819371367259
"STON2","Q17R24",2.18282608016842,0.380845600017172,"Q17R24","9606.ENSP00000450857",5,3.19140141467728,0.00625834944950902,5,1491.38280282936,4.4000596210608,0.48953111935001,0.0103898176311412,0.0908799050938058,1.26386971601022,0.10082064307089,1.47743902756372
"STRADA","Q5JPI2",1.40294589775861,0.01,"Q5JPI2","9606.ENSP00000336655",1,0,0,2,1,0.7556,0.01,0.01,0.01,0.01,0.01,1.18446017145306
"STRBP","Q32NB9",-1.25616966250523,0.0126691726727928,"Q32NB9","9606.ENSP00000321347",1,0,0.00307419364332546,2,1485,0.830006186167658,0.01,0.01,0.0497294034342635,0.01,0.100431689134722,-1.12078974946474
"STRIP2","Q9ULQ0",2.24630755215009,0.01,"Q9ULQ0","9606.ENSP00000249344",1,0,0,2,1,0.7556,0.01,0.01,0.01,0.01,0.01,1.49876867866595
"STS","P08842",2.06574231451315,0.631160864699962,"P08842","9606.ENSP00000217961",7,3761.07917651136,0.00228228365879361,3,9007.15835302271,711.279846087477,0.729296679025015,0.469401618479986,0.0394951388077015,0.427956572003405,0.558815439675627,1.43726904736488
"STX5","Q13190",-1.11660289895595,0.430564196167219,"Q13190","9606.ENSP00000294179",5,2712.71408063746,0.00188503702330659,3,6910.42816127492,513.010783646698,0.48953111935001,0.341347780951065,0.0343613139172515,0.427956572003405,0.431045323166515,-1.05669432616814
"STXBP5","Q14DF3",1.2266888776535,0.103481774464467,"Q14DF3","9606.ENSP00000321826",2,0,0.00123010734885883,3,1485,1.57514250329989,0.129882779837503,0.01,0.0258973170855298,0.427956572003405,0.100431689134722,1.10755987542593
"STXBP5L","Q4G1B4",2.4647566023424,0.0106136349020609,"Q4G1B4","9606.ENSP00000273666",1,0,0.000702730761727153,2,1485,0.829847132152189,0.01,0.01,0.019081755145432,0.01,0.100431689134722,1.56995433129196
"SULF1","Q86YV8",-5.8570315522864,0.0144204355110241,"Q86YV8","9606.ENSP00000260128",1,0,0.00509461617018039,2,1485,0.830141695906534,0.01,0.01,0.0758403746319862,0.01,0.100431689134722,-2.42013048249188
"SUN1","O94901",-1.16811626531054,0.34807181157963,"O94901","9606.ENSP00000384015",4,2966,0.00166784980935775,3,7417,559.822631862687,0.369648339512507,0.372285699519765,0.0315544905857182,0.427956572003405,0.461914694489959,-1.08079427520252
"SUOX","P51687",1.46195336635992,0.469731859900228,"P51687","9606.ENSP00000377668",5,4389.82614887901,0.00768086968923043,2,10264.652297758,827.828359823498,0.48953111935001,0.546200686822923,0.109263874047747,0.01,0.635444349041596,1.20911263592765
"SYNC","Q9H7C4",1.27712578700873,0.10546434094533,"Q9H7C4","9606.ENSP00000386439",2,27.9818551712333,0.00773914494687315,2,1540.96371034247,6.8180429171955,0.129882779837503,0.0134178779415277,0.110016995512996,0.01,0.103841994294099,1.13009990134002
"SYNE3","Q6ZMZ3",-1.29315668708616,0.102480563740166,"Q6ZMZ3","9606.ENSP00000334308",2,0,7.50159157812686e-05,3,1485,1.57506503131747,0.129882779837503,0.01,0.0109694696976996,0.427956572003405,0.100431689134722,-1.13717047406541
"SYNE4","Q7Z7L3",1.26049701648933,0.102480563740166,"Q7Z7L3","9606.ENSP00000316130",2,0,7.50159157812682e-05,3,1485,1.57506503131747,0.129882779837503,0.01,0.0109694696976996,0.427956572003405,0.100431689134722,1.12271858294469
"SYNGAP1","Q9UGE2",1.04601051355302,0.498215187713032,"Q9UGE2","9606.ENSP00000496007",5,4716.62280567846,0.0219758000388248,4,10918.2456113569,889.196166998869,0.48953111935001,0.586117664371577,0.294004694183392,0.84591314400681,0.675272884995713,1.02274655391892
"SYNPO","O15271",1.46184252689177,0.209042944530342,"O15271","9606.ENSP00000377789",3,688.008435274239,0.00316784157788223,3,2861.01687054848,131.463185936815,0.249765559675005,0.0940376322484244,0.0509396644016782,0.427956572003405,0.184283124364893,1.20906680001221
"SYT17","O43330",2.66119353473063,0.01,"O43330","9606.ENSP00000347538",1,0,0,2,1,0.7556,0.01,0.01,0.01,0.01,0.01,1.63131650354265
"SYTL2","Q2YDA7",1.45166544797844,0.01,"Q2YDA7","9606.ENSP00000318803",1,0,0,2,1,0.7556,0.01,0.01,0.01,0.01,0.01,1.20485079905291
"SYVN1","Q86TM6",-1.25704822946021,1.11223621971973,"Q86TM6","9606.ENSP00000366395",12,4238.55090172369,0.0264838095324168,5,9962.10180344737,804.607891540677,1.32871057821253,0.527722986642312,0.352264045621861,1.26386971601022,0.617007588765952,-1.12118162197755
"TACC3","Q2NKK4",1.15482696079034,0.562302753292634,"Q2NKK4","9606.ENSP00000326550",6,3732.26913495013,0.0252552887413722,3,8949.53826990023,705.138195885054,0.609413899187512,0.465882580698394,0.336387232448181,0.427956572003405,0.555304198809826,1.07462875486855
"TAF12","Q15775",-1.07340769426491,0.969203624017197,"Q15775","9606.ENSP00000263974",11,2440.43622302467,0.000750177972529348,7,6365.87244604935,466.349688100628,1.20882779837502,0.30809006884419,0.0196949401293655,2.09978286001703,0.397861298128904,-1.03605390509612
"TAF9","Q16594",-1.54487330315413,0.972444119817743,"Q16594","9606.ENSP00000370193",11,2581.56485423482,0.00075638535649366,7,6648.12970846965,492.842355167726,1.20882779837502,0.325328398203676,0.0197751613809854,2.09978286001703,0.415061433581202,-1.24292932347504
"TAF9B","Q9HBM6",1.9569056924764,0.283768413190284,"Q9HBM6","9606.ENSP00000339917",4,31.9894696028067,0.000113414259329653,4,1548.97893920562,9.06036084053326,0.369648339512507,0.0139073929104245,0.0114657114635212,0.84591314400681,0.104330424674757,1.39889445365846
"TAOK2","O94957",1.38764303009377,0.282580993325712,"O94957","9606.ENSP00000310094",4,94.8080344984234,0.00204395231021922,3,1674.61606899685,20.8425013239255,0.369648339512507,0.021580443391219,0.0364150588266951,0.427956572003405,0.111986474449056,1.17798261026798
"TAOK3","Q658N1",-1.36868185023867,0.103901512317489,"Q658N1","9606.ENSP00000376317",2,0,0.00171435665461974,3,1485,1.57517498190083,0.129882779837503,0.01,0.0321555227366629,0.427956572003405,0.100431689134722,-1.1699067698918
"TAPBP","O15210",1.20663765792153,0.49241079184856,"O15210","9606.ENSP00000404833",6,203.67128657451,0.0230544563614703,6,1892.34257314902,42.7805301781551,0.609413899187512,0.0348776785329524,0.307944730882884,1.68182628801362,0.125254247723907,1.09847059947981
"TAS2R43","P59537",-1.28544212855652,0.0104435411332691,"P59537","9606.ENSP00000431719",1,0,0.000506494494593407,2,1485,0.829833970585752,0.01,0.01,0.0165456917968145,0.01,0.100431689134722,-1.13377340264998
"TAT","P17735",-3.09224302065979,0.102466666189326,"P17735","9606.ENSP00000348234",2,0,5.8982386049558e-05,3,1485,1.57506395594863,0.129882779837503,0.01,0.0107622600534505,0.427956572003405,0.100431689134722,-1.75847747232081
"TAX1BP1","O60398",-1.32808806179699,0.476414966342214,"O60398","9606.ENSP00000379612",6,251.730935109599,0.0132527144988553,4,1988.4618702192,51.7810499983353,0.609413899187512,0.040747983114277,0.181271722608397,0.84591314400681,0.131111545832059,-1.1524270310076
"TBC1D17","Q9HA65",1.53761690820675,0.222398044274978,"Q9HA65","9606.ENSP00000221543",3,1247.41446066831,0.00378130864970258,3,3979.82892133661,236.474926169026,0.249765559675005,0.162366965770158,0.0588678184536859,0.427956572003405,0.252461064780697,1.24000681780656
"TBX3","O15119",3.21975465115234,0.352280092662735,"O15119","9606.ENSP00000257566",4,3244.721035708,0.00411354975123064,2,7974.44207141599,612.134018718887,0.369648339512507,0.406330421499652,0.0631615430174299,0.01,0.495883985671163,1.7943674794067
"TCEA1","P23193",-1.2791093512659,0.669955623896829,"P23193","9606.ENSP00000428426",8,1100.99179064911,0.000851499139329847,6,3686.98358129821,212.693986050698,0.849179458862517,0.144481989561979,0.0210043662681473,1.68182628801362,0.234615715215397,-1.13097716655373
"TCEAL9","Q9UHQ7",2.22471104117287,0.01,"Q9UHQ7","9606.ENSP00000496422",1,0,0,2,1,0.7556,0.01,0.01,0.01,0.01,0.01,1.49154652665375
"TCF12","Q7Z3D9",-1.01732925568656,0.513504510610603,"Q7Z3D9","9606.ENSP00000388940",6,636.624473470375,0.0458636985716539,4,2758.24894694075,124.035452238122,0.609413899187512,0.0877612753548945,0.602720431745354,0.84591314400681,0.178020673609694,-1.00862741172673
"TCF19","Q0EFA8",1.68861822918048,0.103961115662857,"Q0EFA8","9606.ENSP00000365433",2,0,0.001783120713919,3,1485,1.57517959390628,0.129882779837503,0.01,0.033044196441265,0.427956572003405,0.100431689134722,1.29946844100982
"TCF4","P15884",3.84524732199377,0.755131644838723,"P15884","9606.ENSP00000381382",8,3273.65322297309,0.0515832401385367,4,8032.30644594618,620.528812704424,0.849179458862517,0.409864378917714,0.676637042321622,0.84591314400681,0.49941011311691,1.96093021854266
"TCF7","P36402",2.028324462737,0.565464759120818,"P36402","9606.ENSP00000340347",7,368.309958637008,0.00629179688297665,5,2221.61991727401,74.4100574261561,0.729296679025015,0.0549876706017883,0.091312163673535,1.26386971601022,0.145319683318933,1.42419256518808
"TCF7L1","Q53R97",2.41010114311071,0.623347314664903,"Q53R97","9606.ENSP00000282111",7,1939.24623081337,0.0315250816133005,5,5363.49246162674,369.307906835511,0.729296679025015,0.246871603935027,0.417415026841983,1.26386971601022,0.336778471210998,1.55245004528671
"TDRD12","Q587J7",3.22360232595325,0.0100000030468898,"Q587J7","9606.ENSP00000390621",1,0,0,2,2,0.75565,0.01,0.01,0.01,0.01,0.0100609377959129,1.79543931280154
"TEAD4","Q15561",-1.1253085561433,0.205229499644182,"Q15561","9606.ENSP00000352926",3,193.822754834502,0.0118376912874219,3,1872.645509669,38.6952314914874,0.249765559675005,0.033674717571836,0.162984641650454,0.427956572003405,0.124053952089478,-1.06080561656851
"TFAP2B","Q5JYX6",1.77409096759002,0.0101660332868359,"Q5JYX6","9606.ENSP00000377265",1,0,0.000186335183225356,2,1485,0.829812497500739,0.01,0.01,0.0124081064914146,0.01,0.100431689134722,1.33195006197305
"TFAP2C","O00685",-2.42174303526797,0.62699503305322,"O00685","9606.ENSP00000201031",6,3525.58620574943,0.100394651664721,4,8536.17241149884,666.35500601257,0.609413899187512,0.440637041391492,1.30745230177348,0.84591314400681,0.530114594493207,-1.55619505052161
"TFAP4","O60409",-1.46691062466946,0.0208502618635435,"O60409","9606.ENSP00000204517",1,0,0.0125126722853414,2,1485,0.830639224930178,0.01,0.01,0.171707772164704,0.01,0.100431689134722,-1.21116085829648
"TGFA","P01135",-1.60212176526429,1.32785992508773,"P01135","9606.ENSP00000404131",13,3551.94128433268,0.186791931507425,6,8588.88256866536,676.473546029777,1.44859335805003,0.443856214715981,2.42400928703245,1.68182628801362,0.533326635293157,-1.26574948756233
"TGFB2","P08112",2.51720873276545,1.54563721627553,"P08112","9606.ENSP00000355896",15,4940.46404290761,0.198014446323916,6,11365.9280858152,938.597730963532,1.68835891772503,0.613459026209383,2.56904368317709,1.68182628801362,0.702553668258028,1.58657137651145
"TGFBR2","P37173",5.45932968407096,1.57447244187605,"P37173","9606.ENSP00000351905",15,7848.98896772974,0.159323442389462,5,17182.9779354595,1484.57314484551,1.68835891772503,0.968724362338802,2.0690197149648,1.26386971601022,1.05703186481073,2.33652085033944
"TGM2","P21980",1.56660848251554,0.151262647299561,"P21980","9606.ENSP00000355330",2,0,0.0563546436099693,3,1485,1.57883970594692,0.129882779837503,0.01,0.73830037113494,0.427956572003405,0.100431689134722,1.25164231412794
"THEM4","Q5T1C6",-1.80225115098772,0.01,"Q5T1C6","9606.ENSP00000357804",1,0,0,2,1,0.7556,0.01,0.01,0.01,0.01,0.01,-1.34247947879575
"THNSL1","Q5VV21",-1.22998767040089,0.0104514655598312,"Q5VV21","9606.ENSP00000434887",1,0,0.000515636862939837,2,1485,0.829834583764397,0.01,0.01,0.0166638433781792,0.01,0.100431689134722,-1.10904809201445
"THPO","P40225",5.48204055150039,0.25052258501039,"P40225","9606.ENSP00000494504",3,0,0.0642562033775222,4,1485,2.32462966356053,0.249765559675005,0.01,0.840416337852466,0.84591314400681,0.100431689134722,2.34137578177882
"THRB","P10828",-1.48482308520031,0.427895403790233,"P10828","9606.ENSP00000379904",5,857.093208286537,0.0429186599553508,4,3199.18641657308,164.686675614072,0.48953111935001,0.114690698758506,0.564660165902757,0.84591314400681,0.204890431144493,-1.21853316951173
"THSD4","Q6MZI3",-1.29897167330431,0.01,"Q6MZI3","9606.ENSP00000347484",1,0,0,2,1,0.7556,0.01,0.01,0.01,0.01,0.01,-1.1397243847985
"THY1","P04216",2.99115269849781,1.07550489151355,"P04216","9606.ENSP00000284240",11,3089.23844147891,0.116154495305024,5,7663.47688295781,588.130000716421,1.20882779837502,0.38733880976215,1.5111249583109,1.26386971601022,0.476934452480886,1.72949492583754
"THYN1","Q567Q2",-1.0025639989919,0.10749070747595,"Q567Q2","9606.ENSP00000341657",2,120.10581854866,0.00764061183009811,2,1725.21163709732,24.1115467137899,0.129882779837503,0.0246704721811515,0.108743600794843,0.01,0.115069656852059,-1.00128117878641
"TICRR","Q7Z2Z1",1.3442234404722,0.582536740839668,"Q7Z2Z1","9606.ENSP00000268138",7,0.948416150353123,0.0257794595803098,7,1486.89683230071,5.47083570809834,0.729296679025015,0.0101158454512699,0.34316136483696,2.09978286001703,0.100547277914344,1.15940650354921
"TIMM23","O14925",1.05313340114741,0.0144057892023184,"O14925","9606.ENSP00000464522",1,0,0.0050777188025219,2,1485,0.830140562600085,0.01,0.01,0.075622001160901,0.01,0.100431689134722,1.02622288083409
"TIMP2","P16035",2.21473837944315,0.605206456588511,"P16035","9606.ENSP00000262768",7,541.409378719105,0.0574872919751452,3,2567.81875743821,106.887134245823,0.729296679025015,0.0761311110909684,0.752938175082955,0.427956572003405,0.166416277586136,1.48819971087322
"TIMP3","P35625",8.01583137648795,0.413121353555563,"P35625","9606.ENSP00000266085",5,245.696498906807,0.0470048992754762,3,1976.39299781361,49.9052693933802,0.48953111935001,0.0400108995198954,0.617468762014028,0.427956572003405,0.130376095348509,2.83122435997007
"TK1","P04183",1.83871546509474,1.05476606426089,"P04183","9606.ENSP00000468425",12,1073.08661880454,0.0339721745122617,7,3631.17323760908,210.408018595732,1.32871057821253,0.141073478199225,0.449040081182666,2.09978286001703,0.231214755881841,1.35599242811114
"TLE1","Q04724",-2.23913858405734,0.798545479767736,"Q04724","9606.ENSP00000365682",8,6528.17714396135,0.0106375360288147,5,14541.3542879227,1231.47558692397,0.849179458862517,0.807392185835799,0.147474411006239,1.26386971601022,0.896057142098483,-1.49637514816885
"TLE2","Q04725",1.35609581305151,0.476393035619458,"Q04725","9606.ENSP00000466542",6,410.634567005787,0.00406321544317304,5,2306.26913401157,81.6201134381862,0.609413899187512,0.060157461683981,0.0625110465739978,1.26386971601022,0.150478020012672,1.16451526956563
"TLE3","Q04726",1.26183053711055,0.72147275143221,"Q04726","9606.ENSP00000452871",8,2151.10296173054,0.0374767182810617,5,5787.20592346108,409.813021539552,0.849179458862517,0.272749103583812,0.49433112312662,1.26386971601022,0.362598635673801,1.12331230613332
"TLL1","O43897",2.7575467268422,0.0103329274564293,"O43897","9606.ENSP00000061240",1,0,0.000378880089955467,2,1485,0.829825411487633,0.01,0.01,0.0148964644695471,0.01,0.100431689134722,1.66058625998236
"TLR2","O15454",3.3045664446649,3.00611087179512,"O15454","9606.ENSP00000260010",29,10107.6438932592,0.313246068247181,8,21700.2877865185,1918.89862105642,3.36671783545007,1.2446105321531,4.05824186876101,2.51773943202043,1.33230677058983,1.81784665048097
"TLR5","O15456",-1.01317440502385,0.322267635816819,"O15456","9606.ENSP00000496355",4,97.6736498311125,0.0427926546408739,4,1680.34729966222,21.3934576496432,0.369648339512507,0.0219304674827084,0.563031733684577,0.84591314400681,0.112335723013672,-1.00656564864089
"TM4SF1","P30408",-1.97564753979473,0.233854091092026,"P30408","9606.ENSP00000304277",3,1550.27395408078,0.0139503432116448,2,4585.54790816157,293.318102309564,0.249765559675005,0.199360109204797,0.190287541321676,0.01,0.289372244780396,-1.4055772976947
"TMC1","Q8TDI8",3.57994121061738,0.282986091891117,"Q8TDI8","9606.ENSP00000494684",4,150.004095447863,0.00105157877101631,3,1785.00819089573,31.203839326861,0.369648339512507,0.0283224337997838,0.0235900994159303,0.427956572003405,0.11871352704372,1.89207325720158
"TMEM102","Q8N9M5",1.14911314517077,0.01,"Q8N9M5","9606.ENSP00000315387",1,0,0,2,1,0.7556,0.01,0.01,0.01,0.01,0.01,1.07196695152918
"TMEM126B","Q32Q09",-1.13600153025506,0.102476225149049,"Q32Q09","9606.ENSP00000351737",2,0,7.00105065219197e-05,3,1485,1.57506469560467,0.129882779837503,0.01,0.0109047821903755,0.427956572003405,0.100431689134722,-1.06583372542581
"TMEM179B","Q7Z7N9",-1.21776183866104,0.0100325090082462,"Q7Z7N9","9606.ENSP00000333697",1,0,3.22889404482028e-05,2,1485,0.829802165619236,0.01,0.01,0.0104172867718716,0.01,0.100431689134722,-1.10352246858006
"TMEM19","Q53FY3",1.142842393446,0.0101157273226585,"Q53FY3","9606.ENSP00000266673",1,0,0.000128297462650039,2,1485,0.82980860491082,0.01,0.01,0.0116580548412371,0.01,0.100431689134722,1.06903806922205
"TMEM216","Q9P0N5",-1.12187459174504,0.01,"Q9P0N5","9606.ENSP00000334844",1,0,0,2,1,0.7556,0.01,0.01,0.01,0.01,0.01,-1.05918581549464
"TMEM232","NA",-1.90932985947516,0.0104247468044084,NA,"9606.ENSP00000401477",1,0,0.000484811578369622,2,1485,0.829832516312561,0.01,0.01,0.0162654721925107,0.01,0.100431689134722,-1.38178502650563
"TMEM30A","Q658Z3",1.01211173983914,0.186289268992933,"Q658Z3","9606.ENSP00000230461",3,3,0,2,9,2.7888,0.249765559675005,0.0103664386711259,0.01,0.01,0.0104875023673031,1.00603764335095
"TMOD1","P28289",2.1855397413631,0.384026248405553,"P28289","9606.ENSP00000259365",5,626.090847564575,0.00337799601022737,3,2737.18169512915,121.309970467015,0.48953111935001,0.0864746327285418,0.0536555994385833,0.427956572003405,0.176736881718354,1.47835710887563
"TMOD2","Q9NZR1",1.01012118907179,0.316251452588232,"Q9NZR1","9606.ENSP00000249700",4,1525.39576488911,0.00305557635587837,3,4535.79152977821,289.39249792249,0.369648339512507,0.196321332342326,0.0494888025451676,0.427956572003405,0.286340200749107,1.00504785412029
"TMPRSS2","O15393",1.9495429493078,0.453100828893149,"O15393","9606.ENSP00000381588",5,3217.05140224165,0.014547554810119,3,7919.1028044833,607.685834933303,0.48953111935001,0.402950680260336,0.198005617436666,0.427956572003405,0.49251173271685,1.39626034438703
"TMPRSS3","P57727",-1.08614874931481,0.197492441095973,"P57727","9606.ENSP00000411013",3,280.823848769372,0.000610628243426232,3,2046.64769753874,55.0263238458229,0.249765559675005,0.0443015726544992,0.0178914663961096,0.427956572003405,0.13465726190228,-1.04218460423996
"TMPRSS4","Q5XKQ6",5.23427694514014,0.0105472575704229,"Q5XKQ6","9606.ENSP00000416037",1,0,0.000626151590864711,2,1485,0.829841995987199,0.01,0.01,0.0180920826892219,0.01,0.100431689134722,2.28785422287788
"TMSB10","P13472",1.41313328613457,0.101560277491695,"P13472","9606.ENSP00000233143",2,5.07142857142857,0.00384094475843897,2,1495.14285714286,2.51703618359352,0.129882779837503,0.010619455848808,0.0596385269054393,0.01,0.101049772493267,1.18875282802379
"TMTC1","Q6PIU4",-6.79927091757125,0.193131413038392,"Q6PIU4","9606.ENSP00000442046",3,13.4046112260561,0.00265159263250649,3,1511.80922245211,4.82652146167311,0.249765559675005,0.0116373226415449,0.0442679107638171,0.427956572003405,0.102065384061092,-2.60754116315951
"TNC","P24821",11.8766551330281,0.64535437076813,"P24821","9606.ENSP00000265131",7,72.3462347094374,0.10132538984987,6,1629.69246941887,18.8684110735528,0.729296679025015,0.0188368193692953,1.31948071544539,1.68182628801362,0.109248929306301,3.4462523315956
"TNF","O43647",1.85886075744078,7.96847194905236,"O43647","9606.ENSP00000398698",61,92415.3560385148,0.608683781496539,8,186315.71207703,17393.2411999712,7.20296679025015,11.2981867527921,7.87633710321835,2.51773943202043,11.3636079001181,1.36340043913767
"TNFRSF11A","Q59EP9",4.26051588309143,0.193261002693439,"Q59EP9","9606.ENSP00000465500",2,3157.5141950498,0.0262650178742761,2,7800.0283900996,594.295096289498,0.129882779837503,0.395678435231694,0.349436487223516,0.01,0.485255600354689,2.06410171335897
"TNFRSF12A","Q9HCS0",1.7335293778981,0.506461914564092,"Q9HCS0","9606.ENSP00000326737",6,8.38706455581455,0.0444297133053585,6,1501.77412911163,6.1232096592889,0.609413899187512,0.0110244482634932,0.584188294289689,1.68182628801362,0.101453867591143,1.31663562837184
"TNFRSF25","O00275",1.51158314389575,0.437096536633287,"O00275","9606.ENSP00000367013",5,1679.90788008088,0.0317735241463481,4,4844.81576016177,319.144698299047,0.48953111935001,0.215194403730231,0.420625778919071,0.84591314400681,0.305171456232356,1.22946457610447
"TNFSF15","O95150",4.44060395096092,0.22354406731159,"O95150","9606.ENSP00000363157",3,1487.55576580337,0.00371439045712796,2,4460.11153160674,281.543957480776,0.249765559675005,0.191699319348865,0.0580029998448578,0.01,0.281728428465846,2.1072740569183
"TNNT1","O95472",2.09054273347738,0.192780680587822,"O95472","9606.ENSP00000467176",3,29.6445503614091,0.0018174676006869,3,1544.28910072282,7.8750268913957,0.249765559675005,0.0136209698801861,0.0334880791238265,0.427956572003405,0.104044636254428,1.44587092559377
"TNR","Q15568",10.3900109665734,0.329699403843224,"Q15568","9606.ENSP00000356646",4,11.3105979384756,0.0536506317759296,4,1507.62119587695,5.18211379288385,0.369648339512507,0.0113815468260713,0.703355019764889,0.84591314400681,0.101810174952377,3.22335399336986
"TNS1","Q4ZG71",1.22562578181035,0.13594662240602,"Q4ZG71","9606.ENSP00000171887",2,0,0.0386846279839679,3,1485,1.57765457799888,0.129882779837503,0.01,0.509941568487833,0.427956572003405,0.100431689134722,1.10707984437002
"TOMM40L","Q969M1",1.27185302799256,0.104062669472191,"Q969M1","9606.ENSP00000356967",2,31.6270351740955,0.00602564244417165,2,1548.25407034819,7.50220118271995,0.129882779837503,0.0138631229136155,0.0878725114258433,0.01,0.10428625276426,1.12776461550829
"TOMM7","O95939",-1.13837957464329,0.608238886807061,"O95939","9606.ENSP00000351214",7,2251.00091231834,0.0108115793412351,4,5987.00182463666,427.818816393024,0.729296679025015,0.284951261004342,0.149723663257865,0.84591314400681,0.374773757523869,-1.06694872165596
"TONSL","Q13006",1.38688729029472,0.195459271645565,"Q13006","9606.ENSP00000386239",3,37.0337076775852,0.00471232757417438,3,1559.06741535517,9.2623136610467,0.249765559675005,0.014523527542746,0.0708998602658804,0.427956572003405,0.104945194175431,1.17766178943478
"TP63","O75080",4.82788867735696,0.0993713739458898,"O75080","9606.ENSP00000264731",2,34.3646185694635,0.000540920951527449,2,1553.72923713893,8.0157324774279,0.129882779837503,0.014197508387447,0.0169906028060199,0.01,0.104619897360742,2.19724570254602
"TPM4","P07226",2.68900842678626,0.761639347534816,"P07226","9606.ENSP00000494125",9,838.536271591618,0.0119151871453941,6,3162.07254318324,164.16154805478,0.96906223870002,0.112424039017621,0.16398616093098,1.68182628801362,0.202628793502326,1.63981963239445
"TRADD","Q15628",1.48810839124703,0.906517922316115,"Q15628","9606.ENSP00000341268",10,844.318319738167,0.0772555882488787,6,3173.63663947633,165.986306513553,1.08894501853752,0.113130294364024,1.00841414992026,1.68182628801362,0.203333484042152,1.21988048236171
"TRAF1","Q13077",-3.45036106250562,0.600945205597634,"Q13077","9606.ENSP00000362994",7,177.024121756009,0.0473224280253511,6,1839.04824351202,38.5149220512857,0.729296679025015,0.0316228279778314,0.621572351205017,1.68182628801362,0.122006608741173,-1.85751475431707
"TRIB3","Q53GU4",-3.46513464755777,0.590065212482888,"Q53GU4","9606.ENSP00000415416",7,164.484251438252,0.0351018720522248,6,1813.9685028765,36.1601179625473,0.729296679025015,0.0300911301727216,0.463639750081642,1.68182628801362,0.120478304624778,-1.86148721391198
"TRIM2","O60272",1.48003064180107,0.0100000091406694,"O60272","9606.ENSP00000339659",1,0,0,2,4,0.75575,0.01,0.01,0.01,0.01,0.0101828133877387,1.21656509969712
"TRIM29","Q14134",6.95789612942889,0.0100000091406694,"Q14134","9606.ENSP00000343129",1,0,0,2,4,0.75575,0.01,0.01,0.01,0.01,0.0101828133877387,2.63778242647662
"TRIM3","O75382",1.84707415252206,0.098179025342654,"O75382","9606.ENSP00000433102",2,3,0,2,10,2.05388,0.129882779837503,0.0103664386711259,0.01,0.01,0.010548440163216,1.3590710623518
"TRIM6","Q86WZ8",2.59966870588608,0.0100000091406694,"Q86WZ8","9606.ENSP00000369440",1,0,0,2,4,0.75575,0.01,0.01,0.01,0.01,0.0101828133877387,1.61234881644329
"TRIP10","O15184",1.40670245705761,0.332809766003618,"O15184","9606.ENSP00000320117",4,2378.04782986143,0.00457106936246707,2,6241.09565972285,449.44215520321,0.369648339512507,0.300469562216051,0.0690743069232966,0.01,0.390257675789074,1.18604487986653
"TRMT10B","Q05DJ4",-1.00864827019885,0.0100088288900819,"Q05DJ4","9606.ENSP00000297994",1,0,4.96931535644352e-06,2,1485,0.829800333291981,0.01,0.01,0.0100642210470433,0.01,0.100431689134722,-1.0043148262367
"TRPC1","P48995",1.16740296900808,0.9393333610293,"P48995","9606.ENSP00000419313",10,4191.62691738416,0.0315523143240064,5,9868.25383476833,794.329721145077,1.08894501853752,0.521991399153877,0.417766969326996,1.26386971601022,0.611288700403749,1.08046423772751
"TRPC6","Q52M59",-3.63200253621571,0.599394857704602,"Q52M59","9606.ENSP00000340913",7,1312.1863207061,0.0204746978332661,5,4109.37264141218,251.595479360932,0.729296679025015,0.170278603876357,0.274605169612066,1.26386971601022,0.260355173556458,-1.90578134533207
"TRPM8","Q3YFM7",6.75925650215366,0.19456836761792,"Q3YFM7","9606.ENSP00000323926",3,1.22619047619048,0.00463147401801566,3,1487.45238095238,2.54052110915286,0.249765559675005,0.0101497745362141,0.0698549477052487,0.427956572003405,0.100581131824699,2.5998570157133
"TRPV3","Q8NDW7",3.02175221954019,0.300402779250003,"Q8NDW7","9606.ENSP00000301365",4,181.208195812401,0.0153581044242697,4,1847.4163916248,37.0727225859676,0.369648339512507,0.0321338968235368,0.20848077169183,0.84591314400681,0.122516545243038,1.73831879111404
"TRPV4","OTRPC4",3.85069040530601,0.99230150945286,"OTRPC4","9606.ENSP00000406191",11,2490.42100259499,0.0359997277091446,5,6465.84200518998,475.714615108869,1.20882779837502,0.314195520911612,0.475243205738039,1.26386971601022,0.403953222721316,1.96231761071087
"TSC22D3","Q5H9S3",1.70989362062878,0.219798175896778,"Q5H9S3","9606.ENSP00000361458",3,7.05144233482256,0.0335849117001272,3,1499.10288466965,3.63597929512062,0.249765559675005,0.0108613070528977,0.44403528243429,0.427956572003405,0.101291087842504,1.30762900726039
"TSPAN1","O60635",1.59541544367499,0.0105249769720708,"O60635","9606.ENSP00000361072",1,0,0.000600446584260618,2,1485,0.829840271952406,0.01,0.01,0.0177598835189218,0.01,0.100431689134722,1.26309755904878
"TSPAN15","O95858",1.38701123595394,0.0105535374438735,"O95858","9606.ENSP00000362387",1,0,0.000633396647122632,2,1485,0.829842481913122,0.01,0.01,0.0181857143196171,0.01,0.100431689134722,1.17771441188173
"TSPAN3","O60637",1.09605961894507,0.031156585150382,"O60637","9606.ENSP00000267970",1,0,0.0244030220850374,2,1485,0.831436710691243,0.01,0.01,0.32537294715857,0.01,0.100431689134722,1.04692865991197
"TSPAN6","O43657",1.28143743412866,0.0124513466915502,"O43657","9606.ENSP00000362111",1,0,0.00282288897915453,2,1485,0.829989331163832,0.01,0.01,0.0464816625479871,0.01,0.100431689134722,1.13200593378686
"TSSK6","Q6ZMC4",-2.08815997411491,0.0320711425303544,"Q6ZMC4","9606.ENSP00000466477",1,0,0.0254581420203543,2,1485,0.831507477585305,0.01,0.01,0.339008810882624,0.01,0.100431689134722,-1.44504670309126
"TTLL12","Q14166",1.17357016441583,0.01,"Q14166","9606.ENSP00000216129",1,0,0,2,1,0.7556,0.01,0.01,0.01,0.01,0.01,1.08331443469375
"TUBA1A","P04687",1.74443580135112,2.41064389791018,"P04687","9606.ENSP00000439020",22,19097.8568261481,0.1000670547605,8,39680.7136522964,3601.38230490189,2.52753837658755,2.34273109224188,1.30321859658714,2.51773943202043,2.42799429242538,1.32077091175992
"TUBA4A","P05215",4.16005475665223,0.752133125067099,"P05215","9606.ENSP00000248437",9,427.09184669341,0.0217526645901468,4,2339.18369338682,86.905280412501,0.96906223870002,0.0621676562503407,0.291120998720595,0.84591314400681,0.152483760714443,2.0396212287217
"TUBB","P05218",1.27808911303533,0.801783360303562,"P05218","9606.ENSP00000339001",9,2649.72046137539,0.015291712064228,5,6784.44092275078,504.146980624516,0.96906223870002,0.333653348240464,0.207622748690326,1.26386971601022,0.423367938537703,1.13052603377159
"TUBB1","Q9H4B7",-4.08429978421464,0.29424382058252,"Q9H4B7","9606.ENSP00000217133",4,63.2917117571184,0.0113710058672323,4,1611.58342351424,14.9371727844098,0.369648339512507,0.0177308435831864,0.15695342322807,0.84591314400681,0.108145403962787,-2.0209650625913
"TUBB4A","P04350",3.37366545889295,0.29424382058252,"P04350","9606.ENSP00000264071",4,63.2917117571184,0.0113710058672323,4,1611.58342351424,14.9371727844098,0.369648339512507,0.0177308435831864,0.15695342322807,0.84591314400681,0.108145403962787,1.83675405509092
"TUBB6","Q9BUF5",1.14600392020266,0.385100423357307,"Q9BUF5","9606.ENSP00000318697",5,80.5168808003603,0.0140839195083419,4,1646.03376160073,18.9058334723251,0.48953111935001,0.0198348329345611,0.192013817280985,0.84591314400681,0.110244731634231,1.07051572627527
"TUSC3","Q13454",1.05819288871443,0.132859963881665,"Q13454","9606.ENSP00000424544",2,1484,0.000838982751407472,2,4453,280.141306270573,0.129882779837503,0.191264995983591,0.0208426104768726,0.01,0.281295067404166,1.02868502891528
"TWIST1","Q15672",-3.53959626125633,1.39142512797882,"Q15672","9606.ENSP00000242261",14,3829.58510869645,0.156093563310755,5,9144.17021739289,729.315465799788,1.56847613788753,0.477769359398034,2.02727830767236,1.26386971601022,0.567164640704261,-1.88138147680271
"TWSG1","Q8NBI7",1.21913408940727,0.0103329274564293,"Q8NBI7","9606.ENSP00000262120",1,0,0.000378880089955466,2,1485,0.829825411487633,0.01,0.01,0.0148964644695471,0.01,0.100431689134722,1.10414405283336
"TXNIP","Q16226",3.53278531296373,0.226872012003206,"Q16226","9606.ENSP00000462521",3,1476.03294629807,0.00785855872373964,2,4437.06589259614,279.381171752607,0.249765559675005,0.190291850459816,0.111560241862178,0.01,0.280324078019136,1.87957051290015
"TYMS","P04818",1.44111172091726,2.16289619450202,"P04818","9606.ENSP00000315644",22,9422.87871276693,0.0552242465933415,11,20330.7574255338,1785.22327585083,2.52753837658755,1.16096905122882,0.723691662535207,3.77160914803065,1.24885060895565,1.20046312767917
"UBASH3B","Q53GT5",3.81226422431008,0.154713330230276,"Q53GT5","9606.ENSP00000284273",2,0,0.0603356779664633,3,1485,1.57910671392121,0.129882779837503,0.01,0.789749348780903,0.427956572003405,0.100431689134722,1.95250204207578
"UCHL1","P09936",2.26795722598468,0.840242660871459,"P09936","9606.ENSP00000284440",9,1122.96853034646,0.0901154374520781,7,3730.93706069292,217.570706559027,0.96906223870002,0.147166365325438,1.17460866997171,2.09978286001703,0.237294143372413,1.50597384638136
"UCP3","O60475",-2.11466715437157,0.117937082306299,"O60475","9606.ENSP00000323740",2,0,0.0179071183369736,3,1485,1.57626103042686,0.129882779837503,0.01,0.241423004305328,0.427956572003405,0.100431689134722,-1.45418951803799
"UFD1","Q541A5",1.03938688988132,0.984129111896338,"Q541A5","9606.ENSP00000263202",11,3022.40924535368,0.0125021367066253,5,7529.81849070736,575.577872056102,1.20882779837502,0.37917587582197,0.171571615401081,1.26386971601022,0.468789604651884,1.01950325643488
"UGP2","Q07131",-1.09822182952827,0.288764011768346,"Q07131","9606.ENSP00000338703",4,429.922357364612,0.000314721462141093,3,2344.84471472922,83.7500460328535,0.369648339512507,0.0625133924399949,0.0140673091514493,0.427956572003405,0.152828730877665,-1.04796079579738
"UGT2B15","P23765",-1.97090189789061,0.381997201635413,"P23765","9606.ENSP00000341045",5,440.259694892582,0.000989869922014599,4,2365.51938978516,86.4358763158112,0.48953111935001,0.0637760591822379,0.0227926038636329,0.84591314400681,0.154088600006789,-1.40388813581803
"UHRF1","Q2HIX7",2.5467147245146,0.386387172885718,"Q2HIX7","9606.ENSP00000479617",5,514.25764134172,0.00905936045297293,3,2513.51528268344,100.317022043973,0.48953111935001,0.0728146289031927,0.127078827182543,0.427956572003405,0.163107143524169,1.5958429510809
"UHRF2","Q5VYR1",-1.07735056404229,0.108361718636643,"Q5VYR1","9606.ENSP00000276893",2,0,0.00686007272014273,3,1485,1.57552010507734,0.129882779837503,0.01,0.0986562878947705,0.427956572003405,0.100431689134722,-1.03795499133743
"UNC13B","O14795",-1.20501725573556,0.432641281054627,"O14795","9606.ENSP00000479261",5,2411.29883581994,0.0122526875580984,3,6307.59767163989,456.429809247874,0.48953111935001,0.304531047028396,0.168347854308583,0.427956572003405,0.394310161819071,-1.09773277974904
"USP12","O75317",1.17205761504376,0.235362882956398,"O75317","9606.ENSP00000282344",3,1642.91347625124,0.0132410523422682,2,4770.82695250248,310.708345839264,0.249765559675005,0.21067567700409,0.18112100649298,0.01,0.300662741371377,1.08261609772059
"USP2","O75604",1.66488195785923,0.0126263706410295,"O75604","9606.ENSP00000260187",1,0,0.0030248131692574,2,1485,0.830002874219262,0.01,0.01,0.0490912338835962,0.01,0.100431689134722,1.2903030488452
"USP5","P45974",1.62601785824347,0.208861296103907,"P45974","9606.ENSP00000229268",3,673.745798754462,0.00333546924292752,3,2832.49159750892,128.78581505211,0.249765559675005,0.0922955050574051,0.053106003905303,0.427956572003405,0.182544857098049,1.2751540527495
"UXS1","Q8NBX3",3.09192622693713,0.0104247468044084,"Q8NBX3","9606.ENSP00000283148",1,0,0.00048481157836962,2,1485,0.829832516312561,0.01,0.01,0.0162654721925106,0.01,0.100431689134722,1.75838739387461
"UXT","Q5JZG3",-1.10470718027707,0.229731529642996,"Q5JZG3","9606.ENSP00000337393",3,1387.08639852562,0.0135098791549276,2,4259.17279705123,262.684504838824,0.249765559675005,0.179427365537493,0.184595195217974,0.01,0.269483664868509,-1.05105051271434
"VAMP2","P19065",-1.51734722815039,1.20293484632947,"P19065","9606.ENSP00000418572",12,8579.25001981848,0.0163267400772143,5,18643.500039637,1619.44324875478,1.32871057821253,1.05792299217293,0.220998954051683,1.26386971601022,1.14603286272136,-1.23180648973383
"VANGL2","Q5T212",5.98947383290603,0.328497481499861,"Q5T212","9606.ENSP00000357040",4,2150.02073874398,0.000664712137750267,3,5785.04147748795,406.646937659263,0.369648339512507,0.272616914132793,0.0185904206931367,0.427956572003405,0.362466739106826,2.44734015472023
"VASH1","Q7L8A9",2.19960467685101,0.0137377944496938,"Q7L8A9","9606.ENSP00000167106",1,0,0.00430705684558416,2,1485,0.830088874302633,0.01,0.01,0.0656623358466829,0.01,0.100431689134722,1.48310642802565
"VASH2","Q2VT46",2.16825522171331,0.0137377944496938,"Q2VT46","9606.ENSP00000428324",1,0,0.00430705684558416,2,1485,0.830088874302633,0.01,0.01,0.0656623358466829,0.01,0.100431689134722,1.4724996508364
"VASP","P50552",1.47927427210248,2.01553642205232,"P50552","9606.ENSP00000245932",19,13663.6994466968,0.102827747373558,6,28812.3988933936,2579.05697679094,2.16789003707504,1.67896928930357,1.33889646314584,1.68182628801362,1.76570314573036,1.21625419715719
"VCAN","Q13010",9.60178363233064,0.919092356268035,"Q13010","9606.ENSP00000265077",10,763.824661829766,0.098853186311732,5,3012.64932365954,150.86719560189,1.08894501853752,0.103298298018019,1.28753114325382,1.26386971601022,0.193523271846345,3.0986744960274
"VCL","P18206",2.03564125406777,2.50689406276589,"P18206","9606.ENSP00000211998",25,10009.5330889815,0.156429819757294,6,21504.066177963,1897.51028321162,2.88718671610006,1.23262666790556,2.03162392462819,1.68182628801362,1.32034945825398,1.42675900349981
"VEGFB","P49765",-1.68435367448482,0.736648122612016,"P49765","9606.ENSP00000311127",8,115.028712423681,0.113792945176926,4,1715.05742484736,27.5959919890065,0.849179458862517,0.0240503228406174,1.48060541769148,0.84591314400681,0.114450881538315,-1.29782651941036
"VEGFC","P49767",3.6554820938955,0.941790907580248,"P49767","9606.ENSP00000480043",10,469.613249754793,0.13778297572621,4,2424.22649950959,95.6301503481517,1.08894501853752,0.0673614850610807,1.79064106042405,0.84591314400681,0.157666081877811,1.91193150868317
"VIM","P08670",3.95030988637243,1.07240635982956,"P08670","9606.ENSP00000446007",11,2218.48856397429,0.135607879841399,5,5921.97712794858,424.674138449754,1.20882779837502,0.280980000430217,1.76253116497114,1.26386971601022,0.370811295827793,1.98753865028392
"VLDLR","P98155",-1.11083239933879,0.199767910518481,"P98155","9606.ENSP00000371532",3,105.266205069293,0.00787868153457178,3,1695.53241013859,22.0711304387782,0.249765559675005,0.0228578694333513,0.111820299413047,0.427956572003405,0.113261070176795,-1.05396034049616
"WARS1","P23381",-1.78289771658139,0.379830688406895,"P23381","9606.ENSP00000347495",5,0,0.000210073405113514,6,1485,3.81085408962328,0.48953111935001,0.01,0.0127148878798461,1.68182628801362,0.100431689134722,-1.33525193000474
"WDPCP","O95876",-1.1475414180494,0.102411025916864,"O95876","9606.ENSP00000272321",2,0,0,3,3,1.50096,0.129882779837503,0.01,0.01,0.427956572003405,0.0101218755918258,-1.07123359639688
"WDR1","O75083",1.16018099648779,0.112656255022349,"O75083","9606.ENSP00000427687",2,0,0.0118146562735977,3,1485,1.57585240899627,0.129882779837503,0.01,0.162686948185593,0.427956572003405,0.100431689134722,1.07711698365952
"WDR76","Q05CI4",1.13462358446516,0.288052463715435,"Q05CI4","9606.ENSP00000263795",4,171.726071778734,0.00632215803678622,3,1828.45214355747,35.2818422214435,0.369648339512507,0.0309756911800877,0.0917045366559751,0.427956572003405,0.12136090576467,1.06518711241977
"WFS1","O76024",1.97450466479287,0.210193838121541,"O76024","9606.ENSP00000226760",3,891.478159865195,0.00407637146117819,2,3267.95631973039,169.648293572128,0.249765559675005,0.118890690746243,0.0626810686375233,0.01,0.209081117468042,1.40517068884633
"WIPI1","Q5MNZ9",-2.17233511867793,0.104706411872191,"Q5MNZ9","9606.ENSP00000262139",2,0,0.00264296494611811,3,1485,1.57523726365894,0.129882779837503,0.01,0.0441564106850982,0.427956572003405,0.100431689134722,-1.47388436407947
"WLS","Q5JRS7",3.97263939366207,0.101736013942521,"Q5JRS7","9606.ENSP00000346829",2,134.410621319025,0.000623143199352698,2,1753.82124263806,26.7963736282218,0.129882779837503,0.0264177498204482,0.0180532036809563,0.01,0.116813063155648,1.9931481113209
"WNK3","Q5JRC1",1.62667354434278,0.0985944809571504,"Q5JRC1","9606.ENSP00000346667",2,14.9506739747181,0.000158051387856895,2,1514.90134794944,4.37132111904066,0.129882779837503,0.0118261683679106,0.0120425802926062,0.01,0.102253811373585,1.27541112757525
"WNT5A","P41221",5.80083017386919,0.938568210146999,"P41221","9606.ENSP00000264634",9,9032.53236886084,0.0142212273077263,3,19550.0647377217,1702.30778010027,0.96906223870002,1.11328971938222,0.193788317390391,0.427956572003405,1.20127691727507,2.40849126505977
"WNT8B","O00771",-1.88212407993616,0.186742714468127,"O00771","9606.ENSP00000340677",3,12.8877745585328,0.000256432702076305,2,1510.77554911707,4.71905023906911,0.249765559675005,0.0115741929943328,0.013314013187376,0.01,0.10200239428636,-1.37190527367459
"WT1","P19544",1.29648017943462,1.42557413761296,"P19544","9606.ENSP00000368370",14,9136.3482849795,0.065070207542589,3,19757.696569959,1725.47436431517,1.56847613788753,1.12597044149697,0.850936137065937,0.427956572003405,1.21392954349296,1.13863083544871
"WWOX","Q5MYT5",4.07067525568026,0.10946838823642,"Q5MYT5","9606.ENSP00000457230",2,23.4078415881674,0.0124795586930787,2,1531.81568317634,5.95972702693233,0.129882779837503,0.0128591794551642,0.171279827988507,0.01,0.103284533681644,2.01759144914927
"XPA","P23025",-1.4163555683851,0.416324268456607,"P23025","9606.ENSP00000364270",5,1755.67468745537,0.00580491551060256,4,4996.34937491073,333.365901664805,0.48953111935001,0.224449033133484,0.0850199424565418,0.84591314400681,0.31440558072187,-1.19010737682996
"XPOT","O43592",-1.23572376630845,0.166126727434121,"O43592","9606.ENSP00000327821",2,2966,2.51990653361215e-05,2,7417,558.342291690101,0.129882779837503,0.372285699519765,0.0103256606281387,0.01,0.461914694489959,-1.11163112870612
"XRCC2","O43543",1.81064790663806,0.467112585657476,"O43543","9606.ENSP00000352271",6,70.038523076045,0.00732570647461737,4,1625.07704615209,17.6733528869684,0.609413899187512,0.0185549411078679,0.104673915094117,0.84591314400681,0.108967675585218,1.34560317576842
"XRCC6","P12956",1.0631819443662,1.98150850495879,"P12956","9606.ENSP00000352257",17,21143.3009543596,0.0740282823656907,5,43771.6019087193,3981.64561022929,1.92812447740004,2.59257436830988,0.966705997371918,1.26386971601022,2.67728400609769,1.03110714494964
"XYLT1","Q86Y38",-3.503388143558,0.264223168553078,"Q86Y38","9606.ENSP00000261381",3,3040.93077790937,0.00956457337906267,2,7566.86155581874,573.143907125084,0.249765559675005,0.381438211080944,0.133607956603002,0.01,0.471046927393629,-1.87173399380307
"YARS1","O43276",-1.01889567762885,0.771933809468219,"O43276","9606.ENSP00000362576",8,5559.78764413912,0.000584370299821559,6,12604.5752882782,1049.69912575151,0.849179458862517,0.689107065353436,0.0175521213333517,1.68182628801362,0.778034098689787,-1.00940362473534
"YRDC","Q6NVW3",-1.05082273280809,0.010018516635764,"Q6NVW3","9606.ENSP00000362135",1,0,1.61460154970964e-05,2,1485,0.829801082913259,0.01,0.01,0.0102086633563025,0.01,0.100431689134722,-1.02509645049044
"ZBTB16","Q05516",-2.48228231216962,0.203113525194294,"Q05516","9606.ENSP00000338157",3,225.444934179317,0.0135219909987798,2,1935.88986835863,44.6211699640777,0.249765559675005,0.0375372473642419,0.184751722875815,0.01,0.127907923911948,-1.57552604299949
"ZFP36","P26651",-1.09838460200324,0.696500253065905,"P26651","9606.ENSP00000471239",7,4173.25962342191,0.0568397646312689,5,9831.51924684382,788.678598751776,0.729296679025015,0.519747903556642,0.744569842419385,1.26386971601022,0.609050175581862,-1.04803845444871
"ZFX","O43668",1.34237661915284,0.134292600307983,"O43668","9606.ENSP00000368486",2,0,0.0367763915765962,3,1485,1.57752659258304,0.129882779837503,0.01,0.485280436863603,0.427956572003405,0.100431689134722,1.15860977863681
"ZNF347","Q8TCN1",1.05880781117452,0.01,"Q8TCN1","9606.ENSP00000405218",1,0,0,2,1,0.7556,0.01,0.01,0.01,0.01,0.01,1.02898387313627
"ZNF704","Q6ZNC4",1.16468049429638,0.0104247468044084,"Q6ZNC4","9606.ENSP00000331462",1,0,0.000484811578369625,2,1485,0.829832516312561,0.01,0.01,0.0162654721925107,0.01,0.100431689134722,1.0792036389377
"ZNF804A","Q6ZN26",9.57906021174086,0.100242898403692,"Q6ZN26","9606.ENSP00000303252",2,51.2291144263034,0.00110038991070737,2,1587.45822885261,11.181573163257,0.129882779837503,0.0162574428711098,0.0242209111623155,0.01,0.106675267774138,3.09500568848279
"ZNF844","Q08AG5",-1.06589129344844,0.01,"Q08AG5","9606.ENSP00000392024",1,0,0,2,1,0.7556,0.01,0.01,0.01,0.01,0.01,-1.03242011480232
"ZWINT","O95229",1.63998128435397,1.69478044331026,"O95229","9606.ENSP00000363055",19,2121.57536231783,0.0330584117616057,7,5728.15072463566,412.37505424198,2.16789003707504,0.269142418820369,0.437231049880154,2.09978286001703,0.358999942020183,1.28061754023361
"ZYX","Q15942",1.61732747892132,0.729827820221821,"Q15942","9606.ENSP00000324422",8,1306.44801340326,0.0694539448764316,5,4097.89602680651,251.256539352142,0.849179458862517,0.169577691308836,0.907589454746237,1.26386971601022,0.259655813957847,1.27174190735437
